window_start,window_end,window_center,drift_score,threshold,is_drift,is_warning,t,label,embedding_time_ms,detector_time_ms,total_time_ms,is_alarm_event,is_selected_detection
0,0,0.0,,,0,0,0,Cat,203.44981200014445,0.008678000085637905,203.4595619998072,0,0
1,1,1.0,,,0,0,1,Cat,3.628410999681364,0.005881999641133007,3.6354630001369515,0,0
2,2,2.0,,,0,0,2,Cat,3.2127019999279582,0.004026999704365153,3.217254999981378,0,0
3,3,3.0,,,0,0,3,Cat,3.268525999828853,0.007014999937382527,3.276351000295108,0,0
4,4,4.0,,,0,0,4,Cat,4.588378000335069,0.006470000244007679,4.595600999891758,0,0
5,5,5.0,,,0,0,5,Cat,4.211690999909479,0.006191000011313008,4.218559000037203,0,0
6,6,6.0,,,0,0,6,Cat,4.447970000001078,0.006248000318009872,4.4550309999067395,0,0
7,7,7.0,,,0,0,7,Cat,5.766846999904374,0.006062000011297641,5.77361000023302,0,0
8,8,8.0,,,0,0,8,Cat,5.025385999942955,0.006232000032468932,5.032290000144712,0,0
9,9,9.0,,,0,0,9,Cat,4.458746999716823,0.0061440000536094885,4.465571999844542,0,0
10,10,10.0,,,0,0,10,Cat,4.989658000340569,0.006293999831541441,4.996787999971275,0,0
11,11,11.0,,,0,0,11,Cat,5.255802999727166,0.006508000296889804,5.263162999654014,0,0
12,12,12.0,,,0,0,12,Cat,4.146175000187213,0.006151999969006283,4.153152999606391,0,0
13,13,13.0,,,0,0,13,Cat,2.9334819996620354,0.006135999683465343,2.9403449998426368,0,0
14,14,14.0,,,0,0,14,Cat,4.492671000207338,0.006253000265132869,4.499659999964933,0,0
15,15,15.0,,,0,0,15,Cat,4.924412999571359,0.006107999979576562,4.931346999910602,0,0
16,16,16.0,,,0,0,16,Cat,3.6526389999380626,0.006072999894968234,3.6593740001080732,0,0
17,17,17.0,,,0,0,17,Cat,3.5505370001374104,0.006097000095905969,3.5574019998421136,0,0
18,18,18.0,,,0,0,18,Cat,4.71668199998021,0.00617199975749827,4.723583999748371,0,0
19,19,19.0,,,0,0,19,Cat,4.686317000050622,0.006339999799820362,4.693447000136075,0,0
20,20,20.0,,,0,0,20,Cat,4.630140999779542,0.006201000360306352,4.63712900000246,0,0
21,21,21.0,,,0,0,21,Cat,4.5900950003670005,0.0064509999901929405,4.59727199995541,0,0
22,22,22.0,,,0,0,22,Cat,4.647639999802777,0.006178999683470465,4.654537000078562,0,0
23,23,23.0,,,0,0,23,Cat,4.248685000220576,0.006195999958436005,4.255693999766663,0,0
24,24,24.0,,,0,0,24,Cat,4.258032000052481,0.006281999958446249,4.26507300016965,0,0
25,25,25.0,,,0,0,25,Cat,3.5061469998254324,0.006157999905553879,3.5130260002915747,0,0
26,26,26.0,,,0,0,26,Cat,4.7110069999689586,0.006507999842142453,4.718244000287086,0,0
27,27,27.0,,,0,0,27,Cat,4.686757999934343,0.006190000021888409,4.693811999914033,0,0
28,28,28.0,,,0,0,28,Cat,4.857553999954689,0.006259000201680465,4.864582000209339,0,0
29,29,29.0,,,0,0,29,Cat,5.045941999924253,0.00628099996902165,5.0530579997030145,0,0
30,30,30.0,,,0,0,30,Cat,4.621332000169787,0.006455000402638689,4.628502999821649,0,0
31,31,31.0,,,0,0,31,Cat,4.808052999578649,0.006236999979591928,4.81513399972755,0,0
32,32,32.0,,,0,0,32,Cat,4.654074999962177,0.006567000127688516,4.6614339998996,0,0
33,33,33.0,,,0,0,33,Cat,5.354427999918698,0.011007000011886703,5.366261000290251,0,0
34,34,34.0,,,0,0,34,Cat,3.9128250000430853,0.006301000212260988,3.9197769997372234,0,0
35,35,35.0,,,0,0,35,Cat,5.002057000183413,0.006271999609452905,5.009037000036187,0,0
36,36,36.0,,,0,0,36,Cat,4.514113999903202,0.0062029998844082,4.521015999671363,0,0
37,37,37.0,,,0,0,37,Cat,4.659919000005175,0.006150999979581684,4.666812999857939,0,0
38,38,38.0,,,0,0,38,Cat,5.191140000079031,0.006115999894973356,5.198012000164454,0,0
39,39,39.0,,,0,0,39,Cat,3.8982539999778965,0.006242999916139524,3.90525400007391,0,0
40,40,40.0,,,0,0,40,Cat,4.930637999677856,0.006224000117072137,4.937619999964227,0,0
41,41,41.0,,,0,0,41,Cat,4.705845000444242,0.006358000064210501,4.712944999937463,0,0
42,42,42.0,,,0,0,42,Cat,4.78370900009395,0.006118999863247154,4.79061299984096,0,0
43,43,43.0,,,0,0,43,Cat,3.210713000044052,0.003936999746656511,3.2153259999176953,0,0
44,44,44.0,,,0,0,44,Cat,2.9580939999505063,0.004063000233145431,2.962765000120271,0,0
45,45,45.0,,,0,0,45,Cat,2.8233210000507825,0.003882999862980796,2.8278350000618957,0,0
46,46,46.0,,,0,0,46,Cat,3.4607689999575086,0.003915999968739925,3.465321000021504,0,0
47,47,47.0,,,0,0,47,Cat,3.2286780001413717,0.0039480000850744545,3.2332769997083233,0,0
48,48,48.0,,,0,0,48,Cat,3.3834310002021084,0.0038270000004558824,3.3879190000334347,0,0
49,49,49.0,,,0,0,49,Cat,2.784485000120185,0.00417199998992146,2.789226000004419,0,0
50,50,50.0,,,0,0,50,Cat,2.4239280000983854,0.004029000137961702,2.428547999898001,0,0
51,51,51.0,,,0,0,51,Cat,2.132021999841527,0.0038489997677970678,2.1364869999160874,0,0
52,52,52.0,,,0,0,52,Cat,3.147533999708685,0.003924999873561319,3.152022999984183,0,0
53,53,53.0,,,0,0,53,Cat,3.0130430000099295,0.0033849996725621168,3.0169689998729154,0,0
54,54,54.0,,,0,0,54,Cat,2.0429159999366675,0.003534000370564172,2.0469370001592324,0,0
55,55,55.0,,,0,0,55,Cat,3.051837999919371,0.0034479999158065766,3.055775000120775,0,0
56,56,56.0,,,0,0,56,Cat,1.9786389998444065,0.0032950001696008258,1.9824040000457899,0,0
57,57,57.0,,,0,0,57,Cat,2.9313749996617844,0.0035870002648152877,2.9354070002227672,0,0
58,58,58.0,,,0,0,58,Cat,2.5406150002709182,0.0034419999792589806,2.544596999996429,0,0
59,59,59.0,,,0,0,59,Cat,2.3063969997565437,0.0034949998735100962,2.310530999693583,0,0
60,60,60.0,,,0,0,60,Cat,2.8675500002464105,0.0034029999369522557,2.871470000172849,0,0
61,61,61.0,,,0,0,61,Cat,3.0720510003448,0.0035500002013577614,3.0761460002395324,0,0
62,62,62.0,,,0,0,62,Cat,2.7091350002592662,0.0033510000321257394,2.713018000122247,0,0
63,63,63.0,,,0,0,63,Cat,3.0536919998667145,0.0035289999686938245,3.0577729999095027,0,0
64,64,64.0,,,0,0,64,Cat,2.834273999724246,0.0033659998734947294,2.838176000295789,0,0
65,65,65.0,,,0,0,65,Cat,1.855771000009554,0.003593999736040132,1.8598579999888898,0,0
66,66,66.0,,,0,0,66,Cat,2.705171000343398,0.0034539998523541726,2.709097000206384,0,0
67,67,67.0,,,0,0,67,Cat,3.0509840003105637,0.0033239998629142065,3.0548240001735394,0,0
68,68,68.0,,,0,0,68,Cat,2.0043040003656643,0.0036080000427318737,2.0084319999114086,0,0
69,69,69.0,,,0,0,69,Cat,2.912806000040291,0.003496999852359295,2.916824000294582,0,0
70,70,70.0,,,0,0,70,Cat,2.8280550000090443,0.0033599999369471334,2.831964000051812,0,0
71,71,71.0,,,0,0,71,Cat,1.814572999592201,0.003545999788912013,1.8185829999310954,0,0
72,72,72.0,,,0,0,72,Cat,2.7346730003046105,0.003512000148475636,2.7387290001570364,0,0
73,73,73.0,,,0,0,73,Cat,2.8030759999637667,0.0035779999052465428,2.807157000006555,0,0
74,74,74.0,,,0,0,74,Cat,3.2989989999805402,0.0036399997043190524,3.303245999632054,0,0
75,75,75.0,,,0,0,75,Cat,3.7956159999339434,0.00342800012731459,3.799559000071895,0,0
76,76,76.0,,,0,0,76,Cat,2.902962000007392,0.0032460002330481075,2.9067440000289935,0,0
77,77,77.0,,,0,0,77,Cat,3.054163999877346,0.0034089998734998517,3.0580819998249353,0,0
78,78,78.0,,,0,0,78,Cat,3.089232000093034,0.003401000412850408,3.0931830001463823,0,0
79,79,79.0,,,0,0,79,Cat,2.11004699986006,0.003467000169621315,2.114015000188374,0,0
80,80,80.0,,,0,0,80,Cat,3.229180000289489,0.003367999852343928,3.233091999845783,0,0
81,81,81.0,,,0,0,81,Cat,3.0792019997534226,0.003403999926376855,3.0831609997221676,0,0
82,82,82.0,,,0,0,82,Cat,2.8318649997345346,0.003480000032141106,2.835855000284937,0,0
83,83,83.0,,,0,0,83,Cat,3.340299000228697,0.0034290001167391893,3.344263000144565,0,0
84,84,84.0,,,0,0,84,Cat,3.599126000153774,0.0034709996725723613,3.603133000069647,0,0
85,85,85.0,,,0,0,85,Cat,3.1033109999043518,0.0036020001061842777,3.1073959999048384,0,0
86,86,86.0,,,0,0,86,Cat,1.9667249998747138,0.0033600003916944843,1.9706220000443864,0,0
87,87,87.0,,,0,0,87,Cat,2.2703800000272167,0.003403999926376855,2.27428800008056,0,0
88,88,88.0,,,0,0,88,Cat,1.9134180001856294,0.003483000000414904,1.917392999985168,0,0
89,89,89.0,,,0,0,89,Cat,1.6206049999709649,0.0035859998206433374,1.624671000172384,0,0
90,90,90.0,,,0,0,90,Cat,3.064747999815154,0.003334999746584799,3.0686269997204363,0,0
91,91,91.0,,,0,0,91,Cat,2.157740999791713,0.004259999968780903,2.162593999855744,0,0
92,92,92.0,,,0,0,92,Cat,3.037886999663897,0.003690000085043721,3.042169999844191,0,0
93,93,93.0,,,0,0,93,Cat,2.853888000117877,0.0034150002647947986,2.8578090000337397,0,0
94,94,94.0,,,0,0,94,Cat,2.857002999917313,0.003361999915796332,2.860884999790869,0,0
95,95,95.0,,,0,0,95,Cat,2.9333469997254724,0.003325999841763405,2.937181000106648,0,0
96,96,96.0,,,0,0,96,Cat,1.7820789998950204,0.003797999852395151,1.7864050000753195,0,0
97,97,97.0,,,0,0,97,Cat,3.136466999876575,0.0034649997360247653,3.1404149999616493,0,0
98,98,98.0,,,0,0,98,Cat,3.24779699985811,0.003477000063867308,3.2518369998797425,0,0
0,99,74.5,0.0015619798329772339,,0,0,99,Cat,3.555254000275454,1.0390990000814782,4.595157000039762,0,0
1,100,75.5,0.0013238023621504613,,0,0,100,Cat,3.703181999753724,3.1239520003509824,6.827883999903861,0,0
2,101,76.5,0.00041487862007349996,,0,0,101,Cat,35.83652500037715,0.7140620000427589,36.55154699981722,0,0
3,102,77.5,0.0008019047563054826,,0,0,102,Cat,35.25676800018118,0.6809999999859428,35.93857499981823,0,0
4,103,78.5,0.0,,0,0,103,Cat,46.09544899994944,1.000408999971114,47.09670800002641,0,0
5,104,79.5,0.0,,0,0,104,Cat,39.82418400028109,0.9792360001483758,40.80430800013346,0,0
6,105,80.5,0.0,,0,0,105,Cat,36.02374299998701,1.6751519997342257,37.69981000004918,0,0
7,106,81.5,0.0,,0,0,106,Cat,54.33940300008544,2.0362579998618457,56.376602000000275,0,0
8,107,82.5,0.0,,0,0,107,Cat,48.94351300026756,0.9828510001170798,49.92727600028957,0,0
9,108,83.5,0.0,,0,0,108,Cat,35.07459599995855,1.6954070001702348,36.771142999896256,0,0
10,109,84.5,0.0,,0,0,109,Cat,45.08753499976592,1.5289719999600493,46.618151999609836,0,0
11,110,85.5,0.0,,0,0,110,Cat,38.09687200009648,1.336479000201507,39.434141000128875,0,0
12,111,86.5,0.0,,0,0,111,Cat,42.45316000015009,1.0343280000597588,43.48856699971293,0,0
13,112,87.5,0.0,,0,0,112,Cat,43.218401999638445,2.4843880000844365,45.70432700029414,0,0
14,113,88.5,0.0,,0,0,113,Cat,38.6386649997803,3.480226999727165,42.120807000173954,0,0
15,114,89.5,0.0,,0,0,114,Cat,39.24196900015886,3.381376999641361,42.624096000054124,0,0
16,115,90.5,0.0,,0,0,115,Cat,44.54979399997683,1.113712000005762,45.66480099992987,0,0
17,116,91.5,0.0,,0,0,116,Cat,40.5373880003026,0.9777229997780523,41.51605600009134,0,0
18,117,92.5,0.0,,0,0,117,Cat,43.44145600043703,0.992589999896154,44.435080000312155,0,0
19,118,93.5,0.0,,0,0,118,Cat,41.66146399984427,1.5407330001835362,43.20321099976354,0,0
20,119,94.5,0.0,0.0013357112356918001,0,0,119,Cat,36.3691759998801,1.8380400001660746,38.208211999972264,0,0
21,120,95.5,0.0,0.0013238023621504613,0,0,120,Cat,50.279316999876755,1.1852539996652922,51.46601899969028,0,0
22,121,96.5,0.0,0.001297707481858212,0,0,121,Cat,46.096160000161035,0.8260980002887663,46.92317299986826,0,0
23,122,97.5,0.0,0.0012716126015659627,0,0,122,Cat,39.43090300026597,1.326223999967624,40.75817199964149,0,0
24,123,98.5,0.0,0.0012455177212737133,0,0,123,Cat,42.628978000266216,1.2655010000344191,43.895509999856586,0,0
25,124,99.5,0.0,0.0012194228409814641,0,0,124,Cat,44.2635539998264,1.243946999693435,45.50860700010162,0,0
26,125,100.5,0.0,0.0011933279606892166,0,0,125,Cat,47.8447740001684,2.0092909999220865,49.85511899985795,0,0
27,126,101.5,0.0,0.0011672330803969675,0,0,126,Cat,44.87179199986713,1.1948179999308195,46.06761800005188,0,0
28,127,102.5,0.0,0.001141138200104718,0,0,127,Cat,47.00460000003659,1.2335259998508263,48.23905500006731,0,0
29,128,103.5,0.0,0.0011150433198124686,0,0,128,Cat,44.6083090000684,1.166586000181269,45.77589900009116,0,0
30,129,104.5,0.0005178419246997246,0.0010889484395202194,0,1,129,Cat,39.88910999987638,1.7475229997216957,41.63791500013758,0,0
31,130,105.5,0.0010218372260281106,0.001062853559227972,0,1,130,Cat,35.20933299978424,0.8483390001856606,36.05877400013924,0,0
32,131,106.5,0.0006618642912128436,0.0011577215372831683,0,1,131,Cat,40.91166999978668,3.746798999600287,44.659420999778376,0,0
33,132,107.5,0.0,0.0011426232804770504,0,0,132,Cat,39.24992900010693,2.571418000115955,41.82233700021243,0,0
34,133,108.5,0.0,0.0011275250236709327,0,0,133,Cat,37.39635400006591,3.2272210000883206,40.62455300027068,0,0
35,134,109.5,0.0,0.0011124267668648148,0,0,134,Cat,38.92464399996243,1.611094000054436,40.536763000091014,0,0
36,135,110.5,0.0,0.0010973285100586982,0,0,135,Cat,36.35671200026991,0.7832699998289172,37.14062299968646,0,0
37,136,111.5,0.0,0.0010822302532525795,0,0,136,Cat,37.2013070000321,0.7875750002312998,37.98959099958665,0,0
38,137,112.5,0.0,0.0010671319964464627,0,0,137,Cat,39.20328699996389,2.5962639997487713,41.80061300030502,0,0
39,138,113.5,0.0,0.0010520337396403461,0,0,138,Cat,49.37568400009695,1.3051559999439633,50.68244700032665,0,0
40,139,114.5,0.0,0.0010369354828342271,0,0,139,Cat,42.658107999614,3.7033129997325887,46.36234300005526,0,0
41,140,115.5,0.0,0.0010218372260281106,0,0,140,Cat,41.643639000085386,0.9220910001204174,42.56666599985692,0,0
42,141,116.5,0.0,0.0010108406025419782,0,0,141,Cat,37.7376279998316,5.291891000069882,43.030115000419755,0,0
43,142,117.5,0.0,0.0009998439790558475,0,0,142,Cat,34.73749399972803,0.7708000002821791,35.509125999851676,0,0
44,143,118.5,0.0,0.0009888473555697166,0,0,143,Cat,35.20969600003809,0.7603010003549571,35.97072999991724,0,0
45,144,119.5,0.0,0.0009778507320835845,0,0,144,Cat,47.1440530000109,3.020887999809929,50.16581200015935,0,0
46,145,120.5,0.0001500682199586656,0.0009668541085974536,0,1,145,Cat,40.93466299991633,4.133631000058813,45.06930799971087,0,0
47,146,121.5,0.0,0.0009558574851113212,0,0,146,Cat,49.880481999935,2.5669669998933387,52.44841900002939,0,0
48,147,122.5,0.0,0.0009448608616251905,0,0,147,Cat,45.428036999965116,1.9426059998295386,47.37162999981592,0,0
49,148,123.5,0.0,0.0009338642381390581,0,0,148,Cat,41.08854699961739,3.054243999940809,44.14379000036206,0,0
50,149,124.5,0.00014759429001098834,0.0009228676146529274,0,1,149,Cat,54.931882999881054,3.4450600001036946,58.3780269998897,0,0
51,150,125.5,0.000896526567258471,0.0009118709911667966,0,1,150,Cat,48.87124699962442,2.742263000072853,51.61532000010993,0,0
52,151,126.5,0.0009546675878481237,0.0009529163637048083,1,0,151,Cat,43.969832999664504,2.968045999750757,46.938825999859546,1,1
53,152,127.5,0.0010408673930222268,0.0009815354431201182,1,0,152,Cat,42.76021000032415,2.2540499999195163,45.015203000275505,1,1
54,153,128.5,0.00012695047014243954,0.0010284977844760511,0,0,153,Cat,49.62604199999987,2.2235280002860236,51.85058400002163,0,0
55,154,129.5,0.0005949795966689875,0.0010275462761263454,0,1,154,Cat,43.932779999977356,2.2214939999685157,46.155219999945984,0,0
56,155,130.5,0.0008767347434114336,0.0010265947677766396,0,1,155,Cat,37.777511999593116,4.141495000112627,41.920073999790475,0,0
57,156,131.5,0.00043181797827451796,0.0010256432594269336,0,0,156,Cat,40.38329300010446,3.855935000046884,44.24016299981304,0,0
58,157,132.5,0.0,0.0010246917510772279,0,0,157,Cat,40.840240999841626,4.594517999976233,45.43565799986027,0,0
59,158,133.5,0.0012302905721907065,0.001023740242727522,1,0,158,Cat,43.15996900004393,1.0760019999906945,44.236941000235674,1,1
60,159,134.5,0.0019217165670124547,0.0010503385519806503,1,0,159,Cat,38.96560299972407,4.1691339997669274,43.13569899977665,1,1
61,160,135.5,0.0021635700553408466,0.0012302905721907065,1,0,160,Cat,38.33887099972344,4.058714000166219,42.39853299986862,1,1
62,161,136.5,0.0017894839878913604,0.0013191267726524731,1,0,161,Cat,38.36313700003302,4.755500000101165,43.119570999806456,1,1
63,162,137.5,0.0018388677059610892,0.0015381620858945563,1,0,162,Cat,42.42543000009391,1.1125189998892893,43.5389760000362,1,1
64,163,138.5,0.002465447608097082,0.0017553583646542402,1,0,163,Cat,39.97692100028871,4.067431000294164,44.045313999959035,1,1
65,164,139.5,0.0008684948212320798,0.0018289909623471433,0,0,164,Cat,49.649989000045025,1.1441569999988133,50.79506999982186,0,0
66,165,140.5,4.51156809506692e-05,0.001826521776443657,0,0,165,Cat,34.807322999768076,3.213531000255898,38.021803999981785,0,0
67,166,141.5,0.0009027409143701481,0.0018240525905401704,0,0,166,Cat,57.49653600014426,1.15852899989477,58.656015999986266,0,0
68,167,142.5,0.00033419334840878445,0.001821583404636684,0,0,167,Cat,44.19527000027301,2.522829000099591,46.71910700017179,0,0
69,168,143.5,0.0,0.0018191142187331975,0,0,168,Cat,61.16066699996736,3.191440999671613,64.35305199966024,0,0
70,169,144.5,0.0,0.0018166450328297112,0,0,169,Cat,40.21377100025347,4.40144499998496,44.61614499996358,0,0
71,170,145.5,0.0,0.0018141758469262248,0,0,170,Cat,48.39870899968446,1.215913999658369,49.6155450000515,0,0
72,171,146.5,0.0,0.0018117066610227384,0,0,171,Cat,38.22373499997411,1.1040979998142575,39.32881999980964,0,0
73,172,147.5,0.0,0.0018092374751192514,0,0,172,Cat,37.663502000214066,0.8514709998053149,38.51576399983969,0,0
74,173,148.5,0.0,0.0018067682892157653,0,0,173,Cat,41.22177599992938,1.2567989997478435,42.4798109997937,0,0
75,174,149.5,0.0,0.001804299103312279,0,0,174,Cat,40.762125000128435,3.1582520000483782,43.92152600030386,0,0
76,175,150.5,0.0,0.0018018299174087926,0,0,175,Cat,32.74425200015685,3.296807999959128,36.042135000116104,0,0
77,176,151.5,0.0,0.0017993607315053063,0,0,176,Cat,43.71886400031144,2.2813479999967967,46.00103700022373,0,0
78,177,152.5,0.0,0.0017968915456018193,0,0,177,Cat,46.45925799968609,3.9377470002364134,50.39791300032448,0,0
79,178,153.5,0.0,0.0017944223596983331,0,0,178,Cat,43.196227999942494,0.7004010003583971,43.89755900001546,0,0
80,179,154.5,0.0,0.0017919531737948468,0,0,179,Cat,36.35570000005828,0.777405999997427,37.133876999632776,0,0
81,180,155.5,0.0,0.0017894839878913604,0,0,180,Cat,40.00216600024942,2.1924619995843386,42.19548799983386,0,0
82,181,156.5,0.0,0.0017781087801456547,0,0,181,Cat,39.77789500004292,1.133754999955272,40.91264399994543,0,0
83,182,157.5,0.0,0.0017667335723999457,0,0,182,Cat,36.130167999999685,0.8005690001482435,36.931579999873065,0,0
84,183,158.5,0.0,0.0017553583646542402,0,0,183,Cat,44.19513699986055,0.7883140001467837,44.98425900010261,0,0
85,184,159.5,0.0,0.0017439831569085345,0,0,184,Cat,46.23397900013515,1.1484370002108335,47.383269000420114,0,0
86,185,160.5,0.0,0.0017326079491628288,0,0,185,Cat,41.54136199986169,4.124866000438487,45.66713800022626,0,0
87,186,161.5,0.0,0.001721232741417123,0,0,186,Cat,39.1450300003271,6.379360000209999,45.525557000019035,0,0
88,187,162.5,0.0,0.001709857533671414,0,0,187,Cat,39.80784599980325,3.1331279997175443,42.94183999991219,0,0
89,188,163.5,0.0,0.0016984823259257086,0,0,188,Cat,40.70298600026945,0.8133850001286191,41.5172180000809,0,0
90,189,164.5,0.0,0.0016871071181800029,0,0,189,Cat,38.08986600006392,2.3628680000911118,40.453579000313766,0,0
91,190,165.5,0.0,0.0016757319104342971,0,0,190,Cat,40.004208000027575,1.1575849998735066,41.16268899997522,0,0
92,191,166.5,0.0,0.0016643567026885914,0,0,191,Cat,41.65557600026659,1.1117940002804971,42.76825799979633,0,0
93,192,167.5,0.0,0.0016529814949428825,0,0,192,Cat,42.99078700023529,1.1542540000846202,44.14598499988642,0,0
94,193,168.5,0.0,0.001641606287197177,0,0,193,Cat,41.52653599976475,2.3356870001407515,43.86303299997962,0,0
95,194,169.5,0.0,0.0016302310794514712,0,0,194,Cat,38.70936900011657,0.7773330003146839,39.48740399982853,0,0
96,195,170.5,0.0,0.0016188558717057655,0,0,195,Cat,45.50049199997375,1.1275550000391377,46.62887300037255,0,0
97,196,171.5,0.0,0.0016074806639600565,0,0,196,Cat,44.332135999866296,2.6406629999655706,46.973701999831974,0,0
98,197,172.5,0.0,0.0015961054562143508,0,0,197,Cat,43.56023099990125,1.317805999860866,44.87890900009006,0,0
99,198,173.5,0.0,0.0015847302484686453,0,0,198,Cat,34.65835899987724,1.3347960002647596,35.9942919999412,0,0
100,199,174.5,0.0,0.0015733550407229396,0,0,199,Cat,34.810122000180854,4.217407999931311,39.02861500000654,0,0
101,200,175.5,0.0,0.0015619798329772339,0,0,200,Cat,43.55657199994312,2.7213400003347488,46.278843999971286,0,0
102,201,176.5,0.0,0.0015500709594358925,0,0,201,Cat,44.135002000075474,2.880855000057636,47.016751000228396,0,0
103,202,177.5,0.0,0.0015381620858945545,0,0,202,Cat,39.16092400004345,4.116257000077894,43.27810800032239,0,0
104,203,178.5,0.0,0.0015262532123532166,0,0,203,Cat,45.813504999841825,1.1335649996908614,46.94803200027309,0,0
105,204,179.5,0.0,0.0015143443388118787,0,0,204,Cat,51.55526099997587,1.1793469998337969,52.73588699992615,0,0
106,205,180.5,0.0,0.0015024354652705407,0,0,205,Cat,45.19725999989532,1.9348929999978282,47.133153999766364,0,0
107,206,181.5,0.0,0.0014905265917291993,0,0,206,Cat,47.99892600021849,2.531046000058268,50.530857000012475,0,0
108,207,182.5,0.0,0.0014786177181878614,0,0,207,Cat,41.40497600019444,1.1414870000407973,42.547300000023824,0,0
109,208,183.5,0.0,0.0014667088446465235,0,0,208,Cat,44.53827699990143,1.153211999735504,45.692417999816826,0,0
110,209,184.5,0.0,0.0014547999711051855,0,0,209,Cat,44.41336299987597,0.7852239996282151,45.19958399987445,0,0
111,210,185.5,0.0,0.0014428910975638476,0,0,210,Cat,38.21030700009942,0.7803230000718031,38.99152299982234,0,0
112,211,186.5,0.0,0.0014309822240225062,0,0,211,Cat,40.3466960001424,0.8579769996686082,41.20616299996982,0,0
113,212,187.5,0.0,0.0014190733504811683,0,0,212,Cat,38.081077999777335,1.1256799998591305,39.207664000059594,0,0
114,213,188.5,0.0,0.0014071644769398303,0,0,213,Cat,37.85070399999313,0.7826349997230864,38.63402799970572,0,0
115,214,189.5,0.0,0.0013952556033984924,0,0,214,Cat,36.15687799992884,0.7791120001456875,36.936759000127495,0,0
116,215,190.5,0.0,0.0013833467298571545,0,0,215,Cat,35.20547500011162,3.2600019999335927,38.46623499975976,0,0
117,216,191.5,0.0,0.001371437856315813,0,0,216,Cat,35.74322300028143,1.3164530000722152,37.060471000131656,0,0
118,217,192.5,0.0,0.0013595289827744751,0,0,217,Cat,36.665690999598155,0.8107879998533463,37.4773329999698,0,0
119,218,193.5,0.0,0.0013476201092331372,0,0,218,Cat,36.19469499972183,0.7866689998081711,36.9821710000906,0,0
120,219,194.5,0.0,0.0013357112356917993,0,0,219,Cat,36.18731199958347,0.817406000351184,37.0054820000405,0,0
121,220,195.5,0.0,0.0013238023621504613,0,0,220,Cat,35.174023999843484,0.8014549998733855,35.97622899997077,0,0
122,221,196.5,0.0008335226254277961,0.0013191267726524725,0,1,221,Cat,35.341252999842254,0.7781499998600339,36.12012599978698,0,0
123,222,197.5,0.0,0.001314451183154485,0,0,222,Cat,38.87160899967057,1.864576000116358,40.73707700035811,0,0
124,223,198.5,0.0,0.0013097755936564977,0,0,223,Cat,44.243619999633665,1.2008869998680893,45.44550900027389,0,0
125,224,199.5,0.0,0.0013051000041585101,0,0,224,Cat,41.24209800011158,1.2704270002359408,42.513907000284235,0,0
126,225,200.5,0.0009060861264652553,0.0013004244146605226,0,1,225,Cat,47.815150000133144,3.6068520003027515,51.42422000017177,0,0
127,226,201.5,0.0007551500700637703,0.0012957488251625338,0,1,226,Cat,41.10694800010606,0.8347920002051978,41.94264400030079,0,0
128,227,202.5,0.0010312919158227407,0.0012910732356645463,0,1,227,Cat,37.39664399972753,0.793653000073391,38.190945999758696,0,0
129,228,203.5,0.0021699823655021433,0.001286397646166559,1,0,228,Cat,37.892553999881784,3.1085069999789994,41.001876999871456,1,1
130,229,204.5,0.002856960253956764,0.0014547999711051855,1,0,229,Cat,44.619673999932274,1.1064939999414491,45.72716499978924,1,1
131,230,205.5,0.002598781757086832,0.0016757319104342971,1,0,230,Cat,41.024841999842465,2.2738080001545313,43.29932499967981,1,1
132,231,206.5,0.003020099770687401,0.0018117066610227378,1,0,231,Cat,35.794508999970276,0.8112089999485761,36.607061000268004,1,1
133,232,207.5,0.0036735705776483885,0.0018720072503816347,1,0,232,Cat,53.166970999882324,3.2577879997006676,56.42562299999554,1,1
134,233,208.5,0.003915223853710681,0.0020063652879273907,1,0,233,Cat,46.76409200010312,4.175261000000319,50.940272999923764,1,1
135,234,209.5,0.005233874729295707,0.0021654937483892357,1,0,234,Cat,43.565713000134565,1.0874609997699736,44.654034999894066,1,1
136,235,210.5,0.006738574543717291,0.002243848676150878,1,0,235,Cat,41.868313000122725,4.0682190001462,45.93747099988832,1,1
137,236,211.5,0.006509202848478446,0.0024921144378950307,1,0,236,Cat,47.94303900007435,2.4759489997450146,50.42008899999928,1,1
138,237,212.5,0.006086183992504268,0.0026375085316173233,1,0,237,Cat,38.25478999988263,3.160025999932259,41.4160290001746,1,1
139,238,213.5,0.005815549575846846,0.002873274205629827,1,0,238,Cat,44.244820999665535,1.1356879999766534,45.3814530001182,1,1
140,239,214.5,0.0070880135081915485,0.0030527733110354395,1,0,239,Cat,39.87569299988536,3.281250000327418,43.15769200002251,1,1
141,240,215.5,0.006313034573650067,0.0036735705776483885,1,0,240,Cat,37.691452000217396,0.7458720001523034,38.43807099974583,1,1
142,241,216.5,0.0067783534696646,0.0039031411899075634,1,0,241,Cat,36.31658600033916,3.218955000193091,39.53630500018335,1,1
143,242,217.5,0.007026830191125377,0.005102009641737211,1,0,242,Cat,40.73441900027319,0.7413229996018345,41.47669199983284,1,1
144,243,218.5,0.006789701071403198,0.005728298348864172,1,0,243,Cat,40.507782000076986,2.697091999834811,43.205764000049385,1,1
145,244,219.5,0.006091069804687432,0.006032057109172779,1,0,244,Cat,43.79105399993932,1.0721949997787306,44.86414699977104,1,1
146,245,220.5,0.007029207261860293,0.006089848351641641,1,0,245,Cat,43.90202500007945,4.0565580002294155,47.95941700012918,1,1
147,246,221.5,0.005732055586578744,0.006246445142961274,0,1,246,Cat,38.382275999993,1.435750999917218,39.818883999942045,0,0
148,247,222.5,0.00516346699965986,0.006235346904513146,0,1,247,Cat,36.29365799997686,1.6840550001688825,37.978670000029524,0,0
149,248,223.5,0.0039870227089795485,0.006224248666065012,0,1,248,Cat,37.21924199999194,1.1113240002487146,38.3314989999235,0,0
150,249,224.5,0.0037390557413878867,0.006213150427616877,0,1,249,Cat,52.04124599958959,1.2506520001807075,53.29312399999253,0,0
151,250,225.5,0.0030562839341319314,0.00620205218916875,0,1,250,Dog,58.30370000012408,0.8512800000062271,59.1562489998978,0,0
152,251,226.5,0.0020687258857814417,0.006190953950720615,0,0,251,Dog,44.959804999962216,1.173458999801369,46.13417600012326,0,0
153,252,227.5,0.0009881140812969536,0.006179855712272487,0,0,252,Dog,41.43247800038807,0.8196570001928194,42.25302199984071,0,0
154,253,228.5,0.00020136159172423618,0.006168757473824353,0,0,253,Dog,36.22795000001133,0.7896110000729095,37.01855000008436,0,0
155,254,229.5,0.0,0.006157659235376219,0,0,254,Dog,36.114808000093035,2.3422780000146304,38.45785999965301,0,0
156,255,230.5,0.0,0.006146560996928091,0,0,255,Dog,36.68930399999226,0.7911819998298597,37.48129499990682,0,0
157,256,231.5,0.0,0.006135462758479956,0,0,256,Dog,35.18689600014113,0.7826940000086324,35.9703740000441,0,0
158,257,232.5,0.0,0.0061243645200318286,0,0,257,Dog,35.20628199976272,1.3342299998839735,36.54130399991118,0,0
159,258,233.5,0.00019646972683751152,0.006113266281583695,0,0,258,Dog,36.67115300004298,0.8066899999903399,37.47872199983249,0,0
160,259,234.5,0.0008734631649393032,0.00610216804313556,0,0,259,Dog,41.20255299994824,0.7864770000196586,41.989874000137206,0,0
161,260,235.5,0.001554418268973068,0.006091069804687432,0,0,260,Dog,35.19875099982528,3.257203999964986,38.45690900016052,0,0
162,261,236.5,0.001738219991166856,0.006090825514078274,0,0,261,Dog,35.739467999974295,1.2832849997721496,37.02383200015902,0,0
163,262,237.5,0.001991441336603561,0.006090581223469116,0,0,262,Dog,37.78158299974166,3.6078330003874726,41.390656999737985,0,0
164,263,238.5,0.0018902570610431768,0.006090336932859958,0,0,263,Dog,42.29115099997216,1.2350679999144631,43.52745400001368,0,0
165,264,239.5,0.002792056092979278,0.0060900926422507995,0,1,264,Dog,39.58455600013622,4.155948000061471,43.74140799973247,0,0
166,265,240.5,0.003937142698969498,0.006089848351641641,0,1,265,Dog,39.783105999958934,2.8429280000636936,42.62700399976893,0,0
167,266,241.5,0.005645542305678708,0.006089604061032483,0,1,266,Dog,40.45820900000763,0.7999760000529932,41.25917000010304,0,0
168,267,242.5,0.008061888359963354,0.006089359770423325,1,0,267,Dog,35.09490799979176,3.651834999800485,38.747611999951914,1,1
169,268,243.5,0.00961305693344694,0.006224248666065012,1,0,268,Dog,35.36782299988772,1.2539429999378626,36.622540000280424,1,1
170,269,244.5,0.007652352546285268,0.006420927124805672,1,0,269,Dog,35.73339200011105,0.7365350002146442,36.47072700005083,1,1
171,270,245.5,0.007904538451601661,0.006623888696097868,1,0,270,Dog,48.27133499975389,0.7418230002258497,49.0140550000433,1,1
172,271,246.5,0.009120841643699973,0.0067564750603935795,1,0,271,Dog,45.23877399969933,0.7608109999637236,46.000511000329425,1,1
173,272,247.5,0.010192039532087027,0.006782892510360039,1,0,272,Dog,35.23597999992489,0.7572049998998409,35.99404599981426,1,1
174,273,248.5,0.01129798508247215,0.00687269626330596,1,0,273,Dog,47.16108299999178,1.1045649998777662,48.266605000208074,1,1
175,274,249.5,0.012347071603304838,0.007027543312345852,1,0,274,Dog,40.7199030000811,3.8057859997024934,44.52665799999522,1,1
176,275,250.5,0.013995014130101402,0.007043908823443107,1,0,275,Dog,40.51647000005687,1.9312670001454535,42.44903199969485,1,1
177,276,251.5,0.015338381197721462,0.007200881315810286,1,0,276,Dog,44.03025900001012,1.1727959999916493,45.20446800006539,1,1
178,277,252.5,0.017256761182151692,0.0076901804320827286,1,0,277,Dog,43.76896299982036,0.7911809998404351,44.56114100003106,1,1
179,278,253.5,0.018160530940520836,0.00792027344243783,1,0,278,Dog,36.17286600001535,3.6443789999793808,39.81814899998426,1,1
180,279,254.5,0.021661128826395593,0.008114836024150167,1,0,279,Dog,45.2129979998972,1.076878999811015,46.290941999814095,1,1
181,280,255.5,0.023715573816108892,0.009120841643699973,1,0,280,Dog,44.4966340000974,1.0740030002125422,45.57163400022546,1,1
182,281,256.5,0.024679807053517466,0.009588446168959586,1,0,281,Dog,44.230401999811875,1.0865399999602232,45.31784200025868,1,1
183,282,257.5,0.026990785214439872,0.010134141272223021,1,0,282,Dog,40.978227000323386,5.6581429998914246,46.63727699971787,1,1
184,283,258.5,0.028943934952355588,0.011132093249914377,1,0,283,Dog,56.26605899988135,2.10073799962629,58.36772900011056,1,1
185,284,259.5,0.032642636738945074,0.012137254299138282,1,0,284,Dog,38.99617199977001,2.4040489997787517,41.40110900016225,1,1
186,285,260.5,0.03496264277435779,0.013583028498402261,1,0,285,Dog,35.529947000213724,3.1432149999091052,38.67405599976337,1,1
187,286,261.5,0.0388366020399995,0.014935371077435429,1,0,286,Dog,40.8219639998606,1.0488580001037917,41.87171000012313,1,1
188,287,262.5,0.040117608573143504,0.016585328187601122,1,0,287,Dog,44.14199999973789,1.1080920003223582,45.251302999986365,1,1
189,288,263.5,0.04455766932212879,0.017799023037173175,1,0,288,Dog,56.1198840000543,1.216326999838202,57.33776299985038,1,1
190,289,264.5,0.048811174926461254,0.02008585977775189,1,0,289,Dog,49.694593000367604,3.194480999809457,52.890280000156054,1,1
191,290,265.5,0.05147459749902139,0.022688351321252243,1,0,290,Dog,52.94873699995151,3.6610900001505797,56.61174600027152,1,1
192,291,266.5,0.05505201992964992,0.02414947877294274,1,0,291,Dog,56.3032100003511,5.469567000091047,61.77438099985011,1,1
193,292,267.5,0.05711083553840235,0.025604198317886375,1,0,292,Dog,45.523098000103346,4.024872000172763,49.549158999980136,1,1
194,293,268.5,0.05948564934932499,0.02767438762271036,1,0,293,Dog,39.927510999859805,5.10227999984636,45.031431000097655,1,1
195,294,269.5,0.0631340943819485,0.030053545488332372,1,0,294,Dog,46.08521299996937,1.9005300000571879,47.98742299999503,1,1
196,295,270.5,0.0675283071463798,0.03322263824779825,1,0,295,Dog,38.80616599963105,1.4708549997521914,40.278240999668924,1,1
197,296,271.5,0.0714542217367714,0.03573743462748609,1,0,296,Dog,37.6782479997928,1.9294329999866022,39.60855800005447,1,1
198,297,272.5,0.06934923314437003,0.03902875301997107,1,0,297,Dog,37.77503899982548,3.0621179998888692,40.838097000232665,1,1
199,298,273.5,0.06994014777911428,0.040561614648042005,1,0,298,Dog,75.10297599992555,1.1746879999918747,76.2788020001608,1,1
200,299,274.5,0.07117997385635477,0.044770344602345344,1,0,299,Dog,39.64578500017524,4.426243000125396,44.07286600007865,1,1
201,300,275.5,0.06828086602546002,0.048811174926461254,1,0,300,Dog,40.51907100028984,1.3016780003454187,41.821647999768174,1,1
202,301,276.5,0.06549797413371916,0.05134142637039335,1,0,301,Dog,40.68138000002364,0.7355419998020807,41.41786099989986,1,1
203,302,277.5,0.06390964863738724,0.05469427768658699,1,0,302,Dog,36.59076099984304,0.7304790001398942,37.32195500015223,1,1
204,303,278.5,0.06206382799914012,0.056802013197089475,1,0,303,Dog,39.75882599979741,0.8467249999739579,40.606388000014704,1,1
205,304,279.5,0.05829372923634657,0.05901068658714042,0,1,304,Dog,38.29208599972844,4.379383000014059,42.672148999827186,0,0
206,305,280.5,0.05339319872945647,0.05918766932108038,0,1,305,Dog,36.62457900009031,0.7681189999857452,37.39341400023477,0,0
207,306,281.5,0.04855850636408776,0.05912807331543145,0,1,306,Dog,42.62392100008583,0.8055560001594131,43.43027999993865,0,0
208,307,282.5,0.04499246095784004,0.05906847730978251,0,1,307,Dog,44.808584000293195,1.1521679998622858,45.96159499988062,0,0
209,308,283.5,0.043525074237267924,0.05900888130413361,0,1,308,Dog,42.61548900012713,1.1278609999862965,43.74429000017699,0,0
210,309,284.5,0.042808301300787055,0.05894928529848468,0,1,309,Dog,39.84803699995609,1.1401499996281927,40.98907900015547,0,0
211,310,285.5,0.04095335437879344,0.05888968929283578,0,1,310,Dog,40.890818999741896,4.764986000282079,45.65674800005581,0,0
212,311,286.5,0.0379793945194683,0.058830093287186844,0,1,311,Dog,40.46740000012505,3.602852999847528,44.07150300039575,0,0
213,312,287.5,0.035737264758692655,0.05877049728153791,0,1,312,Dog,46.1959620001835,3.2579179996901075,49.45502400005353,0,0
214,313,288.5,0.03382713866366571,0.05871090127588901,0,1,313,Dog,42.66217399981542,1.1415250000936794,43.80464899986691,0,0
215,314,289.5,0.03146553680270703,0.058651305270240074,0,1,314,Dog,50.127903999964474,1.1677379998218385,51.29658700025175,0,0
216,315,290.5,0.03026354585948321,0.058591709264591174,0,1,315,Dog,37.13315400000283,1.9420240000727063,39.075967999906425,0,0
217,316,291.5,0.027914095167614672,0.05853211325894224,0,0,316,Dog,34.63592999969478,3.2000520000110555,37.836829999832844,0,0
218,317,292.5,0.02686937552086799,0.058472517253293305,0,0,317,Dog,46.59870800014687,3.903420000369806,50.50311899958615,0,0
219,318,293.5,0.024644584216098164,0.058412921247644405,0,0,318,Dog,43.40757599993594,2.4648359999446257,45.87366999976439,0,0
220,319,294.5,0.021988687368949655,0.05835332524199547,0,0,319,Dog,40.310175999820785,2.8248600001461455,43.135919999713224,0,0
221,320,295.5,0.021286617327540558,0.05829372923634657,0,0,320,Dog,54.13656799964883,3.7786039997627086,57.91609800007791,0,0
222,321,296.5,0.021397490768436334,0.058234584551449343,0,0,321,Dog,42.152156999691215,1.1871760002577503,43.34027899994908,0,0
223,322,297.5,0.018716223289832135,0.058175439866552124,0,0,322,Dog,39.057109000168566,5.701077999674453,44.759002000319015,0,0
224,323,298.5,0.017118959812613133,0.05811629518165493,0,0,323,Dog,44.33989600011046,1.2844720004068222,45.6254630003059,0,0
225,324,299.5,0.01358542864266854,0.058057150496757706,0,0,324,Dog,47.44921899964538,2.820017999965785,50.27014400002372,0,0
226,325,300.5,0.013263162618003421,0.057998005811860515,0,0,325,Dog,51.31166499995743,1.2384290002955822,52.551202999893576,0,0
227,326,301.5,0.012861151000170934,0.05793886112696329,0,0,326,Dog,39.57839300028354,1.144441000178631,40.72378699993351,0,0
228,327,302.5,0.009324204298427063,0.05787971644206607,0,0,327,Dog,37.065472999984195,3.190932000052271,40.25734100014233,0,0
229,328,303.5,0.008253793053543124,0.05782057175716888,0,0,328,Dog,38.790070000231935,0.7900979999249103,39.58099100009349,0,0
230,329,304.5,0.006980688414356728,0.05776142707227165,0,0,329,Dog,38.186026999937894,2.308725000148115,40.4955340000015,0,0
231,330,305.5,0.0047266139780327565,0.05770228238737446,0,0,330,Dog,38.71104700010619,3.664274000129808,42.376123999929405,0,0
232,331,306.5,0.003539468749095942,0.05764313770247723,0,0,331,Dog,52.312143000108335,0.7801289998496941,53.09304299998985,0,0
233,332,307.5,0.004340267768449979,0.057583993017580014,0,0,332,Dog,48.32316900001388,0.8077910001702548,49.13172600026883,0,0
234,333,308.5,0.004646978411929736,0.05752484833268282,0,0,333,Dog,38.066979000177525,0.8648879997963377,38.93280199963556,0,0
235,334,309.5,0.0035536495649242106,0.057465703647785596,0,0,334,Dog,68.21575999993001,4.6027309999772115,72.8197309999814,0,0
236,335,310.5,0.003523989325246668,0.057406558962888404,0,0,335,Dog,37.07576099986909,2.5138209998658567,39.59053300013693,0,0
237,336,311.5,0.0025740702952492533,0.05734741427799118,0,0,336,Dog,52.700329999879614,1.184087999718031,53.88533599989387,0,0
238,337,312.5,0.002497309379071,0.05728826959309396,0,0,337,Dog,47.73485499981689,4.166833999988739,51.902626999890344,0,0
239,338,313.5,0.0021991854547204204,0.05722912490819677,0,0,338,Dog,39.57629300020926,0.7842840000193974,40.36148100021819,0,0
240,339,314.5,0.002327296233906928,0.05716998022329954,0,0,339,Dog,36.5287059998991,0.7671119997212372,37.296691999927134,0,0
241,340,315.5,0.002161169628940529,0.05711083553840235,0,0,340,Dog,37.382317000265175,2.1696260000680923,39.55270200003724,0,0
242,341,316.5,0.0002836181478558242,0.0570078947579647,0,0,341,Dog,45.656194999992294,3.8444909996542265,49.50160499993217,0,0
243,342,317.5,0.0004833651781593895,0.05690495397752706,0,0,342,Dog,41.13660400025765,3.9940510000633367,45.13148199976058,0,0
244,343,318.5,0.0010467915824320384,0.056802013197089475,0,0,343,Dog,72.78878199986138,1.2227249999341439,74.0123130003667,0,0
245,344,319.5,0.0006672533859047869,0.05669907241665183,0,0,344,Dog,40.99029300004986,2.3221799997372727,43.313675000263174,0,0
246,345,320.5,0.0018866617447503842,0.05659613163621424,0,0,345,Dog,34.71328999967227,4.002154999852792,38.7164860003395,0,0
247,346,321.5,0.0021727018774742035,0.056493190855776594,0,0,346,Dog,39.45499800011021,1.2471119998735958,40.70323099995221,0,0
248,347,322.5,0.0012763550650853883,0.05639025007533895,0,0,347,Dog,41.032140999959665,3.0473050001091906,44.08039300005839,0,0
249,348,323.5,0.0007187581732074344,0.05628730929490137,0,0,348,Dog,39.14557699999932,0.7794759999342205,39.92583400031435,0,0
250,349,324.5,0.0018275289735402156,0.05618436851446372,0,0,349,Dog,38.44061600011628,1.1277240000708844,39.569093999944016,0,0
251,350,325.5,0.0031002858074395956,0.056081427734026135,0,0,350,Dog,40.49003600039214,1.4768569999432657,41.96763199979614,0,0
252,351,326.5,0.0028834333295060244,0.05597848695358849,0,0,351,Dog,33.66366999989623,2.318476000255032,35.98289899991869,0,0
253,352,327.5,0.0032789059165860834,0.055875546173150846,0,0,352,Dog,34.688597999775084,3.720035999776883,38.40942000033465,0,0
254,353,328.5,0.002969517269085342,0.05577260539271326,0,0,353,Dog,41.423058999953355,1.1548520001269935,42.578770000091026,0,0
255,354,329.5,0.0024560624980550783,0.05566966461227561,0,0,354,Dog,39.493898000273475,4.175463000137825,43.67035599989322,0,0
256,355,330.5,0.0008299417561002942,0.05556672383183803,0,0,355,Dog,37.762739000299916,4.794880999725137,42.558438000014576,0,0
257,356,331.5,0.0,0.05546378305140038,0,0,356,Dog,37.18201900028362,2.8838980001637537,40.06683299985525,0,0
258,357,332.5,0.0,0.05536084227096274,0,0,357,Dog,38.37683699975969,0.793662999967637,39.171369000087,0,0
259,358,333.5,4.8305414021898585e-05,0.05525790149052515,0,0,358,Dog,52.21719299970573,1.2794799999937823,53.497754000090936,0,0
260,359,334.5,0.0,0.055154960710087506,0,0,359,Dog,47.77044100001149,3.402984999866021,51.17463200031125,0,0
261,360,335.5,0.0,0.05505201992964992,0,0,360,Dog,44.22211399969456,0.8086480002020835,45.03151499966407,0,0
262,361,336.5,0.0,0.054969078869640225,0,0,361,Dog,37.439318999986426,0.7696799998484494,38.20977099985612,0,0
263,362,337.5,0.0,0.05488613780963054,0,0,362,Dog,34.24432399970101,3.2479689998581307,37.4932429999717,0,0
264,363,338.5,0.0,0.05480319674962089,0,0,363,Dog,40.58248100000128,2.863068999886309,43.4465589996762,0,0
265,364,339.5,0.0,0.054720255689611204,0,0,364,Dog,43.46844100018643,1.1454179998509062,44.61490399989998,0,0
266,365,340.5,0.0,0.05463731462960156,0,0,365,Dog,37.50129299987748,4.699779000020499,42.202029999771185,0,0
267,366,341.5,0.0,0.05455437356959186,0,0,366,Dog,48.249535000195465,3.1478490000154125,51.39832999975624,0,0
268,367,342.5,0.0,0.054471432509582175,0,0,367,Dog,46.87168400005248,3.7924350003777363,50.66516599981696,0,0
269,368,343.5,0.0,0.05438849144957253,0,0,368,Dog,45.19721699989532,5.295434999879944,50.49364699971193,0,0
270,369,344.5,0.0,0.05430555038956284,0,0,369,Dog,36.6501270000299,4.144582000208175,40.795621000143,0,0
271,370,345.5,0.0,0.054222609329553195,0,0,370,Dog,41.9812989998718,1.197007999962807,43.17939199972898,0,0
272,371,346.5,0.0,0.0541396682695435,0,0,371,Dog,41.858160000174394,3.0753870000808092,44.93477799996981,0,0
273,372,347.5,0.0,0.05405672720953381,0,0,372,Dog,45.17579100001967,1.1726329998964502,46.349371999895084,0,0
274,373,348.5,0.0,0.05397378614952412,0,0,373,Dog,42.39275400004772,2.578162999725464,44.97188699997423,0,0
275,374,349.5,0.0,0.05389084508951453,0,0,374,Dog,39.408629999797995,3.928344000087236,43.337951000012254,0,0
276,375,350.5,0.0,0.05380790402950483,0,0,375,Dog,44.057558000076824,1.1376080001355149,45.196052999926906,0,0
277,376,351.5,0.00022981609580841056,0.05372496296949514,0,0,376,Dog,41.238688999783335,3.488333999939641,44.727942000008625,0,0
278,377,352.5,0.0,0.05364202190948545,0,0,377,Dog,37.36878400013666,0.8266109998658067,38.19624100015062,0,0
279,378,353.5,0.0,0.053559080849475756,0,0,378,Dog,37.138067000341835,1.2962860000698129,38.43521099997815,0,0
280,379,354.5,0.0,0.053476139789466165,0,0,379,Dog,42.47672200017405,3.86735200027033,46.344997999767656,0,0
281,380,355.5,0.0,0.05339319872945647,0,0,380,Dog,40.124945000115986,2.800282999942283,42.92618399995263,0,0
282,381,356.5,0.0,0.053297268667934695,0,0,381,Dog,37.36193699978685,0.7809819999238243,38.14370400004918,0,0
283,382,357.5,0.0,0.05320133860641292,0,0,382,Dog,35.205084000153875,0.7559910000054515,35.961771000074805,0,0
284,383,358.5,0.0,0.053105408544891146,0,0,383,Dog,35.266974000023765,2.3435190000782313,37.611273000038636,0,0
285,384,359.5,0.0,0.053009478483369475,0,0,384,Dog,36.71775600014371,1.2588449999384466,37.97733300007167,0,0
286,385,360.5,0.0,0.0529135484218477,0,0,385,Dog,40.661116000137554,1.3242080003692536,41.986113999882946,0,0
287,386,361.5,0.0,0.052817618360325926,0,0,386,Dog,36.71922100011216,4.1766089998418465,40.896712000176194,0,0
288,387,362.5,0.0,0.05272168829880415,0,0,387,Dog,35.77007900003082,1.2050119999003073,36.9759109998995,0,0
289,388,363.5,0.0,0.052625758237282376,0,0,388,Dog,37.77946199988946,3.734591000011278,41.51479999973162,0,0
290,389,364.5,0.0,0.052529828175760705,0,0,389,Dog,48.04186399996979,1.1373320003258414,49.18006800016883,0,0
291,390,365.5,0.0,0.05243389811423893,0,0,390,Dog,35.102241999993566,3.043658000024152,38.146819999838044,0,0
292,391,366.5,0.0,0.052337968052717156,0,0,391,Dog,36.91616600008274,3.7643730001946096,40.68120900001304,0,0
293,392,367.5,0.0,0.05224203799119538,0,0,392,Dog,47.24455699988539,0.760898999942583,48.00626900032512,0,0
294,393,368.5,0.0,0.052146107929673606,0,0,393,Dog,34.22385199974087,4.437168000094971,38.661654000407,0,0
295,394,369.5,0.0,0.052050177868151935,0,0,394,Dog,35.56258200023876,0.8080790003077709,36.37154299985923,0,0
296,395,370.5,0.0,0.05195424780663016,0,0,395,Dog,53.414624000197364,1.1649260000012873,54.58050099969114,0,0
297,396,371.5,0.0,0.051858317745108386,0,0,396,Dog,47.65310499988118,3.033103000234405,50.6876330000523,0,0
298,397,372.5,0.0,0.05176238768358661,0,0,397,Dog,41.89831999974558,2.4203070001931337,44.320025999695645,0,0
299,398,373.5,0.0,0.051666457622064836,0,0,398,Dog,44.27246500017645,1.1783810000451922,45.45178599983046,0,0
300,399,374.5,0.0,0.051570527560543165,0,0,399,Dog,43.91459999988001,1.1579530000744853,45.073569000123825,0,0
301,400,375.5,0.0,0.05147459749902139,0,0,400,Dog,46.9305470001018,1.1526110001796042,48.08405499989021,0,0
302,401,376.5,0.0,0.05134142637039335,0,0,401,Dog,47.70634499982407,1.5210699998533528,49.228358999698685,0,0
303,402,377.5,0.0,0.05120825524176532,0,0,402,Dog,39.482704999954876,1.9111940000584582,41.39493399998173,0,0
304,403,378.5,0.0,0.05107508411313728,0,0,403,Dog,50.062853999861545,3.5791020000033313,53.64290100033031,0,0
305,404,379.5,0.0,0.0509419129845094,0,0,404,Dog,76.44571499986341,3.308190000097966,79.75481799985573,0,0
306,405,380.5,0.0,0.050808741855881356,0,0,405,Dog,37.931023000055575,0.781141000061325,38.71299000002182,0,0
307,406,381.5,5.126907118380153e-05,0.050675570727253316,0,0,406,Dog,36.15022800022416,1.3359560002754733,37.48702900020362,0,0
308,407,382.5,0.0,0.05054239959862528,0,0,407,Dog,39.57330000002912,3.1505839997407747,42.72507799987579,0,0
309,408,383.5,0.00016928095977986057,0.05040922846999724,0,0,408,Dog,40.032522000274184,4.269062999810558,44.302965000042605,0,0
310,409,384.5,0.0,0.05027605734136936,0,0,409,Dog,39.42391099963061,1.1493700003484264,40.574182999989716,0,0
311,410,385.5,0.0,0.05014288621274132,0,0,410,Dog,42.8272150002158,1.149346999682166,43.97741399998267,0,0
312,411,386.5,0.0,0.05000971508411328,0,0,411,Dog,41.191142999650765,2.211461000115378,43.40337499979796,0,0
313,412,387.5,0.0,0.04987654395548525,0,0,412,Dog,36.67179399963061,0.8148790002451278,37.48746100018252,0,0
314,413,388.5,0.0,0.04974337282685721,0,0,413,Dog,34.188876999905915,0.801328999841644,34.991024999726505,0,0
315,414,389.5,0.0008309226398206526,0.04961020169822933,0,0,414,Dog,41.97774300018864,3.2260880002468184,45.20477000005485,0,0
316,415,390.5,0.001752912710440091,0.04947703056960129,0,0,415,Dog,45.02747500009718,1.2751290000778681,46.30354000028092,0,0
317,416,391.5,0.002957941949950138,0.04934385944097325,0,0,416,Dog,39.8794379998435,1.159567000286188,41.039947000172106,0,0
318,417,392.5,0.002501430109258851,0.049210688312345215,0,0,417,Dog,44.661478999842075,2.2948920000089856,46.95716100013669,0,0
319,418,393.5,0.002042937845496251,0.049077517183717174,0,0,418,Dog,35.63911299988831,0.8085690001280454,36.448504999953,0,0
320,419,394.5,0.0025909001956310185,0.048944346055089294,0,0,419,Dog,35.181226000077004,0.8170739997694909,35.999144000015804,0,0
321,420,395.5,0.001826850132791047,0.048811174926461254,0,0,420,Dog,35.18922300008853,0.8287250002467772,36.01880499991239,0,0
322,421,396.5,0.0013235881739009914,0.048798541498342576,0,0,421,Dog,40.17500600002677,1.2482500001169683,41.42442800002755,0,0
323,422,397.5,0.000721230135526163,0.0487859080702239,0,0,422,Dog,42.86310599991339,1.162947000011627,44.02695200042217,0,0
324,423,398.5,0.0007069488492670306,0.04877327464210522,0,0,423,Dog,39.4295979999697,1.1697319996528677,40.60025999979189,0,0
325,424,399.5,0.0007211598689821352,0.04876064121398656,0,0,424,Dog,36.834473999988404,3.218102000118961,40.053546000308415,0,0
326,425,400.5,0.0014125293519523519,0.04874800778586788,0,0,425,Dog,43.65511699961644,1.793944999917585,45.450022000295576,0,0
327,426,401.5,0.00043481863777894425,0.0487353743577492,0,0,426,Dog,41.08019899967985,1.1555649998626905,42.23663399989164,0,0
328,427,402.5,0.0014234218588362602,0.048722740929630526,0,0,427,Dog,41.297594999832654,2.3395700000037323,43.638034999730735,0,0
329,428,403.5,0.0022499374534523664,0.04871010750151185,0,0,428,Dog,44.419834000109404,1.159447000190994,45.580166000036115,0,0
330,429,404.5,0.00238552535089831,0.048697474073393185,0,0,429,Dog,42.00403900040328,2.704410000205826,44.70934099981605,0,0
331,430,405.5,0.0017436788423144112,0.04868484064527451,0,0,430,Dog,41.216092000013305,1.6013640001801832,42.81837300004554,0,0
332,431,406.5,0.0016703336729446683,0.04867220721715583,0,0,431,Dog,37.312175999886676,1.1488650002320355,38.46202200020343,0,0
333,432,407.5,0.0002714657475711979,0.04865957378903715,0,0,432,Dog,45.92295700012983,1.2048269995830196,47.12867499983986,0,0
334,433,408.5,0.0005424126673857499,0.048646940360918475,0,0,433,Dog,41.98586800021076,2.991935999943962,44.978996999816445,0,0
335,434,409.5,0.0006795774901867668,0.04863430693279981,0,0,434,Dog,39.92832999983875,3.6632030000873783,43.59249099979934,0,0
336,435,410.5,0.0010251846591656788,0.048621673504681134,0,0,435,Dog,42.46146600007705,3.36875399989367,45.83109399982277,0,0
337,436,411.5,0.0013896449660464327,0.04860904007656246,0,0,436,Dog,39.65817200014499,3.5094260001642397,43.168382000203565,0,0
338,437,412.5,0.001209269784814837,0.04859640664844378,0,0,437,Dog,34.320615000069665,1.3195040000937297,35.640951999994286,0,0
339,438,413.5,0.0011529756968258198,0.0485837732203251,0,0,438,Dog,40.65276900018944,0.9054700003616745,41.559059000064735,0,0
340,439,414.5,0.0015171025429324692,0.04857113979220644,0,0,439,Dog,35.185795000415965,3.266471000188176,38.45304800006488,0,0
341,440,415.5,0.0008788403765940256,0.04855850636408776,0,0,440,Dog,37.622475999796734,3.6825420002060127,41.30576299985478,0,0
342,441,416.5,0.0014261398592044783,0.04838020409377534,0,0,441,Dog,34.30088400000386,3.0800409999756084,37.38168800009589,0,0
343,442,417.5,0.0014539919339926488,0.04820190182346291,0,0,442,Dog,54.75773699981801,2.9750129997410113,57.73368600011963,0,0
344,443,418.5,0.001669521710725097,0.048023599553150484,0,0,443,Dog,46.17244800010667,3.526801000134583,49.70002399977602,0,0
345,444,419.5,0.0005870070444433662,0.047845297282838255,0,0,444,Dog,43.73910499998601,1.1917649999304558,44.931730999905994,0,0
346,445,420.5,0.0,0.04766699501252583,0,0,445,Dog,40.54962999998679,0.8038810001380625,41.354312999828835,0,0
347,446,421.5,0.0005107000516904048,0.04748869274221341,0,0,446,Dog,42.46663100002479,3.5314540000399575,45.99985100003323,0,0
348,447,422.5,9.681307034170583e-05,0.04731039047190098,0,0,447,Dog,39.2532350001602,3.3260730001529737,42.58033800033445,0,0
349,448,423.5,0.001401503489162459,0.047132088201588554,0,0,448,Dog,44.43239900001572,1.2058239999532816,45.639124999979686,0,0
350,449,424.5,0.0,0.046953785931276325,0,0,449,Dog,49.127636999855895,1.5025090001472563,50.63105400040513,0,0
351,450,425.5,0.0,0.0467754836609639,0,0,450,Dog,44.11289500012572,3.2043979999798466,47.31810100020084,0,0
352,451,426.5,0.0,0.04659718139065148,0,0,451,Dog,41.83421100015039,3.1636350004191627,44.99872399992455,0,0
353,452,427.5,0.0,0.04641887912033905,0,0,452,Dog,51.748509000390186,1.176207999833423,52.92562000022372,0,0
354,453,428.5,0.0,0.046240576850026624,0,0,453,Dog,38.82170999986556,2.545994999763934,41.368575999968016,0,0
355,454,429.5,0.0,0.046062274579714395,0,0,454,Dog,36.51272999968569,3.143802000067808,39.65745199957382,0,0
356,455,430.5,0.0,0.04588397230940197,0,0,455,Dog,40.81089500004964,1.1646339999060729,41.97648299987122,0,0
357,456,431.5,0.0,0.04570567003908955,0,0,456,Dog,46.00249299983261,0.7983759996932349,46.801760000107606,0,0
358,457,432.5,0.0,0.04552736776877712,0,0,457,Dog,47.778178000044136,2.855057000033412,50.63435300007768,0,0
359,458,433.5,0.0,0.045349065498464694,0,0,458,Dog,51.9286789999569,1.2911219996567525,53.22094700022717,0,0
360,459,434.5,0.0,0.045170763228152465,0,0,459,Dog,40.72378799992293,3.536612000061723,44.26159299964638,0,0
361,460,435.5,0.0,0.04499246095784004,0,0,460,Dog,42.92100100019525,3.3914629998434975,46.3133690000177,0,0
362,461,436.5,0.0,0.04497072137605447,0,0,461,Dog,41.49068599963357,1.1636039998847991,42.655247999846324,0,0
363,462,437.5,0.0,0.04494898179426891,0,0,462,Dog,49.85232100034409,1.167450999673747,51.02066399967953,0,0
364,463,438.5,0.0,0.044927242212483336,0,0,463,Dog,50.195164999877306,1.1684249998324958,51.36455100000603,0,0
365,464,439.5,0.0,0.0449055026306978,0,0,464,Dog,39.47777400026098,3.988451000168425,43.46715099973153,0,0
366,465,440.5,0.0,0.04488376304891223,0,0,465,Dog,49.718054000095435,2.0138410000072327,51.7328460000499,0,0
367,466,441.5,0.0,0.04486202346712666,0,0,466,Dog,43.30715300011434,3.2519569999749365,46.560109999973065,0,0
368,467,442.5,0.0,0.044840283885341094,0,0,467,Dog,37.873969999964174,3.702250000060303,41.57717499992941,0,0
369,468,443.5,0.0,0.04481854430355552,0,0,468,Dog,35.27401099972849,4.043571999773121,39.318433000062214,0,0
370,469,444.5,0.0,0.04479680472176999,0,0,469,Dog,38.041348999740876,3.2327960002476175,41.2750519999463,0,0
371,470,445.5,0.0,0.044775065139984416,0,0,470,Dog,36.80443399980504,3.230072999940603,40.035462000105326,0,0
372,471,446.5,0.0,0.044753325558198845,0,0,471,Dog,36.678059000223584,1.8933409996861883,38.57226299987815,0,0
373,472,447.5,0.0,0.04473158597641328,0,0,472,Dog,37.06781900018541,3.7384039997050422,40.80701400016551,0,0
374,473,448.5,0.0,0.04470984639462771,0,0,473,Dog,46.041528999921866,4.167477000009967,50.20990299999539,0,0
375,474,449.5,0.0,0.044688106812842174,0,0,474,Dog,40.791797999645496,4.1430989999753365,44.935846000043966,0,0
376,475,450.5,0.0,0.0446663672310566,0,0,475,Dog,38.86200600027223,4.157498000040505,43.02039200001673,0,0
377,476,451.5,0.0,0.04464462764927103,0,0,476,Dog,37.80753899991396,3.376429999661923,41.18493399982981,0,0
378,477,452.5,0.0,0.04462288806748547,0,0,477,Dog,43.85981700033881,1.1952110003221605,45.05608099998426,0,0
379,478,453.5,0.0,0.0446011484856999,0,0,478,Dog,42.67205499991178,1.177462000214291,43.850482999914675,0,0
380,479,454.5,0.0,0.04457940890391436,0,0,479,Dog,49.15002899997489,3.1810529999347636,52.33197699999437,0,0
381,480,455.5,0.0,0.04455766932212879,0,0,480,Dog,38.074184999913996,4.151792999891768,42.22695799990106,0,0
382,481,456.5,0.0,0.044506039567885736,0,0,481,Dog,39.03034600034516,2.711750000344182,41.7430089996742,0,0
383,482,457.5,0.0001822574695247159,0.04445440981364268,0,0,482,Dog,51.71721399983653,2.3830569998608553,54.10151900014171,0,0
384,483,458.5,1.2325693598769227e-05,0.04440278005939963,0,0,483,Dog,52.47190399995816,1.2203300002511241,53.69317900021997,0,0
385,484,459.5,0.0007996156213232464,0.04435115030515657,0,0,484,Dog,38.84116100016399,0.8210519999920507,39.66320800009271,0,0
386,485,460.5,0.00080510677566481,0.044299520550913574,0,0,485,Dog,35.14526199978718,0.7987980002326367,35.94491300009395,0,0
387,486,461.5,2.4925465464620267e-05,0.04424789079667052,0,0,486,Dog,36.20531900014612,0.8037620000322931,37.00988699984009,0,0
388,487,462.5,0.0007001802757850006,0.044196261042427465,0,0,487,Dog,37.53227099969081,0.8040420002544124,38.33704499993473,0,0
389,488,463.5,0.0010733871491800384,0.04414463128818441,0,0,488,Dog,36.816429999817046,2.3122569996303355,39.129493000018556,0,0
390,489,464.5,0.00034582715430797606,0.044093001533941356,0,0,489,Dog,34.66375500011054,3.288101000180177,37.95258699983606,0,0
391,490,465.5,0.0007466454942407497,0.04404137177969836,0,0,490,Dog,42.356380999990506,1.1958370000684226,43.55315499969947,0,0
392,491,466.5,0.00144760914884845,0.0439897420254553,0,0,491,Dog,40.04724600008558,3.5419089999777498,43.59007400034898,0,0
393,492,467.5,0.0008404548122880051,0.04393811227121225,0,0,492,Dog,43.37590100021771,1.181075000204146,44.55790700012585,0,0
394,493,468.5,0.0004174864579554738,0.043886482516969194,0,0,493,Dog,39.38887399999658,0.8016940000743489,40.19141499975376,0,0
395,494,469.5,0.0006916253049942256,0.04383485276272614,0,0,494,Dog,36.82154199987053,1.3180060000195226,38.14034300012281,0,0
396,495,470.5,0.0,0.04378322300848314,0,0,495,Dog,39.00075999990804,3.43862599993372,42.440756000360125,0,0
397,496,471.5,0.0,0.043731593254240086,0,0,496,Dog,40.53972599967892,2.349846000015532,42.890605999673426,0,0
398,497,472.5,0.0,0.04367996349999703,0,0,497,Dog,50.17293100036113,4.18650500023432,54.36049499985529,0,0
399,498,473.5,0.0,0.04362833374575398,0,0,498,Dog,38.70808900001066,2.5573929997335654,41.26638499974433,0,0
400,499,474.5,0.0,0.04357670399151092,0,0,499,Dog,42.83834599982583,1.186522000352852,44.025780000083614,0,0
401,500,475.5,0.0,0.043525074237267924,0,0,500,Dog,38.81353899987516,0.8251399999608111,39.63967799973034,0,0
402,501,476.5,0.0,0.043489235590443875,0,0,501,Dog,35.99366300022666,0.8169759998963855,36.81149699968955,0,0
403,502,477.5,0.0,0.04345339694361982,0,0,502,Dog,47.99746899971069,0.9049919999597478,48.90334299989263,0,0
404,503,478.5,0.0001116201811670603,0.04341755829679577,0,0,503,Dog,40.27562200008106,0.815444000181742,41.09189500013599,0,0
405,504,479.5,0.0008043331930430719,0.04338171964997172,0,0,504,Dog,37.16143600013311,0.8358919999409409,37.998277000042435,0,0
406,505,480.5,0.0008015779053553995,0.04334588100314771,0,0,505,Dog,33.151026999803435,5.415249999714433,38.56710699983523,0,0
407,506,481.5,0.0,0.04331004235632366,0,0,506,Dog,40.40362700015976,1.1602990002756997,41.56483999986449,0,0
408,507,482.5,0.0017398769019969507,0.0432742037094996,0,0,507,Dog,42.94740500017724,3.1251870000232884,46.073880000221834,0,0
409,508,483.5,0.0024561544885107756,0.04323836506267555,0,0,508,Dog,42.968924999968294,1.2927059997309698,44.262732999868604,0,0
410,509,484.5,0.0007542693290957247,0.0432025264158515,0,0,509,Dog,40.5044099998122,1.1872430000039458,41.69264199981626,0,0
411,510,485.5,0.0013307884500309841,0.04316668776902749,0,0,510,Dog,42.797457999768085,3.276395999819215,46.074721999957546,0,0
412,511,486.5,0.002278023965478493,0.04313084912220344,0,0,511,Dog,38.88978699978907,0.7982400002219947,39.68886500024382,0,0
413,512,487.5,0.002905745860693476,0.043095010475379385,0,0,512,Dog,36.347463999845786,0.7942199999888544,37.14252299960208,0,0
414,513,488.5,0.0033558901462477086,0.043059171828555336,0,0,513,Dog,35.02659700006916,0.784289999955945,35.81164199977138,0,0
415,514,489.5,0.00255669668207803,0.04302333318173129,0,0,514,Dog,40.21974699981001,0.7794619996275287,41.00009300009333,0,0
416,515,490.5,0.003238013125274497,0.04298749453490727,0,0,515,Dog,37.83106900027633,0.777251000272372,38.60905900000944,0,0
417,516,491.5,0.0025406485597737616,0.04295165588808322,0,0,516,Dog,43.38606500004971,4.157926000061707,47.54492099982599,0,0
418,517,492.5,0.0017028154021279107,0.04291581724125917,0,0,517,Dog,42.806173999906605,4.150062999997317,46.95714199988288,0,0
419,518,493.5,0.0024070015037801484,0.04287997859443512,0,0,518,Dog,44.883703000323294,1.1499910001475655,46.03454500011139,0,0
420,519,494.5,0.0018164204438512188,0.04284413994761107,0,0,519,Dog,37.84217599968542,4.181284999958734,42.02438999982405,0,0
421,520,495.5,0.0012462592223814184,0.042808301300787055,0,0,520,Dog,38.898640000297746,2.5914520001606434,41.49124399964421,0,0
422,521,496.5,0.0005669066942793899,0.04271555395468735,0,0,521,Dog,39.56388500000685,1.275925999834726,40.84093599976768,0,0
423,522,497.5,0.0,0.04262280660858765,0,0,522,Dog,40.611402000195085,1.2291009998079971,41.8414410000878,0,0
424,523,498.5,0.0010480231674773188,0.04253005926248795,0,0,523,Dog,41.860168000312115,4.260278999936418,46.12188300006892,0,0
425,524,499.5,0.0009460480349008371,0.04243731191638825,0,0,524,Dog,41.17128000007142,2.96695599990926,44.14006099977996,0,0
426,525,500.5,0.0014650108498872605,0.04234456457028865,0,0,525,Dog,38.82978000001458,5.681979999735631,44.51289700000416,0,0
427,526,501.5,0.0010176721895889251,0.04225181722418895,0,0,526,Dog,50.98708800005625,1.5074370003276272,52.49648399967555,0,0
428,527,502.5,0.0018975106234112582,0.04215906987808925,0,0,527,Dog,43.74778499959575,2.8625499999179738,46.61189399985233,0,0
429,528,503.5,0.0015708129983799113,0.042066322531989546,0,0,528,Dog,41.17858099971272,1.0315429999536718,42.211827999835805,0,0
430,529,504.5,0.0005597386692286488,0.041973575185889844,0,0,529,Dog,45.153938999646925,2.9716100002588064,48.1270189998213,0,0
431,530,505.5,0.0006926965347677783,0.04188082783979025,0,0,530,Dog,50.39677100012341,1.215148000028421,51.61287500004619,0,0
432,531,506.5,0.0008202267921317841,0.041788080493690545,0,0,531,Dog,40.88455500004784,1.3271230000100331,42.212410000047385,0,0
433,532,507.5,0.001065033517454017,0.04169533314759084,0,0,532,Dog,40.76007599996956,0.8754239997870172,41.63672799995766,0,0
434,533,508.5,0.0012798049306242953,0.04160258580149114,0,0,533,Dog,36.10166399994341,1.2537840002551093,37.356579000061174,0,0
435,534,509.5,0.0009323139694674687,0.04150983845539144,0,0,534,Dog,35.694009000053484,3.655111999705696,39.349886999843875,0,0
436,535,510.5,0.0005420223013518077,0.04141709110929184,0,0,535,Dog,70.0863259999096,4.522525000083988,74.60988200000429,0,0
437,536,511.5,0.0,0.04132434376319214,0,0,536,Dog,38.49565900009111,3.371603000232426,41.86838300029194,0,0
438,537,512.5,0.00031203617723185584,0.04123159641709244,0,0,537,Dog,47.57955300010508,4.040248999899632,51.62075999987792,0,0
439,538,513.5,0.0008076706074977569,0.04113884907099274,0,0,538,Dog,49.32348800002728,1.1610090000431228,50.48544800001764,0,0
440,539,514.5,0.0009747588009108021,0.041046101724893036,0,0,539,Dog,39.822195999931864,0.776205999954982,40.59935399982351,0,0
441,540,515.5,0.0009901073454797737,0.04095335437879344,0,0,540,Dog,37.073231999784184,0.759604999984731,37.8335089999382,0,0
442,541,516.5,0.0008564975349140136,0.04091156708851093,0,0,541,Dog,36.23846899972705,1.3119620002726151,37.55125099996803,0,0
443,542,517.5,0.0007486655741837378,0.04086977979822842,0,0,542,Dog,37.65800599967406,5.380084999615065,43.03888699996605,0,0
444,543,518.5,0.0002579820000907507,0.04082799250794592,0,0,543,Dog,39.40893699973458,4.170568000063213,43.58041099976617,0,0
445,544,519.5,0.0011656402899399287,0.040786205217663414,0,0,544,Dog,38.077874000009615,3.1913969996821834,41.270087999691896,0,0
446,545,520.5,0.0007051283112982087,0.040744417927380955,0,0,545,Dog,35.89900499991927,4.250972000136244,40.15131400001337,0,0
447,546,521.5,0.0002344861995013936,0.04070263063709845,0,0,546,Dog,37.735789000180375,3.1578690000060305,40.89444700002787,0,0
448,547,522.5,5.134592537392457e-05,0.04066084334681594,0,0,547,Dog,41.57098499990752,1.199237000037101,42.77108699989185,0,0
449,548,523.5,0.0,0.04061905605653344,0,0,548,Dog,44.71696900009192,1.1824130001514277,45.90037200023289,0,0
450,549,524.5,0.000578553128549486,0.04057726876625093,0,0,549,Dog,42.10759599982339,1.1912410000149976,43.299735999880795,0,0
451,550,525.5,0.0,0.04053548147596847,0,0,550,Dog,39.72467500034327,0.8067040002970316,40.53232699970977,0,0
452,551,526.5,0.0,0.04049369418568596,0,0,551,Dog,35.64195800026937,0.7887409997238137,36.431408999760606,0,0
453,552,527.5,0.0013782400004711537,0.040451906895403456,0,0,552,Dog,34.722006999800215,0.7812549997652241,35.504035000030854,0,0
454,553,528.5,0.00013423557543179587,0.040410119605120955,0,0,553,Dog,39.32453599963992,3.5961640001005435,42.921627999930934,0,0
455,554,529.5,0.0006322857136736859,0.04036833231483845,0,0,554,Dog,36.30169999996724,1.2819969997508451,37.58452700003545,0,0
456,555,530.5,0.0004843182833125237,0.04032654502455599,0,0,555,Dog,41.95379500015406,1.2083659999007068,43.16307799990682,0,0
457,556,531.5,0.00015063548390270576,0.04028475773427348,0,0,556,Dog,41.35347900000852,1.1458919998403871,42.500244000166276,0,0
458,557,532.5,0.0015240684286819128,0.04024297044399097,0,0,557,Dog,52.13181900035124,1.2980470000911737,53.4315259997129,0,0
459,558,533.5,0.003251029712521003,0.04020118315370847,0,0,558,Dog,35.71948999979213,1.2128930002290872,36.933581000084814,0,0
460,559,534.5,0.0017937551842586164,0.04015939586342596,0,0,559,Dog,35.69609299984222,5.423397999948065,41.12041799999133,0,0
461,560,535.5,0.001059622913014091,0.040117608573143504,0,0,560,Dog,46.523528000307124,2.3181499996098864,48.84237399983249,0,0
462,561,536.5,0.0015681140623968748,0.04005355824648629,0,0,561,Dog,43.67722300003152,0.8319749999827764,44.510089000141306,0,0
463,562,537.5,0.0013874172367933646,0.039989507919829075,0,0,562,Dog,39.95254100027523,3.55777599997964,43.511175000276126,0,0
464,563,538.5,0.0014866149626908687,0.03992545759317186,0,0,563,Dog,46.39834899990092,1.922517000366497,48.3218660001512,0,0
465,564,539.5,0.0011104547042889434,0.039861407266514645,0,0,564,Dog,52.28125500025271,3.269054999691434,55.55577199993422,0,0
466,565,540.5,0.0012307367766993815,0.0397973569398575,0,0,565,Dog,44.86940299966591,0.7808710001881991,45.65100000036182,0,0
467,566,541.5,0.002153035856316987,0.03973330661320029,0,0,566,Dog,54.04387099997621,0.8144939997691836,54.85917600026369,0,0
468,567,542.5,0.0021846168289297863,0.039669256286543074,0,0,567,Dog,39.19284099993092,0.8299300002363452,40.023500000188506,0,0
469,568,543.5,0.0020896361212868753,0.039605205959885856,0,0,568,Dog,38.162380999892775,0.8030190001591109,38.96625600009429,0,0
470,569,544.5,0.0007326795096030958,0.039541155633228645,0,0,569,Dog,35.300617000302736,3.652909999800613,38.954534999902535,0,0
471,570,545.5,0.0009632046905877489,0.0394771053065715,0,0,570,Dog,39.357359999939945,4.262872999788669,43.62125800025751,0,0
472,571,546.5,0.0,0.03941305497991429,0,0,571,Dog,50.65029599973059,3.6706390001199907,54.32157899986123,0,0
473,572,547.5,0.0,0.03934900465325707,0,0,572,Dog,38.27511500003311,0.7869629998822347,39.06272299991542,0,0
474,573,548.5,0.0,0.039284954326599855,0,0,573,Dog,46.25584699988394,0.8634209998490405,47.12014800043107,0,0
475,574,549.5,0.0,0.039220903999942644,0,0,574,Dog,39.079143999970256,0.831153000035556,39.91111200002706,0,0
476,575,550.5,0.0,0.0391568536732855,0,0,575,Dog,41.1874300002637,4.330169000240858,45.51831300022968,0,0
477,576,551.5,0.0,0.03909280334662829,0,0,576,Dog,39.896395999676315,2.7692560001923994,42.6665539998794,0,0
478,577,552.5,0.0001818964110392729,0.03902875301997107,0,0,577,Dog,37.79097799997544,2.5566059998709534,40.34849299978305,0,0
479,578,553.5,0.00034630741119567876,0.03896470269331386,0,0,578,Dog,47.69270000042525,0.831297999866365,48.52520699978413,0,0
480,579,554.5,0.0,0.03890065236665664,0,0,579,Dog,47.09659999980431,0.8416420000685321,47.93918500035943,0,0
481,580,555.5,0.0,0.0388366020399995,0,0,580,Dog,39.12663499977498,0.8441869999842311,39.9716450001506,0,0
482,581,556.5,0.00014708130652252294,0.03879374166397293,0,0,581,Dog,35.16624000030788,5.118572999890603,40.28565899989189,0,0
483,582,557.5,0.00016284815676981257,0.03875088128794636,0,0,582,Dog,50.16115800026455,0.9490330003245617,51.111465000303724,0,0
484,583,558.5,0.00020102854949244353,0.03870802091191979,0,0,583,Dog,49.454951000370784,1.2398290000419365,50.69572200000039,0,0
485,584,559.5,0.0007284588338752895,0.03866516053589322,0,0,584,Dog,42.78235899982974,1.149569000062911,43.93283800027348,0,0
486,585,560.5,0.0,0.0386223001598667,0,0,585,Dog,39.88022800012914,1.164327999958914,41.04547700035255,0,0
487,586,561.5,0.0,0.03857943978384013,0,0,586,Dog,41.78428900013387,1.1409260000618815,42.926131000058376,0,0
488,587,562.5,0.0,0.03853657940781356,0,0,587,Dog,41.904579999936686,3.8912139998501516,45.79681199993502,0,0
489,588,563.5,0.0,0.03849371903178699,0,0,588,Dog,42.09584999989602,1.1550480003279517,43.25182299999142,0,0
490,589,564.5,0.0,0.03845085865576042,0,0,589,Dog,38.478132000363985,1.1545239999577461,39.633552999930544,0,0
491,590,565.5,0.0,0.0384079982797339,0,0,590,Dog,42.20177299976058,1.1893939999936265,43.392103999849496,0,0
492,591,566.5,0.0,0.03836513790370733,0,0,591,Dog,58.82071799987898,3.22080099977029,62.04256599994551,0,0
493,592,567.5,0.0006290591024603609,0.03832227752768076,0,0,592,Dog,41.807700999925146,1.7693409999992582,43.57792900009372,0,0
494,593,568.5,0.0010907598966279908,0.03827941715165419,0,0,593,Dog,49.3550889996186,4.205380000257719,53.5614790001091,0,0
495,594,569.5,0.0005072189980467323,0.03823655677562762,0,0,594,Dog,46.79971499990643,2.049272000022029,48.8501869999709,0,0
496,595,570.5,0.0004824961142669837,0.0381936963996011,0,0,595,Dog,48.882401999890135,1.2626889997591206,50.146114000199304,0,0
497,596,571.5,0.0,0.03815083602357453,0,0,596,Dog,40.58578200010743,2.5737060000210477,43.16045599989593,0,0
498,597,572.5,0.0002207712707664733,0.03810797564754796,0,0,597,Dog,40.4498840002816,2.2195269998519507,42.670398999689496,0,0
499,598,573.5,0.000360066171723572,0.03806511527152139,0,0,598,Dog,38.72296700001243,1.167476999853534,39.89131299977089,0,0
500,599,574.5,0.001403876010946048,0.03802225489549482,0,0,599,Dog,34.78670200001943,3.2596739997643454,38.04719000027035,0,0
501,600,575.5,0.0014570975083194604,0.0379793945194683,0,0,600,Dog,47.93134999999893,3.771198000322329,51.70357800034253,0,0
502,601,576.5,0.0015982315080536047,0.0378672880314295,0,0,601,Dog,43.12506099995517,1.1696139999912702,44.29562099994655,0,0
503,602,577.5,0.0010067369210863264,0.037755181543390685,0,0,602,Dog,38.98994399969524,2.3295659998439078,41.320508000353584,0,0
504,603,578.5,0.0005570518707104233,0.03764307505535188,0,0,603,Dog,37.66319199985446,0.8269679997283674,38.49098800037609,0,0
505,604,579.5,0.0016342715633572702,0.03753096856731307,0,0,604,Dog,36.126685999988695,3.2956410000224423,39.42313500010641,0,0
506,605,580.5,0.002308343553476977,0.03741886207927439,0,0,605,Dog,42.73080399980245,0.8448079997833702,43.57644399988203,0,0
507,606,581.5,0.002695634060528196,0.037306755591235585,0,0,606,Dog,34.5403799997257,0.8981730002233235,35.43996500002322,0,0
508,607,582.5,0.0022887642643363293,0.037194649103196774,0,0,607,Dog,36.74356400006218,0.8111540000754758,37.555477999831055,0,0
509,608,583.5,0.0024414798025009787,0.03708254261515797,0,0,608,Dog,41.107485000338784,0.8045240001592902,41.9128759999694,0,0
510,609,584.5,0.0008764756171782961,0.03697043612711916,0,0,609,Dog,38.18244800004322,0.7759119998809183,38.959041999987676,0,0
511,610,585.5,0.0005090983641325986,0.03685832963908048,0,0,610,Dog,42.51362200011499,1.1856950000037614,43.70026800006599,0,0
512,611,586.5,8.982425760406532e-05,0.036746223151041674,0,0,611,Dog,39.408660999924905,1.6104950000226381,41.02003699972556,0,0
513,612,587.5,0.0,0.03663411666300286,0,0,612,Dog,39.36174199998277,3.6001560001750477,42.9628550000416,0,0
514,613,588.5,0.0,0.03652201017496406,0,0,613,Dog,34.440027000073314,3.1836769999245007,37.624559000050795,0,0
515,614,589.5,0.0,0.036409903686925246,0,0,614,Dog,41.67020799968668,1.9232590002502548,43.59456800011685,0,0
516,615,590.5,0.0007826865485750512,0.03629779719888657,0,0,615,Dog,42.15599999997721,1.5361629998551507,43.69306500029779,0,0
517,616,591.5,0.0018743910896438232,0.03618569071084776,0,0,616,Dog,61.609074999978475,0.8280669999294332,62.4378100001195,0,0
518,617,592.5,0.002462516218468158,0.03607358422280895,0,0,617,Dog,39.15678199973627,0.8201420000659709,39.977761000045575,0,0
519,618,593.5,0.0026003668336505026,0.035961477734770146,0,0,618,Dog,53.7933850000627,0.9076920000552491,54.702115999589296,0,0
520,619,594.5,0.000789996718471575,0.035849371246731335,0,0,619,Dog,48.39583400007541,2.245143999971333,50.64218500001516,0,0
521,620,595.5,0.001045863828636362,0.035737264758692655,0,0,620,Dog,51.72427100023924,1.2130159998378076,52.93822400017234,0,0
522,621,596.5,0.0009922914782448666,0.0356985336594759,0,0,621,Dog,40.240023999558616,1.1568270001589553,41.39775000021473,0,0
523,622,597.5,0.0,0.03565980256025915,0,0,622,Dog,38.8104779999594,2.302008999777172,41.11343900012798,0,0
524,623,598.5,0.0,0.035621071461042396,0,0,623,Dog,39.32731200029593,1.3408700001491525,40.668885999821214,0,0
525,624,599.5,0.0,0.03558234036182565,0,0,624,Dog,38.13838299993222,1.2592879998010176,39.398531000188086,0,0
526,625,600.5,0.0,0.03554360926260894,0,0,625,Dog,41.044941999643925,4.182404999937717,45.22824800005765,0,0
527,626,601.5,0.0,0.035504878163392185,0,0,626,Dog,39.77605899990522,1.1582000001908455,40.935110000191344,0,0
528,627,602.5,0.0,0.03546614706417543,0,0,627,Dog,65.07854600022256,0.8220109998546832,65.90153100023599,0,0
529,628,603.5,0.0,0.03542741596495868,0,0,628,Dog,34.17946900026436,0.8017249997465115,34.98205999994752,0,0
530,629,604.5,0.0,0.03538868486574193,0,0,629,Dog,35.17329099986455,0.7996340000318014,35.9738499996638,0,0
531,630,605.5,0.0005696702004160947,0.03534995376652522,0,0,630,Dog,50.77113799961808,1.2350160000096366,52.00723200005086,0,0
532,631,606.5,0.0,0.03531122266730847,0,0,631,Dog,43.77484299993739,0.9187770001517492,44.695094999951834,0,0
533,632,607.5,0.0,0.035272491568091716,0,0,632,Dog,38.51549199998772,2.024740999786445,40.5411130000175,0,0
534,633,608.5,0.0,0.03523376046887496,0,0,633,Dog,41.782314000101906,1.1876309999934165,42.970958999831055,0,0
535,634,609.5,0.0,0.035195029369658216,0,0,634,Dog,42.95469299995602,2.6601140002640022,45.615614999860554,0,0
536,635,610.5,0.0,0.035156298270441505,0,0,635,Dog,49.33158399990134,0.7720389999121835,50.104365999686706,0,0
537,636,611.5,0.0,0.03511756717122475,0,0,636,Dog,39.2190060001667,0.8233809999182995,40.04327699976784,0,0
538,637,612.5,0.0,0.035078836072008,0,0,637,Dog,35.1507830000628,0.7973020001372788,35.948851000284776,0,0
539,638,613.5,0.0,0.035040104972791246,0,0,638,Dog,50.085382999895955,0.7944139997562161,50.880656999652274,0,0
540,639,614.5,0.0,0.0350013738735745,0,0,639,Dog,52.327069000057236,2.604916999644047,54.932819999976346,0,0
541,640,615.5,0.0,0.03496264277435779,0,0,640,Dog,39.37418899977274,3.0466970001725713,42.421877999913704,0,0
542,641,616.5,0.0,0.03490586756882311,0,0,641,Dog,36.74770199995692,1.1808030003521708,37.92938500009768,0,0
543,642,617.5,0.0,0.03484909236328856,0,0,642,Dog,39.765155000168306,1.1648640002022148,40.93090200012739,0,0
544,643,618.5,0.0,0.034792317157754,0,0,643,Dog,38.29185000040525,0.902982000297925,39.19639300011113,0,0
545,644,619.5,0.0,0.03473554195221932,0,0,644,Dog,34.92495399996187,0.8238650002567738,35.74966299993321,0,0
546,645,620.5,0.0,0.03467876674668477,0,0,645,Dog,35.08190499996999,0.7866310002100363,35.86922499971479,0,0
547,646,621.5,0.0,0.03462199154115009,0,0,646,Dog,40.339238999877125,3.2136770000761317,43.55355300003794,0,0
548,647,622.5,0.0,0.03456521633561554,0,0,647,Dog,36.65594499989311,4.1183100001944695,40.775181999833876,0,0
549,648,623.5,0.0,0.03450844113008098,0,0,648,Dog,37.74818400006552,1.1747600001399405,38.92383099992003,0,0
550,649,624.5,0.0,0.0344516659245463,0,0,649,Dog,42.95941300006234,0.7883660000516102,43.74852099999771,0,0
551,650,625.5,0.0,0.03439489071901175,0,0,650,Dog,63.257259000238264,0.8241990003625688,64.08225099994524,0,0
552,651,626.5,0.0,0.03433811551347707,0,0,651,Dog,47.0130710000376,4.52565700015839,51.539572999899974,0,0
553,652,627.5,0.0,0.03428134030794252,0,0,652,Dog,60.45853499972509,1.1813559999609424,61.64084700003514,0,0
554,653,628.5,0.0,0.03422456510240796,0,0,653,Dog,39.67932600016866,1.8877709999287617,41.56798300027731,0,0
555,654,629.5,0.0,0.03416778989687328,0,0,654,Dog,41.12173400017127,3.2698800000616757,44.39270700004272,0,0
556,655,630.5,0.0,0.03411101469133873,0,0,655,Dog,41.174641999987216,3.5360289998607186,44.711882999763475,0,0
557,656,631.5,1.7522520529222874e-05,0.03405423948580405,0,0,656,Dog,37.276888999713265,0.7986609998624772,38.07619600001999,0,0
558,657,632.5,0.0,0.0339974642802695,0,0,657,Dog,39.13959999999861,0.8355420000043523,39.976205000129994,0,0
559,658,633.5,0.0,0.033940689074734944,0,0,658,Dog,35.1672269998744,0.8102130000224861,35.978134000288264,0,0
560,659,634.5,0.0,0.03388391386920026,0,0,659,Dog,35.188420999929804,2.331777000108559,37.52115099996445,0,0
561,660,635.5,0.0,0.03382713866366571,0,0,660,Dog,39.03243600007045,0.844680999762204,39.878100999885646,0,0
562,661,636.5,0.0,0.0337679135674296,0,0,661,Dog,35.765678999723605,2.355197000269982,38.12169399998311,0,0
563,662,637.5,0.0,0.03370868847119362,0,0,662,Dog,39.534590000130265,1.9801650000772497,41.51566900009129,0,0
564,663,638.5,0.0,0.033649463374957646,0,0,663,Dog,44.32587700011936,1.1771879999287194,45.50403899975208,0,0
565,664,639.5,0.0,0.03359023827872153,0,0,664,Dog,39.409568999872135,2.590493999832688,42.0009790000222,0,0
566,665,640.5,4.762606664798774e-05,0.03353101318248555,0,0,665,Dog,37.59845200011114,2.3644979996788607,39.96376599980067,0,0
567,666,641.5,0.0005703754240234948,0.03347178808624944,0,0,666,Dog,43.301513999722374,1.2124379995839263,44.51488499989864,0,0
568,667,642.5,0.00022101091751691726,0.03341256299001346,0,0,667,Dog,39.21678000006068,1.553602000058163,40.77124900004492,0,0
569,668,643.5,0.000514739311195278,0.033353337893777486,0,0,668,Dog,41.49352000013096,0.8781440001257579,42.37354599990795,0,0
570,669,644.5,0.0,0.033294112797541374,0,0,669,Dog,34.99418599994897,0.831148000088433,35.826410000026954,0,0
571,670,645.5,0.0,0.03323488770130539,0,0,670,Dog,46.1332280001443,0.8525620000909839,46.98673699977007,0,0
572,671,646.5,0.0,0.03317566260506928,0,0,671,Dog,50.11225799989916,0.8390640000470739,50.95211300022129,0,0
573,672,647.5,0.0,0.0331164375088333,0,0,672,Dog,41.984493999734696,1.2016000000585336,43.187017000036576,0,0
574,673,648.5,0.0,0.03305721241259733,0,0,673,Dog,38.96157799999855,0.8537900002920651,39.81621799994173,0,0
575,674,649.5,0.0,0.032997987316361214,0,0,674,Dog,35.14311599974462,0.8417429999099113,35.9856260001834,0,0
576,675,650.5,0.0,0.032938762220125234,0,0,675,Dog,35.140153000156715,0.8469270001114637,35.98787600003561,0,0
577,676,651.5,0.0,0.03287953712388912,0,0,676,Dog,38.49006599966742,1.7250269997930445,40.21601099975669,0,0
578,677,652.5,0.0,0.03282031202765314,0,0,677,Dog,37.75579500006643,3.1743180002195004,40.93095700000049,0,0
579,678,653.5,0.0,0.03276108693141717,0,0,678,Dog,42.820009000024584,1.5526760003012896,44.37370400000873,0,0
580,679,654.5,0.0,0.032701861835181055,0,0,679,Dog,45.417448000080185,2.520465000088734,47.938920999968104,0,0
581,680,655.5,0.0,0.032642636738945074,0,0,680,Dog,40.66697300004307,0.8214660001613083,41.489392000130465,0,0
582,681,656.5,0.0,0.03258378174213309,0,0,681,Dog,35.65394199995353,0.9162670003206586,36.571359999925335,0,0
583,682,657.5,0.0004197863296712123,0.032524926745321245,0,0,682,Dog,36.69687100000374,0.884154000232229,37.58195299997169,0,0
584,683,658.5,0.00017159020348034293,0.03246607174850939,0,0,683,Dog,36.04457100027503,0.846972000090318,36.89239400000588,0,0
585,684,659.5,0.0,0.03240721675169741,0,0,684,Dog,37.11463699983142,4.461231000277621,41.576775000066846,0,0
586,685,660.5,0.0,0.03234836175488556,0,0,685,Dog,38.50351799974305,3.4101950000149372,41.91458399964176,0,0
587,686,661.5,0.0,0.03228950675807358,0,0,686,Dog,65.63754600028915,1.3166349999664817,66.95498500039321,0,0
588,687,662.5,0.0,0.03223065176126173,0,0,687,Dog,36.64199400009238,4.920093000237102,41.562824999800796,0,0
589,688,663.5,0.0,0.03217179676444988,0,0,688,Dog,37.06716300030166,3.1445979998352414,40.21250100004181,0,0
590,689,664.5,0.0009593538321991391,0.0321129417676379,0,0,689,Dog,38.84399599974131,3.6676859999715816,42.5125259998822,0,0
591,690,665.5,0.0018026716628514183,0.03205408677082605,0,0,690,Dog,43.16924700015079,4.511591999744269,47.68186399996921,0,0
592,691,666.5,0.002636785386799456,0.03199523177401407,0,0,691,Dog,43.503639999926236,1.1938150000787573,44.69838600016374,0,0
593,692,667.5,0.0029974153785133906,0.03193637677720222,0,0,692,Dog,47.14022699999987,1.1908890000995598,48.332044999824575,0,0
594,693,668.5,0.0027238702383388658,0.03187752178039037,0,0,693,Dog,50.88479899995946,1.414158999978099,52.30086899973685,0,0
595,694,669.5,0.0025785532434366987,0.031818666783578385,0,0,694,Dog,38.1585999998606,2.696764000120311,40.8562970001185,0,0
596,695,670.5,0.003705932321004024,0.03175981178676654,0,1,695,Dog,43.2345610001903,3.554513000381121,46.789993999936996,0,0
597,696,671.5,0.0038325865197996745,0.031700956789954556,0,1,696,Dog,56.898046000242175,2.0532819999061758,58.952012000190734,0,0
598,697,672.5,0.0034191914109643617,0.03164210179314271,0,0,697,Dog,37.64641399993707,1.3308409997989656,38.978028999736125,0,0
599,698,673.5,0.0025889605537671168,0.03158324679633086,0,0,698,Dog,42.589266000049975,4.5270529999470455,47.11727499989138,0,0
600,699,674.5,0.0007933181152927071,0.031524391799518874,0,0,699,Dog,43.54043599960278,0.8021730000109528,44.34341699970901,0,0
601,700,675.5,0.002252091679473711,0.03146553680270703,0,0,700,Dog,38.18888100022377,3.344316000038816,41.53413799986083,0,0
602,701,676.5,0.0014744915386424307,0.03140543725554575,0,0,701,Dog,38.64525400013008,4.356358000222826,43.00241500004631,0,0
603,702,677.5,0.0009839020027246903,0.031345337708384616,0,0,702,Dog,77.56995099998676,3.5806709997814323,81.15154999995866,0,0
604,703,678.5,0.0005162615634245471,0.031285238161223486,0,0,703,Dog,42.35625000001164,5.148738000116282,47.505940000064584,0,0
605,704,679.5,0.00032582532712543966,0.03122513861406221,0,0,704,Dog,58.103755000047386,4.291101000035269,62.396097000146256,0,0
606,705,680.5,0.0,0.031165039066901074,0,0,705,Dog,46.623418999843125,0.8159389999491395,47.440170000299986,0,0
607,706,681.5,0.0,0.0311049395197398,0,0,706,Dog,37.09959000025265,3.3358360001329856,40.436222000153066,0,0
608,707,682.5,0.0,0.031044839972578665,0,0,707,Dog,71.46471199985172,4.976288999841927,76.44191899998987,0,0
609,708,683.5,0.0,0.030984740425417528,0,0,708,Dog,71.01485600014712,0.8078519999799028,71.8236299999262,0,0
610,709,684.5,0.0,0.030924640878256256,0,0,709,Dog,49.42347600035646,3.6719110003105015,53.09612500013827,0,0
611,710,685.5,0.0,0.03086454133109512,0,0,710,Dog,35.272860000077344,1.3381570001911314,36.611801000162814,0,0
612,711,686.5,0.0,0.030804441783933847,0,0,711,Dog,36.6706710001381,1.3263900000310969,37.99786599984145,0,0
613,712,687.5,0.0,0.03074434223677271,0,0,712,Dog,36.65661999957592,3.461669999978767,40.11897999998837,0,0
614,713,688.5,0.0,0.030684242689611573,0,0,713,Dog,39.227547999871604,1.1803490001511818,40.40883700008635,0,0
615,714,689.5,0.0,0.0306241431424503,0,0,714,Dog,43.36356400017394,1.176110999949742,44.540766999944026,0,0
616,715,690.5,0.0,0.030564043595289164,0,0,715,Dog,52.192703999935475,1.3845480002601107,53.57935300025929,0,0
617,716,691.5,0.0,0.030503944048127892,0,0,716,Dog,43.17217400011941,1.192832000015187,44.365938999817445,0,0
618,717,692.5,0.0,0.030443844500966755,0,0,717,Dog,42.930094999974244,3.417329000058089,46.34833699992669,0,0
619,718,693.5,0.0,0.03038374495380562,0,0,718,Dog,41.06199399984689,1.1753110002246103,42.23813799990239,0,0
620,719,694.5,0.0,0.030323645406644346,0,0,719,Dog,41.772688000037306,1.1679670001285558,42.94160599965835,0,0
621,720,695.5,0.0,0.03026354585948321,0,0,720,Dog,69.85329700000875,3.1183779997263628,72.9726199997458,0,0
622,721,696.5,0.0,0.030197565314126738,0,0,721,Dog,38.89260799996919,1.1395249998713552,40.0329789999887,0,0
623,722,697.5,0.0,0.03013158476877042,0,0,722,Dog,57.80217699975765,4.880541000147787,62.683657999969,0,0
624,723,698.5,0.0,0.030065604223414095,0,0,723,Dog,55.174260000057984,1.213339000059932,56.38854300013918,0,0
625,724,699.5,0.0,0.029999623678057627,0,0,724,Dog,50.993558000300254,0.8577979997426155,51.85221800002182,0,0
626,725,700.5,0.0,0.029933643132701304,0,0,725,Dog,41.98881800039089,1.299018999816326,43.288876000133314,0,0
627,726,701.5,0.0,0.029867662587344832,0,0,726,Dog,48.925533999863546,0.8799119996183435,49.80706400010604,0,0
628,727,702.5,0.0006686483034141766,0.029801682041988513,0,0,727,Dog,38.073765999797615,0.8299870000882947,38.904914000340796,0,0
629,728,703.5,0.0,0.02973570149663219,0,0,728,Dog,40.077772999666195,3.315845000088302,43.39450900033626,0,0
630,729,704.5,0.0,0.02966972095127572,0,0,729,Dog,36.64163500025097,0.7963660000314121,37.43884999994407,0,0
631,730,705.5,0.0,0.0296037404059194,0,0,730,Dog,40.198001000135264,0.8062410001912212,41.005119000146806,0,0
632,731,706.5,0.0,0.029537759860562927,0,0,731,Dog,49.99639500010744,1.963441000043531,51.96083100008764,0,0
633,732,707.5,0.001319586399082584,0.029471779315206607,0,0,732,Dog,38.062290999732795,3.225417999601632,41.288636999979644,0,0
634,733,708.5,0.0007891099266817969,0.029405798769850285,0,0,733,Dog,37.727812999946764,2.222464000169566,39.95117999966169,0,0
635,734,709.5,0.00017068002138820315,0.029339818224493816,0,0,734,Dog,55.930188999809616,1.1645330000646936,57.09558999978981,0,0
636,735,710.5,0.0,0.029273837679137493,0,0,735,Dog,39.04362699995545,1.1621169996942626,40.2066320002632,0,0
637,736,711.5,0.0,0.02920785713378102,0,0,736,Dog,44.32295700007671,1.8268759999955364,46.1508580001464,0,0
638,737,712.5,0.0,0.029141876588424702,0,0,737,Dog,48.323468000035064,1.1994950000371318,49.52395100008289,0,0
639,738,713.5,0.0,0.02907589604306838,0,0,738,Dog,53.12644000014188,2.9815169996254554,56.109550000201125,0,0
640,739,714.5,0.0014823880197014638,0.02900991549771191,0,0,739,Dog,42.83394900039639,3.7444849999701546,46.57938099990133,0,0
641,740,715.5,0.0028966017007522327,0.028943934952355588,0,0,740,Dog,45.28558599986354,0.826780999886978,46.11315800002558,0,0
642,741,716.5,0.002870590865952871,0.02889244296311847,0,0,741,Dog,35.130680999827746,4.3699090001609875,39.50126400013687,0,0
643,742,717.5,0.0025569649544983086,0.028840950973881473,0,0,742,Dog,34.635432999948534,3.959725999720831,38.595856000029016,0,0
644,743,718.5,0.001811359862409101,0.028789458984644474,0,0,743,Dog,39.02248700023847,0.809631999800331,39.83282299986968,0,0
645,744,719.5,0.0010396809632002846,0.028737966995407357,0,0,744,Dog,35.2097350000804,2.330864999748883,37.54134199971304,0,0
646,745,720.5,0.001355790138275026,0.02868647500617036,0,0,745,Dog,44.407558999864705,1.1732620000657334,45.58178300021609,0,0
647,746,721.5,0.002530199389439214,0.028634983016933242,0,0,746,Dog,41.185903000041435,3.2391949998782366,44.4259019996025,0,0
648,747,722.5,0.0017941597689535849,0.028583491027696244,0,0,747,Dog,40.427443999760726,1.1694730001181597,41.59783700015396,0,0
649,748,723.5,0.0014792454415804013,0.028531999038459245,0,0,748,Dog,37.77199800015296,1.8992979998984083,39.67215600005147,0,0
650,749,724.5,0.00072479377551804,0.02848050704922213,0,0,749,Dog,39.10892200019589,2.1726820000367297,41.28253599992604,0,0
651,750,725.5,0.0005011501025430354,0.02842901505998513,0,0,750,Dog,43.00518599984571,1.3001649999750953,44.306227000106446,0,0
652,751,726.5,0.0010044830505604452,0.028377523070748013,0,0,751,Dog,45.868689000144514,1.2703869997494621,47.14043700005277,0,0
653,752,727.5,0.0003591795131956399,0.028326031081511015,0,0,752,Dog,50.3777590001846,3.54741399996783,53.92624900014198,0,0
654,753,728.5,0.0,0.028274539092274016,0,0,753,Dog,41.76068900005703,1.336128999810171,43.09814499993081,0,0
655,754,729.5,4.6249946998200286e-05,0.0282230471030369,0,0,754,Dog,68.88417800018942,4.168986999957269,73.05485699998826,0,0
656,755,730.5,0.0006572997227018984,0.0281715551137999,0,0,755,Dog,42.8193289999399,4.348744999788323,47.17000999971788,0,0
657,756,731.5,0.0003027428715801639,0.028120063124562784,0,0,756,Dog,42.4588739997489,1.344640999832336,43.80514300009963,0,0
658,757,732.5,0.0,0.028068571135325786,0,0,757,Dog,54.64909900001658,3.9045290000103705,58.555084000090574,0,0
659,758,733.5,0.0,0.028017079146088787,0,0,758,Dog,48.227524000139965,3.6764699998457218,51.90558399999645,0,0
660,759,734.5,0.0015251636662548806,0.02796558715685167,0,0,759,Dog,37.10609200015824,0.8802500001365843,37.987393000094016,0,0
661,760,735.5,0.0010410618902092494,0.027914095167614672,0,0,760,Dog,35.01129799997216,3.3431050001127005,38.35543500008498,0,0
662,761,736.5,9.183150142522134e-05,0.027867929669955868,0,0,761,Dog,41.44905500015739,1.2028920000375365,42.65283400036424,0,0
663,762,737.5,0.0,0.027821764172297172,0,0,762,Dog,50.13005999990128,0.9444239999538695,51.07597300002453,0,0
664,763,738.5,0.0,0.027775598674638472,0,0,763,Dog,34.93934000016452,0.8594219998485642,35.79988299998149,0,0
665,764,739.5,0.0,0.027729433176979672,0,0,764,Dog,46.90428300000349,3.3148610000353074,50.220143999922584,0,0
666,765,740.5,0.0,0.027683267679320972,0,0,765,Dog,41.64189799985252,4.179236999789282,45.822147999842855,0,0
667,766,741.5,0.0,0.027637102181662168,0,0,766,Dog,39.08172600040416,5.5035949999364675,44.58631600027729,0,0
668,767,742.5,0.0,0.027590936684003472,0,0,767,Dog,50.22871000028317,1.2016489999950863,51.431583000066894,0,0
669,768,743.5,0.0,0.027544771186344772,0,0,768,Dog,43.057758000031754,4.567987999962497,47.626732000026095,0,0
670,769,744.5,0.0,0.02749860568868597,0,0,769,Dog,39.12146499988012,2.9794270003549173,42.10177000004478,0,0
671,770,745.5,0.0,0.027452440191027272,0,0,770,Dog,39.028754999890225,4.167212000083964,43.19693300021754,0,0
672,771,746.5,0.0,0.027406274693368468,0,0,771,Dog,38.77642099996592,3.624976999617502,42.402354999921954,0,0
673,772,747.5,0.0,0.027360109195709772,0,0,772,Dog,39.4462089998342,3.217135999875609,42.664287999741646,0,0
674,773,748.5,0.0,0.027313943698051072,0,0,773,Dog,37.93326100003469,0.832519000141474,38.76660399964749,0,0
675,774,749.5,0.0,0.02726777820039227,0,0,774,Dog,35.33270799971433,0.8699119998709648,36.203880999892135,0,0
676,775,750.5,0.0,0.027221612702733572,0,0,775,Dog,44.13825499977975,5.387820000123611,49.52746599974489,0,0
677,776,751.5,6.404641650681331e-05,0.027175447205074768,0,0,776,Dog,41.32684100022743,1.2227000001985289,42.55068799966466,0,0
678,777,752.5,8.187483580190946e-05,0.027129281707416072,0,0,777,Dog,40.46878300005119,4.568224000195187,45.03900999998223,0,0
679,778,753.5,0.0,0.027083116209757372,0,0,778,Dog,41.94815600021684,1.2506769999163225,43.200087000059284,0,0
680,779,754.5,0.0,0.027036950712098568,0,0,779,Dog,40.766317000361596,0.9455300000809075,41.71279299998787,0,0
681,780,755.5,0.0,0.026990785214439872,0,0,780,Dog,39.870532999884745,2.596497000013187,42.46792699996149,0,0
682,781,756.5,0.0,0.02698471472976127,0,0,781,Dog,41.40120300007766,1.3424779999695602,42.74444499969832,0,0
683,782,757.5,0.0,0.02697864424508268,0,0,782,Dog,37.64771199985262,0.8007169999473263,38.44916199977888,0,0
684,783,758.5,0.0,0.026972573760404094,0,0,783,Dog,35.18780600006721,2.3449499999514956,37.533531000008225,0,0
685,784,759.5,0.0,0.02696650327572549,0,0,784,Dog,36.61355400026878,3.244566999910603,39.85889099976703,0,0
686,785,760.5,0.0,0.0269604327910469,0,0,785,Dog,42.74474699968778,1.1827359999188047,43.92840100035755,0,0
687,786,761.5,0.0,0.026954362306368298,0,0,786,Dog,38.761583999985305,3.727864999746089,42.490458999964176,0,0
688,787,762.5,0.0,0.02694829182168971,0,0,787,Dog,43.390841000018554,1.270319000013842,44.66216999981043,0,0
689,788,763.5,0.0,0.026942221337011123,0,0,788,Dog,39.48171699994418,2.859304000139673,42.34192300009454,0,0
690,789,764.5,0.0,0.02693615085233252,0,0,789,Dog,53.69538200011448,1.1587399999370973,54.85498000007283,0,0
691,790,765.5,0.0,0.02693008036765393,0,0,790,Dog,47.92728699976578,1.1786509999183181,49.106868999842845,0,0
692,791,766.5,0.0,0.026924009882975327,0,0,791,Dog,40.16043000001446,1.1952600002587133,41.35658699988198,0,0
693,792,767.5,0.0,0.026917939398296738,0,0,792,Dog,39.01476000010007,0.8441810000476835,39.85974300030648,0,0
694,793,768.5,0.0,0.026911868913618152,0,0,793,Dog,36.327499999970314,1.1495389999254257,37.477894999938144,0,0
695,794,769.5,0.0,0.02690579842893955,0,0,794,Dog,40.66098300017984,0.8442450002803525,41.506028000185324,0,0
696,795,770.5,0.0,0.02689972794426096,0,0,795,Dog,41.89991999965059,4.176422000000457,46.07732500016937,0,0
697,796,771.5,0.0,0.026893657459582356,0,0,796,Dog,38.79867800014836,1.9360950000191224,40.73570299988205,0,0
698,797,772.5,0.0,0.026887586974903767,0,0,797,Dog,38.07118599979731,3.890938000040478,41.96302799982732,0,0
699,798,773.5,0.0,0.02688151649022518,0,0,798,Dog,44.13491900004374,2.817254000092362,46.95314600030542,0,0
700,799,774.5,0.0,0.026875446005546578,0,0,799,Dog,61.45033299981151,4.265992999989976,65.71780500007662,0,0
701,800,775.5,0.0,0.02686937552086799,0,0,800,Dog,61.51213499970254,2.631284000017331,64.14441300012186,0,0
702,801,776.5,0.0,0.026759897097500315,0,0,801,Dog,40.29975399998875,4.7809679999772925,45.0816720003786,0,0
703,802,777.5,0.0,0.026650418674132887,0,0,802,Dog,37.17741599984947,4.546706000382983,41.72515199979898,0,0
704,803,778.5,0.0,0.02654094025076546,0,0,803,Dog,38.5245610000311,1.191613999708352,39.71709999996165,0,0
705,804,779.5,0.0,0.026431461827397786,0,0,804,Dog,69.75965299989184,2.852617000371538,72.61318899963953,0,0
706,805,780.5,0.0,0.026321983404030358,0,0,805,Dog,63.343038000311935,0.8120200000121258,64.15589900007035,0,0
707,806,781.5,0.0009270467058051235,0.026212504980662684,0,0,806,Dog,35.15695800024332,0.7998219998626155,35.95776799966188,0,0
708,807,782.5,0.0003635945580057198,0.026103026557295256,0,0,807,Dog,45.163813999806735,3.2007369995881163,48.36542400016697,0,0
709,808,783.5,0.0,0.02599354813392783,0,0,808,Dog,38.59105900028226,1.176107000446791,39.76810699987254,0,0
710,809,784.5,0.0013088508550922473,0.025884069710560155,0,0,809,Dog,50.76178400031495,1.2416710001161846,52.00436400036779,0,0
711,810,785.5,0.0009469010033680281,0.025774591287192727,0,0,810,Dog,43.189637000068615,3.185384000062186,46.376206999866554,0,0
712,811,786.5,0.00036306432618637974,0.025665112863825053,0,0,811,Dog,38.47258399991915,2.8848290003224974,41.35832900010428,0,0
713,812,787.5,0.0004716266511453071,0.025555634440457626,0,0,812,Dog,42.114881000088644,4.211282000142091,46.3271030002943,0,0
714,813,788.5,0.0,0.0254461560170902,0,0,813,Dog,42.89872399976957,1.584667000315676,44.48434599999018,0,0
715,814,789.5,0.0,0.025336677593722524,0,0,814,Dog,39.42648900010681,3.2882900000004156,42.71552000000156,0,0
716,815,790.5,0.0,0.025227199170355097,0,0,815,Dog,40.725762999954895,0.8132449997901858,41.5399360003903,0,0
717,816,791.5,0.0,0.025117720746987423,0,0,816,Dog,36.28791799974351,3.829350999694725,40.11806800008344,0,0
718,817,792.5,0.0,0.025008242323619995,0,0,817,Dog,40.07376199979262,1.6777650002950395,41.75225599965415,0,0
719,818,793.5,0.0,0.024898763900252568,0,0,818,Dog,37.31135099997118,0.8160330003192939,38.128256000163674,0,0
720,819,794.5,0.0,0.024789285476884894,0,0,819,Dog,36.197290000018256,3.698259999964648,39.89632299999357,0,0
721,820,795.5,0.0,0.024679807053517466,0,0,820,Dog,39.12524499992287,4.199711999717692,43.325880999873334,0,0
722,821,796.5,0.0,0.0246780459116465,0,0,821,Dog,39.70524799979103,3.2285069996760285,42.93463799967867,0,0
723,822,797.5,0.0,0.024676284769775535,0,0,822,Dog,42.95471700015696,2.4264419998871745,45.382697000150074,0,0
724,823,798.5,0.0,0.024674523627904572,0,0,823,Dog,41.73160700020162,0.8656609998070053,42.59824199971263,0,0
725,824,799.5,0.0,0.024672762486033603,0,0,824,Dog,35.00219699981244,1.327330000094662,36.33027000023503,0,0
726,825,800.5,0.0,0.02467100134416264,0,0,825,Dog,40.458072000092216,2.5726240000949474,43.031615000018064,0,0
727,826,801.5,0.0,0.024669240202291675,0,0,826,Dog,36.39641200015831,1.221526999870548,37.61883500010299,0,0
728,827,802.5,0.0,0.02466747906042071,0,0,827,Dog,35.73709100010092,1.177994000045146,36.91599900002984,0,0
729,828,803.5,0.0,0.024665717918549747,0,0,828,Dog,36.85710799982189,1.169320000371954,38.02733100019395,0,0
730,829,804.5,0.0,0.024663956776678778,0,0,829,Dog,39.83616899995468,2.5648099999671103,42.40188300036607,0,0
731,830,805.5,0.0,0.024662195634807815,0,0,830,Dog,39.41172600025311,3.8671249999424617,43.27981999995245,0,0
732,831,806.5,0.0,0.02466043449293685,0,0,831,Dog,38.33092500008206,0.8310089997394243,39.162785000371514,0,0
733,832,807.5,0.0,0.024658673351065884,0,0,832,Dog,40.93574800026545,1.185729000098945,42.12241599998379,0,0
734,833,808.5,0.0,0.02465691220919492,0,0,833,Dog,38.06626999994478,3.0008829999133013,41.06804399998509,0,0
735,834,809.5,0.0,0.024655151067323952,0,0,834,Dog,45.77137199976278,3.912772000148834,49.685153999689646,0,0
736,835,810.5,0.0,0.02465338992545299,0,0,835,Dog,41.55895900021278,1.2552460002552834,42.815338000309566,0,0
737,836,811.5,0.0,0.024651628783582024,0,0,836,Dog,43.69354900018152,0.9250450002582511,44.6197750002284,0,0
738,837,812.5,0.0,0.024649867641711058,0,0,837,Dog,36.92059100012557,2.4670419998074067,39.38875399990138,0,0
739,838,813.5,0.0,0.024648106499840096,0,0,838,Dog,39.455289000216,2.6149129998884746,42.07108600030551,0,0
740,839,814.5,0.0,0.024646345357969127,0,0,839,Dog,44.71189899959427,0.8163229999809118,45.52894099970217,0,0
741,840,815.5,0.0,0.024644584216098164,0,0,840,Dog,40.148214000055304,0.7891440000094008,40.93815700025516,0,0
742,841,816.5,0.0,0.024598133696098638,0,0,841,Dog,40.86343600010878,0.8250679998127453,41.68936899986875,0,0
743,842,817.5,0.0,0.024551683176099216,0,0,842,Dog,35.16257899991615,1.347377999991295,36.510787999759486,0,0
744,843,818.5,0.0,0.024505232656099794,0,0,843,Dog,34.647759000108636,0.7841530000405328,35.4326609999589,0,0
745,844,819.5,0.0,0.02445878213610027,0,0,844,Dog,47.44398299999375,1.2051889998474508,48.650128999724984,0,0
746,845,820.5,0.0,0.024412331616100846,0,0,845,Dog,37.5381820003895,0.8127320002131455,38.351734999650944,0,0
747,846,821.5,0.0,0.02436588109610132,0,0,846,Dog,36.207559000104084,0.8126729999275994,37.02103600016926,0,0
748,847,822.5,0.0,0.0243194305761019,0,0,847,Dog,36.197444000208634,0.8240719998866552,37.02238500000021,0,0
749,848,823.5,0.0,0.024272980056102476,0,0,848,Dog,38.31779700021798,2.2026530000403,40.52130899981421,0,0
750,849,824.5,0.0,0.02422652953610295,0,0,849,Dog,43.86249700019107,0.9158689999821945,44.77998399988792,0,0
751,850,825.5,0.0,0.02418007901610353,0,0,850,Dog,35.99452099979317,0.8405910002693417,36.836132999724214,0,0
752,851,826.5,0.0,0.024133628496104002,0,0,851,Dog,42.91060400009883,2.7422049997767317,45.653776999643014,0,0
753,852,827.5,0.0,0.02408717797610458,0,0,852,Dog,43.09318500008885,1.1917199999516015,44.2857279999771,0,0
754,853,828.5,0.0,0.02404072745610516,0,0,853,Dog,37.93223899992881,3.7693279996346973,41.70250000015585,0,0
755,854,829.5,0.0,0.023994276936105632,0,0,854,Dog,48.11216799998874,3.9823570000407926,52.09539799989216,0,0
756,855,830.5,0.0,0.02394782641610621,0,0,855,Dog,50.05766200019934,2.6268339997841395,52.68546299976151,0,0
757,856,831.5,0.0,0.023901375896106684,0,0,856,Dog,39.328979999936564,1.1556199997357908,40.48552199992628,0,0
758,857,832.5,0.0,0.023854925376107262,0,0,857,Dog,39.018037999994704,1.222688999860111,40.241527000034694,0,0
759,858,833.5,1.551451683978744e-05,0.02380847485610784,0,0,858,Dog,37.76605900020513,0.816565000150149,38.58344099990063,0,0
760,859,834.5,0.0,0.023762024336108314,0,0,859,Dog,34.163922000061575,0.8188850001715764,34.98357999978907,0,0
761,860,835.5,0.00015109677887192863,0.023715573816108892,0,0,860,Dog,35.203061000174785,0.8280299998659757,36.031908999575535,0,0
762,861,836.5,0.0,0.023629229493750813,0,0,861,Dog,45.0511330000154,4.730069000288495,49.7823820001031,0,0
763,862,837.5,0.0,0.02354288517139293,0,0,862,Dog,44.12868800000069,1.2866789998042805,45.41662000019642,0,0
764,863,838.5,0.0,0.023456540849035045,0,0,863,Dog,37.78383600001689,1.161872000011499,38.94669999999678,0,0
765,864,839.5,0.0,0.023370196526676965,0,0,864,Dog,42.77777600009358,2.5909710002451902,45.36970300023313,0,0
766,865,840.5,0.0,0.023283852204319083,0,0,865,Dog,44.613439999920956,2.353047999804403,46.967630999915855,0,0
767,866,841.5,0.0,0.023197507881961003,0,0,866,Dog,46.10279400003492,1.1733870001080504,47.27706500034401,0,0
768,867,842.5,0.0,0.02311116355960312,0,0,867,Dog,68.86788300016633,2.5811330001488386,71.4499670002624,0,0
769,868,843.5,0.0,0.02302481923724504,0,0,868,Dog,41.89386899997771,3.2745319999776257,45.16927600025156,0,0
770,869,844.5,0.0,0.022938474914887156,0,0,869,Dog,34.7070050002003,2.3435839998455776,37.05135899963352,0,0
771,870,845.5,0.0,0.022852130592529274,0,0,870,Dog,38.64916499969695,0.7960950001688616,39.446079000299505,0,0
772,871,846.5,0.0003889368055187692,0.022765786270171194,0,0,871,Dog,35.2144399998906,5.253246999927796,40.46855200022037,0,0
773,872,847.5,0.0006706493823986914,0.022679441947813312,0,0,872,Dog,41.51730300009149,2.532825999878696,44.051034999938565,0,0
774,873,848.5,0.001647800682452849,0.022593097625455232,0,0,873,Dog,39.73647499969957,3.0030279999664344,42.74112299981425,0,0
775,874,849.5,0.002121755596467101,0.022506753303097347,0,0,874,Dog,43.077740000171616,2.30391300010524,45.382672999949136,0,0
776,875,850.5,0.0007854497672877825,0.022420408980739465,0,0,875,Dog,39.38624400007029,1.804643000014039,41.19188300001042,0,0
777,876,851.5,0.0,0.022334064658381385,0,0,876,Dog,37.3516549998385,2.306782000232488,39.659329999722104,0,0
778,877,852.5,0.0003527324720145053,0.022247720336023503,0,0,877,Dog,57.7122340000642,0.8336259998031892,58.54660100021647,0,0
779,878,853.5,0.00026341546957131534,0.022161376013665423,0,0,878,Dog,37.10241699991457,0.8413890000156243,37.9446420001841,0,0
780,879,854.5,0.0001902552357090359,0.022075031691307537,0,0,879,Dog,36.1396460002652,0.8392449999519158,36.97963900003742,0,0
781,880,855.5,0.0014409572908025137,0.021988687368949655,0,0,880,Dog,37.59604400011085,0.8618789997854037,38.458752000224194,0,0
782,881,856.5,0.0007200692940219078,0.02197230944182193,0,0,881,Dog,35.715875000278174,4.424715000368451,40.14130699988527,0,0
783,882,857.5,0.0017787358664433928,0.02195593151469424,0,0,882,Dog,45.40050899959169,1.2271159998817893,46.62867199976972,0,0
784,883,858.5,0.0002208110390374829,0.021939553587566517,0,0,883,Dog,49.77426400000695,2.975074999994831,52.7502770000865,0,0
785,884,859.5,0.0014906032602864938,0.021923175660438828,0,0,884,Dog,38.17086799972458,0.7976940000844479,38.969347000147536,0,0
786,885,860.5,0.001481451553710711,0.02190679773331114,0,0,885,Dog,41.98735399995712,4.804711999895517,46.792915999958495,0,0
787,886,861.5,0.0008781570758817914,0.021890419806183413,0,0,886,Dog,38.47985799984599,4.64538200003517,43.12665199995536,0,0
788,887,862.5,0.0,0.021874041879055724,0,0,887,Dog,40.5967739998232,6.370670999785943,46.96827499992651,0,0
789,888,863.5,0.0,0.021857663951928,0,0,888,Dog,39.2707179998979,5.308253999828594,44.57975000013903,0,0
790,889,864.5,0.0,0.021841286024800313,0,0,889,Dog,37.67677999985608,4.679480000049807,42.357137000180956,0,0
791,890,865.5,0.0,0.021824908097672624,0,0,890,Dog,45.15599700016537,4.213782000078936,49.370767000255,0,0
792,891,866.5,0.0,0.021808530170544897,0,0,891,Dog,44.72364200000811,1.1803530001088802,45.90498200013826,0,0
793,892,867.5,0.0,0.02179215224341721,0,0,892,Dog,47.8088149998257,1.1927200002901372,49.00246699980926,0,0
794,893,868.5,0.0,0.021775774316289485,0,0,893,Dog,45.917554999959975,1.2132940000810777,47.131738000189216,0,0
795,894,869.5,0.0,0.021759396389161797,0,0,894,Dog,34.63801699990654,1.1703979998856084,35.80942500002493,0,0
796,895,870.5,0.0,0.021743018462034108,0,0,895,Dog,35.83018800009086,3.2315380003637983,39.062674999968294,0,0
797,896,871.5,0.0,0.02172664053490638,0,0,896,Dog,49.85232800027006,3.9774430001671135,53.830736999771034,0,0
798,897,872.5,0.0,0.021710262607778693,0,0,897,Dog,60.20563200036122,4.301867999856768,64.50905999963652,0,0
799,898,873.5,0.0003943477432442055,0.02169388468065097,0,0,898,Dog,43.48661899985018,1.1984110001321824,44.68600600011996,0,0
800,899,874.5,0.00023225894399248048,0.02167750675352328,0,0,899,Dog,51.72743299999638,4.54892200014001,56.2773169999673,0,0
801,900,875.5,0.0012961902271516612,0.021661128826395593,0,0,900,Dog,49.50638499985871,1.205839000249398,50.713163999716926,0,0
802,901,876.5,0.0014873421995292846,0.021647946923497613,0,0,901,Dog,40.19112800006042,1.1873540001943184,41.37941299995873,0,0
803,902,877.5,0.0018844103069612927,0.02163476502059966,0,0,902,Dog,44.31544999988546,1.1839300000247022,45.50033599980452,0,0
804,903,878.5,0.0019924549436619587,0.021621583117701678,0,0,903,Dog,47.83686500013573,2.8190889997858903,50.65716299986889,0,0
805,904,879.5,0.0005274432482418323,0.02160840121480373,0,0,904,Dog,45.30927799987694,1.2416679996931634,46.55194799988749,0,0
806,905,880.5,0.0002718989400207761,0.021595219311905778,0,0,905,Dog,40.983284000049025,3.434110999933182,44.41825799995058,0,0
807,906,881.5,0.0008571852469317909,0.021582037409007798,0,0,906,Dog,42.16173600025286,4.810709000139468,46.97330499993768,0,0
808,907,882.5,0.0007296817226400965,0.021568855506109846,0,0,907,Dog,43.193468999561446,2.5518669999655685,45.74629799981267,0,0
809,908,883.5,0.00023277267808352597,0.021555673603211863,0,0,908,Dog,46.525047999693925,3.22824299973945,49.754496999867115,0,0
810,909,884.5,0.0,0.021542491700313915,0,0,909,Dog,60.94856699974116,1.2629050002033182,62.21284899993407,0,0
811,910,885.5,0.0,0.021529309797415963,0,0,910,Dog,46.527367000180675,2.2859359996800777,48.814342000241595,0,0
812,911,886.5,0.0,0.021516127894517983,0,0,911,Dog,51.71964900000603,1.8036989999927755,53.52430799985086,0,0
813,912,887.5,0.0,0.02150294599162003,0,0,912,Dog,41.716437000104634,5.086469000161742,46.8038340000021,0,0
814,913,888.5,0.0,0.02148976408872205,0,0,913,Dog,73.3490200000233,4.506878000029246,77.8567759998623,0,0
815,914,889.5,0.0,0.0214765821858241,0,0,914,Dog,36.63813399998617,0.8060719997047272,37.44493500016688,0,0
816,915,890.5,0.0,0.02146340028292615,0,0,915,Dog,46.765584999775456,0.7871980001254997,47.55350100003852,0,0
817,916,891.5,0.0,0.02145021838002817,0,0,916,Dog,46.65555300016422,0.88265499971385,47.53903399978299,0,0
818,917,892.5,0.0,0.021437036477130217,0,0,917,Dog,37.06416300019555,0.8433950001744961,37.90839599969331,0,0
819,918,893.5,0.0,0.021423854574232234,0,0,918,Dog,36.160920999918744,3.3552469999449386,39.51697200000126,0,0
820,919,894.5,0.0,0.021410672671334285,0,0,919,Dog,38.71581100020194,7.007685999724345,45.724503000201366,0,0
821,920,895.5,0.0,0.021397490768436334,0,0,920,Dog,42.079000000285305,1.2950290001754183,43.37539700009074,0,0
822,921,896.5,0.0,0.02139194709639154,0,0,921,Dog,48.30622300005416,1.1730769997484458,49.48029600018344,0,0
823,922,897.5,0.0,0.021386403424346754,0,0,922,Dog,38.79659900030674,1.1688820000017586,39.96630599976925,0,0
824,923,898.5,0.0005416733224024028,0.021380859752301955,0,0,923,Dog,43.824197000049026,1.1674820002554043,44.9926169999344,0,0
825,924,899.5,0.0,0.021375316080257174,0,0,924,Dog,42.86694100028399,2.835832000073424,45.70369499970184,0,0
826,925,900.5,0.0,0.02136977240821239,0,0,925,Dog,42.389407999962714,3.3336890001010033,45.724012999926344,0,0
827,926,901.5,0.0,0.021364228736167595,0,0,926,Dog,37.62122999978601,3.3495400002721,40.97162300013224,0,0
828,927,902.5,0.0,0.02135868506412281,0,0,927,Dog,37.63970599993627,0.8276449998447788,38.46802199996091,0,0
829,928,903.5,0.0,0.02135314139207801,0,0,928,Dog,40.987166999912006,3.2527999997000734,44.24092399995061,0,0
830,929,904.5,0.0,0.02134759772003323,0,0,929,Dog,42.79402099973595,3.2489870000063092,46.04394099987985,0,0
831,930,905.5,0.0,0.021342054047988446,0,0,930,Dog,40.98476999979539,1.1433509998823865,42.129063999709615,0,0
832,931,906.5,0.0,0.02133651037594365,0,0,931,Dog,42.485049000333674,2.3786400001881702,44.864619999771094,0,0
833,932,907.5,0.0,0.021330966703898866,0,0,932,Dog,50.14955699971324,1.3787860002594243,51.52973699978247,0,0
834,933,908.5,0.0,0.021325423031854068,0,0,933,Dog,42.310892999921634,4.025784000077692,46.33762899993599,0,0
835,934,909.5,0.0,0.021319879359809286,0,0,934,Dog,38.89674699985335,1.7422460000489082,40.639904999807186,0,0
836,935,910.5,0.0,0.021314335687764502,0,0,935,Dog,53.18359300008524,3.2113669999489503,56.396114000108355,0,0
837,936,911.5,0.0,0.021308792015719707,0,0,936,Dog,39.718883000205096,4.285738000362471,44.00570100006007,0,0
838,937,912.5,0.0,0.021303248343674922,0,0,937,Dog,47.687141000096744,1.2227410002196848,48.910886000157916,0,0
839,938,913.5,0.0,0.021297704671630124,0,0,938,Dog,44.011716000113665,2.375861000018631,46.38879799995266,0,0
840,939,914.5,0.0,0.021292160999585343,0,0,939,Dog,39.36336900005699,1.1851449999085162,40.54942899983871,0,0
841,940,915.5,0.0,0.021286617327540558,0,0,940,Dog,43.79830400011997,1.1975339998571144,44.99678199999835,0,0
842,941,916.5,0.0,0.021158097625654963,0,0,941,Dog,41.18092599992451,2.866370999981882,44.048200999895926,0,0
843,942,917.5,0.0,0.02102957792376966,0,0,942,Dog,35.76549499985049,1.2143010003455856,36.980706000122154,0,0
844,943,918.5,0.0,0.02090105822188406,0,0,943,Dog,37.77026999978261,4.283599000245886,42.05474700029299,0,0
845,944,919.5,0.0,0.020772538519998756,0,0,944,Dog,37.8799679997428,2.769402000012633,40.65049099972384,0,0
846,945,920.5,0.0004123865763286938,0.020644018818113452,0,0,945,Dog,51.50676299990664,1.2327559998084325,52.74045999976806,0,0
847,946,921.5,0.000896691429862484,0.020515499116227857,0,0,946,Dog,51.310276000094746,4.211055999803648,55.52234399965528,0,0
848,947,922.5,0.0008690739449694895,0.020386979414342553,0,0,947,Dog,37.752771000214125,3.879044999848702,41.63275899963992,0,0
849,948,923.5,0.00041109675946227053,0.020258459712456954,0,0,948,Dog,40.15912400018351,3.1189699998321885,43.27903300008984,0,0
850,949,924.5,0.0014471893000682634,0.02012994001057165,0,0,949,Dog,41.773813999952836,1.174550000087038,42.94937399981791,0,0
851,950,925.5,0.002432343441565399,0.020001420308686346,0,1,950,Dog,41.18941100023221,2.3017850003270723,43.49207200039018,0,0
852,951,926.5,0.0024217415688565502,0.01987290060680075,0,0,951,Dog,50.78148699976737,1.275216000067303,52.05777199989825,0,0
853,952,927.5,0.0030369307539122037,0.019744380904915447,0,1,952,Dog,39.542996999898605,0.872598999649199,40.41648800011899,0,0
854,953,928.5,0.0031553929824225113,0.019615861203029848,0,1,953,Dog,46.09393500004444,0.840232999962609,46.93492099977448,0,0
855,954,929.5,0.0024411085427131773,0.019487341501144544,0,0,954,Dog,38.151272000050085,1.6814740001791506,39.833835999615985,0,0
856,955,930.5,0.0029282030741761833,0.01935882179925924,0,1,955,Dog,44.097176999912335,2.534598000238475,46.63268299964329,0,0
857,956,931.5,0.003684127553515326,0.019230302097373645,0,1,956,Dog,39.859376000094926,3.969972000049893,43.830871999944065,0,0
858,957,932.5,0.004015193450170318,0.01910178239548834,0,1,957,Dog,37.74406200000158,4.437365999820031,42.1823689998746,0,0
859,958,933.5,0.0034126799090704596,0.018973262693602742,0,1,958,Dog,49.458702000265475,1.8586010000944952,51.31836200007456,0,0
860,959,934.5,0.003400823655057894,0.01884474299171744,0,1,959,Dog,51.13246400014759,1.2005730000055337,52.33397300025899,0,0
861,960,935.5,0.004797923986481822,0.018716223289832135,0,1,960,Dog,53.7616850001541,4.792885999904684,58.55547100009062,0,0
862,961,936.5,0.00519030575946644,0.018688438672366532,0,1,961,Dog,41.04267999991862,0.8189000000129454,41.86248099995282,0,0
863,962,937.5,0.004467395409598507,0.018660654054900992,0,1,962,Dog,33.65105400007451,0.8215480002036202,34.473604999675445,0,0
864,963,938.5,0.0054966343730744605,0.01863286943743539,0,1,963,Dog,40.07380299981378,0.7871409998188028,40.861595000023954,0,0
865,964,939.5,0.005010307576340356,0.01860508481996985,0,1,964,Dog,37.18221300005098,0.8040589996198833,37.98716699975557,0,0
866,965,940.5,0.005079086327182347,0.01857730020250431,0,1,965,Dog,39.35236699999223,0.8434640003542881,40.19677299993418,0,0
867,966,941.5,0.0033293149149372647,0.018549515585038708,0,1,966,Dog,40.012589000070875,0.7866579999245005,40.80002199998489,0,0
868,967,942.5,0.003916971497623378,0.018521730967573168,0,1,967,Dog,40.99431399981768,2.58391399984248,43.57911099987177,0,0
869,968,943.5,0.003314725411778907,0.018493946350107565,0,1,968,Dog,37.512115000026824,4.8561769999651005,42.36933499987572,0,0
870,969,944.5,0.0014937664705219067,0.018466161732642025,0,0,969,Dog,41.3929029996325,0.9042570000019623,42.29822199977207,0,0
871,970,945.5,0.001994328474004825,0.018438377115176485,0,0,970,Dog,40.85404400029802,2.624850999836781,43.47993999999744,0,0
872,971,946.5,0.0026733125152460513,0.018410592497710883,0,1,971,Dog,38.801355000032345,1.2009290003334172,40.00326099958329,0,0
873,972,947.5,0.0014992976835865868,0.018382807880245343,0,0,972,Dog,43.59767500000089,1.1819070000456122,44.78050699981395,0,0
874,973,948.5,0.0017928664463435773,0.01835502326277974,0,0,973,Dog,39.37961399969936,3.9209980000123323,43.301548000272305,0,0
875,974,949.5,0.001645586233281482,0.0183272386453142,0,0,974,Dog,39.10121099988828,4.195157999674848,43.29737099988051,0,0
876,975,950.5,0.0008213904256830773,0.01829945402784866,0,0,975,Dog,41.76751700015302,2.9141710001567844,44.6826699999292,0,0
877,976,951.5,0.0008993353911426194,0.018271669410383058,0,0,976,Dog,45.06446999994296,1.177758000267204,46.24310400004106,0,0
878,977,952.5,0.0,0.018243884792917518,0,0,977,Dog,51.069737000034365,0.8004450000953511,51.870863000203826,0,0
879,978,953.5,0.0,0.018216100175451916,0,0,978,Dog,46.952419000263035,2.0311249995756953,48.98446700008208,0,0
880,979,954.5,0.0,0.018188315557986376,0,0,979,Dog,48.12528499996915,3.7405739999485377,51.866830000108166,0,0
881,980,955.5,0.0,0.018160530940520836,0,0,980,Dog,39.40497899975526,0.8858010000949434,40.29193899987149,0,0
882,981,956.5,0.0,0.018115342452602316,0,0,981,Dog,48.005273999933706,2.793069999825093,50.79946399973778,0,0
883,982,957.5,0.0,0.0180701539646839,0,0,982,Dog,43.26017299990781,3.101576000062778,46.362966000288,0,0
884,983,958.5,0.0,0.01802496547676538,0,0,983,Dog,35.15028699985123,4.682783000134805,39.83413299965832,0,0
885,984,959.5,0.0,0.017979776988846966,0,0,984,Dog,42.40730399988024,1.0316020002392179,43.440923000162,0,0
886,985,960.5,0.0,0.01793458850092855,0,0,985,Dog,46.48998299990126,3.9370099998450314,50.42875700019067,0,0
887,986,961.5,0.0,0.01788940001301003,0,0,986,Dog,54.46498799983601,1.4786589999857824,55.94583199990666,0,0
888,987,962.5,0.0,0.017844211525091615,0,0,987,Dog,44.43660200013255,3.7473470001714304,48.185654999997496,0,0
889,988,963.5,0.0,0.017799023037173095,0,0,988,Dog,51.62270000028002,1.2556990000121004,52.87970499966832,0,0
890,989,964.5,0.0,0.01775383454925468,0,0,989,Dog,36.297120999734034,0.9312480001426593,37.22979100029988,0,0
891,990,965.5,0.0,0.017708646061336264,0,0,990,Dog,37.007929000083095,0.8464950001325633,37.855473000036,0,0
892,991,966.5,0.0,0.017663457573417744,0,0,991,Dog,35.97878700020374,0.844855000195821,36.824560000241036,0,0
893,992,967.5,0.0,0.01761826908549933,0,0,992,Dog,38.40045099968847,3.6442109999370587,42.04584800027078,0,0
894,993,968.5,0.0,0.01757308059758081,0,0,993,Dog,36.225965000085125,0.8885980000741256,37.115772999641194,0,0
895,994,969.5,0.0,0.017527892109662394,0,0,994,Dog,39.01449499971932,0.832458000331826,39.84769299995605,0,0
896,995,970.5,0.0,0.017482703621743978,0,0,995,Dog,36.097628000334225,3.959159000260115,40.05764000021372,0,0
897,996,971.5,0.0,0.01743751513382546,0,0,996,Dog,41.07811599988054,2.3194599998532794,43.39847099981853,0,0
898,997,972.5,0.0003379387148210178,0.017392326645907043,0,0,997,Dog,40.69537199984552,0.8792230000835843,41.57537999981287,0,0
899,998,973.5,0.00030357274109227284,0.017347138157988523,0,0,998,Dog,38.0480480002916,2.4085539998850436,40.4574699996374,0,0
900,999,974.5,0.0006642740144924275,0.017301949670070108,0,0,999,Dog,36.66012599978785,6.784942999729537,43.446301000130916,0,0
901,1000,975.5,0.00042879946329477114,0.017256761182151692,0,0,1000,Dog,38.14890900002865,0.8594259998062626,39.00926200003596,0,0
902,1001,976.5,0.0013553498152655274,0.017249871113674754,0,0,1001,Dog,38.11058400015099,0.8810180002001289,38.992495000002236,0,0
903,1002,977.5,0.001600446102141495,0.017242981045197833,0,0,1002,Dog,35.09425399988686,0.836035000247648,35.93113599981734,0,0
904,1003,978.5,0.0019512734806732546,0.017236090976720894,0,0,1003,Dog,43.99050399979387,4.189805999885721,48.18131599995468,0,0
905,1004,979.5,0.0019976044885291477,0.017229200908243973,0,0,1004,Dog,45.72777499970471,3.5720710002351552,49.300833999950555,0,0
906,1005,980.5,0.002425952362826389,0.017222310839767052,0,0,1005,Dog,40.67450999991706,3.3824420002019906,44.05802799965386,0,0
907,1006,981.5,0.0026455193340138017,0.017215420771290114,0,1,1006,Dog,37.85204599989811,2.180072000101063,40.03384999987247,0,0
908,1007,982.5,0.003625753132214915,0.017208530702813193,0,1,1007,Dog,36.28773199989155,0.8787889996710874,37.16781399998581,0,0
909,1008,983.5,0.002708501205238689,0.017201640634336254,0,1,1008,Dog,45.55338199998005,1.5573030000268773,47.111622000102216,0,0
910,1009,984.5,0.0029268508821085337,0.017194750565859333,0,1,1009,Dog,44.82905999975628,1.167755000096804,45.997774000170466,0,0
911,1010,985.5,0.0038931050543811185,0.017187860497382412,0,1,1010,Dog,41.11024700023336,1.2129140000070038,42.32412200008184,0,0
912,1011,986.5,0.0038768684882495297,0.017180970428905474,0,1,1011,Dog,49.70472599961795,1.2019810001220321,50.907679999909305,0,0
913,1012,987.5,0.004200012917610629,0.017174080360428553,0,1,1012,Dog,40.179545000228245,2.5846090002232813,42.76527000001806,0,0
914,1013,988.5,0.004629192353061917,0.017167190291951615,0,1,1013,Dog,42.98829299978024,1.1700189998009591,44.15920300016296,0,0
915,1014,989.5,0.004010094941255926,0.017160300223474693,0,1,1014,Dog,36.90891200039914,3.9277880000554433,40.83761300034894,0,0
916,1015,990.5,0.005576567839465141,0.017153410154997772,0,1,1015,Dog,39.00634599995101,3.66133700026694,42.66869699995368,0,0
917,1016,991.5,0.004061640227184249,0.017146520086520834,0,1,1016,Dog,42.56916700023794,1.221781999902305,43.79201799974908,0,0
918,1017,992.5,0.004121780600041425,0.017139630018043913,0,1,1017,Dog,41.53455599998779,1.8852889998015598,43.42076500006442,0,0
919,1018,993.5,0.005296854130557471,0.017132739949566975,0,1,1018,Dog,38.903149000361736,0.9423179999430431,39.84645099990303,0,0
920,1019,994.5,0.005079613014622342,0.017125849881090054,0,1,1019,Dog,35.66450200014515,0.9478329998273693,36.61362399998325,0,0
921,1020,995.5,0.005011997174131033,0.017118959812613133,0,1,1020,Dog,34.98378099993715,3.6337050000838644,38.61828599974615,0,0
922,1021,996.5,0.0053393849850971176,0.017029930881868428,0,1,1021,Dog,44.241547000183346,0.8737299999665993,45.11623600001258,0,0
923,1022,997.5,0.006275254383784068,0.016940901951123924,0,1,1022,Dog,61.91408299991963,2.3065679997671396,64.22158799978206,0,0
924,1023,998.5,0.0057793860691675025,0.01685187302037922,0,1,1023,Dog,36.85696299999108,0.8408649996454187,37.698672999795235,0,0
925,1024,999.5,0.0056971570718513664,0.01676284408963472,0,1,1024,Dog,37.150717999793414,0.8464020002065809,37.99793400003182,0,0
926,1025,1000.5,0.005116345703870873,0.016673815158890215,0,1,1025,Dog,38.14297400003852,1.3657019999300246,39.509531000021525,0,0
927,1026,1001.5,0.00443048813069169,0.01658478622814551,0,1,1026,Dog,40.63826699984929,0.8426509998571419,41.48176999979114,0,0
928,1027,1002.5,0.002999265370964843,0.016495757297401006,0,1,1027,Dog,35.138791000008496,3.69704999957321,38.83667899981447,0,0
929,1028,1003.5,0.0030439682945846425,0.0164067283666563,0,1,1028,Dog,40.50303200028793,1.1734859999705805,41.67741699984617,0,0
930,1029,1004.5,0.0025850817511172686,0.0163176994359118,0,0,1029,Dog,39.44753400037371,2.604984000299737,42.05351200016594,0,0
931,1030,1005.5,0.0022117010429759665,0.016228670505167297,0,0,1030,Dog,41.8102319999889,2.127100000052451,43.93832699997802,0,0
932,1031,1006.5,0.0011111941710905127,0.016139641574422593,0,0,1031,Dog,39.577349999945,5.33611299988479,44.91458800021064,0,0
933,1032,1007.5,0.0004605613755753746,0.01605061264367809,0,0,1032,Dog,42.54484099965339,1.2336440004219185,43.77962199987451,0,0
934,1033,1008.5,0.0013957127956431004,0.015961583712933384,0,0,1033,Dog,40.685505000055855,1.8757759999061818,42.562223999993876,0,0
935,1034,1009.5,0.0008545076993967671,0.015872554782188884,0,0,1034,Dog,40.1220540002214,3.6063980001017626,43.729330000132904,0,0
936,1035,1010.5,0.0,0.01578352585144438,0,0,1035,Dog,43.38724499984892,1.216134000060265,44.60442099980355,0,0
937,1036,1011.5,0.0,0.015694496920699675,0,0,1036,Dog,39.005009999982576,3.6874559996249445,42.69324799997776,0,0
938,1037,1012.5,0.0,0.015605467989955173,0,0,1037,Dog,42.06330299984984,2.5908220000019355,44.655071000306634,0,0
939,1038,1013.5,0.0,0.015516439059210468,0,0,1038,Dog,40.414993000013055,1.2108420000913611,41.62673900009395,0,0
940,1039,1014.5,0.0,0.015427410128465964,0,0,1039,Dog,37.790096000207996,4.785347000051843,42.576415999974415,0,0
941,1040,1015.5,0.0,0.015338381197721462,0,0,1040,Dog,40.18243100017571,4.552289000002929,44.73564699992494,0,0
942,1041,1016.5,0.0,0.015271212844340368,0,0,1041,Dog,52.47253500010629,1.2070299999322742,53.68056599991178,0,0
943,1042,1017.5,0.0,0.015204044490959426,0,0,1042,Dog,47.78742400003466,3.2623939996483386,51.05082400041283,0,0
944,1043,1018.5,0.0,0.015136876137578331,0,0,1043,Dog,41.05106900033206,1.9905190001736628,43.04303000026266,0,0
945,1044,1019.5,0.0,0.01506970778419739,0,0,1044,Dog,36.947586000223964,0.8482240000375896,37.79668399965885,0,0
946,1045,1020.5,0.0,0.015002539430816447,0,0,1045,Dog,35.07021900031759,0.8171969998329587,35.88830099988627,0,0
947,1046,1021.5,0.0,0.014935371077435353,0,0,1046,Dog,35.167283000191674,4.044759999942471,39.213095999912184,0,0
948,1047,1022.5,0.0,0.01486820272405441,0,0,1047,Dog,43.877779000013106,1.206005999847548,45.08467200002997,0,0
949,1048,1023.5,0.0,0.014801034370673316,0,0,1048,Dog,45.647845000075904,4.178782000053616,49.82756799972776,0,0
950,1049,1024.5,0.0,0.014733866017292374,0,0,1049,Dog,41.026495000096475,4.393654000068636,45.420902999921964,0,0
951,1050,1025.5,0.0,0.014666697663911432,0,0,1050,Dog,38.373915999727615,4.189982999832864,42.564808999941306,0,0
952,1051,1026.5,0.0,0.014599529310530338,0,0,1051,Dog,65.85811000013564,2.5459640000917716,68.40501899978335,0,0
953,1052,1027.5,0.0,0.014532360957149396,0,0,1052,Dog,44.49630299995988,1.2138530000811443,45.71110200004114,0,0
954,1053,1028.5,0.0,0.014465192603768301,0,0,1053,Dog,51.744763999977295,1.8670720000955043,53.6127549999037,0,0
955,1054,1029.5,0.0,0.014398024250387359,0,0,1054,Dog,47.1022520000588,1.2431589998413983,48.34650700013299,0,0
956,1055,1030.5,0.0,0.014330855897006417,0,0,1055,Dog,38.89025400030732,3.8865910000822623,42.77804299999843,0,0
957,1056,1031.5,0.0,0.014263687543625322,0,0,1056,Dog,49.05589800000598,1.2218750002830348,50.2787340001305,0,0
958,1057,1032.5,0.0,0.01419651919024438,0,0,1057,Dog,38.85722699988037,0.8356580001418479,39.69374999996944,0,0
959,1058,1033.5,0.0,0.014129350836863286,0,0,1058,Dog,36.122189999787224,0.7886749999670428,36.91162099994472,0,0
960,1059,1034.5,0.0,0.014062182483482344,0,0,1059,Dog,37.24249400011104,3.346462999616051,40.589678999822354,0,0
961,1060,1035.5,0.0,0.013995014130101402,0,0,1060,Dog,41.635642999608535,2.3390810001728823,43.97554599972864,0,0
962,1061,1036.5,0.0002084370793261625,0.01397453485572973,0,0,1061,Dog,34.673309000027075,1.3359910003600817,36.0103549996893,0,0
963,1062,1037.5,0.00010625665523511518,0.013954055581358106,0,0,1062,Dog,37.659808999706,0.8636160000605742,38.524189999861846,0,0
964,1063,1038.5,0.000464487958836024,0.013933576306986436,0,0,1063,Dog,35.08213699979024,3.72537499970349,38.808375999906275,0,0
965,1064,1039.5,0.0,0.013913097032614811,0,0,1064,Dog,41.54785199989419,2.0935630000167293,43.64228600024944,0,0
966,1065,1040.5,0.0003435423039196417,0.013892617758243186,0,0,1065,Dog,38.48912900002688,1.2260970001989335,39.716097000109585,0,0
967,1066,1041.5,0.0,0.013872138483871515,0,0,1066,Dog,40.67797499965309,1.1932050001632888,41.87223600001744,0,0
968,1067,1042.5,0.0,0.01385165920949989,0,0,1067,Dog,40.24830599973939,1.183518000289041,41.43282600034581,0,0
969,1068,1043.5,0.00013182046501714062,0.01383117993512822,0,0,1068,Dog,53.768733000197244,3.0208509997464716,56.79104200044094,0,0
970,1069,1044.5,0.0005245549956399698,0.013810700660756596,0,0,1069,Dog,39.682966000327724,4.7106740003073355,44.39470700026504,0,0
971,1070,1045.5,0.0,0.013790221386384971,0,0,1070,Dog,41.44392899979721,3.6918129999321536,45.13653599997269,0,0
972,1071,1046.5,0.0,0.0137697421120133,0,0,1071,Dog,38.189672000044084,0.8328610001626657,39.02331600011166,0,0
973,1072,1047.5,0.0,0.013749262837641675,0,0,1072,Dog,42.36727900024562,1.215431000218814,43.583586999830004,0,0
974,1073,1048.5,0.0009438965306121094,0.013728783563270005,0,0,1073,Dog,47.080158999960986,3.697622999879968,50.778706000073726,0,0
975,1074,1049.5,0.0005937930500633515,0.01370830428889838,0,0,1074,Dog,41.59504800009017,1.195651999751135,42.79165000025387,0,0
976,1075,1050.5,0.0,0.013687825014526755,0,0,1075,Dog,43.866130000424164,2.7951759998359194,46.66221100023904,0,0
977,1076,1051.5,0.0,0.013667345740155084,0,0,1076,Dog,41.18699500031653,1.1887860000570072,42.37669599979199,0,0
978,1077,1052.5,0.0,0.01364686646578346,0,0,1077,Dog,37.330276999909984,0.850000999889744,38.181136999810406,0,0
979,1078,1053.5,0.0,0.01362638719141179,0,0,1078,Dog,47.464568999657786,1.896525000120164,49.36198399991554,0,0
980,1079,1054.5,0.0,0.013605907917040165,0,0,1079,Dog,36.256196000067575,3.216355999938969,39.473461999932624,0,0
981,1080,1055.5,0.0,0.01358542864266854,0,0,1080,Dog,49.18524200002139,3.1086949998098135,52.295586000127514,0,0
982,1081,1056.5,0.0,0.013569315341435262,0,0,1081,Dog,52.45291299979726,1.2265469999874767,53.68034200000693,0,0
983,1082,1057.5,0.0,0.01355320204020202,0,0,1082,Dog,44.02344299978722,0.8263059999080724,44.8506500001713,0,0
984,1083,1058.5,0.0,0.013537088738968743,0,0,1083,Dog,42.90008299994952,1.2253549998604285,44.12640500004272,0,0
985,1084,1059.5,0.0,0.013520975437735502,0,0,1084,Dog,40.794102999825554,1.2047840000377619,41.99982399995861,0,0
986,1085,1060.5,0.0,0.01350486213650226,0,0,1085,Dog,39.79455799981224,4.118452000057005,43.91394399999626,0,0
987,1086,1061.5,0.0,0.013488748835268983,0,0,1086,Dog,50.842507999732334,1.1767999999392487,52.020227999946655,0,0
988,1087,1062.5,0.0,0.013472635534035741,0,0,1087,Dog,39.01287100006812,3.3428930000809487,42.356565999853046,0,0
989,1088,1063.5,0.0,0.013456522232802463,0,0,1088,Dog,44.41424300011931,1.2035499999001331,45.61866899985034,0,0
990,1089,1064.5,0.0,0.013440408931569222,0,0,1089,Dog,41.41897499994229,3.590741000152775,45.010575000105746,0,0
991,1090,1065.5,0.0,0.01342429563033598,0,0,1090,Dog,40.04633299973648,0.84744999958275,40.894516999742336,0,0
992,1091,1066.5,0.0,0.013408182329102703,0,0,1091,Dog,35.06318800009467,3.387653000118007,38.451652000276226,0,0
993,1092,1067.5,0.0,0.013392069027869461,0,0,1092,Dog,53.88594399983049,0.9692110002106347,54.8563440001999,0,0
994,1093,1068.5,0.0,0.013375955726636184,0,0,1093,Dog,33.86438799998359,0.8759130000726145,34.74120300006689,0,0
995,1094,1069.5,0.0,0.013359842425402942,0,0,1094,Dog,36.37326799980656,0.9047019998433825,37.27880599990385,0,0
996,1095,1070.5,0.0,0.013343729124169701,0,0,1095,Dog,36.723972000345384,2.362718999847857,39.08756500004529,0,0
997,1096,1071.5,0.0,0.013327615822936423,0,0,1096,Dog,38.68903600005069,3.8755479999963427,42.56549499996254,0,0
998,1097,1072.5,0.0,0.013311502521703182,0,0,1097,Dog,40.2054460000727,0.8550419997845893,41.061306000301556,0,0
999,1098,1073.5,0.0,0.013295389220469904,0,0,1098,Dog,35.00792700015154,0.8354470000995207,35.8440579998387,0,0
1000,1099,1074.5,0.0,0.013279275919236663,0,0,1099,Dog,35.12908899983813,0.8238690002144722,35.95360100007383,0,0
1001,1100,1075.5,0.0,0.013263162618003421,0,0,1100,Dog,37.174220999986574,0.8324150003318209,38.007626999842614,0,0
1002,1101,1076.5,0.0,0.01324306203711177,0,0,1101,Dog,36.28668400006063,0.8100669997475052,37.097554999945714,0,0
1003,1102,1077.5,0.0,0.013222961456220164,0,0,1102,Dog,35.18670399989787,0.8136289998219581,36.001135000333306,0,0
1004,1103,1078.5,0.0,0.013202860875328511,0,0,1103,Dog,45.149414999741566,2.8210909999870637,47.971304999919084,0,0
1005,1104,1079.5,0.0,0.013182760294436905,0,0,1104,Dog,44.08490600008008,0.8225130000028003,44.908321000093565,0,0
1006,1105,1080.5,0.0,0.0131626597135453,0,0,1105,Dog,38.565603000279225,5.758848999903421,44.3257930000982,0,0
1007,1106,1081.5,0.0,0.013142559132653648,0,0,1106,Dog,39.996952999899804,3.334004999942408,43.33251799971549,0,0
1008,1107,1082.5,0.0,0.013122458551762042,0,0,1107,Dog,46.436492999873735,1.519305000329041,47.9567849997693,0,0
1009,1108,1083.5,0.0,0.01310235797087039,0,0,1108,Dog,41.41251099963483,1.2374389998512925,42.65090799981408,0,0
1010,1109,1084.5,0.0,0.013082257389978784,0,0,1109,Dog,39.770446000147786,4.005817999768624,43.777258999853075,0,0
1011,1110,1085.5,0.0,0.013062156809087178,0,0,1110,Dog,41.85715900030118,1.1941549996663525,43.052243999682105,0,0
1012,1111,1086.5,0.0,0.013042056228195526,0,0,1111,Dog,38.8395270001638,3.9555700000164506,42.79606699992655,0,0
1013,1112,1087.5,0.0,0.01302195564730392,0,0,1112,Dog,36.98685999961526,1.2079439998160524,38.19570499990732,0,0
1014,1113,1088.5,0.0,0.013001855066412268,0,0,1113,Dog,35.80695199980255,1.2167320001026383,37.02456600012738,0,0
1015,1114,1089.5,0.0,0.012981754485520662,0,0,1114,Dog,42.77292799997667,1.201645000037388,43.97547200005647,0,0
1016,1115,1090.5,0.0,0.012961653904629056,0,0,1115,Dog,39.78411699972639,3.871612999773788,43.656764999923325,0,0
1017,1116,1091.5,0.0,0.012941553323737405,0,0,1116,Dog,43.06517800023357,1.2120010001126502,44.27811300001849,0,0
1018,1117,1092.5,0.0,0.012921452742845799,0,0,1117,Dog,43.05177700007334,2.3803820004104637,45.4330489997119,0,0
1019,1118,1093.5,0.0,0.012901352161954146,0,0,1118,Dog,39.73376600015399,5.018433000259392,44.75345099990591,0,0
1020,1119,1094.5,0.0,0.01288125158106254,0,0,1119,Dog,44.94992399986586,2.2896259997651214,47.24062600007528,0,0
1021,1120,1095.5,0.0,0.012861151000170934,0,0,1120,Dog,42.46951300001456,4.024038000352448,46.49453799993353,0,0
1022,1121,1096.5,0.0,0.012835447030327594,0,0,1121,Dog,62.90145399998437,3.576813000108814,66.47919199986063,0,0
1023,1122,1097.5,0.0,0.012809743060484312,0,0,1122,Dog,40.46517999995558,4.535722000127862,45.00201999962883,0,0
1024,1123,1098.5,0.0,0.012784039090640973,0,0,1123,Dog,44.424520999655215,1.842650000071444,46.268020999832515,0,0
1025,1124,1099.5,0.0003170164332340075,0.012758335120797692,0,0,1124,Dog,44.33891300004689,2.546061999964877,46.88592399998015,0,0
1026,1125,1100.5,0.0,0.01273263115095441,0,0,1125,Dog,49.21995099994092,1.1940859999413078,50.41494099987176,0,0
1027,1126,1101.5,0.0,0.01270692718111107,0,0,1126,Dog,35.987253000257624,1.3671050000994,37.35520299960626,0,0
1028,1127,1102.5,0.0,0.012681223211267788,0,0,1127,Dog,45.60645599985946,0.8244310001828126,46.43163900027503,0,0
1029,1128,1103.5,0.0,0.012655519241424449,0,0,1128,Dog,47.399583000242274,0.8315220002259593,48.23196600000301,0,0
1030,1129,1104.5,0.0,0.012629815271581168,0,0,1129,Dog,44.91126099992471,4.691400000410795,49.6037430002616,0,0
1031,1130,1105.5,0.0,0.012604111301737886,0,0,1130,Dog,40.53418200010128,3.2118839999384363,43.74801500034664,0,0
1032,1131,1106.5,0.0,0.012578407331894546,0,0,1131,Dog,34.62463100004243,3.328829000111,37.95441900001606,0,0
1033,1132,1107.5,0.0,0.012552703362051264,0,0,1132,Dog,37.62267000001884,5.390079999870068,43.01349800016396,0,0
1034,1133,1108.5,0.0,0.012526999392207925,0,0,1133,Dog,39.59188999988328,0.8050229998843861,40.397692999704304,0,0
1035,1134,1109.5,0.0,0.012501295422364644,0,0,1134,Dog,39.199205999921105,0.8056470001065463,40.005549999932555,0,0
1036,1135,1110.5,0.0,0.012475591452521362,0,0,1135,Dog,35.18883300012021,3.6986170002819563,38.88834700001098,0,0
1037,1136,1111.5,0.0,0.012449887482678022,0,0,1136,Dog,39.08281199983321,4.191077000086807,43.274793999898975,0,0
1038,1137,1112.5,0.0,0.01242418351283474,0,0,1137,Dog,38.78584799986129,4.912225999760267,43.69894799992835,0,0
1039,1138,1113.5,0.0,0.0123984795429914,0,0,1138,Dog,39.16997899978014,4.201188000024558,43.372110000291286,0,0
1040,1139,1114.5,0.0,0.01237277557314812,0,0,1139,Dog,38.946206999753485,0.832817000173236,39.779720999831625,0,0
1041,1140,1115.5,0.0,0.012347071603304838,0,0,1140,Dog,35.30592800007071,5.162397999811219,40.46900200000891,0,0
1042,1141,1116.5,0.0,0.012294617277263132,0,0,1141,Dog,43.80834399989908,1.205389999995532,45.01463600036004,0,0
1043,1142,1117.5,0.0,0.012242162951221545,0,0,1142,Dog,41.54873800007408,1.2295000001358858,42.779469999914,0,0
1044,1143,1118.5,0.0,0.012189708625179839,0,0,1143,Dog,46.97724299967376,2.5838399997155648,49.56255600018267,0,0
1045,1144,1119.5,0.0,0.012137254299138252,0,0,1144,Dog,45.04465499985599,1.2177690000498842,46.26330600012807,0,0
1046,1145,1120.5,0.0,0.012084799973096666,0,0,1145,Dog,46.15860600006272,0.8577220000915986,47.017164999942906,0,0
1047,1146,1121.5,0.0,0.01203234564705496,0,0,1146,Dog,34.99176500008616,2.36626800005979,37.35877700000856,0,0
1048,1147,1122.5,0.0,0.011979891321013373,0,0,1147,Dog,40.61573999979373,3.3449649999965914,43.96143800022401,0,0
1049,1148,1123.5,0.0,0.011927436994971667,0,0,1148,Dog,36.25414999987697,3.491340999971726,39.746304000345845,0,0
1050,1149,1124.5,0.0,0.01187498266893008,0,0,1149,Dog,40.92602499986242,2.335743999992701,43.26265200006674,0,0
1051,1150,1125.5,0.0,0.011822528342888494,0,0,1150,Dog,36.64643999991313,0.8167609998963599,37.46403500008455,0,0
1052,1151,1126.5,0.0,0.011770074016846788,0,0,1151,Dog,45.08800100029475,2.7762179997807834,47.865118000117945,0,0
1053,1152,1127.5,0.0,0.011717619690805202,0,0,1152,Dog,35.1426279999032,1.2613139997483813,36.40493199964112,0,0
1054,1153,1128.5,0.0,0.011665165364763495,0,0,1153,Dog,36.888183999963076,1.3602230001197313,38.24919499993484,0,0
1055,1154,1129.5,0.0,0.011612711038721909,0,0,1154,Dog,37.6531619999696,0.8100509999167116,38.46411699987584,0,0
1056,1155,1130.5,0.0,0.011560256712680322,0,0,1155,Dog,34.60765599993465,1.9147110001540568,36.5230860002157,0,0
1057,1156,1131.5,0.0,0.011507802386638616,0,0,1156,Dog,38.661669999783044,4.738395999993372,43.40125699991404,0,0
1058,1157,1132.5,0.0,0.01145534806059703,0,0,1157,Dog,38.4006090002913,0.8611409998593444,39.26256399972772,0,0
1059,1158,1133.5,0.0,0.011402893734555324,0,0,1158,Dog,42.81512000034127,2.5642509999670438,45.3803200002767,0,0
1060,1159,1134.5,0.0,0.011350439408513737,0,0,1159,Dog,42.563730999972904,0.8278000000245811,43.39231199992355,0,0
1061,1160,1135.5,0.0,0.01129798508247215,0,0,1160,Dog,35.90845400003673,0.80892899995888,36.71812899983706,0,0
1062,1161,1136.5,0.0,0.01124268780495282,0,0,1161,Dog,59.10957700007202,1.213050999922416,60.32352700003685,0,0
1063,1162,1137.5,0.0,0.011187390527433613,0,0,1162,Dog,41.04894600004627,1.7716459997245693,42.82168899999306,0,0
1064,1163,1138.5,0.0,0.011132093249914281,0,0,1163,Dog,36.208899000030215,1.7346649997307395,37.944489999972575,0,0
1065,1164,1139.5,0.0,0.011076795972395076,0,0,1164,Dog,39.62432300022556,2.131268000084674,41.75742400002491,0,0
1066,1165,1140.5,0.0,0.01102149869487587,0,0,1165,Dog,39.73589799988986,2.222582000285911,41.959297000175866,0,0
1067,1166,1141.5,0.0,0.010966201417356538,0,0,1166,Dog,37.3399279997102,1.1977430003753398,38.538598000286584,0,0
1068,1167,1142.5,0.0006866145461209561,0.010910904139837332,0,0,1167,Dog,40.916861000368954,4.804356000022381,45.72211699996842,0,0
1069,1168,1143.5,9.5989804832608e-05,0.010855606862318,0,0,1168,Dog,42.264015000000654,3.1419940000887436,45.407241999782855,0,0
1070,1169,1144.5,0.0,0.010800309584798795,0,0,1169,Dog,50.82109599970863,2.597750999939308,53.419770000346034,0,0
1071,1170,1145.5,0.0,0.010745012307279589,0,0,1170,Dog,52.291962999788666,2.8554020000228775,55.14825399995971,0,0
1072,1171,1146.5,0.0,0.010689715029760257,0,0,1171,Dog,57.110566000119434,1.2161940003352356,58.327800999904866,0,0
1073,1172,1147.5,0.0,0.010634417752241051,0,0,1172,Dog,40.75322700009565,2.9002850001234037,43.65444799987017,0,0
1074,1173,1148.5,0.0,0.01057912047472172,0,0,1173,Dog,57.4136489999546,2.315184000053705,59.72979700027281,0,0
1075,1174,1149.5,0.0,0.010523823197202515,0,0,1174,Dog,49.521376000029704,4.200006999781181,53.722319999906176,0,0
1076,1175,1150.5,0.0,0.010468525919683308,0,0,1175,Dog,47.64150699975289,2.5876730001073156,50.230048000230454,0,0
1077,1176,1151.5,0.0,0.010413228642163977,0,0,1176,Dog,43.64262900026006,2.6294110002709203,46.27304299992829,0,0
1078,1177,1152.5,0.0,0.01035793136464477,0,0,1177,Dog,57.15741499989235,4.834094000216282,61.99242000002414,0,0
1079,1178,1153.5,0.0,0.010302634087125439,0,0,1178,Dog,61.41674999980751,3.740849000223534,65.15918500008411,0,0
1080,1179,1154.5,0.0,0.010247336809606234,0,0,1179,Dog,58.090720000109286,3.0804709999756597,61.172077000264835,0,0
1081,1180,1155.5,0.0,0.010192039532087027,0,0,1180,Dog,47.719479000079446,2.9516510003304575,50.672071000008145,0,0
1082,1181,1156.5,0.0,0.010163090402155048,0,0,1181,Dog,52.074613999593566,2.5677519997771014,54.643262999888975,0,0
1083,1182,1157.5,0.0,0.01013414127222294,0,0,1182,Dog,44.43837600001643,2.007662000323762,46.447014000023046,0,0
1084,1183,1158.5,0.0,0.010105192142290961,0,0,1183,Dog,50.01011800004562,2.2666859999844746,52.27776499987158,0,0
1085,1184,1159.5,0.0,0.010076243012358984,0,0,1184,Dog,45.35519299997759,1.2082120001650765,46.564260000195645,0,0
1086,1185,1160.5,0.00017473010448199044,0.010047293882427005,0,0,1185,Dog,43.352499999855354,1.2020599997413228,44.55541400011498,0,0
1087,1186,1161.5,0.0003519023717962755,0.010018344752495027,0,0,1186,Dog,42.55494499966517,1.8384760001026734,44.3943139998737,0,0
1088,1187,1162.5,0.0009489570472294151,0.009989395622562918,0,0,1187,Dog,49.12956799989843,1.1831029996756115,50.313588000335585,0,0
1089,1188,1163.5,0.000783723107548151,0.009960446492630939,0,0,1188,Dog,38.81457000034061,1.1907029997928475,40.006216000165296,0,0
1090,1189,1164.5,0.0011952759895201837,0.009931497362698962,0,0,1189,Dog,42.134722000355396,0.9207200000673765,43.056567999883555,0,0
1091,1190,1165.5,0.0017092781231086152,0.009902548232766983,0,0,1190,Dog,43.271181999898545,1.2951380003869417,44.5672089999789,0,0
1092,1191,1166.5,0.0017426620625892175,0.009873599102835005,0,0,1191,Dog,46.207315000174276,1.209622000260424,47.41799300018101,0,0
1093,1192,1167.5,0.002339916714033885,0.009844649972902896,0,0,1192,Dog,50.77939400007381,3.44003000009252,54.22027099984916,0,0
1094,1193,1168.5,0.0024189251556326896,0.009815700842970917,0,0,1193,Dog,48.88846499989086,1.220237999859819,50.10966100007863,0,0
1095,1194,1169.5,0.003165745642481177,0.00978675171303894,0,1,1194,Dog,48.79642799960493,4.251602999829629,53.04907400022785,0,0
1096,1195,1170.5,0.004432765221825785,0.009757802583106961,0,1,1195,Dog,39.39350299970101,3.262046999680024,42.65661299996282,0,0
1097,1196,1171.5,0.00423562908858699,0.009728853453174983,0,1,1196,Dog,43.69636100000207,4.196270000193181,47.89352199986752,0,0
1098,1197,1172.5,0.005415516493855965,0.009699904323242874,0,1,1197,Dog,41.69843799991213,1.2075340000592405,42.9068820003522,0,0
1099,1198,1173.5,0.004115965948427891,0.009670955193310895,0,1,1198,Dog,46.88188699992679,1.8864749999920605,48.76925200005644,0,0
1100,1199,1174.5,0.003716929620288578,0.009642006063378918,0,1,1199,Dog,41.92545399973824,1.2164039999333909,43.14278900028512,0,0
1101,1200,1175.5,0.003348695372034416,0.00961305693344694,0,1,1200,Dog,47.0249119998698,2.8183809999973164,49.844292999750905,0,0
1102,1201,1176.5,0.002805212550296532,0.009598614301695958,0,1,1201,Dog,50.38084899979367,1.3290990000314196,51.711091000015585,0,0
1103,1202,1177.5,0.0021719434534589466,0.009584171669944913,0,0,1202,Dog,45.96827300019868,2.1900779997849895,48.15922899979341,0,0
1104,1203,1178.5,0.0016072152426712671,0.009569729038193931,0,0,1203,Dog,45.47458600018217,1.2327839999670687,46.708277000107046,0,0
1105,1204,1179.5,0.002753865016385304,0.009555286406442952,0,1,1204,Dog,39.75247700009277,1.2941980003233766,41.04819600024712,0,0
1106,1205,1180.5,0.003530669639560724,0.00954084377469197,0,1,1205,Dog,34.42014399979598,2.5651770001786645,36.98630899998534,0,0
1107,1206,1181.5,0.0019435593992738198,0.00952640114294099,0,0,1206,Dog,38.46286999987569,1.2059240002599836,39.66961900005117,0,0
1108,1207,1182.5,0.0015283178004192877,0.009511958511189944,0,0,1207,Dog,49.962790999870776,2.074808000088524,52.03848800010746,0,0
1109,1208,1183.5,0.001738762826314133,0.009497515879438962,0,0,1208,Dog,53.75954200007982,1.282532999994146,55.04303899988372,0,0
1110,1209,1184.5,0.002626752794784637,0.009483073247687983,0,1,1209,Dog,44.01110300022992,1.1990980001428397,45.2111069998864,0,0
1111,1210,1185.5,0.0018142844120756507,0.009468630615937002,0,0,1210,Dog,46.510899999702815,2.809045000049082,49.32082300001639,0,0
1112,1211,1186.5,0.0011707415029056367,0.00945418798418602,0,0,1211,Dog,43.07522899989635,1.7432179997740604,44.81939500010412,0,0
1113,1212,1187.5,0.0,0.009439745352434975,0,0,1212,Dog,42.44306900000083,1.302479000059975,43.74662600002921,0,0
1114,1213,1188.5,0.0,0.009425302720683993,0,0,1213,Dog,43.41882300013822,1.2769700001626916,44.697101000110706,0,0
1115,1214,1189.5,0.0,0.009410860088933014,0,0,1214,Dog,42.825436999919475,1.2499409999691125,44.07639200007907,0,0
1116,1215,1190.5,0.0,0.009396417457182032,0,0,1215,Dog,44.2791830000715,4.1159679999509535,48.396883999885176,0,0
1117,1216,1191.5,0.0,0.009381974825431051,0,0,1216,Dog,40.771262000362185,3.246839999974327,44.01981299997715,0,0
1118,1217,1192.5,0.0007380756582505699,0.009367532193680006,0,0,1217,Dog,33.79743400000734,3.4692969998104672,37.268418000167,0,0
1119,1218,1193.5,0.001155308698337354,0.009353089561929024,0,0,1218,Dog,51.57147900035852,2.3701250001977314,53.94315099965752,0,0
1120,1219,1194.5,0.0012989676632589875,0.009338646930178045,0,0,1219,Dog,46.864108000136184,3.2047680001596746,50.07042300030662,0,0
1121,1220,1195.5,0.0018026816359981712,0.009324204298427063,0,0,1220,Dog,59.55251400018824,1.0442089997013682,60.598198999741726,0,0
1122,1221,1196.5,0.0020723274134895053,0.009314036165690718,0,0,1221,Dog,44.87422800002605,1.0119620001205476,45.887675000358286,0,0
1123,1222,1197.5,0.002190215122819028,0.009303868032954327,0,0,1222,Dog,34.77780899993377,0.8907159999580472,35.66943300029379,0,0
1124,1223,1198.5,0.0004584403461820319,0.00929369990021798,0,0,1223,Dog,35.0981640003738,0.9325559999524557,36.03152000005139,0,0
1125,1224,1199.5,0.0008299001847860143,0.009283531767481637,0,0,1224,Dog,39.09957999985636,3.6293460002525535,42.729870999664854,0,0
1126,1225,1200.5,0.0010940805701280532,0.00927336363474529,0,0,1225,Dog,39.30021700034558,3.2110480001392716,42.51199000009365,0,0
1127,1226,1201.5,0.0005367334058035134,0.009263195502008945,0,0,1226,Dog,38.69096900007207,4.397217000132514,43.08882999976049,0,0
1128,1227,1202.5,0.0,0.009253027369272554,0,0,1227,Dog,38.48157099992022,4.2282159997739655,42.7107310001702,0,0
1129,1228,1203.5,0.0,0.009242859236536208,0,0,1228,Dog,40.876401999867085,1.347781000276882,42.22496400007003,0,0
1130,1229,1204.5,0.0,0.009232691103799864,0,0,1229,Dog,43.68681899995863,4.21974799974123,47.907406000376795,0,0
1131,1230,1205.5,0.0,0.009222522971063518,0,0,1230,Dog,46.17233499993745,1.632132999930036,47.80533300026946,0,0
1132,1231,1206.5,0.0,0.009212354838327172,0,0,1231,Dog,42.92301400028009,0.8114239999486017,43.73541299992212,0,0
1133,1232,1207.5,0.0,0.009202186705590781,0,0,1232,Dog,37.66787499989732,3.221493000182818,40.89014100009081,0,0
1134,1233,1208.5,0.0,0.009192018572854435,0,0,1233,Dog,37.2756700003265,0.8175000002665911,38.09384699980001,0,0
1135,1234,1209.5,0.0,0.009181850440118091,0,0,1234,Dog,47.966747999907966,2.584434000254987,50.55208900012076,0,0
1136,1235,1210.5,0.0,0.009171682307381746,0,0,1235,Dog,38.39282599983562,3.940074000183813,42.33403599982921,0,0
1137,1236,1211.5,0.0,0.0091615141746454,0,0,1236,Dog,49.392524999802845,3.3873259999381844,52.78123100015364,0,0
1138,1237,1212.5,0.0,0.009151346041909009,0,0,1237,Dog,39.39883300017755,2.4679929997546424,41.868025999974634,0,0
1139,1238,1213.5,0.0,0.009141177909172663,0,0,1238,Dog,45.810137999978906,2.5609650001570117,48.372056000062,0,0
1140,1239,1214.5,0.0,0.009131009776436319,0,0,1239,Dog,35.23253200000909,2.361298000323586,37.59478099982516,0,0
1141,1240,1215.5,0.0,0.009120841643699973,0,0,1240,Dog,50.046942999870225,1.5827119996174588,51.63062200017521,0,0
1142,1241,1216.5,0.0,0.00907748921419217,0,0,1241,Dog,40.25806600020587,1.1962959997617872,41.45533000018986,0,0
1143,1242,1217.5,0.0,0.00903413678468417,0,0,1242,Dog,45.41393600038646,2.2629820000474865,47.67794000008507,0,0
1144,1243,1218.5,0.0,0.008990784355176367,0,0,1243,Dog,48.61464599980536,1.9482769998830918,50.5639009998049,0,0
1145,1244,1219.5,0.0,0.008947431925668563,0,0,1244,Dog,53.03023900023618,3.329492999910144,56.36071399976572,0,0
1146,1245,1220.5,0.0,0.00890407949616076,0,0,1245,Dog,42.74033100000452,4.843747999984771,47.58502600043357,0,0
1147,1246,1221.5,0.0007825676552681848,0.008860727066652958,0,0,1246,Dog,41.22146200006682,2.6145250003537512,43.836961000124575,0,0
1148,1247,1222.5,0.001507405783923943,0.008817374637144958,0,0,1247,Dog,54.55523699993137,2.307271999598015,56.86377700021694,0,0
1149,1248,1223.5,0.0017484304705912557,0.008774022207637155,0,0,1248,Dog,41.77728800004843,1.3104320000820735,43.0891870000778,0,0
1150,1249,1224.5,0.0003393601171661764,0.00873066977812935,0,0,1249,Dog,37.51759699980539,0.844148999931349,38.362814000265644,0,0
1151,1250,1225.5,0.00020758654908459295,0.008687317348621548,0,0,1250,Dog,35.100992000025144,0.8258800003204669,35.92772699994384,0,0
1152,1251,1226.5,5.108921215823958e-05,0.008643964919113746,0,0,1251,Dog,39.179433999834146,0.8077030001913954,39.98786299962376,0,0
1153,1252,1227.5,0.000213658127074412,0.008600612489605745,0,0,1252,Dog,35.18570199958049,3.3658060001471313,38.55216900001324,0,0
1154,1253,1228.5,0.0,0.008557260060097943,0,0,1253,Dog,35.61628399984329,0.8042389999900479,36.42116300034104,0,0
1155,1254,1229.5,0.0,0.008513907630590139,0,0,1254,Dog,38.36759500018161,1.3431649999802175,39.711621000151354,0,0
1156,1255,1230.5,0.0,0.008470555201082336,0,0,1255,Dog,40.270335000059276,2.5964709998334,42.86784099986107,0,0
1157,1256,1231.5,0.0,0.008427202771574533,0,0,1256,Dog,39.68253299990465,1.1818299999504234,40.86520400005611,0,0
1158,1257,1232.5,0.0,0.008383850342066533,0,0,1257,Dog,40.87027499963369,1.2208299999656447,42.0919899997898,0,0
1159,1258,1233.5,0.0,0.00834049791255873,0,0,1258,Dog,45.433445000071515,2.9335069998523977,48.36793700042108,0,0
1160,1259,1234.5,8.406275159189569e-06,0.008297145483050926,0,0,1259,Dog,40.05252599972664,3.9225359996635234,43.97594500005653,0,0
1161,1260,1235.5,0.00031105498327455017,0.008253793053543124,0,0,1260,Dog,47.1234930000719,3.7894979996053735,50.91417599987835,0,0
1162,1261,1236.5,0.0,0.008244197818864143,0,0,1261,Dog,39.530615999865404,0.9320630001639074,40.46390800021982,0,0
1163,1262,1237.5,0.0,0.008234602584185121,0,0,1262,Dog,42.93962400015516,2.9485059999387886,45.88914799978738,0,0
1164,1263,1238.5,0.0,0.00822500734950614,0,0,1263,Dog,39.003858999876684,0.8248509998338704,39.829367000038474,0,0
1165,1264,1239.5,0.0,0.008215412114827162,0,0,1264,Dog,37.56227400026546,0.8161699997799587,38.379351000003226,0,0
1166,1265,1240.5,0.0,0.008205816880148181,0,0,1265,Dog,43.76485099965066,1.3671830001840135,45.132907000152045,0,0
1167,1266,1241.5,0.0,0.0081962216454692,0,0,1266,Dog,50.505625999903714,0.8867550000104529,51.39344999997775,0,0
1168,1267,1242.5,0.0,0.008186626410790179,0,0,1267,Dog,38.223890000153915,0.8724660001462325,39.09717999977147,0,0
1169,1268,1243.5,0.0004012407754823144,0.008177031176111198,0,0,1268,Dog,41.34184600025037,1.2245430002622015,42.5674230000368,0,0
1170,1269,1244.5,0.0017209091799402776,0.00816743594143222,0,0,1269,Dog,37.43389200008096,1.2205029997858219,38.65527600009955,0,0
1171,1270,1245.5,0.0025429018246104773,0.008157840706753239,0,1,1270,Dog,39.64480900003764,2.9224699997030257,42.56820299997344,0,0
1172,1271,1246.5,0.002237477083304462,0.008148245472074258,0,0,1271,Dog,40.20372699960717,1.1977870003647695,41.402604000268184,0,0
1173,1272,1247.5,0.0022278150699487353,0.008138650237395236,0,0,1272,Dog,35.75788600028318,1.2531670004136686,37.01205100014704,0,0
1174,1273,1248.5,0.0,0.008129055002716256,0,0,1273,Dog,39.14136999992479,3.185453000241978,42.3280079999131,0,0
1175,1274,1249.5,0.0,0.008119459768037277,0,0,1274,Dog,37.59254700025849,1.2673289998019754,38.86114599981738,0,0
1176,1275,1250.5,0.0,0.008109864533358296,0,0,1275,Dog,39.55614100004823,2.616915000089648,42.174043000159145,0,0
1177,1276,1251.5,0.0,0.008100269298679316,0,0,1276,Dog,40.31089900036022,1.2100389999432082,41.52181900008145,0,0
1178,1277,1252.5,0.0,0.008090674064000294,0,0,1277,Dog,43.7834180002028,1.191016000120726,44.97526199975255,0,0
1179,1278,1253.5,0.0,0.008081078829321313,0,0,1278,Dog,37.80333500026245,2.2267300000748946,40.03094499967119,0,0
1180,1279,1254.5,0.0,0.008071483594642334,0,0,1279,Dog,54.106229999888455,1.2510350002230552,55.358240000259684,0,0
1181,1280,1255.5,0.0,0.008061888359963354,0,0,1280,Dog,52.36848699996699,1.2239770003361627,53.59339899996485,0,0
1182,1281,1256.5,0.0,0.008054020864545276,0,0,1281,Dog,44.56917300012719,2.7819590000035532,47.352054999919346,0,0
1183,1282,1257.5,0.0004638760660499175,0.008046153369127163,0,0,1282,Dog,38.751844000216806,0.8771380003054219,39.62982600023679,0,0
1184,1283,1258.5,0.0,0.008038285873709085,0,0,1283,Dog,35.107196000353724,0.8323900001414586,35.9403120000934,0,0
1185,1284,1259.5,0.0,0.008030418378291009,0,0,1284,Dog,37.01929099997869,3.3120580001195776,40.33208500004548,0,0
1186,1285,1260.5,0.0,0.00802255088287293,0,0,1285,Dog,40.84590499996921,3.5896259996661684,44.43643200011138,0,0
1187,1286,1261.5,0.0,0.008014683387454853,0,0,1286,Dog,39.452834999792685,4.330897000272671,43.78547800024535,0,0
1188,1287,1262.5,0.0,0.00800681589203674,0,0,1287,Dog,42.461522999929,2.6893429999290674,45.15195900012259,0,0
1189,1288,1263.5,0.0,0.007998948396618662,0,0,1288,Dog,35.04126699999688,3.558006999810459,38.60039399978632,0,0
1190,1289,1264.5,0.0,0.007991080901200586,0,0,1289,Dog,38.179308000053425,2.557808000346995,40.73804200015729,0,0
1191,1290,1265.5,0.0,0.007983213405782508,0,0,1290,Dog,46.73596299971905,2.8708290001304704,49.60774200026208,0,0
1192,1291,1266.5,0.0,0.00797534591036443,0,0,1291,Dog,39.05532599992512,1.9168899998476263,40.97320199980459,0,0
1193,1292,1267.5,3.3211660777410223e-05,0.007967478414946317,0,0,1292,Dog,45.32241500010059,0.8311209999192215,46.154247999766085,0,0
1194,1293,1268.5,0.0,0.007959610919528239,0,0,1293,Dog,35.14948100018955,0.8121109999592591,35.96227999969415,0,0
1195,1294,1269.5,0.0,0.007951743424110163,0,0,1294,Dog,42.01538799998161,1.2218500000926724,43.238166000264755,0,0
1196,1295,1270.5,0.0,0.007943875928692085,0,0,1295,Dog,49.78818300014609,2.8593379997801094,52.64848299975711,0,0
1197,1296,1271.5,0.0,0.007936008433274007,0,0,1296,Dog,49.3230769998263,0.8640680002827139,50.18796600006681,0,0
1198,1297,1272.5,0.0,0.007928140937855894,0,0,1297,Dog,40.48352900008467,1.2228579998918576,41.70729199995549,0,0
1199,1298,1273.5,0.0,0.007920273442437816,0,0,1298,Dog,40.33961300001465,3.154687999995076,43.49551599989354,0,0
1200,1299,1274.5,0.0,0.00791240594701974,0,0,1299,Dog,44.91138799994587,1.2556189999486378,46.16827500012732,0,0
1201,1300,1275.5,0.0,0.007904538451601661,0,0,1300,Dog,36.49234599970441,1.8850100000236125,38.378292999823316,0,0
1202,1301,1276.5,0.0,0.007891929156335853,0,0,1301,Dog,45.07425800011333,2.602169999590842,47.677392000423424,0,0
1203,1302,1277.5,0.0,0.007879319861069987,0,0,1302,Dog,44.387894999999844,1.237523999861878,45.626492999872426,0,0
1204,1303,1278.5,0.0,0.00786671056580418,0,0,1303,Dog,43.251761000192346,1.1907979996976792,44.44341499993243,0,0
1205,1304,1279.5,0.0,0.007854101270538372,0,0,1304,Dog,44.37581299998783,1.217817999986437,45.59459199981575,0,0
1206,1305,1280.5,0.0,0.007841491975272563,0,0,1305,Dog,38.95822499998758,0.8105130000330973,39.76958900011596,0,0
1207,1306,1281.5,0.0,0.007828882680006755,0,0,1306,Dog,35.11882599968885,4.079276000084064,39.19885100003739,0,0
1208,1307,1282.5,0.0,0.007816273384740889,0,0,1307,Dog,38.724527999875136,3.276002000347944,42.00137199995879,0,0
1209,1308,1283.5,0.0,0.007803664089475081,0,0,1308,Dog,39.7892989999491,4.196002000298904,43.98629400020582,0,0
1210,1309,1284.5,0.0,0.007791054794209273,0,0,1309,Dog,42.71199599997999,1.1871259998770256,43.90004000015324,0,0
1211,1310,1285.5,0.0,0.007778445498943465,0,0,1310,Dog,45.97825200016814,2.6270309999745223,48.60624600041774,0,0
1212,1311,1286.5,0.0,0.007765836203677656,0,0,1311,Dog,39.70494900022459,0.9356759996990149,40.64190899998721,0,0
1213,1312,1287.5,0.0,0.007753226908411791,0,0,1312,Dog,34.878263999871706,2.29077399990274,37.16992299996491,0,0
1214,1313,1288.5,0.0,0.007740617613145983,0,0,1313,Dog,35.67735599972366,0.8411759999944479,36.51924099995085,0,0
1215,1314,1289.5,0.0,0.007728008317880175,0,0,1314,Dog,39.07108799967318,0.8597149999332032,39.931600999807415,0,0
1216,1315,1290.5,0.0,0.0077153990226143665,0,0,1315,Dog,35.12448899982701,0.8125220001602429,35.93778199956432,0,0
1217,1316,1291.5,0.0,0.007702789727348558,0,0,1316,Dog,36.2183960000948,3.3357900001647067,39.55496700018557,0,0
1218,1317,1292.5,0.0,0.007690180432082693,0,0,1317,Dog,37.634496000009676,0.8609829997112683,38.49633600020752,0,0
1219,1318,1293.5,0.0,0.007677571136816884,0,0,1318,Dog,43.15731299993786,1.3534990002881386,44.511630999750196,0,0
1220,1319,1294.5,0.0,0.007664961841551077,0,0,1319,Dog,37.62445500024114,0.8182259998648078,38.443450999693596,0,0
1221,1320,1295.5,0.0,0.007652352546285268,0,0,1320,Dog,34.15245499991215,0.8121589999063872,34.96555400033685,0,0
1222,1321,1296.5,0.0,0.007624135594380608,0,0,1321,Dog,37.71187599977566,2.697253000405908,40.41082000003371,0,0
1223,1322,1297.5,0.0,0.007595918642475819,0,0,1322,Dog,43.32425800021156,1.3215829999353446,44.64677499981917,0,0
1224,1323,1298.5,0.0,0.007567701690571159,0,0,1323,Dog,67.578623999907,5.047401999945578,72.62689100025455,0,0
1225,1324,1299.5,0.0,0.007539484738666499,0,0,1324,Dog,39.65416199980609,0.942354000017076,40.59764500016172,0,0
1226,1325,1300.5,0.0,0.007511267786761838,0,0,1325,Dog,45.99999599986404,0.8926529999371269,46.89356999961092,0,0
1227,1326,1301.5,0.0,0.007483050834857178,0,0,1326,Dog,53.00124399991546,3.37846599995828,56.38044900024397,0,0
1228,1327,1302.5,0.0,0.007454833882952389,0,0,1327,Dog,43.47773600011351,1.3108099997225509,44.789552000111144,0,0
1229,1328,1303.5,0.0,0.007426616931047729,0,0,1328,Dog,43.661006999627716,3.208019999874523,46.8699689999994,0,0
1230,1329,1304.5,0.0,0.007398399979143069,0,0,1329,Dog,41.74267400003373,3.1511779998254497,44.89475599984871,0,0
1231,1330,1305.5,0.0,0.007370183027238408,0,0,1330,Dog,37.04187399989678,3.613601999859384,40.65650199981974,0,0
1232,1331,1306.5,0.0,0.007341966075333748,0,0,1331,Dog,40.186034999806,4.80662800009668,44.99350099968069,0,0
1233,1332,1307.5,0.0,0.007313749123428959,0,0,1332,Dog,41.16478600008122,3.8896610003575915,45.05533099973036,0,0
1234,1333,1308.5,0.0,0.007285532171524299,0,0,1333,Dog,41.2224859996968,1.8244369998683396,43.047888000273815,0,0
1235,1334,1309.5,0.0,0.007257315219619639,0,0,1334,Dog,41.25127099996462,1.3625130000036734,42.61454900006356,0,0
1236,1335,1310.5,0.0,0.007229098267714978,0,0,1335,Dog,46.48771399979523,3.248254000027373,49.73687700021401,0,0
1237,1336,1311.5,0.0,0.007200881315810318,0,0,1336,Dog,40.9797699999217,4.634389000329975,45.61541400016722,0,0
1238,1337,1312.5,0.0,0.0071726643639055294,0,0,1337,Dog,40.170569000110845,2.6364630002717604,42.807957000150054,0,0
1239,1338,1313.5,0.0,0.007144447412000869,0,0,1338,Dog,44.21762200036028,1.2615460000233725,45.48010099961175,0,0
1240,1339,1314.5,0.0,0.007116230460096209,0,0,1339,Dog,40.706690000206436,1.9200970000383677,42.62765700013915,0,0
1241,1340,1315.5,0.0,0.0070880135081915485,0,0,1340,Dog,42.16114300015761,1.2081519998901058,43.370223000238184,0,0
1242,1341,1316.5,0.0,0.007085073195874988,0,0,1341,Dog,39.699062000181584,1.9291670000711747,41.629147000094235,0,0
1243,1342,1317.5,0.0,0.007082132883558415,0,0,1342,Dog,39.05434799980867,2.2510080002575705,41.30628099983369,0,0
1244,1343,1318.5,0.0,0.007079192571241855,0,0,1343,Dog,44.14540800007671,1.1876280000251427,45.33393499968952,0,0
1245,1344,1319.5,0.0,0.007076252258925295,0,0,1344,Dog,43.457166999814945,1.2019060000056925,44.659990000127436,0,0
1246,1345,1320.5,0.0,0.007073311946608735,0,0,1345,Dog,42.755369000133214,1.2097310000172001,43.96603600025628,0,0
1247,1346,1321.5,0.0,0.007070371634292174,0,0,1346,Dog,39.75756599993474,2.881714000068314,42.64024399981281,0,0
1248,1347,1322.5,0.0,0.0070674313219756014,0,0,1347,Dog,40.34800699992047,1.3887619998058653,41.737702999853354,0,0
1249,1348,1323.5,0.0,0.007064491009659041,0,0,1348,Dog,37.651295000159735,6.835298999703809,44.488378999631095,0,0
1250,1349,1324.5,0.0,0.007061550697342481,0,0,1349,Dog,39.20991299992238,3.286915999979101,42.49770099977468,0,0
1251,1350,1325.5,0.0,0.007058610385025921,0,0,1350,Dog,49.50206200010143,1.334531999873434,50.837577000038436,0,0
1252,1351,1326.5,0.0,0.00705567007270936,0,0,1351,Dog,38.5803730000589,2.6251480003338656,41.206425000382296,0,0
1253,1352,1327.5,0.0,0.007052729760392788,0,0,1352,Dog,41.406554999866785,2.5821079998422647,43.98958499996297,0,0
1254,1353,1328.5,0.0,0.007049789448076227,0,0,1353,Dog,48.75658499986457,1.499616000273818,50.25719700006448,0,0
1255,1354,1329.5,0.0,0.007046849135759667,0,0,1354,Dog,51.08183399988775,1.2872880001850717,52.37018299976626,0,0
1256,1355,1330.5,0.0,0.007043908823443107,0,0,1355,Dog,52.71439900025143,1.1983340000369935,53.91367899983379,0,0
1257,1356,1331.5,0.0,0.007040968511126546,0,0,1356,Dog,37.98456699996677,1.357875000394415,39.343297999948845,0,0
1258,1357,1332.5,0.0,0.007038028198809974,0,0,1357,Dog,37.62853499983976,2.1451600000546023,39.774479000243446,0,0
1259,1358,1333.5,0.0,0.007035087886493413,0,0,1358,Dog,43.73100900011195,1.2211650000608643,44.95314399991912,0,0
1260,1359,1334.5,0.0,0.0070321475741768535,0,0,1359,Dog,43.70782200021495,1.1890319997291954,44.897755999954825,0,0
1261,1360,1335.5,0.0,0.007029207261860293,0,0,1360,Dog,53.504877999785094,1.3391799998316856,54.845997000029456,0,0
1262,1361,1336.5,0.0,0.007029088408323547,0,0,1361,Dog,43.15445099973658,3.7093390001246007,46.86476099959691,0,0
1263,1362,1337.5,0.0,0.007028969554786801,0,0,1362,Dog,38.252819000263116,0.850114999593643,39.10374099996261,0,0
1264,1363,1338.5,0.0,0.007028850701250055,0,0,1363,Dog,41.162103000260686,0.8570940003664873,42.02010800008793,0,0
1265,1364,1339.5,0.0,0.00702873184771331,0,0,1364,Dog,40.14636600004451,3.2580309998593293,43.405239999628975,0,0
1266,1365,1340.5,0.00026414961608201004,0.007028612994176564,0,0,1365,Dog,35.70189800029766,3.7299860000530316,39.432700000361365,0,0
1267,1366,1341.5,0.00029058858745822924,0.007028494140639818,0,0,1366,Dog,35.27677100009896,1.5252029998009675,36.802650000026915,0,0
1268,1367,1342.5,0.0005678906407370343,0.007028375287103072,0,0,1367,Dog,38.856663000387925,3.173359000356868,42.03089600014209,0,0
1269,1368,1343.5,0.0005561826733544439,0.007028256433566326,0,0,1368,Dog,39.21092399968984,4.238601999986713,43.450447999930475,0,0
1270,1369,1344.5,0.0012281828169592446,0.007028137580029581,0,0,1369,Dog,45.943553000142856,4.090874000212352,50.03547499973138,0,0
1271,1370,1345.5,0.00029463810235053067,0.007028018726492835,0,0,1370,Dog,43.69044499981101,1.20623600014369,44.89757900000768,0,0
1272,1371,1346.5,0.000985081189960102,0.007027899872956089,0,0,1371,Dog,43.33210300001156,4.040552000333264,47.37363000003825,0,0
1273,1372,1347.5,0.0017048706853650675,0.007027781019419343,0,0,1372,Dog,43.625038000300265,1.2974950000170793,44.92401900006371,0,0
1274,1373,1348.5,0.002056073004980785,0.007027662165882597,0,0,1373,Dog,41.55409499981033,2.639209999870218,44.194411000262335,0,0
1275,1374,1349.5,0.0019676938327848337,0.007027543312345852,0,0,1374,Dog,40.30551799996829,3.268041999945126,43.574583000008715,0,0
1276,1375,1350.5,0.001748735595119899,0.007027424458809106,0,0,1375,Dog,39.877630999853864,4.675560000123369,44.554122000135976,0,0
1277,1376,1351.5,0.001716441797007584,0.00702730560527236,0,0,1376,Dog,50.21804899979543,1.212776000102167,51.431833999686205,0,0
1278,1377,1352.5,0.0018375243072886738,0.007027186751735614,0,0,1377,Dog,44.68098999996073,2.5799030004236556,47.26183199954903,0,0
1279,1378,1353.5,0.0014881473102786869,0.007027067898198868,0,0,1378,Dog,38.72772000022451,4.334359999575099,43.0630660002862,0,0
1280,1379,1354.5,0.0017019386285452853,0.007026949044662123,0,0,1379,Dog,42.734991000088485,1.3314269999682438,44.067335999898205,0,0
1281,1380,1355.5,0.0012139467581206986,0.007026830191125377,0,0,1380,Dog,36.36243900018599,1.2254569996912323,37.58883899990906,0,0
1282,1381,1356.5,0.0018977941762835515,0.007024523102286947,0,0,1381,Dog,41.760323000289645,1.1795850000453356,42.940802999964944,0,0
1283,1382,1357.5,0.0018195948756659641,0.007022216013448506,0,0,1382,Dog,39.75008899988097,4.878009999629285,44.62895899996511,0,0
1284,1383,1358.5,0.0019967782469194617,0.007019908924610076,0,0,1383,Dog,50.09738999979163,2.9800089996570023,53.07835299981889,0,0
1285,1384,1359.5,0.0017207777487917575,0.0070176018357716455,0,0,1384,Dog,47.162467000362085,1.3836759999321657,48.547614000199246,0,0
1286,1385,1360.5,0.0007826925444344157,0.007015294746933215,0,0,1385,Dog,37.45179799989273,1.2265189998288406,38.67919799995434,0,0
1287,1386,1361.5,0.0004683313066360384,0.0070129876580947844,0,0,1386,Dog,40.798175999952946,3.2010269997044816,44.00009300024976,0,0
1288,1387,1362.5,0.0011047002064935585,0.0070106805692563435,0,0,1387,Dog,36.98150900027031,0.8925420002015017,37.874797000313265,0,0
1289,1388,1363.5,0.000772290937717246,0.007008373480417914,0,0,1388,Dog,35.07206299991594,3.7223559997983102,38.79513399988355,0,0
1290,1389,1364.5,0.0007220090448630812,0.007006066391579483,0,0,1389,Dog,37.33023799986768,0.9866599998531456,38.317656999879546,0,0
1291,1390,1365.5,0.0016001622293035922,0.007003759302741053,0,0,1390,Dog,35.479458999816416,3.8910570001462474,39.3711900001108,0,0
1292,1391,1366.5,0.0010181958046072692,0.007001452213902622,0,0,1391,Dog,37.59408299993083,3.7037749998489744,41.29881700009719,0,0
1293,1392,1367.5,0.0,0.006999145125064181,0,0,1392,Dog,38.29909200021575,1.6312000002471905,39.93099199988137,0,0
1294,1393,1368.5,0.0,0.006996838036225752,0,0,1393,Dog,36.33834199990815,0.829849000183458,37.1691280001869,0,0
1295,1394,1369.5,0.0,0.006994530947387321,0,0,1394,Dog,35.17022000005454,3.7000970000917732,38.87108899971281,0,0
1296,1395,1370.5,0.0,0.0069922238585488905,0,0,1395,Dog,40.314450999630935,3.3309079999526148,43.64610399989033,0,0
1297,1396,1371.5,0.0,0.00698991676971046,0,0,1396,Dog,37.646666999989975,0.8440319998044288,38.491440000143484,0,0
1298,1397,1372.5,0.0,0.006987609680872019,0,0,1397,Dog,40.306833000158804,3.3221079997929337,43.62994500024797,0,0
1299,1398,1373.5,0.00030417677102045904,0.006985302592033589,0,0,1398,Dog,42.99996899999314,1.3510260000657581,44.35267799999565,0,0
1300,1399,1374.5,0.00038228534143669446,0.006982995503195159,0,0,1399,Dog,46.09814600007667,1.2762850001308834,47.37551700009135,0,0
1301,1400,1375.5,0.00043972358554411617,0.006980688414356728,0,0,1400,Dog,51.933044999714184,0.9137909996752569,52.84806000008757,0,0
1302,1401,1376.5,0.0014175604114120555,0.006971139047209061,0,0,1401,Dog,35.498201999871526,3.182291000030091,38.68132699972193,0,0
1303,1402,1377.5,0.0017185960843063564,0.006961589680061349,0,0,1402,Dog,51.23947900028725,3.7743599996247212,55.01521399992271,0,0
1304,1403,1378.5,0.0016265028419051308,0.0069520403129136816,0,0,1403,Dog,41.19746500009569,1.2823259999095171,42.48072499967748,0,0
1305,1404,1379.5,0.0018356512701298566,0.006942490945766013,0,0,1404,Dog,42.65036400011013,1.2157470000602189,43.86704400030794,0,0
1306,1405,1380.5,0.0020677601079507335,0.006932941578618346,0,0,1405,Dog,40.877701999761484,3.346271999816963,44.22487000010733,0,0
1307,1406,1381.5,0.0022903819432543715,0.006923392211470678,0,1,1406,Dog,41.620837000209576,2.7205890000914223,44.3429440001637,0,0
1308,1407,1382.5,0.0032913464709090068,0.0069138428443229665,0,1,1407,Dog,37.434310000207915,1.2713030000668368,38.70657499965091,0,0
1309,1408,1383.5,0.0023873728290810803,0.006904293477175299,0,1,1408,Dog,36.62107599984665,2.2889530000611558,38.9108109998233,0,0
1310,1409,1384.5,0.00318950163577969,0.006894744110027631,0,1,1409,Dog,39.25765399981174,3.6334649998934765,42.89239900026587,0,0
1311,1410,1385.5,0.004570949075856867,0.006885194742879963,0,1,1410,Dog,37.891310999839334,1.6092500000013388,39.501711999946565,0,0
1312,1411,1386.5,0.0035782507913253436,0.006875645375732296,0,1,1411,Dog,35.277052000310505,1.2997140001971275,36.57758400004241,0,0
1313,1412,1387.5,0.0031496038824394557,0.006866096008584584,0,1,1412,Dog,36.630075000175566,1.335122999989835,37.96604399985881,0,0
1314,1413,1388.5,0.0025113897000347274,0.006856546641436916,0,1,1413,Dog,37.69399000020712,3.6950490002709557,41.389985000023444,0,0
1315,1414,1389.5,0.002330400017403478,0.006846997274289248,0,1,1414,Dog,37.267831999997725,0.8335809998243349,38.10227299982216,0,0
1316,1415,1390.5,0.0009435816234030225,0.006837447907141581,0,0,1415,Dog,38.95866799985015,1.249956999799906,40.20953400004146,0,0
1317,1416,1391.5,0.000519528479681397,0.006827898539993913,0,0,1416,Dog,35.67927199992482,4.627716999948461,40.30792600042332,0,0
1318,1417,1392.5,0.0003650326629834888,0.006818349172846201,0,0,1417,Dog,37.56238100004339,3.087526000399521,40.65087799972389,0,0
1319,1418,1393.5,0.0002077312994912539,0.006808799805698534,0,0,1418,Dog,47.8574869998738,1.8180979996031965,49.67656899998474,0,0
1320,1419,1394.5,0.0,0.0067992504385508655,0,0,1419,Dog,42.058259999976144,4.0260460000354215,46.085345999927085,0,0
1321,1420,1395.5,0.0,0.006789701071403198,0,0,1420,Dog,47.015449999889825,1.2650339999709104,48.28142599990315,0,0
1322,1421,1396.5,0.0,0.006789133691316268,0,0,1421,Dog,45.84250800007794,3.4576150001157657,49.301297000056366,0,0
1323,1422,1397.5,0.0,0.006788566311229337,0,0,1422,Dog,48.804159999690455,1.4167429999361048,50.222118999954546,0,0
1324,1423,1398.5,0.0,0.006787998931142407,0,0,1423,Dog,42.607328000030975,1.24465799990503,43.85317700007363,0,0
1325,1424,1399.5,0.0,0.006787431551055478,0,0,1424,Dog,37.91188700006387,4.004779999831953,41.91766199983249,0,0
1326,1425,1400.5,0.0,0.0067868641709685484,0,0,1425,Dog,45.690360000207875,2.980389999720501,48.67177200003425,0,0
1327,1426,1401.5,0.0,0.006786296790881619,0,0,1426,Dog,39.710379999633005,2.7172180002708046,42.42879100002028,0,0
1328,1427,1402.5,0.0,0.006785729410794687,0,0,1427,Dog,41.198070000064035,1.2656789999709872,42.46466499989765,0,0
1329,1428,1403.5,0.0,0.0067851620307077575,0,0,1428,Dog,45.695779000197945,2.4235089999820048,48.120180999831064,0,0
1330,1429,1404.5,0.0,0.006784594650620829,0,0,1429,Dog,42.63343899992833,1.2198869999338058,43.8543289997142,0,0
1331,1430,1405.5,0.0,0.006784027270533899,0,0,1430,Dog,45.73716699997021,1.2275029998818354,46.965561999968486,0,0
1332,1431,1406.5,0.0009285809034978998,0.006783459890446969,0,0,1431,Dog,38.00386799957778,3.3771069997783343,41.381715000170516,0,0
1333,1432,1407.5,0.0012322715778521065,0.006782892510360038,0,0,1432,Dog,39.791397000044526,0.8739590002733166,40.66625900031795,0,0
1334,1433,1408.5,0.0011804276182523221,0.006782325130273108,0,0,1433,Dog,35.939108000093256,0.8766199998717639,36.81656600019778,0,0
1335,1434,1409.5,0.0016514540565107927,0.006781757750186179,0,0,1434,Dog,36.54226099979496,0.9104270002353587,37.45368599993526,0,0
1336,1435,1410.5,0.0003429650000045248,0.006781190370099249,0,0,1435,Dog,37.81195600004139,3.705594999701134,41.51909399979559,0,0
1337,1436,1411.5,0.001162305227420335,0.0067806229900123196,0,0,1436,Dog,35.33529099968291,4.126453000026231,39.46286800010057,0,0
1338,1437,1412.5,0.0014793492326741209,0.006780055609925388,0,0,1437,Dog,41.912065999895276,2.478374000020267,44.391193999672396,0,0
1339,1438,1413.5,0.0009308032416912582,0.006779488229838458,0,0,1438,Dog,44.270421999954124,0.8433250000052794,45.11449099982201,0,0
1340,1439,1414.5,0.00047400066573466404,0.0067789208497515295,0,0,1439,Dog,34.13147600031152,3.739451999990706,37.87176400010139,0,0
1341,1440,1415.5,0.0008743203831177437,0.0067783534696646,0,0,1440,Dog,39.00760700025785,4.089871999894967,43.09842300017408,0,0
1342,1441,1416.5,0.0012802697234486349,0.006776364523367236,0,0,1441,Dog,45.94580599996334,2.3880580001787166,48.33478799992008,0,0
1343,1442,1417.5,0.0004863384196813758,0.006774375577069863,0,0,1442,Dog,38.78175999989253,1.2395670000842074,40.02222100007202,0,0
1344,1443,1418.5,0.0,0.006772386630772499,0,0,1443,Dog,38.77473000011378,1.5529060001426842,40.32846600011908,0,0
1345,1444,1419.5,0.00027813342690641285,0.006770397684475136,0,0,1444,Dog,38.700021999829914,1.1257060000389174,39.82658099994296,0,0
1346,1445,1420.5,0.00028881055537055556,0.0067684087381777724,0,0,1445,Dog,36.34147300044788,3.4560919998511963,39.79841499995018,0,0
1347,1446,1421.5,0.0008211383681548945,0.0067664197918804085,0,0,1446,Dog,40.80537200024992,3.745221000372112,44.55139699985011,0,0
1348,1447,1422.5,0.0007020485108925056,0.006764430845583036,0,0,1447,Dog,40.647253000315686,1.9952879997617856,42.64350699986608,0,0
1349,1448,1423.5,0.0002589043594245499,0.006762441899285672,0,0,1448,Dog,46.86760699996739,4.354950999641005,51.22386299990467,0,0
1350,1449,1424.5,0.0006448587806134887,0.006760452952988309,0,0,1449,Dog,51.16777399962302,4.6264979996522015,55.79519299999447,0,0
1351,1450,1425.5,0.00026166459483401017,0.006758464006690945,0,0,1450,Dog,52.382866999778344,4.6371180001187895,57.021033999717474,0,0
1352,1451,1426.5,0.0008821919529047317,0.006756475060393581,0,0,1451,Dog,52.76986000035322,1.3582569999925909,54.12901999989117,0,0
1353,1452,1427.5,0.0015191046149424237,0.006754486114096209,0,0,1452,Dog,40.878560000237485,2.9495529997802805,43.829465999806416,0,0
1354,1453,1428.5,0.0015405373792729549,0.006752497167798845,0,0,1453,Dog,45.044826000321336,3.381083000022045,48.42843999995239,0,0
1355,1454,1429.5,0.00023899734488985747,0.006750508221501482,0,0,1454,Dog,40.50190599991765,2.7578120002544892,43.26134200027809,0,0
1356,1455,1430.5,0.0,0.006748519275204118,0,0,1455,Dog,45.18373100017925,2.903998999954638,48.08926900022925,0,0
1357,1456,1431.5,0.0,0.006746530328906754,0,0,1456,Dog,44.875344000047335,3.789151000091806,48.66568399984317,0,0
1358,1457,1432.5,0.0013895086005506485,0.006744541382609381,0,0,1457,Dog,46.336412000073324,0.9955350001291663,47.333422000065184,0,0
1359,1458,1433.5,0.0018848544555862823,0.0067425524363120175,0,0,1458,Dog,39.210175999869534,1.6303679999509768,40.842145000169694,0,0
1360,1459,1434.5,0.002537739867345623,0.0067405634900146545,0,1,1459,Dog,42.107856000257016,1.0162029998355138,43.12563299981775,0,0
1361,1460,1435.5,0.003034974855075312,0.006738574543717291,0,1,1460,Dog,37.929333000192855,4.207237000173336,42.13789799996448,0,0
1362,1461,1436.5,0.0024231763266528983,0.006727105958955358,0,1,1461,Dog,40.627338999911444,1.302999000017735,41.93116299984467,0,0
1363,1462,1437.5,0.0024712132405810827,0.006715637374193375,0,1,1462,Dog,37.616190999870014,0.8659830000397051,38.48300899971946,0,0
1364,1463,1438.5,0.001614743486592074,0.006704168789431443,0,0,1463,Dog,35.12554299959447,5.087575999823457,40.213992000190046,0,0
1365,1464,1439.5,0.0013425732250941236,0.006692700204669512,0,0,1464,Dog,37.87625199993272,0.8721909998712363,38.74927199967715,0,0
1366,1465,1440.5,0.001811384855150644,0.006681231619907579,0,0,1465,Dog,39.244846000201505,0.867204000314814,40.11288800029433,0,0
1367,1466,1441.5,0.001693897470743999,0.006669763035145647,0,0,1466,Dog,42.00625499970556,0.830426999982592,42.83735000035449,0,0
1368,1467,1442.5,0.0031607186833834122,0.006658294450383664,0,1,1467,Dog,35.16571000000113,1.406041999871377,36.5725710003062,0,0
1369,1468,1443.5,0.0034418805113790585,0.006646825865621732,0,1,1468,Dog,36.59258600009707,2.3861469999246765,38.97955799993724,0,0
1370,1469,1444.5,0.0021351356218056727,0.0066353572808598,0,0,1469,Dog,42.41053500027192,1.2164839999968535,43.62797099975069,0,0
1371,1470,1445.5,0.0010884706257208165,0.006623888696097868,0,0,1470,Dog,37.96672099997522,0.8518499998899642,38.81933499997103,0,0
1372,1471,1446.5,0.00017042610244022427,0.006612420111335936,0,0,1471,Dog,40.70019800019509,1.2189529998067883,41.92002700028752,0,0
1373,1472,1447.5,0.00015965717340760133,0.006600951526573953,0,0,1472,Dog,39.24710399996911,4.0097070000229,43.25815299989699,0,0
1374,1473,1448.5,0.00046405082916201046,0.0065894829418120205,0,0,1473,Dog,40.29931399963971,1.2485339998420386,41.54871099990487,0,0
1375,1474,1449.5,0.0012492202831181354,0.006578014357050089,0,0,1474,Dog,41.263599999638245,1.2225000000398722,42.48702199993204,0,0
1376,1475,1450.5,0.002492011799309357,0.006566545772288157,0,1,1475,Dog,40.91214400023091,1.3882409998586809,42.301217000385805,0,0
1377,1476,1451.5,0.0017471944203830692,0.006555077187526225,0,0,1476,Dog,34.94641999986925,0.8684530002938118,35.81563500029006,0,0
1378,1477,1452.5,0.001116041937340384,0.0065436086027642415,0,0,1477,Dog,34.76745399984793,0.8875859998624946,35.65588499986916,0,0
1379,1478,1453.5,0.0012310163574876798,0.006532140018002309,0,0,1478,Dog,34.110082000097464,0.8843059999890102,34.99530199997025,0,0
1380,1479,1454.5,0.0,0.006520671433240378,0,0,1479,Dog,36.12790999977733,0.9109940001508221,37.039764000383,0,0
1381,1480,1455.5,0.00018011287977048873,0.006509202848478446,0,0,1480,Dog,37.21636000000217,0.8879390002221044,38.10506899981192,0,0
1382,1481,1456.5,0.0006144764887006104,0.006499394434737036,0,0,1481,Dog,37.94720300038534,4.4818770002166275,42.42985499968199,0,0
1383,1482,1457.5,0.0009380494337866141,0.0064895860209955815,0,0,1482,Dog,41.31287600012001,2.904868000314309,44.21875199977876,0,0
1384,1483,1458.5,0.0006635490602373562,0.006479777607254171,0,0,1483,Dog,42.43142600034844,1.2463900002330774,43.67863000015859,0,0
1385,1484,1459.5,0.0011453663855025553,0.006469969193512761,0,0,1484,Dog,41.43342599991229,1.229312999839749,42.663634000291495,0,0
1386,1485,1460.5,0.0008547848282018933,0.006460160779771351,0,0,1485,Dog,49.05984100014393,0.905535999663698,49.96620600013557,0,0
1387,1486,1461.5,0.0008726577987167028,0.006450352366029941,0,0,1486,Dog,42.04408699979467,0.8696300001247437,42.9146229998878,0,0
1388,1487,1462.5,0.0012811159069968658,0.006440543952288487,0,0,1487,Dog,31.11567699988882,3.9307809997808363,35.047310999743786,0,0
1389,1488,1463.5,0.0019846960616790588,0.006430735538547077,0,0,1488,Dog,43.00351799975033,0.9060020001925295,43.91044900012275,0,0
1390,1489,1464.5,0.0014319429036045994,0.0064209271248056666,0,0,1489,Dog,38.08847700020124,2.373356000134663,40.46254400009275,0,0
1391,1490,1465.5,0.0008621452797320517,0.0064111187110642565,0,0,1490,Dog,39.61804700020366,2.378583999870898,41.99765799967281,0,0
1392,1491,1466.5,0.002000346011916232,0.006401310297322846,0,0,1491,Dog,40.60743199988792,1.3915829999859852,41.99980000021242,0,0
1393,1492,1467.5,0.0013418861958349737,0.006391501883581392,0,0,1492,Dog,36.62299100005839,3.7231119999887596,40.34693999983574,0,0
1394,1493,1468.5,0.0006751335594203933,0.006381693469839982,0,0,1493,Dog,44.058275999759644,3.2730729999457253,47.332246999758354,0,0
1395,1494,1469.5,0.00032599499342311766,0.006371885056098572,0,0,1494,Dog,38.965037999787455,1.0068359997603693,39.972816000044986,0,0
1396,1495,1470.5,0.0005405726414083878,0.006362076642357162,0,0,1495,Dog,34.94754799976363,0.848660999963613,35.79687599994941,0,0
1397,1496,1471.5,0.0015015327720958593,0.006352268228615752,0,0,1496,Dog,36.13596300010613,0.8613639997747669,36.99813399998675,0,0
1398,1497,1472.5,0.0010741727530949596,0.006342459814874297,0,0,1497,Dog,38.33595200012496,1.276235000204906,39.61344899971664,0,0
1399,1498,1473.5,0.0010777153552401497,0.006332651401132887,0,0,1498,Dog,41.603806000239274,1.3532699999814213,42.95861299988246,0,0
1400,1499,1474.5,0.001102251478826255,0.006322842987391477,0,0,1499,Dog,46.75138999982664,0.9689999997135601,47.72194299994226,0,0
1401,1500,1475.5,0.0004375393664894922,0.006313034573650067,0,0,1500,Dog,35.44975000022532,1.759403000050952,37.20995799994853,0,0
1402,1501,1476.5,0.0003697996208165133,0.006311145564156769,0,0,1501,Dog,39.67069600003015,3.2201820004047477,42.89209699982166,0,0
1403,1502,1477.5,0.0,0.006309256554663462,0,0,1502,Dog,37.848212999961106,1.0844849998647987,38.93397899992124,0,0
1404,1503,1478.5,1.4013485686636962e-05,0.006307367545170164,0,0,1503,Dog,41.7228950000208,4.665732999910688,46.38953300036519,0,0
1405,1504,1479.5,0.00017668395668490877,0.0063054785356768655,0,0,1504,Dog,43.29088499980571,1.2377289999676577,44.529486000101315,0,0
1406,1505,1480.5,0.0,0.006303589526183567,0,0,1505,Dog,38.96642500012604,1.231335999818839,40.19865300006131,0,0
1407,1506,1481.5,0.0,0.006301700516690269,0,0,1506,Dog,40.00881999991179,6.149263999759569,46.158927000305994,0,0
1408,1507,1482.5,0.0,0.006299811507196962,0,0,1507,Dog,34.55404799979078,3.6580860000867688,38.21301600009974,0,0
1409,1508,1483.5,0.0,0.006297922497703664,0,0,1508,Dog,43.555669999932434,0.924105000194686,44.48073300000033,0,0
1410,1509,1484.5,0.0,0.006296033488210366,0,0,1509,Dog,50.113462999888725,1.2891100000160804,51.40343299990491,0,0
1411,1510,1485.5,0.0,0.0062941444787170675,0,0,1510,Dog,50.7330649998039,1.3439829999697395,52.07821500016507,0,0
1412,1511,1486.5,0.0,0.006292255469223769,0,0,1511,Dog,68.4659170001396,4.440001000148186,72.90755199983323,0,0
1413,1512,1487.5,0.0,0.006290366459730462,0,0,1512,Dog,52.29678099976809,4.46411100028854,56.76195200021539,0,0
1414,1513,1488.5,0.0,0.006288477450237164,0,0,1513,Dog,39.452461000109906,4.805377000138833,44.25870799968834,0,0
1415,1514,1489.5,0.0,0.006286588440743866,0,0,1514,Dog,43.790408999939245,1.3736989999415528,45.16533400010303,0,0
1416,1515,1490.5,0.0,0.006284699431250568,0,0,1515,Dog,35.953484999936336,4.173304999767424,40.12780599987309,0,0
1417,1516,1491.5,0.00037942415351577274,0.0062828104217572695,0,0,1516,Dog,52.970089000154985,1.28691500003697,54.25806299990654,0,0
1418,1517,1492.5,0.0,0.006280921412263963,0,0,1517,Dog,44.55996299975595,1.2423719999787863,45.80326999985118,0,0
1419,1518,1493.5,0.0005090414040657132,0.006279032402770664,0,0,1518,Dog,39.791552999759006,1.2423099997249665,41.03475800002343,0,0
1420,1519,1494.5,0.0,0.006277143393277366,0,0,1519,Dog,41.11227100020187,2.9985050000505,44.111588000305346,0,0
1421,1520,1495.5,0.0,0.006275254383784068,0,0,1520,Dog,35.68109000025288,1.3648049998664646,37.04666400017231,0,0
1422,1521,1496.5,0.0,0.0062660451548292445,0,0,1521,Dog,40.41378700003406,1.2046199999531382,41.61925899961716,0,0
1423,1522,1497.5,0.0,0.006256835925874379,0,0,1522,Dog,45.13322800039532,1.3610109999717679,46.495505000166304,0,0
1424,1523,1498.5,0.0,0.006247626696919556,0,0,1523,Dog,40.455007999753434,3.1248880000021018,43.58096799978739,0,0
1425,1524,1499.5,0.0003746360489312872,0.0062384174679647325,0,0,1524,Dog,38.729602999865165,4.221491999942373,42.951936999998,0,0
1426,1525,1500.5,0.0013545304652509138,0.006229208239009909,0,0,1525,Dog,39.953910000349424,0.8836030001475592,40.83851900031732,0,0
1427,1526,1501.5,0.0008956952185725786,0.006219999010055086,0,0,1526,Dog,35.086332999981096,2.411986999959481,37.49910899978204,0,0
1428,1527,1502.5,0.0,0.0062107897811002205,0,0,1527,Dog,42.57832600023903,1.3196170002629515,43.89884300007907,0,0
1429,1528,1503.5,0.0,0.006201580552145397,0,0,1528,Dog,42.57313400012208,3.163972000038484,45.7380610000655,0,0
1430,1529,1504.5,0.0,0.006192371323190574,0,0,1529,Dog,43.39240700028313,1.468026000111422,44.86204800014093,0,0
1431,1530,1505.5,0.0,0.00618316209423575,0,0,1530,Dog,43.34599100002379,1.2977179999325017,44.64475299982951,0,0
1432,1531,1506.5,0.00035714266277353524,0.006173952865280927,0,0,1531,Dog,40.21959199963021,3.280099999756203,43.500580999989324,0,0
1433,1532,1507.5,0.00010914819541807397,0.006164743636326062,0,0,1532,Dog,36.97695800019574,2.672647000053985,39.65076800022871,0,0
1434,1533,1508.5,0.0,0.006155534407371238,0,0,1533,Dog,44.31067299992719,1.2452329997358902,45.55686599996989,0,0
1435,1534,1509.5,0.0,0.006146325178416415,0,0,1534,Dog,38.57767999988937,5.563209999763785,44.141819999822474,0,0
1436,1535,1510.5,0.0,0.006137115949461591,0,0,1535,Dog,41.690650999953505,3.3898030001182633,45.08198800022001,0,0
1437,1536,1511.5,0.0,0.006127906720506768,0,0,1536,Dog,40.80920699971102,3.7637279997397854,44.573793999916234,0,0
1438,1537,1512.5,0.0,0.006118697491551903,0,0,1537,Dog,39.9523500000214,0.8837940004013944,40.8368979997249,0,0
1439,1538,1513.5,0.0,0.006109488262597079,0,0,1538,Dog,43.22853300027418,0.9632190003685537,44.192472000304406,0,0
1440,1539,1514.5,0.0,0.006100279033642256,0,0,1539,Dog,35.963188000096125,2.237480000076175,38.20155900029931,0,0
1441,1540,1515.5,0.0,0.006091069804687432,0,0,1540,Dog,35.61671199986449,3.3189669998137106,38.93632399967828,0,0
1442,1541,1516.5,0.0005321140643044231,0.006090825514078274,0,0,1541,Dog,43.88640500019392,1.2577219999911904,45.145045000026585,0,0
1443,1542,1517.5,0.0009816866424952053,0.006090581223469115,0,0,1542,Dog,46.83999600001698,1.2560969998958171,48.097018000134995,0,0
1444,1543,1518.5,0.0,0.006090336932859957,0,0,1543,Dog,46.20318800016321,1.8868669999392296,48.091029999795865,0,0
1445,1544,1519.5,0.0,0.0060900926422507995,0,0,1544,Dog,40.1163199999246,1.9087579998995352,42.02597199991942,0,0
1446,1545,1520.5,0.0,0.006089848351641641,0,0,1545,Dog,41.18920700011586,1.7405829999006528,42.93184600010136,0,0
1447,1546,1521.5,0.0,0.006089604061032483,0,0,1546,Dog,43.34166299986464,4.695535999871936,48.03835299981074,0,0
1448,1547,1522.5,0.0,0.006089359770423324,0,0,1547,Dog,48.50561500006734,2.895829999943089,51.40257199991538,0,0
1449,1548,1523.5,0.0,0.006089115479814166,0,0,1548,Dog,38.7965360000635,4.712088999895059,43.509588000233634,0,0
1450,1549,1524.5,0.0001816660846347684,0.0060888711892050085,0,0,1549,Dog,39.36311899997236,0.8846030000313476,40.24861400012014,0,0
1451,1550,1525.5,0.00010037810022800464,0.00608862689859585,0,0,1550,Dog,39.0652019996196,0.8629100002508494,39.92901099991286,0,0
1452,1551,1526.5,0.00037393695762355517,0.006088382607986692,0,0,1551,Dog,38.206972000352835,4.375172999971255,42.58311900002809,0,0
1453,1552,1527.5,0.0,0.006088138317377533,0,0,1552,Dog,45.4371569999239,2.2383330001503055,47.676603000127216,0,0
1454,1553,1528.5,0.0,0.006087894026768375,0,0,1553,Dog,49.93535600033283,1.2526850000540435,51.188929000090866,0,0
1455,1554,1529.5,0.0009985122977997918,0.0060876497361592175,0,0,1554,Dog,41.449503999956505,3.689589999794407,45.14004399970872,0,0
1456,1555,1530.5,0.0003216557088107086,0.006087405445550059,0,0,1555,Dog,39.35602100000324,1.2327660001574259,40.58969800007617,0,0
1457,1556,1531.5,0.0,0.006087161154940901,0,0,1556,Dog,43.74100399991221,4.241652000018803,47.98363800000516,0,0
1458,1557,1532.5,0.0,0.006086916864331742,0,0,1557,Dog,54.71002600006614,4.222318000302039,58.933281999998144,0,0
1459,1558,1533.5,0.0,0.006086672573722584,0,0,1558,Dog,54.01216300015221,4.293435999898065,58.307007999701455,0,0
1460,1559,1534.5,0.0,0.006086428283113426,0,0,1559,Dog,40.77080900015062,2.6968639999722654,43.46939700008079,0,0
1461,1560,1535.5,0.0,0.006086183992504268,0,0,1560,Dog,46.05289499977516,2.3708519997853728,48.4246829996664,0,0
1462,1561,1536.5,0.0,0.00607265227167141,0,0,1561,Dog,40.952925000055984,1.237670000136859,42.19171100021413,0,0
1463,1562,1537.5,0.0,0.006059120550838489,0,0,1562,Dog,43.47785700019813,3.005977000157145,46.48472799999581,0,0
1464,1563,1538.5,0.0,0.00604558883000563,0,0,1563,Dog,58.24013299979924,3.8974550002421893,62.13848800007327,0,0
1465,1564,1539.5,0.0,0.006032057109172771,0,0,1564,Dog,38.74494000001505,3.8752690002183954,42.62114399989514,0,0
1466,1565,1540.5,0.0,0.006018525388339913,0,0,1565,Dog,34.05914199993276,1.9456220002211921,36.00569199988968,0,0
1467,1566,1541.5,0.0,0.006004993667507054,0,0,1566,Dog,50.250091000179964,1.7730190002112067,52.02409699995769,0,0
1468,1567,1542.5,0.0,0.005991461946674133,0,0,1567,Dog,53.09166600000026,1.2485430002016074,54.341194000244286,0,0
1469,1568,1543.5,0.0,0.005977930225841275,0,0,1568,Dog,43.700726999759354,1.2378710002849402,44.93957299973772,0,0
1470,1569,1544.5,0.0,0.005964398505008415,0,0,1569,Dog,35.98033700018277,3.7414019998323056,39.72259000011036,0,0
1471,1570,1545.5,0.0,0.005950866784175557,0,0,1570,Dog,37.505859000248165,1.0434139999233594,38.55056499969578,0,0
1472,1571,1546.5,0.0,0.0059373350633426985,0,0,1571,Dog,47.6877199998853,2.2886460001245723,49.97728200032725,0,0
1473,1572,1547.5,0.0,0.0059238033425097775,0,0,1572,Dog,47.89006500004689,1.209796999773971,49.10058499990555,0,0
1474,1573,1548.5,0.0,0.005910271621676919,0,0,1573,Dog,38.62787199977902,2.354004000153509,40.98267000017586,0,0
1475,1574,1549.5,0.0,0.00589673990084406,0,0,1574,Dog,33.59474399985629,2.6561589997982082,36.251644999993005,0,0
1476,1575,1550.5,0.0,0.005883208180011201,0,0,1575,Dog,47.54449400024896,1.2330370000199764,48.778470999877754,0,0
1477,1576,1551.5,0.0,0.005869676459178343,0,0,1576,Dog,39.328358000148,1.2361580002107075,40.565466999851196,0,0
1478,1577,1552.5,0.0,0.005856144738345422,0,0,1577,Dog,36.76520099998015,1.9202339999537799,38.68640500013498,0,0
1479,1578,1553.5,0.0,0.005842613017512563,0,0,1578,Dog,40.16371700026866,3.206437999779155,43.37110500000563,0,0
1480,1579,1554.5,0.0,0.005829081296679704,0,0,1579,Dog,46.895261999907234,0.8927150001909467,47.788758000024245,0,0
1481,1580,1555.5,0.0,0.005815549575846846,0,0,1580,Dog,45.01809700013837,1.2517879999904835,46.27102099993863,0,0
1482,1581,1556.5,0.0,0.00581374140051288,0,0,1581,Dog,37.83797599999161,3.3978860001298017,41.236946000026364,0,0
1483,1582,1557.5,0.0,0.005811933225178907,0,0,1582,Dog,35.62971200017273,5.479077000018151,41.1096110001381,0,0
1484,1583,1558.5,0.0,0.005810125049844941,0,0,1583,Dog,51.557764999870415,2.4616630003038154,54.02077600001576,0,0
1485,1584,1559.5,0.0,0.005808316874510976,0,0,1584,Dog,54.27054900019357,2.679039000213379,56.95057699995232,0,0
1486,1585,1560.5,0.0,0.00580650869917701,0,0,1585,Dog,38.471521999781544,0.8576290001656162,39.33011200024339,0,0
1487,1586,1561.5,0.0,0.005804700523843044,0,0,1586,Dog,35.15843900004256,0.8337220001521928,35.99292799981413,0,0
1488,1587,1562.5,0.0,0.005802892348509071,0,0,1587,Dog,35.766376000083255,0.7986779996826954,36.56582099984007,0,0
1489,1588,1563.5,0.0,0.005801084173175105,0,0,1588,Dog,35.53435499998159,3.3476349999546073,38.88271400001031,0,0
1490,1589,1564.5,0.0,0.00579927599784114,0,0,1589,Dog,37.672194999686326,0.8447750001323584,38.51792100022067,0,0
1491,1590,1565.5,0.0,0.005797467822507174,0,0,1590,Dog,43.015733000174805,0.8612760002506548,43.87776600015059,0,0
1492,1591,1566.5,0.0,0.005795659647173208,0,0,1591,Dog,40.09645099995396,4.265513000063947,44.36296800031414,0,0
1493,1592,1567.5,0.0,0.005793851471839235,0,0,1592,Dog,41.735751000032906,1.2711449999187607,43.00789199987776,0,0
1494,1593,1568.5,0.0,0.005792043296505269,0,0,1593,Dog,42.12659700033328,0.8772310002314043,43.00467300026867,0,0
1495,1594,1569.5,0.0,0.005790235121171304,0,0,1594,Dog,41.85704799965606,0.8775349997449666,42.73544299985588,0,0
1496,1595,1570.5,0.0,0.005788426945837338,0,0,1595,Dog,42.01183099985428,4.564153000046645,46.57714400036639,0,0
1497,1596,1571.5,0.0,0.005786618770503372,0,0,1596,Dog,44.57454899966251,1.347644999896147,45.92331700041541,0,0
1498,1597,1572.5,0.0,0.0057848105951693995,0,0,1597,Dog,45.36926999981006,2.3690969997005595,47.739297000134684,0,0
1499,1598,1573.5,0.0,0.0057830024198354335,0,0,1598,Dog,39.65858800029309,1.2979250000171305,40.957430000162276,0,0
1500,1599,1574.5,0.0,0.0057811942445014685,0,0,1599,Dog,41.65717500018218,1.9253239997851779,43.58343900003092,0,0
1501,1600,1575.5,0.0,0.0057793860691675025,0,0,1600,Dog,40.31651499963118,2.3815249996914645,42.69893199989383,0,0
1502,1601,1576.5,0.0,0.005777019545038066,0,0,1601,Dog,43.39198199977545,1.2342929999249463,44.62728899989088,0,0
1503,1602,1577.5,0.0,0.005774653020908621,0,0,1602,Dog,40.317799000149535,0.8746700000301644,41.19324700013749,0,0
1504,1603,1578.5,0.0,0.005772286496779184,0,0,1603,Dog,36.74340899988238,3.769837999698211,40.514048999739316,0,0
1505,1604,1579.5,0.0,0.005769919972649749,0,0,1604,Dog,37.480743000287475,3.931957000077091,41.41345000016372,0,0
1506,1605,1580.5,0.0,0.005767553448520313,0,0,1605,Dog,40.63877400039928,4.020973000024242,44.660801000190986,0,0
1507,1606,1581.5,0.0,0.005765186924390877,0,0,1606,Dog,41.967793999901915,4.826460000003863,46.79526500012798,0,0
1508,1607,1582.5,0.0,0.005762820400261431,0,0,1607,Dog,37.16363500006992,2.710868000121991,39.87543599987475,0,0
1509,1608,1583.5,0.0,0.005760453876131995,0,0,1608,Dog,45.669940000152565,0.9609159997125971,46.631971999886446,0,0
1510,1609,1584.5,0.0,0.005758087352002559,0,0,1609,Dog,38.21254600006796,0.9712300002320262,39.184836000004,0,0
1511,1610,1585.5,0.00011161714497909259,0.005755720827873123,0,0,1610,Dog,35.63653399987743,0.9548120001454663,36.59218599977976,0,0
1512,1611,1586.5,0.0010284008228192976,0.005753354303743687,0,0,1611,Dog,35.01052899991919,0.874002999807999,35.88522899963209,0,0
1513,1612,1587.5,0.001527698107220421,0.005750987779614241,0,0,1612,Dog,36.13004199996794,0.8541960000911786,36.98508699972081,0,0
1514,1613,1588.5,0.00038576805418677473,0.005748621255484805,0,0,1613,Dog,36.13803500002177,0.8810019999145879,37.019859999873006,0,0
1515,1614,1589.5,0.0009301675702305667,0.00574625473135537,0,0,1614,Dog,36.45213300023897,3.6888480003653967,40.14184600009685,0,0
1516,1615,1590.5,0.0,0.005743888207225933,0,0,1615,Dog,38.80043900016972,1.2157470000602189,40.01713099978588,0,0
1517,1616,1591.5,0.0,0.005741521683096497,0,0,1616,Dog,43.7601070002529,1.2278630001674173,44.98885300017719,0,0
1518,1617,1592.5,0.0005836848713420828,0.0057391551589670515,0,0,1617,Dog,47.808920000079524,1.2095310003132909,49.019383000086236,0,0
1519,1618,1593.5,0.00011707799629656623,0.005736788634837615,0,0,1618,Dog,36.95964400003504,0.8999579999908747,37.86041600005774,0,0
1520,1619,1594.5,0.0,0.00573442211070818,0,0,1619,Dog,38.44844000013836,1.0344950001126563,39.48378199993385,0,0
1521,1620,1595.5,0.0,0.005732055586578744,0,0,1620,Dog,35.188695000215375,1.7776499998944928,36.96714299985615,0,0
1522,1621,1596.5,0.0,0.005730310660842376,0,0,1621,Dog,44.951976999982435,2.7306290003252798,47.683680999853095,0,0
1523,1622,1597.5,0.0,0.005728565735106001,0,0,1622,Dog,41.05989399977261,0.9369770000375865,41.99811499984207,0,0
1524,1623,1598.5,0.0,0.005726820809369634,0,0,1623,Dog,40.83869300029619,1.2570049998430477,42.09670699992785,0,0
1525,1624,1599.5,0.000515319270197323,0.005725075883633267,0,0,1624,Dog,38.76357199987979,1.7355759996462439,40.50004100008664,0,0
1526,1625,1600.5,0.0002805824748423058,0.005723330957896899,0,0,1625,Dog,37.512710000100924,1.190836999739986,38.704505000168865,0,0
1527,1626,1601.5,0.000965300550162751,0.005721586032160532,0,0,1626,Dog,47.56262400042033,0.9250980001525022,48.488542000086454,0,0
1528,1627,1602.5,0.0010139298965541332,0.005719841106424157,0,0,1627,Dog,44.06129000017245,0.8840670002427942,44.94628600014039,0,0
1529,1628,1603.5,0.001062018561246214,0.00571809618068779,0,0,1628,Dog,41.109477000190964,0.8764570002313121,41.98674700000993,0,0
1530,1629,1604.5,0.001822275400376161,0.0057163512549514225,0,0,1629,Dog,38.18764400011787,0.8347289999619534,39.02316100038661,0,0
1531,1630,1605.5,0.0013903998698912012,0.005714606329215055,0,0,1630,Dog,39.12246199979563,3.3267399999203917,42.449877000308334,0,0
1532,1631,1606.5,0.0012126996829685543,0.005712861403478688,0,0,1631,Dog,37.79371499967965,1.8572150002000853,39.65173500000674,0,0
1533,1632,1607.5,0.0004611621159376078,0.005711116477742312,0,0,1632,Dog,38.9889990001393,0.8885319998626073,39.87826999991739,0,0
1534,1633,1608.5,0.0,0.005709371552005946,0,0,1633,Dog,39.102475000163395,3.0994129997452546,42.20266099991932,0,0
1535,1634,1609.5,0.0,0.005707626626269578,0,0,1634,Dog,37.97170500001812,5.363259000205289,43.33613200014952,0,0
1536,1635,1610.5,0.0,0.005705881700533211,0,0,1635,Dog,37.90275700021084,4.764591999901313,42.668469000091136,0,0
1537,1636,1611.5,0.0,0.0057041367747968355,0,0,1636,Dog,37.951311000142596,0.9251619999304239,38.87751299998854,0,0
1538,1637,1612.5,0.0,0.005702391849060468,0,0,1637,Dog,34.98458200010646,0.8779469999353751,35.86328500023228,0,0
1539,1638,1613.5,0.0,0.005700646923324101,0,0,1638,Dog,40.121580000231916,4.027735000363464,44.150171000183036,0,0
1540,1639,1614.5,0.0,0.005698901997587734,0,0,1639,Dog,47.76571699994747,1.2707020000561897,49.03738600023644,0,0
1541,1640,1615.5,0.0,0.0056971570718513664,0,0,1640,Dog,40.764968000075896,3.2581940004092758,44.02408899977672,0,0
1542,1641,1616.5,0.0,0.0056945763335427245,0,0,1641,Dog,38.68597000018781,1.9677559998854122,40.65460100036944,0,0
1543,1642,1617.5,0.0,0.005691995595234094,0,0,1642,Dog,42.35582599994814,1.3052000003881403,43.662021000272944,0,0
1544,1643,1618.5,0.0,0.005689414856925463,0,0,1643,Dog,44.34399299998404,1.2387659999149037,45.58373200006827,0,0
1545,1644,1619.5,0.0,0.0056868341186168325,0,0,1644,Dog,41.73256699959893,4.210236000290024,45.943718000216904,0,0
1546,1645,1620.5,0.0,0.005684253380308202,0,0,1645,Dog,41.87121399991156,4.207112999665696,46.07918500005326,0,0
1547,1646,1621.5,0.0,0.00568167264199956,0,0,1646,Dog,43.080039999949804,1.1980149997725675,44.278983999902266,0,0
1548,1647,1622.5,0.0,0.005679091903690929,0,0,1647,Dog,48.78737899980479,2.3942129996612493,51.18280099986805,0,0
1549,1648,1623.5,0.0,0.0056765111653822985,0,0,1648,Dog,39.54486599968732,0.9229180000147608,40.468696000061755,0,0
1550,1649,1624.5,0.0,0.005673930427073668,0,0,1649,Dog,37.965153999721224,0.8711269997547788,38.8372590000472,0,0
1551,1650,1625.5,0.0,0.005671349688765037,0,0,1650,Dog,34.12674399987736,0.8752590001677163,35.00279200034129,0,0
1552,1651,1626.5,0.0,0.005668768950456395,0,0,1651,Dog,37.101770999925066,0.8974830002443923,38.00009199994747,0,0
1553,1652,1627.5,0.0,0.005666188212147765,0,0,1652,Dog,36.114730999997846,3.4006590003627934,39.51620099996944,0,0
1554,1653,1628.5,0.0,0.005663607473839134,0,0,1653,Dog,44.37092200032566,2.035330000126123,46.407213999827945,0,0
1555,1654,1629.5,0.0,0.005661026735530503,0,0,1654,Dog,42.33990300008372,1.2444630001482437,43.5853720000523,0,0
1556,1655,1630.5,0.0,0.005658445997221873,0,0,1655,Dog,48.377467000136676,2.602399999886984,50.980786999843986,0,0
1557,1656,1631.5,0.0,0.005655865258913231,0,0,1656,Dog,42.343897000137076,1.2307809997764707,43.57565999998769,0,0
1558,1657,1632.5,0.0,0.0056532845206046,0,0,1657,Dog,38.02248900001359,0.9286890003750159,38.95216499995513,0,0
1559,1658,1633.5,0.0,0.005650703782295969,0,0,1658,Dog,36.031628000273486,3.420090999952663,39.452455999708036,0,0
1560,1659,1634.5,0.0,0.005648123043987339,0,0,1659,Dog,46.523248000085005,1.3080140001875407,47.83226099971216,0,0
1561,1660,1635.5,0.0,0.005645542305678708,0,0,1660,Dog,44.813379000061104,1.43635800031916,46.25077600030636,0,0
1562,1661,1636.5,0.0,0.0056420935823680175,0,0,1661,Dog,57.35215699996843,2.9590849999294733,60.312296000120114,0,0
1563,1662,1637.5,0.0005230188880720466,0.005638644859057342,0,0,1662,Dog,45.002080000358546,1.2178679999124142,46.22082300011243,0,0
1564,1663,1638.5,0.0005030419199126834,0.005635196135746667,0,0,1663,Dog,48.969859999942855,2.373152000018308,51.34401099985553,0,0
1565,1664,1639.5,0.0014447024632338046,0.005631747412435991,0,0,1664,Dog,45.616696999786654,0.8911649997571658,46.5087580000727,0,0
1566,1665,1640.5,0.0018348575507930454,0.005628298689125316,0,0,1665,Dog,41.140086999803316,2.8675489998022385,44.00858899998639,0,0
1567,1666,1641.5,0.0016557254900909646,0.005624849965814626,0,0,1666,Dog,38.05906600018716,0.8425890000580694,38.90245499997036,0,0
1568,1667,1642.5,0.0014972231149058546,0.00562140124250395,0,0,1667,Dog,35.14285100027337,0.8155639998221886,35.95927500009566,0,0
1569,1668,1643.5,0.0007115907687195167,0.005617952519193275,0,0,1668,Dog,36.192608999954246,3.7029300001449883,39.89626300017335,0,0
1570,1669,1644.5,0.0,0.005614503795882599,0,0,1669,Dog,39.06217199983075,2.63084100015476,41.69391599998562,0,0
1571,1670,1645.5,0.0006087605352200764,0.005611055072571924,0,0,1670,Dog,37.83106999981101,4.304328000216628,42.13641700016524,0,0
1572,1671,1646.5,0.00041951730072253834,0.005607606349261234,0,0,1671,Dog,41.04215200004546,0.9354339999845251,41.978713999924366,0,0
1573,1672,1647.5,0.00016280294012716023,0.005604157625950558,0,0,1672,Dog,41.48799299991879,0.9643460002735083,42.4536230002559,0,0
1574,1673,1648.5,0.0,0.005600708902639883,0,0,1673,Dog,40.16464700043798,1.0668230002011114,41.23229300012099,0,0
1575,1674,1649.5,0.0,0.0055972601793292075,0,0,1674,Dog,35.78305100018042,0.8868939999047143,36.67061099986313,0,0
1576,1675,1650.5,0.0,0.005593811456018533,0,0,1675,Dog,35.073349000413145,1.4051539997126383,36.47933000002013,0,0
1577,1676,1651.5,0.0,0.005590362732707842,0,0,1676,Dog,34.62586299974646,0.8733350000511564,35.50006100022074,0,0
1578,1677,1652.5,0.0,0.005586914009397166,0,0,1677,Dog,53.88971299998957,1.2618680002560723,55.15261499976987,0,0
1579,1678,1653.5,0.0,0.005583465286086491,0,0,1678,Dog,51.341995999791834,1.2562140000227373,52.59917600005792,0,0
1580,1679,1654.5,0.0,0.005580016562775816,0,0,1679,Dog,44.088583000302606,3.2955989995571144,47.385140000187675,0,0
1581,1680,1655.5,0.0,0.005576567839465141,0,0,1680,Dog,41.7240770002536,3.2722040000408015,44.99719399973401,0,0
1582,1681,1656.5,0.00018210192165801775,0.005572571166145592,0,0,1681,Dog,37.70845500002906,5.275071999676584,42.9844810000759,0,0
1583,1682,1657.5,0.0,0.005568574492826062,0,0,1682,Dog,41.23499000024822,2.143931999853521,43.37999200015474,0,0
1584,1683,1658.5,0.0,0.0055645778195065315,0,0,1683,Dog,44.32508099989718,1.2593640003615292,45.585329000005004,0,0
1585,1684,1659.5,0.0,0.005560581146187001,0,0,1684,Dog,41.001595000125235,2.7904290000151377,43.79334799978096,0,0
1586,1685,1660.5,0.0,0.005556584472867471,0,0,1685,Dog,43.167961000108335,1.2737059996652533,44.44259999991118,0,0
1587,1686,1661.5,0.0,0.005552587799547922,0,0,1686,Dog,41.764261000025726,3.3550950001881574,45.120300999769825,0,0
1588,1687,1662.5,0.0,0.005548591126228392,0,0,1687,Dog,39.32167299990397,3.6438640004234912,42.9664779999257,0,0
1589,1688,1663.5,0.0,0.005544594452908861,0,0,1688,Dog,36.42283499993937,2.8258920001462684,39.24956899982135,0,0
1590,1689,1664.5,0.0,0.005540597779589331,0,0,1689,Dog,39.103999999952066,1.991612000438181,41.09666200020001,0,0
1591,1690,1665.5,0.0,0.005536601106269801,0,0,1690,Dog,38.35495199973593,3.019552999830921,41.3756950001698,0,0
1592,1691,1666.5,0.0,0.005532604432950252,0,0,1691,Dog,41.2291389998245,1.0852860000341025,42.316557000049215,0,0
1593,1692,1667.5,0.0,0.005528607759630722,0,0,1692,Dog,39.908006000132445,1.089588000013464,40.999482999723114,0,0
1594,1693,1668.5,0.0,0.005524611086311191,0,0,1693,Dog,47.72985800036622,1.4768829996683053,49.208464000003005,0,0
1595,1694,1669.5,0.0,0.005520614412991661,0,0,1694,Dog,40.944303999822296,3.3959589995902206,44.34161899962419,0,0
1596,1695,1670.5,0.0,0.0055166177396721305,0,0,1695,Dog,44.34776700009024,3.3823799999481707,47.73213999988002,0,0
1597,1696,1671.5,0.0,0.005512621066352582,0,0,1696,Dog,65.39437099991119,2.806187000260252,68.20201799973802,0,0
1598,1697,1672.5,0.00023655309868697572,0.005508624393033052,0,0,1697,Dog,41.03550499985431,0.8803340001577453,41.91661799995927,0,0
1599,1698,1673.5,0.0,0.005504627719713521,0,0,1698,Dog,35.022374000163836,0.8536740001545695,35.87709199973688,0,0
1600,1699,1674.5,0.0,0.005500631046393991,0,0,1699,Dog,31.093829999917943,3.415486999983841,34.510006999880716,0,0
1601,1700,1675.5,0.0,0.0054966343730744605,0,0,1700,Dog,46.589963999849715,0.828533999992942,47.419113000159996,0,0
1602,1701,1676.5,0.0,0.005492578479113521,0,0,1701,Dog,34.20631200015123,0.8214930003305199,35.028489000069385,0,0
1603,1702,1677.5,0.0,0.0054885225851526,0,0,1702,Dog,46.15634100036914,0.8545880000383477,47.011737000048015,0,0
1604,1703,1678.5,0.0,0.005484466691191679,0,0,1703,Dog,43.14531399995758,0.8390120001422474,43.98522300016339,0,0
1605,1704,1679.5,0.0,0.005480410797230758,0,0,1704,Dog,38.14958900011334,0.8269150002888637,38.97719099995811,0,0
1606,1705,1680.5,0.0,0.005476354903269837,0,0,1705,Dog,45.1930290000746,0.8398619997933565,46.03365399998438,0,0
1607,1706,1681.5,0.0,0.005472299009308897,0,0,1706,Dog,36.14507500014952,0.8218010002565279,36.967736999940826,0,0
1608,1707,1682.5,0.0,0.005468243115347976,0,0,1707,Dog,35.16244499996901,3.4539090001999284,38.61723699992581,0,0
1609,1708,1683.5,0.0,0.005464187221387055,0,0,1708,Dog,54.49223200002962,4.152955000336078,58.64633000010144,0,0
1610,1709,1684.5,0.0,0.005460131327426134,0,0,1709,Dog,45.14100400001553,0.9045569995578262,46.04672499999651,0,0
1611,1710,1685.5,0.0,0.005456075433465213,0,0,1710,Dog,32.884568000099534,3.898931000094308,36.78443899980266,0,0
1612,1711,1686.5,0.0,0.0054520195395042735,0,0,1711,Dog,47.05624700000044,1.3734689996454108,48.430475999794,0,0
1613,1712,1687.5,0.0,0.005447963645543352,0,0,1712,Dog,45.60700199999701,0.89370300020164,46.501425000315066,0,0
1614,1713,1688.5,0.0,0.005443907751582431,0,0,1713,Dog,40.15037199997096,0.8870569999999134,41.03809999969599,0,0
1615,1714,1689.5,0.0,0.00543985185762151,0,0,1714,Dog,48.60733599980449,1.2572400000863126,49.865459999637096,0,0
1616,1715,1690.5,0.0,0.005435795963660589,0,0,1715,Dog,42.00540500005445,1.2623829998119618,43.26866700012033,0,0
1617,1716,1691.5,0.0,0.00543174006969965,0,0,1716,Dog,39.707342000383505,1.9631079999271606,41.67133800001466,0,0
1618,1717,1692.5,0.0,0.005427684175738729,0,0,1717,Dog,37.429197000165004,1.871160999598942,39.301247999901534,0,0
1619,1718,1693.5,0.0,0.0054236282817778075,0,0,1718,Dog,45.70370200008256,1.2887950001641002,46.993423999992956,0,0
1620,1719,1694.5,0.0,0.005419572387816886,0,0,1719,Dog,51.119403000029706,3.1328049999501673,54.25303499987422,0,0
1621,1720,1695.5,0.0,0.005415516493855965,0,0,1720,Dog,39.52709199984383,3.207451999969635,42.73574499984534,0,0
1622,1721,1696.5,0.0,0.005411709918418009,0,0,1721,Dog,51.98727900005906,1.348243999927945,53.337009999722795,0,0
1623,1722,1697.5,0.0,0.00540790334298007,0,0,1722,Dog,38.38133799990828,2.6263730001119256,41.00867899978766,0,0
1624,1723,1698.5,0.0,0.005404096767542131,0,0,1723,Dog,34.57444100013163,0.89931999991677,35.47460400022828,0,0
1625,1724,1699.5,0.0,0.005400290192104192,0,0,1724,Dog,46.06590999992477,0.8669270000609686,46.93361299996468,0,0
1626,1725,1700.5,0.0,0.005396483616666253,0,0,1725,Dog,55.7409939997342,1.2832289999096247,57.02535899990835,0,0
1627,1726,1701.5,0.0,0.005392677041228297,0,0,1726,Dog,43.89442000001509,1.2359450001895311,45.13148799969713,0,0
1628,1727,1702.5,0.0,0.005388870465790358,0,0,1727,Dog,45.812791000116704,3.2396730002801633,49.05344500002684,0,0
1629,1728,1703.5,0.0,0.005385063890352419,0,0,1728,Dog,47.94149000008474,3.312468999865814,51.25486199995066,0,0
1630,1729,1704.5,0.0,0.00538125731491448,0,0,1729,Dog,48.42770900040705,2.3895889999039355,50.818275999972684,0,0
1631,1730,1705.5,0.0,0.005377450739476541,0,0,1730,Dog,40.81077099999675,0.8940050001911004,41.70562900026198,0,0
1632,1731,1706.5,0.0,0.005373644164038585,0,0,1731,Dog,33.06714500013186,0.8742929999243643,33.94226199998229,0,0
1633,1732,1707.5,0.0,0.005369837588600646,0,0,1732,Dog,40.52791200001593,2.0259279999663704,42.554637999728584,0,0
1634,1733,1708.5,0.0,0.005366031013162707,0,0,1733,Dog,34.73601999985476,1.2995749998481188,36.03712900030587,0,0
1635,1734,1709.5,0.0,0.005362224437724768,0,0,1734,Dog,53.66082099999403,1.5051420000418148,55.1669899996341,0,0
1636,1735,1710.5,0.0,0.0053584178622868295,0,0,1735,Dog,41.25958600025115,1.8281419997947523,43.08869899978163,0,0
1637,1736,1711.5,0.0,0.005354611286848873,0,0,1736,Dog,46.281912000267766,3.386234000117838,49.669044999973266,0,0
1638,1737,1712.5,0.0,0.005350804711410934,0,0,1737,Dog,36.57504400007383,1.0972830000355316,37.6731659998768,0,0
1639,1738,1713.5,0.0,0.005346998135972995,0,0,1738,Dog,40.7883809998566,0.8771130001150595,41.66621499962275,0,0
1640,1739,1714.5,0.0,0.0053431915605350565,0,0,1739,Dog,41.5718949998336,0.8902220001800742,42.46290300034161,0,0
1641,1740,1715.5,0.0,0.0053393849850971176,0,0,1740,Dog,36.76215699988461,4.402684999604389,41.165682999690034,0,0
1642,1741,1716.5,0.0,0.005337258442370128,0,0,1741,Dog,39.590341999883094,1.4290149997577828,41.0201650001909,0,0
1643,1742,1717.5,0.0,0.005335131899643147,0,0,1742,Dog,38.69955400023173,3.6136640001132037,42.31406300004892,0,0
1644,1743,1718.5,0.0,0.005333005356916167,0,0,1743,Dog,40.11625799967078,3.3674030000838684,43.484854999860545,0,0
1645,1744,1719.5,0.0,0.005330878814189186,0,0,1744,Dog,36.541227999805415,2.4766299998191244,39.01877499993134,0,0
1646,1745,1720.5,0.0,0.005328752271462206,0,0,1745,Dog,45.7462829999713,3.1282279996958096,48.87584000016432,0,0
1647,1746,1721.5,0.0,0.005326625728735216,0,0,1746,Dog,39.710515000024316,3.863675000047806,43.57511899979727,0,0
1648,1747,1722.5,0.00021050310510417614,0.005324499186008236,0,0,1747,Dog,38.05995599987,4.276990000107617,42.337876000146935,0,0
1649,1748,1723.5,0.0,0.005322372643281255,0,0,1748,Dog,35.96694399993794,1.363793000109581,37.331633000121656,0,0
1650,1749,1724.5,0.0,0.005320246100554275,0,0,1749,Dog,49.36786000007487,3.3157650000248395,52.68450500034305,0,0
1651,1750,1725.5,0.0,0.005318119557827294,0,0,1750,Dog,52.683071000046766,2.017190000060509,54.70121999996991,0,0
1652,1751,1726.5,0.0,0.0053159930151003044,0,0,1751,Dog,40.91908299960778,1.216812000166101,42.13680800012298,0,0
1653,1752,1727.5,0.0,0.005313866472373324,0,0,1752,Dog,41.80838699994638,1.2555489997794211,43.064873999810516,0,0
1654,1753,1728.5,0.0,0.005311739929646344,0,0,1753,Dog,45.72518300028605,1.2384360002215544,46.96453799988376,0,0
1655,1754,1729.5,0.0,0.005309613386919363,0,0,1754,Dog,38.7617629999113,1.2227390002408356,39.985420999983035,0,0
1656,1755,1730.5,0.0,0.005307486844192383,0,0,1755,Dog,37.742072000128246,1.2056380001013167,38.94861299977492,0,0
1657,1756,1731.5,0.0,0.005305360301465393,0,0,1756,Dog,35.83616100013387,1.2372149999464455,37.07426300024963,0,0
1658,1757,1732.5,0.0,0.0053032337587384125,0,0,1757,Dog,43.76973799980988,4.646709000098781,48.41747499995108,0,0
1659,1758,1733.5,0.0,0.005301107216011432,0,0,1758,Dog,38.595040000018344,0.9188070002892346,39.514995999979874,0,0
1660,1759,1734.5,0.0,0.005298980673284452,0,0,1759,Dog,34.023756999886245,0.867592999838962,34.89206199992623,0,0
1661,1760,1735.5,0.0,0.005296854130557471,0,0,1760,Dog,35.09152400010862,0.8646560004308412,35.956926999915595,0,0
1662,1761,1736.5,0.0,0.005293705160494371,0,0,1761,Dog,44.14087599980121,0.8728900002097362,45.014579000053345,0,0
1663,1762,1737.5,0.0,0.005290556190431286,0,0,1762,Dog,46.92333499997403,2.640231999976095,49.564550000013696,0,0
1664,1763,1738.5,0.0,0.005287407220368201,0,0,1763,Dog,51.89345700000558,1.7389730001013959,53.63332899969464,0,0
1665,1764,1739.5,0.0,0.005284258250305115,0,0,1764,Dog,38.90452499990715,0.876313999924605,39.78160799988473,0,0
1666,1765,1740.5,0.0,0.00528110928024203,0,0,1765,Dog,36.12018900003022,0.9142849999079772,37.03533599991715,0,0
1667,1766,1741.5,0.0,0.00527796031017893,0,0,1766,Dog,38.127730000269366,0.9128090000558586,39.041516999986925,0,0
1668,1767,1742.5,0.0,0.005274811340115845,0,0,1767,Dog,34.01690900000176,0.8395469999413763,34.85711099983746,0,0
1669,1768,1743.5,0.0,0.00527166237005276,0,0,1768,Dog,35.16515100000106,1.3784200000372948,36.54438700004903,0,0
1670,1769,1744.5,0.0,0.005268513399989674,0,0,1769,Dog,34.61172400011492,1.387248000355612,35.99986400013222,0,0
1671,1770,1745.5,0.0,0.005265364429926589,0,0,1770,Dog,38.765791000059835,4.335778000040591,43.102879999878496,0,0
1672,1771,1746.5,0.0,0.005262215459863489,0,0,1771,Dog,41.608781999912026,1.3732769998568983,42.983309000192094,0,0
1673,1772,1747.5,0.0,0.005259066489800404,0,0,1772,Dog,45.29793899973811,3.421776000323007,48.72068399981799,0,0
1674,1773,1748.5,0.0,0.005255917519737319,0,0,1773,Dog,45.67315599979338,1.2338860001364083,46.90796600016256,0,0
1675,1774,1749.5,0.0,0.005252768549674233,0,0,1774,Dog,40.87295799990898,0.8712210001249332,41.74493900018206,0,0
1676,1775,1750.5,0.0,0.005249619579611148,0,0,1775,Dog,39.09427000007781,1.3763850001851097,40.47132599998804,0,0
1677,1776,1751.5,0.0,0.005246470609548048,0,0,1776,Dog,41.630141000041476,0.8437299998149683,42.474681999919994,0,0
1678,1777,1752.5,0.0,0.005243321639484963,0,0,1777,Dog,38.14072800014401,0.8432360000369954,38.984712999990734,0,0
1679,1778,1753.5,0.0,0.005240172669421878,0,0,1778,Dog,35.14520199996696,3.730983999957971,38.876920999882714,0,0
1680,1779,1754.5,0.0,0.005237023699358792,0,0,1779,Dog,34.270993000063754,2.3960349999470054,36.66783100015891,0,0
1681,1780,1755.5,0.0,0.005233874729295707,0,0,1780,Dog,36.59096799992767,0.8310050002364733,37.42270399970948,0,0
1682,1781,1756.5,0.0,0.005231696280804235,0,0,1781,Dog,38.17902900027548,1.3778620000266528,39.55780600017533,0,0
1683,1782,1757.5,0.0,0.005229517832312774,0,0,1782,Dog,41.61555300015607,1.3848700000380632,43.00118699984523,0,0
1684,1783,1758.5,0.0,0.0052273393838213125,0,0,1783,Dog,37.60145600017495,3.4047089998239244,41.00700900016818,0,0
1685,1784,1759.5,0.0,0.005225160935329851,0,0,1784,Dog,43.77105800040226,0.9327560001111124,44.70536400003766,0,0
1686,1785,1760.5,0.0,0.00522298248683839,0,0,1785,Dog,49.271187000158534,1.2807759999304835,50.55309399995167,0,0
1687,1786,1761.5,0.0004081307869678863,0.005220804038346918,0,0,1786,Dog,40.1938089999021,4.252280000400788,44.44701900001746,0,0
1688,1787,1762.5,0.00012242665898032357,0.005218625589855457,0,0,1787,Dog,77.68316900001082,1.2186240001028636,78.90278100012438,0,0
1689,1788,1763.5,0.000522755015098908,0.005216447141363996,0,0,1788,Dog,39.92368699982762,6.323625999812066,46.24807299978784,0,0
1690,1789,1764.5,0.0012524747289152094,0.005214268692872535,0,0,1789,Dog,42.57064100011121,1.28525099989929,43.856744000095205,0,0
1691,1790,1765.5,0.0003858491242761941,0.0052120902443810735,0,0,1790,Dog,44.85514799989687,2.384603000336938,47.24066500011759,0,0
1692,1791,1766.5,0.0005402995235731511,0.005209911795889602,0,0,1791,Dog,39.57976699985011,0.8943200000430807,40.47492800009422,0,0
1693,1792,1767.5,0.0,0.005207733347398141,0,0,1792,Dog,35.095664000436955,0.8990030000859406,35.99550199987789,0,0
1694,1793,1768.5,0.0003679254385897668,0.005205554898906679,0,0,1793,Dog,36.488905000169325,0.8718459998817707,37.36146399978679,0,0
1695,1794,1769.5,0.0002870338928742111,0.005203376450415218,0,0,1794,Dog,42.52656099970409,1.2347940000836388,43.7622240001474,0,0
1696,1795,1770.5,0.001210836894539602,0.005201198001923757,0,0,1795,Dog,40.17407199989975,0.9169790000669309,41.09211300010429,0,0
1697,1796,1771.5,0.0014985207693825053,0.005199019553432285,0,0,1796,Dog,39.02592699978413,1.277022000067518,40.304101000401715,0,0
1698,1797,1772.5,0.0018372557958952207,0.005196841104940824,0,1,1797,Dog,39.43592299992815,2.5304920000053244,41.96740099996532,0,0
1699,1798,1773.5,0.0023983971625259892,0.005194662656449363,0,1,1798,Dog,39.050124999903346,1.2622059998648183,40.31324000015957,0,0
1700,1799,1774.5,0.0011940136064501061,0.005192484207957902,0,0,1799,Dog,41.22531999973944,1.238586999988911,42.46489199977077,0,0
1701,1800,1775.5,0.0,0.00519030575946644,0,0,1800,Dog,46.49428699985947,1.2702740000349877,47.76549899997917,0,0
1702,1801,1776.5,0.0,0.005188963821476106,0,0,1801,Dog,43.04640400005155,0.8888150000530004,43.936169000062364,0,0
1703,1802,1777.5,0.0,0.005187621883485778,0,0,1802,Dog,39.06411699972523,0.875527000061993,39.94034300012572,0,0
1704,1803,1778.5,0.0,0.005186279945495451,0,0,1803,Dog,40.92241100033789,1.2501000001066132,42.17339999968317,0,0
1705,1804,1779.5,0.0,0.005184938007505123,0,0,1804,Dog,38.972585999999865,3.3471810002083657,42.32065699989107,0,0
1706,1805,1780.5,0.00024558546514019675,0.005183596069514795,0,0,1805,Dog,34.748614999898564,3.2759109999460634,38.02535100021487,0,0
1707,1806,1781.5,0.0011285494614488023,0.005182254131524461,0,0,1806,Dog,45.366300999830855,3.5117380002702703,48.878928999783966,0,0
1708,1807,1782.5,0.0002032464564958314,0.005180912193534133,0,0,1807,Dog,43.46811099958359,1.250088000233518,44.71921000003931,0,0
1709,1808,1783.5,0.0,0.005179570255543806,0,0,1808,Dog,40.516207000109716,1.08370800035118,41.60090899995339,0,0
1710,1809,1784.5,0.0,0.005178228317553478,0,0,1809,Dog,47.61880800015206,0.9396860000379093,48.559574999671895,0,0
1711,1810,1785.5,0.0,0.00517688637956315,0,0,1810,Dog,45.999338000001444,2.2158780002428102,48.21616799972617,0,0
1712,1811,1786.5,0.0,0.005175544441572816,0,0,1811,Dog,37.578679000034754,0.905313000203023,38.48482099965622,0,0
1713,1812,1787.5,0.0,0.005174202503582488,0,0,1812,Dog,39.856795000105194,1.654427999710606,41.512179000164906,0,0
1714,1813,1788.5,0.0,0.005172860565592161,0,0,1813,Dog,44.408931999896595,1.2571130000651465,45.66696000028969,0,0
1715,1814,1789.5,0.0,0.005171518627601833,0,0,1814,Dog,44.68000499991831,2.3518259999946167,47.03272500000821,0,0
1716,1815,1790.5,0.0,0.005170176689611505,0,0,1815,Dog,38.630874999853404,1.3591269998869393,39.99107700019522,0,0
1717,1816,1791.5,0.0,0.005168834751621171,0,0,1816,Dog,48.620987000049354,1.2375859996609506,49.85951599974214,0,0
1718,1817,1792.5,0.0,0.005167492813630843,0,0,1817,Dog,44.80315399996471,4.249056999924505,49.05311700031234,0,0
1719,1818,1793.5,0.0,0.005166150875640516,0,0,1818,Dog,40.907910000441916,3.7787139999636565,44.687449999855744,0,0
1720,1819,1794.5,0.0,0.005164808937650188,0,0,1819,Dog,39.316115000019636,3.332883999974001,42.64972200007833,0,0
1721,1820,1795.5,0.0,0.00516346699965986,0,0,1820,Dog,43.51715599977979,0.9445129999221535,44.462620000103925,0,0
1722,1821,1796.5,0.0,0.0051611109348704024,0,0,1821,Dog,58.26036899998144,1.9528299999365117,60.21432799980175,0,0
1723,1822,1797.5,0.0,0.005158754870080955,0,0,1822,Dog,38.724606999949174,2.6779390000228886,41.403483000067354,0,0
1724,1823,1798.5,0.0,0.0051563988052915075,0,0,1823,Dog,39.27778800016313,3.6616310003410035,42.94039300020813,0,0
1725,1824,1799.5,0.0,0.005154042740502061,0,0,1824,Dog,42.317194000133895,1.2412670002959203,43.55942599977425,0,0
1726,1825,1800.5,0.0,0.005151686675712613,0,0,1825,Dog,52.109222000126465,1.5923700002531405,53.702639999755775,0,0
1727,1826,1801.5,0.0,0.0051493306109231555,0,0,1826,Dog,47.08146899974963,4.3015210003432,51.38385800000833,0,0
1728,1827,1802.5,0.0,0.005146974546133708,0,0,1827,Dog,43.02715299991178,0.867233999997552,43.89522300016324,0,0
1729,1828,1803.5,0.0,0.0051446184813442606,0,0,1828,Dog,34.98295899998993,0.8852930000102788,35.86910200010607,0,0
1730,1829,1804.5,0.0005655237310080441,0.005142262416554814,0,0,1829,Dog,36.08766299976196,0.8811739999146084,36.96964600021602,0,0
1731,1830,1805.5,0.000275721366606807,0.0051399063517653665,0,0,1830,Dog,38.11515799998233,3.3552219997545762,41.47128100021291,0,0
1732,1831,1806.5,0.0001608817438130128,0.005137550286975909,0,0,1831,Dog,39.06941300010658,3.287348999947426,42.35765899966282,0,0
1733,1832,1807.5,4.426926687006727e-06,0.005135194222186461,0,0,1832,Dog,38.350132000232406,0.9416289999535365,39.292655999815906,0,0
1734,1833,1808.5,0.0011705782695790035,0.005132838157397014,0,0,1833,Dog,36.61815499981458,0.9606390003682463,37.58024600028875,0,0
1735,1834,1809.5,0.0006927271907533061,0.005130482092607567,0,0,1834,Dog,37.43349700016552,2.3608419996890007,39.795197999865195,0,0
1736,1835,1810.5,0.0009224434771494261,0.0051281260278181195,0,0,1835,Dog,34.56772999970781,3.3962630000132776,37.96478999993269,0,0
1737,1836,1811.5,0.0013867318681656249,0.005125769963028662,0,0,1836,Dog,45.42069999979503,1.8406660001346609,47.26225100012016,0,0
1738,1837,1812.5,0.0006257144405344972,0.005123413898239214,0,0,1837,Dog,41.12353200025609,4.227686999911384,45.352152999839745,0,0
1739,1838,1813.5,0.0005110172985437478,0.005121057833449767,0,0,1838,Dog,38.08755599993674,1.1943790000259469,39.282835999983945,0,0
1740,1839,1814.5,0.00010586450559502136,0.00511870176866032,0,0,1839,Dog,41.43088299997544,4.055196000081196,45.487027000035596,0,0
1741,1840,1815.5,0.0,0.005116345703870873,0,0,1840,Dog,39.97918200002459,1.2424490000739752,41.2225350000881,0,0
1742,1841,1816.5,0.0,0.00511450906940844,0,0,1841,Dog,46.72264400005588,1.6651660002935387,48.38869600007456,0,0
1743,1842,1817.5,0.0,0.0051126724349460145,0,0,1842,Dog,41.10950899985255,1.2432690000423463,42.35373499977868,0,0
1744,1843,1818.5,0.0,0.005110835800483589,0,0,1843,Dog,37.270735999754834,0.9021040000334324,38.17371900004218,0,0
1745,1844,1819.5,0.0,0.005108999166021165,0,0,1844,Dog,49.9067699997795,1.274147999993147,51.18192899999485,0,0
1746,1845,1820.5,0.0,0.00510716253155874,0,0,1845,Dog,36.97597099971972,2.3206420000860817,39.2979739999646,0,0
1747,1846,1821.5,0.0,0.005105325897096307,0,0,1846,Dog,49.89926899997954,1.3531180002246401,51.25358999976015,0,0
1748,1847,1822.5,0.0,0.005103489262633882,0,0,1847,Dog,42.10990599995057,4.255479000221385,46.36628800017206,0,0
1749,1848,1823.5,0.0,0.005101652628171457,0,0,1848,Dog,68.75778499988883,3.956935000132944,72.715849999895,0,0
1750,1849,1824.5,0.0,0.005099815993709032,0,0,1849,Dog,40.046910000000935,1.245933999598492,41.29374200010716,0,0
1751,1850,1825.5,0.0,0.005097979359246607,0,0,1850,Dog,54.06048299983013,1.2496139997892897,55.310996000116575,0,0
1752,1851,1826.5,0.0,0.005096142724784174,0,0,1851,Dog,49.4707150000977,1.7686959999991814,51.24033799984318,0,0
1753,1852,1827.5,0.0,0.005094306090321749,0,0,1852,Dog,43.28597900030218,0.9036530000230414,44.19048699992345,0,0
1754,1853,1828.5,0.0,0.005092469455859324,0,0,1853,Dog,39.09799800021574,2.3913489999358717,41.49026999994021,0,0
1755,1854,1829.5,0.0,0.0050906328213969,0,0,1854,Dog,35.59097900006236,3.3462609999332926,38.93811999978425,0,0
1756,1855,1830.5,0.0,0.0050887961869344744,0,0,1855,Dog,38.64228500015088,3.3952109997699154,42.03852899991034,0,0
1757,1856,1831.5,0.0,0.0050869595524720415,0,0,1856,Dog,38.64587999987634,4.117972000130976,42.76483700004974,0,0
1758,1857,1832.5,0.0,0.005085122918009616,0,0,1857,Dog,50.037807999615325,1.402375999987271,51.44144599989886,0,0
1759,1858,1833.5,0.0,0.005083286283547191,0,0,1858,Dog,37.50858800003698,3.2890350003071944,40.79849199979435,0,0
1760,1859,1834.5,0.0,0.005081449649084767,0,0,1859,Dog,41.60993799996504,0.8708349996595643,42.48154499964585,0,0
1761,1860,1835.5,0.0,0.005079613014622342,0,0,1860,Dog,38.64978899991911,1.8629099999998289,40.51363600001423,0,0
1762,1861,1836.5,0.0,0.005079586680250342,0,0,1861,Dog,37.55890100001125,2.4130709998644306,39.972732000023825,0,0
1763,1862,1837.5,0.0,0.005079560345878342,0,0,1862,Dog,37.11125699965123,0.8866529997249017,37.99865900009536,0,0
1764,1863,1838.5,0.0,0.005079534011506343,0,0,1863,Dog,41.5969870000481,0.9018159998959163,42.49963999973261,0,0
1765,1864,1839.5,0.0,0.005079507677134343,0,0,1864,Dog,37.07874100018671,0.8906739999474667,37.9701740002929,0,0
1766,1865,1840.5,0.0,0.005079481342762343,0,0,1865,Dog,37.46254099996804,0.9028489998854639,38.366290999874764,0,0
1767,1866,1841.5,0.0,0.005079455008390343,0,0,1866,Dog,40.57444799991572,1.2350860001788533,41.81048100008411,0,0
1768,1867,1842.5,0.0,0.005079428674018343,0,0,1867,Dog,39.71167100007733,2.616063999994367,42.328577999796835,0,0
1769,1868,1843.5,0.0,0.005079402339646344,0,0,1868,Dog,38.50198999998611,3.6259670000617916,42.128906000016286,0,0
1770,1869,1844.5,0.0,0.005079376005274344,0,0,1869,Dog,46.353732999705244,2.8562020002027566,49.21114499984469,0,0
1771,1870,1845.5,0.0,0.0050793496709023445,0,0,1870,Dog,40.37626099989211,0.951084999996965,41.32852199973058,0,0
1772,1871,1846.5,0.0,0.0050793233365303446,0,0,1871,Dog,34.94951799984847,0.9183140000459389,35.86872699997912,0,0
1773,1872,1847.5,0.0,0.005079297002158345,0,0,1872,Dog,37.0410170003197,0.9051370002453041,37.94689100004689,0,0
1774,1873,1848.5,0.0,0.005079270667786346,0,0,1873,Dog,37.05200300009892,0.9052479999809293,37.958138000249164,0,0
1775,1874,1849.5,0.0,0.005079244333414346,0,0,1874,Dog,38.26547500011657,3.242363000026671,41.508676999910676,0,0
1776,1875,1850.5,0.000616557746773938,0.005079217999042346,0,0,1875,Dog,39.574544000060996,0.9020780003083928,40.47746100013683,0,0
1777,1876,1851.5,0.0011610026698964937,0.005079191664670346,0,0,1876,Dog,40.084972999920865,3.4223210000163817,43.50809699963065,0,0
1778,1877,1852.5,0.0,0.005079165330298346,0,0,1877,Dog,44.36850999991293,1.249807000021974,45.6192420001571,0,0
1779,1878,1853.5,0.0005642062346311594,0.005079138995926347,0,0,1878,Dog,45.71732900012648,4.22404800019649,49.94227099996351,0,0
1780,1879,1854.5,0.0004232205494298924,0.005079112661554347,0,0,1879,Dog,40.0162089999867,0.9126629997808777,40.92977800019071,0,0
1781,1880,1855.5,0.0012803532279462848,0.005079086327182347,0,0,1880,Dog,38.05532300020786,4.480027000226983,42.53619599967351,0,0
1782,1881,1856.5,0.0013069567869173904,0.005075731869529769,0,0,1881,Dog,37.66787199992905,0.8964049998212431,38.5651249998773,0,0
1783,1882,1857.5,0.001694761014476076,0.005072377411877206,0,0,1882,Dog,34.973876000094606,1.9274410001344222,36.90227800007051,0,0
1784,1883,1858.5,0.001662518938088109,0.005069022954224644,0,0,1883,Dog,43.204178000451066,1.3009459999011597,44.506343999728415,0,0
1785,1884,1859.5,0.0015032534081053095,0.005065668496572081,0,0,1884,Dog,36.56502999956501,3.151426999920659,39.71727499992994,0,0
1786,1885,1860.5,0.0022864588671407393,0.005062314038919519,0,1,1885,Dog,32.83281700032603,4.4462789996941865,37.27980999974534,0,0
1787,1886,1861.5,0.002207523532834821,0.005058959581266941,0,1,1886,Dog,41.53327399990303,0.8447949999208504,42.37884699978167,0,0
1788,1887,1862.5,0.0014910031004788937,0.005055605123614378,0,0,1887,Dog,36.16613400026836,0.8410180003011192,37.007958000231156,0,0
1789,1888,1863.5,0.0007727642368613452,0.0050522506659618155,0,0,1888,Dog,37.13835000007748,4.0313350000360515,41.17053900017709,0,0
1790,1889,1864.5,0.0007398781580042479,0.005048896208309252,0,0,1889,Dog,40.98721699983798,0.865382000029058,41.853339999761374,0,0
1791,1890,1865.5,0.0021174932341180286,0.00504554175065669,0,1,1890,Dog,36.082455000268965,1.615568000033818,37.69904599994334,0,0
1792,1891,1866.5,0.0011958426110245668,0.005042187293004112,0,0,1891,Dog,38.38352299999315,0.8837639998091618,39.268182999876444,0,0
1793,1892,1867.5,0.0011980451585629215,0.005038832835351549,0,0,1892,Dog,42.9355480000595,4.832674999761366,47.76920499989501,0,0
1794,1893,1868.5,0.0026836194180729356,0.005035478377698987,0,1,1893,Dog,40.336947000014334,2.4623780000183615,42.800163999800134,0,0
1795,1894,1869.5,0.003256369035090856,0.005032123920046424,0,1,1894,Dog,38.5201250001046,0.8753259999139118,39.396233999923425,0,0
1796,1895,1870.5,0.001796732235926135,0.005028769462393862,0,0,1895,Dog,43.95582999995895,3.1824430002416193,47.13926400017954,0,0
1797,1896,1871.5,0.0028610917807989633,0.005025415004741284,0,1,1896,Dog,43.1166530001974,1.658501999827422,44.776442000056704,0,0
1798,1897,1872.5,0.0031833193821263484,0.005022060547088721,0,1,1897,Dog,41.400632000204496,1.23133900024186,42.63301099990713,0,0
1799,1898,1873.5,0.002050559229462845,0.0050187060894361585,0,1,1898,Dog,44.32986500023617,1.2412179999046202,45.571980999739026,0,0
1800,1899,1874.5,0.0027518541580338063,0.005015351631783595,0,1,1899,Dog,42.76684099977501,1.2421350002114195,44.009881999954814,0,0
1801,1900,1875.5,0.0031321725714342774,0.005011997174131033,0,1,1900,Dog,38.753354999698786,4.235848000007536,42.99015000015061,0,0
1802,1901,1876.5,0.0019464777548484635,0.005011912694241499,0,1,1901,Dog,40.72076800002833,1.2105740001970844,41.932295999686175,0,0
1803,1902,1877.5,0.0012160647506872513,0.005011828214351965,0,0,1902,Dog,42.65899200026979,3.030556000339857,45.69048599978487,0,0
1804,1903,1878.5,0.0010404550685129133,0.005011743734462432,0,0,1903,Dog,48.56115899974611,1.2343169996711367,49.79641199997786,0,0
1805,1904,1879.5,0.0014972869600959893,0.005011659254572897,0,0,1904,Dog,42.3081099997944,1.2409959999786224,43.55015300006926,0,0
1806,1905,1880.5,0.0011446344543254439,0.005011574774683364,0,0,1905,Dog,40.798408999762614,1.5147829999477835,42.31413700017583,0,0
1807,1906,1881.5,0.0,0.0050114902947938295,0,0,1906,Dog,40.424241999971855,3.2325530000889557,43.65773999961675,0,0
1808,1907,1882.5,0.0,0.005011405814904296,0,0,1907,Dog,39.76681499989354,2.6261869998052134,42.39398199979405,0,0
1809,1908,1883.5,0.0,0.0050113213350147625,0,0,1908,Dog,38.74969699973008,3.2573299999967276,42.0081779998327,0,0
1810,1909,1884.5,0.0,0.005011236855125228,0,0,1909,Dog,37.59534199980408,3.3444339997004136,40.94083000018145,0,0
1811,1910,1885.5,0.0,0.005011152375235695,0,0,1910,Dog,35.19544000027963,0.8531710000170278,36.049338999873726,0,0
1812,1911,1886.5,0.0,0.00501106789534616,0,0,1911,Dog,50.35583100016083,1.2658820000979176,51.62265499984642,0,0
1813,1912,1887.5,0.0,0.005010983415456627,0,0,1912,Dog,36.87551800021538,2.842999999757012,39.71977700030038,0,0
1814,1913,1888.5,0.0,0.005010898935567093,0,0,1913,Dog,37.05786800037458,2.5916750000760658,39.65070999993259,0,0
1815,1914,1889.5,0.0,0.005010814455677559,0,0,1914,Dog,46.33642699991469,4.208214000300359,50.54553899981329,0,0
1816,1915,1890.5,7.368505106641887e-05,0.005010729975788025,0,0,1915,Dog,43.51542899985361,3.9607419998901605,47.47756100005063,0,0
1817,1916,1891.5,0.0,0.005010645495898491,0,0,1916,Dog,39.638859999740816,0.8938080000007176,40.533558999868546,0,0
1818,1917,1892.5,0.0,0.005010561016008957,0,0,1917,Dog,43.000082000162365,3.3365029999004037,46.33734300023207,0,0
1819,1918,1893.5,0.0,0.005010476536119424,0,0,1918,Dog,44.45734899991294,1.2777209999512706,45.73601599986432,0,0
1820,1919,1894.5,0.0,0.0050103920562298895,0,0,1919,Dog,41.04408600005627,1.2516989995674521,42.29671699977189,0,0
1821,1920,1895.5,7.930868328021035e-05,0.005010307576340356,0,0,1920,Dog,48.69067100025859,4.738922999877104,53.43093999999837,0,0
1822,1921,1896.5,0.00012399598737156126,0.00499968839684739,0,0,1921,Dog,43.02962999963711,3.184039000188932,46.21485000006942,0,0
1823,1922,1897.5,7.357478173408705e-05,0.0049890692173544735,0,0,1922,Dog,37.697632999879715,2.634429999943677,40.33293300017249,0,0
1824,1923,1898.5,0.0005148252246632845,0.0049784500378615565,0,0,1923,Dog,39.394860999891534,2.237076000255911,41.63289899997835,0,0
1825,1924,1899.5,4.057319283234939e-05,0.0049678308583686395,0,0,1924,Dog,46.73982599979354,2.86584400009815,49.60657300034654,0,0
1826,1925,1900.5,0.0007523432745564218,0.0049572116788757226,0,0,1925,Dog,41.78956800024025,1.2175140000181273,43.008046000068134,0,0
1827,1926,1901.5,0.0005137294288596328,0.004946592499382757,0,0,1926,Dog,39.31750199990347,1.009625000278902,40.328193999812356,0,0
1828,1927,1902.5,0.0,0.00493597331988984,0,0,1927,Dog,37.0177100003275,3.431317000377021,40.45033100010187,0,0
1829,1928,1903.5,0.0,0.004925354140396923,0,0,1928,Dog,60.90888600010658,1.07747299989569,61.988645999917935,0,0
1830,1929,1904.5,0.0,0.004914734960904006,0,0,1929,Dog,58.88117999984388,4.060071999901993,62.94285800004218,0,0
1831,1930,1905.5,0.0,0.004904115781411089,0,0,1930,Dog,35.93104699984906,3.4905120000985335,39.42348400005358,0,0
1832,1931,1906.5,0.0,0.004893496601918124,0,0,1931,Dog,42.10760499972821,0.966839999819058,43.07550099974833,0,0
1833,1932,1907.5,0.0,0.004882877422425207,0,0,1932,Dog,86.77746500006833,1.0645259999364498,87.84412199975122,0,0
1834,1933,1908.5,0.0,0.00487225824293229,0,0,1933,Dog,50.537076000182424,5.493155999829469,56.03145900022355,0,0
1835,1934,1909.5,0.0,0.004861639063439373,0,0,1934,Dog,43.165374000182055,0.8893259996511915,44.05578299974877,0,0
1836,1935,1910.5,0.0,0.004851019883946456,0,0,1935,Dog,40.89089100034471,1.259570000001986,42.15145599982861,0,0
1837,1936,1911.5,0.0,0.00484040070445349,0,0,1936,Dog,45.04077299998244,1.2438789999578148,46.28559299999324,0,0
1838,1937,1912.5,0.0,0.004829781524960573,0,0,1937,Dog,39.32610599986219,1.2370899999041285,40.56407600000966,0,0
1839,1938,1913.5,0.0,0.004819162345467656,0,0,1938,Dog,39.82373999997435,1.278412999909051,41.10311000022193,0,0
1840,1939,1914.5,0.0,0.004808543165974739,0,0,1939,Dog,43.69625600020299,1.2450419999368023,44.942197000182205,0,0
1841,1940,1915.5,0.0,0.004797923986481822,0,0,1940,Dog,44.75980899997012,3.2905360003496753,48.0512539998017,0,0
1842,1941,1916.5,0.0,0.004794358486059356,0,0,1941,Dog,40.78105999997206,1.2200240003039653,42.002001000128075,0,0
1843,1942,1917.5,0.0,0.004790792985636906,0,0,1942,Dog,35.66029600006004,1.2163440001131676,36.87751099960224,0,0
1844,1943,1918.5,0.0,0.004787227485214456,0,0,1943,Dog,51.71216700000514,1.4162160000523727,53.13475999992079,0,0
1845,1944,1919.5,0.0,0.004783661984792006,0,0,1944,Dog,43.22878000039054,1.4430189999075083,44.67368800033,0,0
1846,1945,1920.5,0.0,0.004780096484369556,0,0,1945,Dog,48.38419099996827,3.0310469996948086,51.416706000054546,0,0
1847,1946,1921.5,0.0,0.00477653098394709,0,0,1946,Dog,33.812689000114915,2.3287700000764744,36.14228400010688,0,0
1848,1947,1922.5,0.0,0.004772965483524639,0,0,1947,Dog,36.56563200001983,0.8419659998253337,37.408456000321166,0,0
1849,1948,1923.5,0.0,0.00476939998310219,0,0,1948,Dog,35.18013300026723,0.8412460001636646,36.02213199974358,0,0
1850,1949,1924.5,0.0,0.004765834482679739,0,0,1949,Dog,34.26609999996799,3.255847000218637,37.52277300009155,0,0
1851,1950,1925.5,0.0,0.0047622689822572895,0,0,1950,Dog,34.59555400013414,1.4072049998503644,36.00348700001632,0,0
1852,1951,1926.5,0.0,0.004758703481834823,0,0,1951,Dog,37.631489999967016,2.774233999844,40.40655600010723,0,0
1853,1952,1927.5,0.0,0.004755137981412373,0,0,1952,Dog,38.178531999619736,1.3259819997983868,39.50540599998931,0,0
1854,1953,1928.5,0.0,0.004751572480989923,0,0,1953,Dog,40.49840600009702,3.2518660000278032,43.751232999966305,0,0
1855,1954,1929.5,0.0,0.004748006980567473,0,0,1954,Dog,38.33022799972241,1.3016389998483646,39.63282199993046,0,0
1856,1955,1930.5,0.0,0.004744441480145023,0,0,1955,Dog,42.13689100015472,2.8915969996887725,45.029419000002235,0,0
1857,1956,1931.5,0.0,0.004740875979722557,0,0,1956,Dog,40.28011200034598,1.3132170001881605,41.594593999889184,0,0
1858,1957,1932.5,0.0,0.004737310479300106,0,0,1957,Dog,42.60837900028491,2.164017000268359,44.773366000299575,0,0
1859,1958,1933.5,0.0,0.004733744978877657,0,0,1958,Dog,44.03365999996822,1.2634210002033797,45.29806799973812,0,0
1860,1959,1934.5,0.0,0.004730179478455206,0,0,1959,Dog,40.42317000039475,3.239356999984011,43.663489000209665,0,0
1861,1960,1935.5,0.0,0.0047266139780327565,0,0,1960,Dog,39.73306500029139,1.2660080001296592,40.999987999839504,0,0
1862,1961,1936.5,0.0,0.004722632199727591,0,0,1961,Dog,68.77353000027142,1.275956999961636,70.05050999987361,0,0
1863,1962,1937.5,0.0,0.004718650421422443,0,0,1962,Dog,40.60989200024778,4.236985999796161,44.84782899999118,0,0
1864,1963,1938.5,0.0,0.004714668643117296,0,0,1963,Dog,43.76310699990427,1.2523219998001878,45.01636899976802,0,0
1865,1964,1939.5,0.0010515467073777263,0.0047106868648121485,0,0,1964,Dog,41.093921000083355,1.8750300000647258,42.96985199971459,0,0
1866,1965,1940.5,0.0013911121477399035,0.0047067050865070015,0,0,1965,Dog,42.74597299991001,1.254797999990842,44.001722000302834,0,0
1867,1966,1941.5,0.0,0.004702723308201836,0,0,1966,Dog,41.70115499982785,1.2415269998200529,42.943640000430605,0,0
1868,1967,1942.5,0.0,0.004698741529896688,0,0,1967,Dog,40.77902700009872,3.6134410001977812,44.39332199990531,0,0
1869,1968,1943.5,0.0,0.004694759751591541,0,0,1968,Dog,42.56453300013163,1.3133809998180368,43.87911599997096,0,0
1870,1969,1944.5,0.00035496801661372146,0.0046907779732863935,0,0,1969,Dog,49.6631780001735,2.692622999802552,52.3568339999656,0,0
1871,1970,1945.5,0.0007100994243820491,0.0046867961949812464,0,0,1970,Dog,38.24015200007125,3.878844000155368,42.12000200004695,0,0
1872,1971,1946.5,0.0007803998691034986,0.004682814416676081,0,0,1971,Dog,46.0790380002436,1.2757859999510401,47.355714999866905,0,0
1873,1972,1947.5,0.0005049720292729099,0.004678832638370933,0,0,1972,Dog,43.15647900011754,2.9820859999745153,46.13950700013447,0,0
1874,1973,1948.5,0.0,0.004674850860065786,0,0,1973,Dog,37.464795999767375,3.9967339998838725,41.46235899997919,0,0
1875,1974,1949.5,0.0,0.004670869081760638,0,0,1974,Dog,39.00516500016238,1.2438579997251509,40.24991100004627,0,0
1876,1975,1950.5,0.0,0.004666887303455491,0,0,1975,Dog,46.78997500013793,3.3088089999182557,50.099723999665,0,0
1877,1976,1951.5,0.0003887252510471617,0.004662905525150326,0,0,1976,Dog,37.65902599980109,3.321803000289947,40.981724000175745,0,0
1878,1977,1952.5,9.770492040561685e-05,0.004658923746845178,0,0,1977,Dog,48.66359499965256,1.942672000041057,50.607175000095594,0,0
1879,1978,1953.5,0.0003041192991197761,0.004654941968540031,0,0,1978,Dog,34.92826399997284,1.2429479997990711,36.17209699996238,0,0
1880,1979,1954.5,0.00015767492276241857,0.004650960190234883,0,0,1979,Dog,46.2141419998261,1.2302320001253975,47.445285999856424,0,0
1881,1980,1955.5,0.0,0.004646978411929736,0,0,1980,Dog,44.10582600030466,1.3386089999585238,45.44566100003067,0,0
1882,1981,1956.5,0.0,0.0046460891089863425,0,0,1981,Dog,44.03717000013785,1.2567789999593515,45.29489800006559,0,0
1883,1982,1957.5,0.00011330734966352729,0.004645199806042952,0,0,1982,Dog,43.14328400005252,1.255146999938006,44.3993529997897,0,0
1884,1983,1958.5,0.0,0.004644310503099562,0,0,1983,Dog,48.22604700029842,2.6334280000810395,50.860370000009425,0,0
1885,1984,1959.5,0.00013361211571527587,0.004643421200156172,0,0,1984,Dog,45.03149600031975,1.2395450003168662,46.27209899990703,0,0
1886,1985,1960.5,0.0,0.004642531897212782,0,0,1985,Dog,42.10693599998194,1.2456990002647217,43.35352599991893,0,0
1887,1986,1961.5,0.0,0.004641642594269388,0,0,1986,Dog,38.72115700005452,1.2414570001055836,39.96353599995928,0,0
1888,1987,1962.5,0.0,0.004640753291325997,0,0,1987,Dog,38.752294999994774,1.2402910001583223,39.99347499984651,0,0
1889,1988,1963.5,0.0,0.004639863988382607,0,0,1988,Dog,42.81541499995001,3.2460839997838775,46.06242099998781,0,0
1890,1989,1964.5,0.0,0.004638974685439217,0,0,1989,Dog,39.729700999942,1.2201320000713167,40.95072100017205,0,0
1891,1990,1965.5,0.0,0.004638085382495827,0,0,1990,Dog,43.88451500017254,3.0887590000929777,46.974122999927204,0,0
1892,1991,1966.5,0.0,0.004637196079552433,0,0,1991,Dog,40.747090999957436,3.3014440000442846,44.04948199999126,0,0
1893,1992,1967.5,0.0,0.0046363067766090425,0,0,1992,Dog,42.18212699970536,2.2646870002063224,44.44821500010221,0,0
1894,1993,1968.5,0.0,0.004635417473665652,0,0,1993,Dog,38.654112000131136,0.9231060003003222,39.57855999988169,0,0
1895,1994,1969.5,0.0,0.0046345281707222625,0,0,1994,Dog,38.98084299999027,0.8996690003186814,39.88140499996007,0,0
1896,1995,1970.5,0.0,0.004633638867778872,0,0,1995,Dog,43.79683900015152,4.293168999993213,48.09089500031405,0,0
1897,1996,1971.5,0.0,0.004632749564835478,0,0,1996,Dog,41.135764999580715,1.4655400000265217,42.602192999765975,0,0
1898,1997,1972.5,0.0,0.004631860261892088,0,0,1997,Dog,41.00151900001947,1.245311000275251,42.24776800037944,0,0
1899,1998,1973.5,0.0,0.004630970958948697,0,0,1998,Dog,43.30561699998725,1.2281679996704042,44.534698000006756,0,0
1900,1999,1974.5,0.0,0.004630081656005308,0,0,1999,Dog,37.33801999987918,1.2349469998298446,38.57384900038596,0,0
1901,2000,1975.5,0.0,0.004629192353061917,0,0,2000,Dog,40.715455999816186,3.60439399992174,44.32074800024566,0,0
1902,2001,1976.5,0.0,0.004626280189201654,0,0,2001,Dog,38.34995199986224,1.241727999968134,39.59251599962954,0,0
1903,2002,1977.5,0.0,0.004623368025341404,0,0,2002,Dog,40.604904999781866,3.090444000008574,43.696219000139536,0,0
1904,2003,1978.5,0.0,0.0046204558614811545,0,0,2003,Dog,45.26071400005094,1.2671640001826745,46.52874300018084,0,0
1905,2004,1979.5,0.0,0.004617543697620905,0,0,2004,Dog,39.49621600031605,4.254357999798231,43.75168599972312,0,0
1906,2005,1980.5,0.0,0.004614631533760655,0,0,2005,Dog,65.44588599990675,1.4002200000504672,66.84751699958724,0,0
1907,2006,1981.5,0.0,0.004611719369900392,0,0,2006,Dog,34.13439499991,2.3800990002200706,36.51532899993981,0,0
1908,2007,1982.5,0.0,0.004608807206040142,0,0,2007,Dog,40.578350000032515,0.864728999658837,41.44384499977605,0,0
1909,2008,1983.5,0.0,0.004605895042179892,0,0,2008,Dog,35.12564899983772,0.8833540000523499,36.00985100001708,0,0
1910,2009,1984.5,0.0,0.004602982878319642,0,0,2009,Dog,35.093344999950205,0.8391459996346384,35.93317299964838,0,0
1911,2010,1985.5,0.0,0.004600070714459392,0,0,2010,Dog,38.154540000050474,0.8407999998780724,38.99604099979115,0,0
1912,2011,1986.5,0.0,0.004597158550599129,0,0,2011,Dog,36.157920000277954,2.39446500017948,38.553141000193136,0,0
1913,2012,1987.5,0.0,0.004594246386738879,0,0,2012,Dog,38.606029999755265,3.4390830001029826,42.04581100020732,0,0
1914,2013,1988.5,0.0,0.0045913342228786295,0,0,2013,Dog,35.574184999859426,0.9219230000780954,36.49689899975783,0,0
1915,2014,1989.5,0.0,0.00458842205901838,0,0,2014,Dog,37.428369000281236,0.9107539999604342,38.339977000305225,0,0
1916,2015,1990.5,0.0,0.00458550989515813,0,0,2015,Dog,37.72384400008377,1.4025960003891669,39.12727599981736,0,0
1917,2016,1991.5,0.0,0.004582597731297867,0,0,2016,Dog,37.56674299984297,0.8722470001885085,38.43972200002099,0,0
1918,2017,1992.5,0.0,0.004579685567437617,0,0,2017,Dog,36.676577999969595,3.0531029997291625,39.730545000111306,0,0
1919,2018,1993.5,0.0,0.004576773403577367,0,0,2018,Dog,37.5393169997551,4.660031000184972,42.20062899958066,0,0
1920,2019,1994.5,0.0,0.004573861239717117,0,0,2019,Dog,44.32093600007647,1.3942430000497552,45.716535999872576,0,0
1921,2020,1995.5,0.0,0.004570949075856867,0,0,2020,Dog,49.287985999853845,1.2718420002784114,50.56088399987857,0,0
1922,2021,1996.5,0.0,0.00456577139254393,0,0,2021,Dog,42.889586000001145,4.105162000087148,46.995656000035524,0,0
1923,2022,1997.5,0.0,0.004560593709231017,0,0,2022,Dog,48.739763000412495,1.6065450004134618,50.347220999810816,0,0
1924,2023,1998.5,0.0,0.004555416025918104,0,0,2023,Dog,45.3298550000909,1.249485999778699,46.580236999943736,0,0
1925,2024,1999.5,0.0,0.004550238342605191,0,0,2024,Dog,44.948319000013726,1.4312950002022262,46.38048600008915,0,0
1926,2025,2000.5,0.0,0.004545060659292277,0,0,2025,Dog,38.54977599985432,0.9199470000567089,39.47055599974192,0,0
1927,2026,2001.5,0.0,0.00453988297597934,0,0,2026,Dog,38.079309000295325,1.442893000330514,39.52301499975874,0,0
1928,2027,2002.5,0.0,0.004534705292666427,0,0,2027,Dog,38.567972000237205,0.9293230000366748,39.498011999967275,0,0
1929,2028,2003.5,0.0,0.004529527609353514,0,0,2028,Dog,38.05091899994295,3.4164159997089882,41.46812399994815,0,0
1930,2029,2004.5,0.0,0.0045243499260406005,0,0,2029,Dog,43.36545100022704,1.2584629998855235,44.624784999996336,0,0
1931,2030,2005.5,0.0,0.004519172242727687,0,0,2030,Dog,40.85022299977936,1.2740109996229876,42.12522199986779,0,0
1932,2031,2006.5,0.0,0.00451399455941475,0,0,2031,Dog,45.22398700009944,1.003488999685942,46.229229000346095,0,0
1933,2032,2007.5,0.0,0.004508816876101837,0,0,2032,Dog,39.373353999963,0.9463840001444623,40.320801999769174,0,0
1934,2033,2008.5,0.0,0.004503639192788924,0,0,2033,Dog,36.22658999984196,4.3861909998668125,40.61354199984635,0,0
1935,2034,2009.5,0.0,0.0044984615094760105,0,0,2034,Dog,38.616701000137255,0.8954099998845777,39.51290000031804,0,0
1936,2035,2010.5,0.0004587810616021315,0.004493283826163097,0,0,2035,Dog,46.114480000142066,0.8787570000095002,46.99416999983441,0,0
1937,2036,2011.5,0.0,0.00448810614285016,0,0,2036,Dog,35.41525099990395,0.8627019997220486,36.27859600010197,0,0
1938,2037,2012.5,0.0,0.0044829284595372465,0,0,2037,Dog,51.626952000333404,2.6410599998598627,54.26888600004531,0,0
1939,2038,2013.5,0.0,0.004477750776224334,0,0,2038,Dog,60.44025099981809,5.8770040000126755,66.31810700037022,0,0
1940,2039,2014.5,0.0,0.00447257309291142,0,0,2039,Dog,43.00190300000395,2.643870000156312,45.646676999695046,0,0
1941,2040,2015.5,0.0,0.004467395409598507,0,0,2040,Dog,49.394098999982816,2.662857999894186,52.05794599987712,0,0
1942,2041,2016.5,0.0,0.004465663900209865,0,0,2041,Dog,46.37631600007808,1.2368600000627339,47.6140209998448,0,0
1943,2042,2017.5,0.0,0.00446393239082123,0,0,2042,Dog,53.945890000250074,1.743083999826922,55.69035700000313,0,0
1944,2043,2018.5,0.0,0.004462200881432596,0,0,2043,Dog,43.14713699977801,4.257117000179278,47.405175999756466,0,0
1945,2044,2019.5,0.0,0.004460469372043961,0,0,2044,Dog,44.59158800000296,3.3993399997598317,47.99188800006959,0,0
1946,2045,2020.5,0.0,0.0044587378626553265,0,0,2045,Dog,39.575009000145656,4.268674999821087,43.844611999702465,0,0
1947,2046,2021.5,0.0,0.0044570063532666845,0,0,2046,Dog,55.45789799998602,1.2309079997976369,56.689729000027,0,0
1948,2047,2022.5,0.0,0.004455274843878049,0,0,2047,Dog,63.450902000113274,2.509665000161476,65.96154499993645,0,0
1949,2048,2023.5,0.0,0.004453543334489415,0,0,2048,Dog,39.263087999643176,0.872922999860748,40.13694099967324,0,0
1950,2049,2024.5,0.0,0.00445181182510078,0,0,2049,Dog,39.10548200019548,0.86545100020885,39.971706000415,0,0
1951,2050,2025.5,0.0011484478050113323,0.004450080315712146,0,0,2050,Dog,36.24773899991851,0.8404760001212708,37.089083999944705,0,0
1952,2051,2026.5,0.001236757098422414,0.004448348806323504,0,0,2051,Dog,42.248378000294906,1.5630530001544685,43.81228900001588,0,0
1953,2052,2027.5,0.0014244259900704215,0.004446617296934869,0,0,2052,Dog,38.97288500002105,4.627769999842712,43.60157400014941,0,0
1954,2053,2028.5,0.0015078392652655426,0.004444885787546235,0,0,2053,Dog,44.97223099997427,1.393103999816958,46.36643499998172,0,0
1955,2054,2029.5,0.000964930882952908,0.0044431542781576,0,0,2054,Dog,46.94296100024076,1.3552919999710866,48.2994819999476,0,0
1956,2055,2030.5,0.0016343382814015817,0.004441422768768966,0,0,2055,Dog,46.71070199992755,1.2426289999893925,47.95429400019202,0,0
1957,2056,2031.5,0.001580906246708258,0.004439691259380324,0,0,2056,Dog,43.98662400035391,2.3719079999864334,46.359501000097225,0,0
1958,2057,2032.5,0.002187017045024997,0.0044379597499916885,0,1,2057,Dog,41.405470999961835,4.267648999757512,45.67417499993098,0,0
1959,2058,2033.5,0.003047386234637739,0.004436228240603054,0,1,2058,Dog,44.33678499981397,4.107960000055755,48.44566000019768,0,0
1960,2059,2034.5,0.0027630319773022105,0.004434496731214419,0,1,2059,Dog,39.24980600004346,3.591990000131773,42.84267999992153,0,0
1961,2060,2035.5,0.0016198728117823302,0.004432765221825785,0,0,2060,Dog,57.82000999988668,1.249568000275758,59.070510000310605,0,0
1962,2061,2036.5,0.0015262296170925893,0.00443265136726908,0,0,2061,Dog,53.5349399997358,2.3887779998403857,55.924509999840666,0,0
1963,2062,2037.5,0.0028501757985197607,0.0044325375127123754,0,1,2062,Dog,35.6226459998652,0.9044329999596812,36.527974999899016,0,0
1964,2063,2038.5,0.002428379677384851,0.004432423658155671,0,1,2063,Dog,41.85338000024785,4.263065000031929,46.11737199957133,0,0
1965,2064,2039.5,0.0004413809456167428,0.004432309803598966,0,0,2064,Dog,49.71187799992549,5.634485999962635,55.347365999750764,0,0
1966,2065,2040.5,0.0,0.004432195949042261,0,0,2065,Dog,39.773794999746315,3.245853999942483,43.02082599997448,0,0
1967,2066,2041.5,0.0,0.004432082094485556,0,0,2066,Dog,34.61914199988314,0.9132350000982115,35.53326100018239,0,0
1968,2067,2042.5,0.0,0.004431968239928852,0,0,2067,Dog,36.17446899988863,3.56565700030842,39.74102199981644,0,0
1969,2068,2043.5,0.0,0.004431854385372147,0,0,2068,Dog,40.094097000292095,2.909662000092794,43.00468400015234,0,0
1970,2069,2044.5,0.0,0.004431740530815442,0,0,2069,Dog,40.00223200000619,1.2275409999347175,41.230682999866985,0,0
1971,2070,2045.5,0.0,0.0044316266762587375,0,0,2070,Dog,39.785026000117796,2.9543079999712063,42.74037999994107,0,0
1972,2071,2046.5,0.0,0.004431512821702032,0,0,2071,Dog,39.152250999904936,1.33129400001053,40.48452200004249,0,0
1973,2072,2047.5,0.0,0.004431398967145328,0,0,2072,Dog,45.55497500041383,1.2574749998748302,46.813396000288776,0,0
1974,2073,2048.5,0.0,0.004431285112588623,0,0,2073,Dog,48.32339899985527,0.8541460001652013,49.1782939998302,0,0
1975,2074,2049.5,0.0,0.004431171258031918,0,0,2074,Dog,36.72851300007096,2.4102850002236664,39.139469000019744,0,0
1976,2075,2050.5,0.0,0.004431057403475214,0,0,2075,Dog,35.61092300014934,2.408617000128288,38.02036600018255,0,0
1977,2076,2051.5,0.0,0.004430943548918508,0,0,2076,Dog,36.53299400002652,0.8737420002944418,37.4074669998663,0,0
1978,2077,2052.5,0.0,0.004430829694361804,0,0,2077,Dog,51.944070999979886,1.2675210000452353,53.212534000067535,0,0
1979,2078,2053.5,0.0,0.0044307158398051,0,0,2078,Dog,64.21656800011988,1.411796999946091,65.62984699985464,0,0
1980,2079,2054.5,0.0,0.004430601985248394,0,0,2079,Dog,40.1722870001322,1.301170000260754,41.474334000213275,0,0
1981,2080,2055.5,0.0,0.00443048813069169,0,0,2080,Dog,42.99258399987593,1.2462229997254326,44.23976800035234,0,0
1982,2081,2056.5,0.0,0.004425977112579588,0,0,2081,Dog,54.47850699965784,0.9523560001980513,55.43168099984541,0,0
1983,2082,2057.5,0.0,0.0044214660944675065,0,0,2082,Dog,43.183193000004394,0.9099449998757336,44.09397000017634,0,0
1984,2083,2058.5,0.0,0.004416955076355425,0,0,2083,Dog,46.98629599988635,2.005792000090878,48.9929709997341,0,0
1985,2084,2059.5,0.0,0.004412444058243344,0,0,2084,Dog,37.84201700000267,3.6118009998062917,41.45473200014749,0,0
1986,2085,2060.5,0.0,0.004407933040131262,0,0,2085,Dog,49.37418200006505,1.251625999884709,50.62675700037289,0,0
1987,2086,2061.5,0.0,0.0044034220220191605,0,0,2086,Dog,42.74179899994124,1.2479940000957868,43.99073599961412,0,0
1988,2087,2062.5,0.0,0.004398911003907079,0,0,2087,Dog,42.935616000249865,0.8608920002188825,43.79736900000353,0,0
1989,2088,2063.5,0.0,0.004394399985794997,0,0,2088,Dog,36.1360799997783,0.846339999952761,36.98335000035513,0,0
1990,2089,2064.5,0.0,0.004389888967682916,0,0,2089,Dog,36.14898500018171,3.3844910003608675,39.53431099989757,0,0
1991,2090,2065.5,0.0,0.0043853779495708345,0,0,2090,Dog,40.95907400005672,1.007543000014266,41.96861800028273,0,0
1992,2091,2066.5,0.0,0.004380866931458733,0,0,2091,Dog,37.81098700028451,0.9015900000122201,38.71328100012761,0,0
1993,2092,2067.5,0.0,0.004376355913346651,0,0,2092,Dog,36.952051000298525,0.8656270001665689,37.81842999978835,0,0
1994,2093,2068.5,0.0,0.004371844895234569,0,0,2093,Dog,36.082179000004544,0.9645340001043223,37.04751000032047,0,0
1995,2094,2069.5,0.0,0.0043673338771224885,0,0,2094,Dog,34.03558099989823,0.8699029999661434,34.90625499989619,0,0
1996,2095,2070.5,0.0,0.004362822859010407,0,0,2095,Dog,38.117406999845116,0.8693800000401097,38.98760599986417,0,0
1997,2096,2071.5,0.0,0.004358311840898305,0,0,2096,Dog,35.11933300023884,3.7343970002439164,38.854616999742575,0,0
1998,2097,2072.5,0.0,0.004353800822786223,0,0,2097,Dog,38.072687000294536,3.9417289999619243,42.015396999886434,0,0
1999,2098,2073.5,0.0,0.004349289804674142,0,0,2098,Dog,37.237536999782606,0.8858099999997648,38.12415999982477,0,0
2000,2099,2074.5,0.0006490831980993095,0.004344778786562061,0,0,2099,Dog,38.12429300023723,0.867469000240817,38.99262300001283,0,0
2001,2100,2075.5,0.0004629226105006268,0.004340267768449979,0,0,2100,Dog,46.137306000218814,0.879192999946099,47.017267999763135,0,0
2002,2101,2076.5,0.0003034251979050495,0.00433503583445681,0,0,2101,Dog,45.10406699955638,0.8512499998687417,45.956068000123196,0,0
2003,2102,2077.5,0.0004736152438621355,0.0043298039004636656,0,0,2102,Dog,40.97239400016406,1.273283999580599,42.246609999892826,0,0
2004,2103,2078.5,0.0,0.004324571966470521,0,0,2103,Dog,39.68346100009512,2.531048000037117,42.21574400025929,0,0
2005,2104,2079.5,0.0,0.004319340032477376,0,0,2104,Dog,38.51894199988237,4.274190999694838,42.794006999884004,0,0
2006,2105,2080.5,0.0011716737719309478,0.004314108098484232,0,0,2105,Dog,50.9513780002635,2.67317899988484,53.625507000106154,0,0
2007,2106,2081.5,0.0011921796666385376,0.004308876164491063,0,0,2106,Dog,42.03698700030145,4.258885000126611,46.29704499984655,0,0
2008,2107,2082.5,0.0019785737905976264,0.004303644230497918,0,1,2107,Dog,38.69537499986109,3.6351439998725255,42.331486999955814,0,0
2009,2108,2083.5,0.0021113730404000997,0.004298412296504774,0,1,2108,Dog,46.58434300017689,0.8547470001758484,47.44004800022594,0,0
2010,2109,2084.5,0.00243700745241493,0.004293180362511629,0,1,2109,Dog,42.88733700013836,4.957638000178122,47.84580300020025,0,0
2011,2110,2085.5,0.001783667637178743,0.004287948428518484,0,1,2110,Dog,42.055841999626864,3.4603310000420606,45.51708000008148,0,0
2012,2111,2086.5,0.0033401912051291838,0.0042827164945253154,0,1,2111,Dog,45.515270000123564,2.290441000241117,47.80662699977256,0,0
2013,2112,2087.5,0.0035756439165958165,0.004277484560532171,0,1,2112,Dog,47.7174659999946,4.2596100001901505,51.9781090001743,0,0
2014,2113,2088.5,0.00306817298763562,0.004272252626539026,0,1,2113,Dog,44.73979899967162,1.2424260003172094,45.98313499991491,0,0
2015,2114,2089.5,0.0014717751226867026,0.004267020692545882,0,0,2114,Dog,38.82548100000349,4.293108999718243,43.11955699995451,0,0
2016,2115,2090.5,0.000612244924183436,0.004261788758552737,0,0,2115,Dog,49.957465000261436,2.7146749998792075,52.67340799991871,0,0
2017,2116,2091.5,0.0,0.004256556824559568,0,0,2116,Dog,42.182353000043804,1.261756000076275,43.445204999898124,0,0
2018,2117,2092.5,0.0,0.0042513248905664235,0,0,2117,Dog,42.70928799996909,0.9441600000172912,43.654320999849006,0,0
2019,2118,2093.5,0.0,0.004246092956573279,0,0,2118,Dog,38.00890499996967,1.4320519999273529,39.441692999844236,0,0
2020,2119,2094.5,0.0,0.004240861022580134,0,0,2119,Dog,37.392992000150116,3.3647939999355003,40.75874599993767,0,0
2021,2120,2095.5,0.0,0.00423562908858699,0,0,2120,Dog,37.8166959999362,0.9203459999298502,38.73800700011998,0,0
2022,2121,2096.5,0.0,0.0042338482800381655,0,0,2121,Dog,35.05649300041114,0.9744070002852823,36.03160500006197,0,0
2023,2122,2097.5,0.0,0.004232067471489348,0,0,2122,Dog,38.68142800001806,4.149411000071268,42.83166400000482,0,0
2024,2123,2098.5,0.0,0.004230286662940532,0,0,2123,Dog,40.96883800002615,2.0100990000173624,42.9798350000965,0,0
2025,2124,2099.5,0.0,0.004228505854391716,0,0,2124,Dog,40.01845700031481,1.9123639999634179,41.931730000214884,0,0
2026,2125,2100.5,0.0,0.0042267250458428995,0,0,2125,Dog,36.0512249999374,1.2262359996384475,37.278536999565404,0,0
2027,2126,2101.5,0.0,0.0042249442372940755,0,0,2126,Dog,48.01273000020956,2.388485000210494,50.402015000145184,0,0
2028,2127,2102.5,0.0001498051615282936,0.004223163428745258,0,0,2127,Dog,38.664574999984325,3.7279430002854497,42.39332099996318,0,0
2029,2128,2103.5,5.035541136788613e-05,0.004221382620196442,0,0,2128,Dog,53.274675000011484,3.1403150001096947,56.41623300016363,0,0
2030,2129,2104.5,0.0013283979983982341,0.004219601811647626,0,0,2129,Dog,50.68628199978775,1.3039020000178425,51.99111100000664,0,0
2031,2130,2105.5,0.0,0.0042178210030988095,0,0,2130,Dog,47.540778999973554,2.6070859998981177,50.148776000241924,0,0
2032,2131,2106.5,0.0,0.004216040194549985,0,0,2131,Dog,39.38838200019745,4.631390000213287,44.02073500023107,0,0
2033,2132,2107.5,4.3291117472255e-05,0.004214259386001168,0,0,2132,Dog,43.384940000123606,1.6486589997839474,45.03447800016147,0,0
2034,2133,2108.5,0.0,0.004212478577452352,0,0,2133,Dog,37.52392200021859,0.8777409998401708,38.40245599985792,0,0
2035,2134,2109.5,0.0008299377987922574,0.004210697768903536,0,0,2134,Dog,35.09760399992956,0.8693849999872327,35.96788899994863,0,0
2036,2135,2110.5,0.0009443664898055593,0.004208916960354719,0,0,2135,Dog,35.12200099976326,0.8716759998605994,35.994535999634536,0,0
2037,2136,2111.5,0.0011275959682256476,0.004207136151805895,0,0,2136,Dog,42.619401999672846,0.9308239996244083,43.55113200017513,0,0
2038,2137,2112.5,0.0006541919676047447,0.004205355343257078,0,0,2137,Dog,49.41346199984764,2.272712999911164,51.68714799992813,0,0
2039,2138,2113.5,0.0019123504979610129,0.004203574534708262,0,1,2138,Dog,59.71476700005951,3.275925000252755,62.991655000132596,0,0
2040,2139,2114.5,0.0024395111360666633,0.004201793726159446,0,1,2139,Dog,67.0003700001871,4.678193000017927,71.68003600008888,0,0
2041,2140,2115.5,0.00416966981832001,0.004200012917610629,0,1,2140,Dog,56.014089999735006,4.186764999758452,60.20182400015983,0,0
2042,2141,2116.5,0.005544935423342445,0.004198495762646093,1,0,2141,Dog,51.79107900039526,1.137819000177842,52.929812999991555,1,1
2043,2142,2117.5,0.005853406819651186,0.004232067471489348,1,0,2142,Dog,46.18734999985463,1.1966100000790902,47.384807000071305,1,1
2044,2143,2118.5,0.005560933213177077,0.004324571966470521,1,0,2143,Dog,34.61483700039025,1.3529709999602346,35.96850599979007,1,1
2045,2144,2119.5,0.005243243124805841,0.004412444058243344,1,0,2144,Dog,37.67125499962276,0.8101129997157841,38.482216999909724,1,1
2046,2145,2120.5,0.005543762132928953,0.004432195949042261,1,0,2145,Dog,36.17534699969838,3.327417000036803,39.50362600016888,1,1
2047,2146,2121.5,0.0047520036041577285,0.0044570063532666845,1,0,2146,Dog,37.672692999876745,0.8405230000789743,38.51408700029424,1,1
2048,2147,2122.5,0.005078072012235868,0.004534705292666427,1,0,2147,Dog,35.13222199990196,0.8080110001174035,35.940961000051175,1,1
2049,2148,2123.5,0.0054641053757672475,0.004605895042179892,1,0,2148,Dog,51.98393699993176,3.3380449999640405,55.322882999917056,1,1
2050,2149,2124.5,0.0060794035321326545,0.004638974685439217,1,0,2149,Dog,58.51690999998027,2.348828999856778,60.866735000217886,1,1
2051,2150,2125.5,0.00498609698500474,0.0046867961949812464,1,0,2150,Dog,43.6124769998969,4.486439000174869,48.100209000040195,1,1
2052,2151,2126.5,0.004549847340824864,0.004738039309788989,0,1,2151,Dog,53.91592999967543,1.3621909997709736,55.279298999721505,0,0
2053,2152,2127.5,0.00408460685422396,0.004736769828482742,0,1,2152,Dog,46.42044199999873,1.2941899999532325,47.71556900004725,0,0
2054,2153,2128.5,0.0035235199658359972,0.004735500347176494,0,1,2153,Dog,50.663882000208105,2.3049829997034976,52.96981799983769,0,0
2055,2154,2129.5,0.0034000366968232054,0.004734230865870247,0,1,2154,Dog,35.778687999936665,2.6928719998977613,38.47250200033159,0,0
2056,2155,2130.5,0.003876920017191865,0.0047329613845639995,0,1,2155,Dog,42.177660999641375,1.2412210003276414,43.41976900013833,0,0
2057,2156,2131.5,0.0028459619602432262,0.004731691903257746,0,1,2156,Dog,37.076828999943245,1.2754009999298432,38.35314800016931,0,0
2058,2157,2132.5,0.0036133504623079293,0.004730422421951499,0,1,2157,Dog,40.42611799968654,1.9145960000059858,42.34165599973494,0,0
2059,2158,2133.5,0.0025897868306942184,0.004729152940645251,0,1,2158,Dog,43.40037300016775,1.7005579998112808,45.10208700003204,0,0
2060,2159,2134.5,0.0025529845871070656,0.004727883459339004,0,1,2159,Dog,44.93785500017111,1.4646489998995094,46.40397799994389,0,0
2061,2160,2135.5,0.002303752504471124,0.0047266139780327565,0,1,2160,Dog,44.1283969998949,2.436710999973002,46.566645999973844,0,0
2062,2161,2136.5,0.00279080663149045,0.004722632199727591,0,1,2161,Dog,39.49749499997779,3.8720560000911064,43.37091400020654,0,0
2063,2162,2137.5,0.002215297448810327,0.004718650421422443,0,1,2162,Dog,62.45614599993132,1.4831859998594155,63.94089100012934,0,0
2064,2163,2138.5,0.0020430487863432045,0.004714668643117296,0,1,2163,Dog,50.068212999576645,1.4215639998838014,51.491257999714435,0,0
2065,2164,2139.5,0.001671759723235633,0.0047106868648121485,0,0,2164,Dog,67.23346599983415,2.205794000019523,69.44060199975866,0,0
2066,2165,2140.5,0.002094263918363426,0.0047067050865070015,0,1,2165,Dog,41.66793099966526,3.443862000040099,45.11323299993819,0,0
2067,2166,2141.5,0.0012221231968365664,0.004702723308201836,0,0,2166,Dog,34.84106600035375,0.9048010001606599,35.74674099991171,0,0
2068,2167,2142.5,0.0023031295719003753,0.004698741529896688,0,1,2167,Dog,43.028275999859034,2.368401000239828,45.397537000098964,0,0
2069,2168,2143.5,0.002021922634032114,0.004694759751591541,0,1,2168,Dog,36.61687400017399,0.8731749999242311,37.490697000066575,0,0
2070,2169,2144.5,0.0017105213927564034,0.0046907779732863935,0,0,2169,Dog,48.06623100012075,2.415325000129087,50.48236399989037,0,0
2071,2170,2145.5,0.0002578231975144396,0.0046867961949812464,0,0,2170,Dog,37.60330900013287,0.8656190002511721,38.46963800015146,0,0
2072,2171,2146.5,0.00042803624293896725,0.004682814416676081,0,0,2171,Dog,41.92955200005599,1.2861440000051516,43.21660699997665,0,0
2073,2172,2147.5,0.0008845335507899899,0.004678832638370933,0,0,2172,Dog,51.87809800008836,1.2718540001515066,53.150923999965016,0,0
2074,2173,2148.5,0.001325343407766244,0.004674850860065786,0,0,2173,Dog,52.20993000011731,5.662762000156363,57.87390800014691,0,0
2075,2174,2149.5,0.00047058387695375625,0.004670869081760638,0,0,2174,Dog,57.224457999836886,1.30499700026121,58.53048100016167,0,0
2076,2175,2150.5,0.0017361851585397936,0.004666887303455491,0,0,2175,Dog,41.24423499979457,6.853116000002046,48.09839000017746,0,0
2077,2176,2151.5,0.002186407759194764,0.004662905525150326,0,1,2176,Dog,45.033045999844035,1.3605509998342313,46.39462800014371,0,0
2078,2177,2152.5,0.0030713933190127385,0.004658923746845178,0,1,2177,Dog,48.80150600001798,3.287519999958022,52.089980999880936,0,0
2079,2178,2153.5,0.0028088387990605757,0.004654941968540031,0,1,2178,Dog,44.556948999797896,1.260702000308811,45.818585000233725,0,0
2080,2179,2154.5,0.002929195932690143,0.004650960190234883,0,1,2179,Dog,42.69448399963949,2.799618000153714,45.495162999941385,0,0
2081,2180,2155.5,0.0023985298578409475,0.004646978411929736,0,1,2180,Dog,42.218493000291346,2.4473359999319655,44.666763999885006,0,0
2082,2181,2156.5,0.0025883471241215927,0.0046460891089863425,0,1,2181,Dog,39.6870200002013,0.8764520002841891,40.564439999798196,0,0
2083,2182,2157.5,0.0022513926772600446,0.004645199806042952,0,1,2182,Dog,35.11215400021683,3.4092060000148194,38.522149000073114,0,0
2084,2183,2158.5,0.0028607028670381007,0.004644310503099562,0,1,2183,Dog,42.27007400004368,1.2704040000244277,43.541318000279716,0,0
2085,2184,2159.5,0.001965705256757211,0.004643421200156172,0,1,2184,Dog,45.78523700001824,1.332237000042369,47.11859300005017,0,0
2086,2185,2160.5,0.0021427430280885895,0.004642531897212782,0,1,2185,Dog,41.139771999951336,1.2725169999612262,42.41378999995504,0,0
2087,2186,2161.5,0.002064793978856838,0.004641642594269388,0,1,2186,Dog,38.618628999756766,2.328730000044743,40.94846900034099,0,0
2088,2187,2162.5,0.0018315753028502746,0.004640753291325997,0,0,2187,Dog,38.6143250002533,0.9287689999837312,39.5439220001208,0,0
2089,2188,2163.5,0.0016310594795875266,0.004639863988382607,0,0,2188,Dog,40.994995000346535,3.7309519998416363,44.72683899984986,0,0
2090,2189,2164.5,0.001581069991132722,0.004638974685439217,0,0,2189,Dog,42.17063199985205,4.163096999945992,46.334674000263476,0,0
2091,2190,2165.5,0.001702014357868098,0.004638085382495827,0,0,2190,Dog,38.7384480000037,4.271384999810834,43.01075400007903,0,0
2092,2191,2166.5,0.002550555849440972,0.004637196079552433,0,1,2191,Dog,53.657742999803304,2.5863970004138537,56.24509200015382,0,0
2093,2192,2167.5,0.0026960965919587965,0.0046363067766090425,0,1,2192,Dog,38.61125000003085,0.870779999786464,39.48270799992315,0,0
2094,2193,2168.5,0.0019041318972078392,0.004635417473665652,0,1,2193,Dog,41.97267900008228,1.9054249996770523,43.8790319999498,0,0
2095,2194,2169.5,0.0015842041423463904,0.0046345281707222625,0,0,2194,Dog,43.866349999916565,1.2499529998422076,45.11721100016075,0,0
2096,2195,2170.5,0.0020228655520729832,0.004633638867778872,0,1,2195,Dog,47.01362000014342,1.2673259998337016,48.281846000008954,0,0
2097,2196,2171.5,0.001875642476109718,0.004632749564835478,0,0,2196,Dog,43.07961299991803,1.2677539998549037,44.34834499988938,0,0
2098,2197,2172.5,0.0020813459593611583,0.004631860261892088,0,1,2197,Dog,44.069585999750416,1.4542869998876995,45.52513699991323,0,0
2099,2198,2173.5,0.001558683768789093,0.004630970958948697,0,0,2198,Dog,41.957766999985324,1.8196840001110104,43.77829600025507,0,0
2100,2199,2174.5,0.0017065794407861157,0.004630081656005308,0,0,2199,Dog,40.968004999740515,1.2791969998033892,42.24815099996704,0,0
2101,2200,2175.5,0.0017769038560278005,0.004629192353061917,0,0,2200,Dog,42.943885999648046,3.1123690000640636,46.057320999807416,0,0
2102,2201,2176.5,0.001037174565988619,0.004626280189201654,0,0,2201,Dog,48.086667000006855,1.250290999905701,49.33791500025109,0,0
2103,2202,2177.5,0.0,0.004623368025341404,0,0,2202,Dog,38.26491100016938,3.0126249998829735,41.27850699978808,0,0
2104,2203,2178.5,0.0,0.0046204558614811545,0,0,2203,Dog,39.99462100000528,2.585777999684069,42.58138200020767,0,0
2105,2204,2179.5,0.0,0.004617543697620905,0,0,2204,Dog,41.44841799961796,1.2478389999159845,42.697105999650375,0,0
2106,2205,2180.5,0.0,0.004614631533760655,0,0,2205,Dog,38.70022999990397,1.2279289999241882,39.929043000029196,0,0
2107,2206,2181.5,0.0,0.004611719369900392,0,0,2206,Dog,51.83762200022102,1.3030400000388909,53.14163200000621,0,0
2108,2207,2182.5,0.0,0.004608807206040142,0,0,2207,Dog,53.248821000124735,2.075978999982908,55.32598499985397,0,0
2109,2208,2183.5,0.0,0.004605895042179892,0,0,2208,Dog,39.50145800035898,2.421959000002971,41.92429999966407,0,0
2110,2209,2184.5,0.0,0.004602982878319642,0,0,2209,Dog,34.67487399984748,1.3625860001411638,36.03840699997818,0,0
2111,2210,2185.5,0.0,0.004600070714459392,0,0,2210,Dog,53.89824499980023,1.3581080002040835,55.25723700020535,0,0
2112,2211,2186.5,0.0,0.004597158550599129,0,0,2211,Dog,46.886981000170636,4.242245000114053,51.13015000006271,0,0
2113,2212,2187.5,0.0,0.004594246386738879,0,0,2212,Dog,37.10585099997843,3.4517929998401087,40.55848000007245,0,0
2114,2213,2188.5,0.0,0.0045913342228786295,0,0,2213,Dog,38.34378400006244,4.281287000139855,42.62598100012838,0,0
2115,2214,2189.5,0.00015222180688267972,0.00458842205901838,0,0,2214,Dog,55.72414200014464,1.2992319998375024,57.024404000003415,0,0
2116,2215,2190.5,0.0012152102820711663,0.00458550989515813,0,0,2215,Dog,45.87530399976458,4.438516999925923,50.31467099979636,0,0
2117,2216,2191.5,2.3795065405507465e-05,0.004582597731297867,0,0,2216,Dog,38.53810600003271,0.8630379998066928,39.401940000061586,0,0
2118,2217,2192.5,3.0140473170070514e-05,0.004579685567437617,0,0,2217,Dog,38.15763800002969,1.8531679997977335,40.0117300000602,0,0
2119,2218,2193.5,0.00040034763880592017,0.004576773403577367,0,0,2218,Dog,39.12690200013458,0.8769439996285655,40.00471400013339,0,0
2120,2219,2194.5,0.00034659573324213877,0.004573861239717117,0,0,2219,Dog,37.116034000064246,0.8743879998291959,37.991221999618574,0,0
2121,2220,2195.5,0.0,0.004570949075856867,0,0,2220,Dog,39.11949200028175,0.874113000008947,39.994363999994675,0,0
2122,2221,2196.5,0.0004896719442343267,0.004569893989105263,0,0,2221,Dog,39.18734699982451,3.7889539999014232,42.977456000244274,0,0
2123,2222,2197.5,0.0008021123463450852,0.0045688389023536636,0,0,2222,Dog,47.30916700009402,0.9613329998501285,48.2719649999126,0,0
2124,2223,2198.5,0.0020954069575328527,0.004567783815602065,0,1,2223,Dog,41.87207399991166,0.89758800004347,42.77046200013501,0,0
2125,2224,2199.5,0.0006250696507109632,0.004566728728850465,0,0,2224,Dog,50.29766300003757,3.0894470000930596,53.38815799996155,0,0
2126,2225,2200.5,0.0016589093204888439,0.004565673642098866,0,0,2225,Dog,45.60154799992233,1.3216639999882318,46.924192999995284,0,0
2127,2226,2201.5,0.003080514012740232,0.004564618555347262,0,1,2226,Dog,40.780873999665346,0.8635489998596313,41.64522000019133,0,0
2128,2227,2202.5,0.0033477653737447044,0.004563563468595663,0,1,2227,Dog,34.094827999979316,0.8521910003764788,34.947817999636754,0,0
2129,2228,2203.5,0.002759148818387236,0.004562508381844064,0,1,2228,Dog,35.182761999749346,3.313548000278388,38.49700499995379,0,0
2130,2229,2204.5,0.002474337387051384,0.004561453295092464,0,1,2229,Dog,33.6523720002333,2.4221359999501146,36.07540599978165,0,0
2131,2230,2205.5,0.002692611977834547,0.004560398208340866,0,1,2230,Dog,35.59516400036955,0.9167959997284925,36.51285099977031,0,0
2132,2231,2206.5,0.0022943755119040343,0.004559343121589262,0,1,2231,Dog,41.23404700021638,0.9303820002060093,42.16525799984083,0,0
2133,2232,2207.5,0.0023094080414853835,0.004558288034837662,0,1,2232,Dog,41.10825299994758,3.1078900001375587,44.217085000127554,0,0
2134,2233,2208.5,0.0025642435874421166,0.004557232948086063,0,1,2233,Dog,44.14077199999156,1.2714049998976407,45.413137000196,0,0
2135,2234,2209.5,0.001604819952657488,0.004556177861334464,0,0,2234,Dog,44.45281300013448,1.4034750001883367,45.857698999952845,0,0
2136,2235,2210.5,0.0020003173226623705,0.004555122774582865,0,1,2235,Dog,43.195923999974184,3.2519930000489694,46.44883299988578,0,0
2137,2236,2211.5,0.0016641304027709136,0.004554067687831261,0,0,2236,Dog,40.93104899993705,0.9220859997185471,41.85413200002586,0,0
2138,2237,2212.5,0.0012714908430294658,0.004553012601079661,0,0,2237,Dog,45.85972599988963,1.2981670001863677,47.158868000224174,0,0
2139,2238,2213.5,0.0017296512931749275,0.0045519575143280625,0,0,2238,Dog,39.68998799973633,4.278431000329874,43.96939800017208,0,0
2140,2239,2214.5,0.0012624645508136911,0.004550902427576463,0,0,2239,Dog,41.08756400000857,2.17039900007876,43.258855000203766,0,0
2141,2240,2215.5,0.0015857928706058955,0.004549847340824864,0,0,2240,Dog,37.62510200022007,0.853447999816126,38.47938199987766,0,0
2142,2241,2216.5,0.0020255723582176532,0.004545724744263531,0,1,2241,Dog,35.201929999857384,0.8592850003878993,36.062038999716606,0,0
2143,2242,2217.5,0.0029502876664722066,0.004541602147702217,0,1,2242,Dog,35.06202500011568,0.8593060001658159,35.9220870000172,0,0
2144,2243,2218.5,0.003040000553991451,0.004537479551140903,0,1,2243,Dog,36.14028199990571,0.8704770002623263,37.011761000030674,0,0
2145,2244,2219.5,0.002080898180615076,0.004533356954579589,0,1,2244,Dog,39.1107419995933,1.2962609998794505,40.40794399998049,0,0
2146,2245,2220.5,0.0027339284323429913,0.004529234358018275,0,1,2245,Dog,37.70049199965797,0.8794410000518837,38.58071199965707,0,0
2147,2246,2221.5,0.003307868290065019,0.004525111761456942,0,1,2246,Dog,39.09921899958135,0.8353020002687117,39.93527400007224,0,0
2148,2247,2222.5,0.0025531013577313466,0.004520989164895628,0,1,2247,Dog,43.455145999814704,0.9814469999582798,44.438038999942364,0,0
2149,2248,2223.5,0.0015573615698447618,0.004516866568334314,0,0,2248,Dog,36.85565300020244,3.3146999999189575,40.17135399999461,0,0
2150,2249,2224.5,0.001935235409452507,0.004512743971772999,0,0,2249,Dog,38.591101999827515,2.91399099978662,41.50620400014304,0,0
2151,2250,2225.5,0.0020767890016953894,0.0045086213752116855,0,1,2250,Dog,38.04759600006946,0.9218390000569343,38.970343000073626,0,0
2152,2251,2226.5,0.001714476331831527,0.0045044987786503525,0,0,2251,Dog,37.41543100022682,4.06992199987144,41.486219999569585,0,0
2153,2252,2227.5,0.0017813780249448241,0.004500376182089039,0,0,2252,Dog,44.75455300007525,1.2920290000693058,46.047658000134106,0,0
2154,2253,2228.5,0.0022831811588911455,0.004496253585527725,0,1,2253,Dog,40.4003990001911,3.5366770002838166,43.937930000083725,0,0
2155,2254,2229.5,0.003017444756615806,0.00449213098896641,0,1,2254,Dog,39.36230300041643,1.3096880002194666,40.672956999969756,0,0
2156,2255,2230.5,0.002852165558598907,0.004488008392405096,0,1,2255,Dog,45.494135999888385,1.281421999919985,46.77653499993539,0,0
2157,2256,2231.5,0.003030111528813717,0.004483885795843763,0,1,2256,Dog,41.88659800001915,1.259512000160612,43.147010000211594,0,0
2158,2257,2232.5,0.004409346698782235,0.004479763199282468,0,1,2257,Dog,43.73054500001672,2.965353000035975,46.696791000158555,0,0
2159,2258,2233.5,0.005607934852161933,0.0044756406027211355,1,0,2258,Dog,42.251712000052066,0.853393000397773,43.10615399981543,1,1
2160,2259,2234.5,0.005289140668621517,0.0045509024275764585,1,0,2259,Dog,37.144313999760925,0.8001689998309303,37.94525600005727,1,1
2161,2260,2235.5,0.005799170925999131,0.004570949075856867,1,0,2260,Dog,38.26155699971423,2.911320999828604,41.17440100026215,1,1
2162,2261,2236.5,0.0058743800313398875,0.004626280189201654,1,0,2261,Dog,42.85895899965908,1.1534619998201379,44.013430999712,1,1
2163,2262,2237.5,0.005124471437302991,0.004645199806042956,1,0,2262,Dog,41.779416000281344,1.1565590002646786,42.936927000027936,1,1
2164,2263,2238.5,0.004156210052311038,0.004714668643117296,0,1,2263,Dog,38.05037300026015,4.023261999918759,42.07481200000984,0,0
2165,2264,2239.5,0.0036421476867144476,0.004710686864812131,0,1,2264,Dog,37.95250900020619,0.9162530000139668,38.86962099977609,0,0
2166,2265,2240.5,0.0030506907913881998,0.0047067050865070015,0,1,2265,Dog,37.09846799984007,0.8960069999375264,37.99530399965079,0,0
2167,2266,2241.5,0.0035150079500289033,0.004702723308201836,0,1,2266,Dog,42.133167999963916,1.258235000022978,43.39231199992355,0,0
2168,2267,2242.5,0.0027005239528250513,0.004698741529896707,0,1,2267,Dog,39.48676199979673,1.251830000001064,40.73956100000942,0,0
2169,2268,2243.5,0.002424386166918202,0.004694759751591541,0,1,2268,Dog,39.918630000101984,0.8535679999113199,40.772897000351804,0,0
2170,2269,2244.5,0.0018394644673053184,0.004690777973286376,0,0,2269,Dog,38.13043900026969,1.172690000203147,39.30389700008163,0,0
2171,2270,2245.5,0.003008185316942691,0.0046867961949812464,0,1,2270,Dog,34.321722999720805,3.3480120000604074,37.67063000032067,0,0
2172,2271,2246.5,0.0023799288819257303,0.004682814416676081,0,1,2271,Dog,40.99936600005094,2.06407899986516,43.06438599996909,0,0
2173,2272,2247.5,0.0011959042963785027,0.0046788326383709515,0,0,2272,Dog,52.9848299997866,1.3158219999240828,54.301654000028066,0,0
2174,2273,2248.5,0.0030256346246384513,0.004674850860065786,0,1,2273,Dog,52.086949000113236,1.5044880001369165,53.59318499995425,0,0
2175,2274,2249.5,0.0007228289893836948,0.004670869081760621,0,0,2274,Dog,42.486014000132855,1.3017449996368669,43.78884100015057,0,0
2176,2275,2250.5,0.0014425664901889235,0.004666887303455491,0,0,2275,Dog,39.162161000149354,2.308603000074072,41.471718000138935,0,0
2177,2276,2251.5,0.00244374279147086,0.004662905525150326,0,1,2276,Dog,42.26228200013793,3.3716730004016426,45.6348220000109,0,0
2178,2277,2252.5,0.0018930765809965777,0.0046589237468451965,0,0,2277,Dog,39.45218700027908,0.9325719997832493,40.38571899991439,0,0
2179,2278,2253.5,0.0011064899171548959,0.004654941968540031,0,0,2278,Dog,39.863270999831,0.929851999899256,40.79393000029086,0,0
2180,2279,2254.5,0.0005776814201243763,0.004650960190234866,0,0,2279,Dog,35.07007899997916,4.046486000333971,39.11735600013344,0,0
2181,2280,2255.5,0.0012963856555382458,0.004646978411929736,0,0,2280,Dog,38.714400000117166,3.0311749997053994,41.7465379996429,0,0
2182,2281,2256.5,0.0,0.0046460891089863425,0,0,2281,Dog,42.20660700002554,1.270523000130197,43.47813200001838,0,0
2183,2282,2257.5,0.0,0.004645199806042956,0,0,2282,Dog,42.47242300016296,4.25153899959696,46.724915000140754,0,0
2184,2283,2258.5,0.0,0.004644310503099562,0,0,2283,Dog,40.72220800026116,3.9666910001869837,44.689824000215594,0,0
2185,2284,2259.5,0.0,0.004643421200156168,0,0,2284,Dog,44.158201999835,2.0685620002041105,46.227716999965196,0,0
2186,2285,2260.5,0.0,0.004642531897212782,0,0,2285,Dog,48.18233000014516,3.73299099965152,51.91642799991314,0,0
2187,2286,2261.5,0.0,0.004641642594269388,0,0,2286,Dog,38.294693999887386,4.32710799987035,42.623151000043435,0,0
2188,2287,2262.5,0.0,0.004640753291326002,0,0,2287,Dog,36.51604300011968,1.3593459998446633,37.87657199973182,0,0
2189,2288,2263.5,0.0,0.004639863988382607,0,0,2288,Dog,53.43906000007337,1.2882629998784978,54.72826499999428,0,0
2190,2289,2264.5,0.0,0.004638974685439213,0,0,2289,Dog,46.64109900022595,2.7579750003496883,49.40011799999411,0,0
2191,2290,2265.5,0.0005327993874477688,0.004638085382495827,0,0,2290,Dog,44.229575999906956,1.8135939999410766,46.044052000070224,0,0
2192,2291,2266.5,0.000929826388711974,0.004637196079552433,0,0,2291,Dog,40.3662799999438,3.4465399999135116,43.813707000026625,0,0
2193,2292,2267.5,0.0015575787204563651,0.004636306776609047,0,0,2292,Dog,39.46233799979382,1.9921510001950082,41.45545700021103,0,0
2194,2293,2268.5,0.0010394027368219039,0.004635417473665652,0,0,2293,Dog,40.926977999788505,2.9363809999267687,43.864284999926895,0,0
2195,2294,2269.5,0.0013599404439765816,0.004634528170722258,0,0,2294,Dog,39.99320999992051,2.3340460002145846,42.328246999659314,0,0
2196,2295,2270.5,0.0027643997333534065,0.004633638867778872,0,1,2295,Dog,41.52444099963759,2.5605799996810674,44.08593900006963,0,0
2197,2296,2271.5,0.0030407119893002266,0.004632749564835478,0,1,2296,Dog,45.82686999992802,1.1274299999968207,46.955212999819196,0,0
2198,2297,2272.5,0.002235263432315948,0.004631860261892092,0,1,2297,Dog,34.8521509999955,1.8242029996144993,36.677326999779325,0,0
2199,2298,2273.5,0.0020278324229972,0.004630970958948697,0,0,2298,Dog,40.36850900001809,1.0087910000038391,41.378713000085554,0,0
2200,2299,2274.5,0.002141341910713468,0.004630081656005303,0,1,2299,Dog,34.84776300001613,0.9657210002842476,35.814365000078396,0,0
2201,2300,2275.5,0.0013080849707636233,0.004629192353061917,0,0,2300,Dog,36.21742900031677,0.9304919999522099,37.14860399986719,0,0
2202,2301,2276.5,0.0011014921767299457,0.004626280189201654,0,0,2301,Dog,37.78428099985831,0.9348680000584864,38.719973000297614,0,0
2203,2302,2277.5,0.0015049473837741578,0.004623368025341417,0,0,2302,Dog,37.14760599996225,3.3251579998250236,40.47368900000947,0,0
2204,2303,2278.5,0.0021609393384929287,0.0046204558614811545,0,1,2303,Dog,39.37017799989917,3.974409999955242,43.34540899981221,0,0
2205,2304,2279.5,0.0032098243175678887,0.004617543697620892,0,1,2304,Dog,39.004789000046,4.007126999567845,43.012824000015826,0,0
2206,2305,2280.5,0.002614609573279858,0.004614631533760655,0,1,2305,Dog,38.98118400002204,1.25580500025535,40.23790600012944,0,0
2207,2306,2281.5,0.003495865651670149,0.004611719369900392,0,1,2306,Dog,38.73665799983428,1.2528349998319754,39.99044700003651,0,0
2208,2307,2282.5,0.0031801146546037717,0.004608807206040155,0,1,2307,Dog,38.98111799981052,0.9370960001433559,39.919072999964555,0,0
2209,2308,2283.5,0.004728261281913282,0.004605895042179892,1,0,2308,Dog,35.02774800017505,0.8592580002186878,35.88790300000255,1,1
2210,2309,2284.5,0.0040086733449019585,0.004638974685439213,0,1,2309,Dog,35.16861099978996,0.9135310001511243,36.0829820001527,0,0
2211,2310,2285.5,0.004521440107513874,0.004638085382495827,0,1,2310,Dog,45.95710400008102,1.289190000079543,47.24721299999146,0,0
2212,2311,2286.5,0.00530884442668178,0.004637196079552433,1,0,2311,Dog,46.22682299986991,4.0763709998827835,50.304386999869166,1,1
2213,2312,2287.5,0.005156814010275346,0.0046788326383709515,1,0,2312,Dog,48.4230550000575,1.2052110000695393,49.62933700016947,1,1
2214,2313,2288.5,0.005370024584111843,0.00472719053439094,1,0,2313,Dog,40.64917000005153,1.1418379999668105,41.79192800029341,1,1
2215,2314,2289.5,0.006615142274313368,0.0047353839785866094,1,0,2314,Dog,39.8338039999544,3.201527999863174,43.03625800002919,1,1
2216,2315,2290.5,0.004731486836794585,0.004763483699738752,0,1,2315,Dog,38.80235799988441,4.0596399999230925,42.863021999892226,0,0
2217,2316,2291.5,0.005993636586058004,0.004761187680622539,1,0,2316,Dog,40.40705400029765,1.19184100003622,41.59988699984751,1,1
2218,2317,2292.5,0.0062719330717617705,0.004826149936260277,1,0,2317,Dog,62.343111999780376,2.6466879999134107,64.99076899990541,1,1
2219,2318,2293.5,0.005747794149793872,0.004988518044138299,1,0,2318,Dog,36.31702199982101,4.147189999912371,40.465048999976716,1,1
2220,2319,2294.5,0.004581882626413569,0.0050103920562298895,0,1,2319,Dog,44.07082399984574,3.433011000197439,47.50475399987408,0,0
2221,2320,2295.5,0.00433914834328597,0.005010307576340356,0,1,2320,Dog,39.69602999995914,1.2928719997944427,40.989784999965195,0,0
2222,2321,2296.5,0.0031802866466055235,0.005009097046773571,0,1,2321,Dog,38.541022000117664,0.9269009997296962,39.46876500003782,0,0
2223,2322,2297.5,0.0028817805103642513,0.005007886517206797,0,1,2322,Dog,39.08347300011883,0.9021350001603423,39.98645999990913,0,0
2224,2323,2298.5,0.004458332977050783,0.005006675987640011,0,1,2323,Dog,36.74881500000993,3.6885469999106135,40.43855800000529,0,0
2225,2324,2299.5,0.0031221472735083466,0.005005465458073226,0,1,2324,Dog,33.78946199973143,1.3352769997254654,35.12592500010214,0,0
2226,2325,2300.5,0.0035249742737542,0.005004254928506452,0,1,2325,Dog,36.54649400004928,1.4137610000943823,37.96105799983707,0,0
2227,2326,2301.5,0.0023473970024392443,0.005003044398939667,0,1,2326,Dog,36.59172000016042,0.9350059999633231,37.527648999912344,0,0
2228,2327,2302.5,0.0022407094426931673,0.005001833869372893,0,1,2327,Dog,35.00155400024596,4.047506000006251,39.04975799969179,0,0
2229,2328,2303.5,0.0020579542669891815,0.005000623339806107,0,0,2328,Dog,41.14283700027954,1.2846690001424577,42.428426000242325,0,0
2230,2329,2304.5,0.0013238041289673763,0.004999412810239322,0,0,2329,Dog,39.30104399978518,4.117030000088562,43.41891100011708,0,0
2231,2330,2305.5,0.002966226033713104,0.004998202280672548,0,1,2330,Dog,38.86138600000777,3.274629999850731,42.13685100012299,0,0
2232,2331,2306.5,0.002689261174074309,0.004996991751105763,0,1,2331,Dog,37.92480400034037,0.8565299999645504,38.78208700007235,0,0
2233,2332,2307.5,0.002610949872926316,0.004995781221538989,0,1,2332,Dog,37.161544999889884,1.0639769998306292,38.22641900023882,0,0
2234,2333,2308.5,0.0034961523666324767,0.004994570691972203,0,1,2333,Dog,34.94607699985863,1.3854449998689233,36.332223000044905,0,0
2235,2334,2309.5,0.003574344194376078,0.004993360162405418,0,1,2334,Dog,34.6102950002205,3.753945999960706,38.365020000128425,0,0
2236,2335,2310.5,0.0043911974101153994,0.004992149632838644,0,1,2335,Dog,35.28673299979346,3.334161000111635,38.62166699991576,0,0
2237,2336,2311.5,0.004020579202000274,0.004990939103271859,0,1,2336,Dog,37.59259100024792,0.8562379998693359,38.44967499981067,0,0
2238,2337,2312.5,0.0024737119269307994,0.004989728573705085,0,1,2337,Dog,44.24538999955985,1.414863000263722,45.66162999981316,0,0
2239,2338,2313.5,0.002492912505404954,0.004988518044138299,0,1,2338,Dog,44.40117200010718,1.3153459999557526,45.717458999661176,0,0
2240,2339,2314.5,0.001707796472364076,0.004987307514571514,0,0,2339,Dog,41.524392000155785,2.6956290002999594,44.2209930001809,0,0
2241,2340,2315.5,0.002746104478813405,0.00498609698500474,0,1,2340,Dog,45.311136999771406,1.320042999850557,46.63225600006626,0,0
2242,2341,2316.5,0.0018151936258917756,0.0049766883350785595,0,0,2341,Dog,39.65425399974265,1.3305570000738953,40.98584799976379,0,0
2243,2342,2317.5,0.0028733067754019848,0.004967279685152465,0,1,2342,Dog,33.87681499998507,3.4096190001946525,37.28728799978853,0,0
2244,2343,2318.5,0.0022057452239542252,0.004957871035226285,0,1,2343,Dog,34.55475500004468,3.373864999957732,37.929423000150564,0,0
2245,2344,2319.5,0.0026707694288855555,0.004948462385300105,0,1,2344,Dog,42.4157259999447,2.342180000141525,44.75880600011806,0,0
2246,2345,2320.5,0.002558422515272052,0.0049390537353740105,0,1,2345,Dog,46.66038100003789,3.428323000207456,50.08960999975898,0,0
2247,2346,2321.5,0.002548722652444657,0.00492964508544783,0,1,2346,Dog,35.08842400015055,2.405114000339381,37.49452800002473,0,0
2248,2347,2322.5,0.0028378615721137423,0.004920236435521736,0,1,2347,Dog,49.08706600008372,1.276849000078073,50.36489600024652,0,0
2249,2348,2323.5,0.0035442359290044356,0.004910827785595556,0,1,2348,Dog,36.68111100023452,1.950703999682446,38.632712999969954,0,0
2250,2349,2324.5,0.002088016890602895,0.004901419135669376,0,0,2349,Dog,48.210022000148456,2.5462240000706515,50.75753300025099,0,0
2251,2350,2325.5,0.0019242730090747173,0.004892010485743281,0,0,2350,Dog,68.81805200009694,4.3547630002649385,73.17435100003422,0,0
2252,2351,2326.5,0.002683057943349665,0.004882601835817101,0,1,2351,Dog,42.38117600016267,1.3574939998761693,43.73962399995435,0,0
2253,2352,2327.5,0.0013380301466210387,0.004873193185891006,0,0,2352,Dog,40.636673999870254,1.351995000277384,41.98937599994679,0,0
2254,2353,2328.5,0.0003527232338795816,0.004863784535964827,0,0,2353,Dog,38.55561699992904,0.9037310001076548,39.46009699984643,0,0
2255,2354,2329.5,0.0006277809355034192,0.004854375886038646,0,0,2354,Dog,45.883351000156836,1.9645299998956034,47.848855999745865,0,0
2256,2355,2330.5,0.0,0.004844967236112552,0,0,2355,Dog,43.08850600000369,4.297502000099485,47.387004000029265,0,0
2257,2356,2331.5,0.0,0.004835558586186371,0,0,2356,Dog,54.63288100008867,3.6572540002453024,58.29110100012258,0,0
2258,2357,2332.5,0.0,0.004826149936260277,0,0,2357,Dog,40.53492699995331,1.6623349997644254,42.19815999977072,0,0
2259,2358,2333.5,0.0,0.004816741286334097,0,0,2358,Dog,48.94926099996155,1.306794999891281,50.256990999969275,0,0
2260,2359,2334.5,0.0,0.004807332636407917,0,0,2359,Dog,39.11447700011195,2.3922159998619463,41.50757400020666,0,0
2261,2360,2335.5,0.0,0.004797923986481822,0,0,2360,Dog,37.55043000001024,1.4567959997293656,39.00803599981373,0,0
2262,2361,2336.5,0.0,0.00479562796736561,0,0,2361,Dog,38.86895799996637,1.0019110000030196,39.8722960003397,0,0
2263,2362,2337.5,0.0,0.004793331948249417,0,0,2362,Dog,45.85434799992072,1.0277050000695453,46.88323300024422,0,0
2264,2363,2338.5,0.0,0.004791035929133204,0,0,2363,Dog,38.110817999950086,0.9419230000276002,39.05368999994607,0,0
2265,2364,2339.5,0.0,0.004788739910016991,0,0,2364,Dog,38.67530299976352,4.786217999935616,43.46232300031261,0,0
2266,2365,2340.5,0.0,0.004786443890900799,0,0,2365,Dog,48.23024600000281,1.4375099999597296,49.66863299978286,0,0
2267,2366,2341.5,0.0,0.004784147871784586,0,0,2366,Dog,35.60725899978934,0.9423059996152006,36.55041199999687,0,0
2268,2367,2342.5,0.0,0.0047818518526683935,0,0,2367,Dog,37.093659000220214,3.7813280000591476,40.87581099975068,0,0
2269,2368,2343.5,0.0,0.004779555833552181,0,0,2368,Dog,38.158699000177876,0.9010510002553929,39.060444999904576,0,0
2270,2369,2344.5,0.0,0.004777259814435967,0,0,2369,Dog,46.504123999966396,0.9519160003037541,47.45694800021738,0,0
2271,2370,2345.5,0.0,0.0047749637953197754,0,0,2370,Dog,37.599076999867975,0.9494330001871276,38.549357000192686,0,0
2272,2371,2346.5,0.0,0.004772667776203563,0,0,2371,Dog,34.31584300005852,0.9407350003129977,35.25734200002262,0,0
2273,2372,2347.5,0.0,0.00477037175708737,0,0,2372,Dog,37.77586500018515,1.4473780001935665,39.22393899983945,0,0
2274,2373,2348.5,0.0,0.004768075737971157,0,0,2373,Dog,34.54072399972574,1.4527250000355707,35.99416800034305,0,0
2275,2374,2349.5,0.0,0.004765779718854944,0,0,2374,Dog,39.72448100012116,3.349749999870255,43.07550700013962,0,0
2276,2375,2350.5,0.0,0.004763483699738752,0,0,2375,Dog,43.40272899980846,1.3852689999112044,44.789020999814966,0,0
2277,2376,2351.5,0.0,0.004761187680622539,0,0,2376,Dog,48.57079600014913,2.3606500003552355,50.9326209999017,0,0
2278,2377,2352.5,0.0,0.0047588916615063466,0,0,2377,Dog,42.71831599999132,0.9326659996986564,43.65188699966893,0,0
2279,2378,2353.5,0.0,0.004756595642390134,0,0,2378,Dog,38.05422300001737,0.8970809999482299,38.95200900024065,0,0
2280,2379,2354.5,0.0,0.00475429962327392,0,0,2379,Dog,35.07246299977851,5.4989479999676405,40.5722670002433,0,0
2281,2380,2355.5,0.0,0.0047520036041577285,0,0,2380,Dog,44.30427300030715,1.5733509999336093,45.878523999817844,0,0
2282,2381,2356.5,0.0,0.004750977765789567,0,0,2381,Dog,41.397926999707124,3.6208639999131265,45.01977000018087,0,0
2283,2382,2357.5,0.0,0.004749951927421416,0,0,2382,Dog,37.61729400002878,0.9383560000060243,38.556552000045485,0,0
2284,2383,2358.5,0.0,0.004748926089053255,0,0,2383,Dog,45.05027000004702,0.9389669999109174,45.99007000024358,0,0
2285,2384,2359.5,0.0,0.004747900250685094,0,0,2384,Dog,46.87246100002085,4.076475000147184,50.94984700008354,0,0
2286,2385,2360.5,0.0,0.004746874412316943,0,0,2385,Dog,42.96011299993552,3.2874609996724757,46.24857899989365,0,0
2287,2386,2361.5,0.0,0.004745848573948781,0,0,2386,Dog,42.597106999892276,1.4579160001630953,44.05654299989692,0,0
2288,2387,2362.5,0.0,0.00474482273558063,0,0,2387,Dog,45.76588800000536,1.4029760000084934,47.16996199977075,0,0
2289,2388,2363.5,0.00011379664317090477,0.004743796897212469,0,0,2388,Dog,40.6785929999387,0.9081590001187578,41.58756800006813,0,0
2290,2389,2364.5,0.00012324001489183445,0.0047427710588443086,0,0,2389,Dog,36.01076499990086,0.8689259998391208,36.88040399993042,0,0
2291,2390,2365.5,0.00026100502431181116,0.004741745220476157,0,0,2390,Dog,35.09295000003476,0.8639729999231349,35.957628000232944,0,0
2292,2391,2366.5,0.0,0.004740719382107995,0,0,2391,Dog,35.13005000013436,4.762614000355825,39.89347600008841,0,0
2293,2392,2367.5,0.0002162340021404363,0.0047396935437398445,0,0,2392,Dog,38.24837499996647,0.9211460001097294,39.17038700001285,0,0
2294,2393,2368.5,0.0,0.004738667705371683,0,0,2393,Dog,38.09873799991692,0.8975850000751961,38.9970619999076,0,0
2295,2394,2369.5,0.0,0.004737641867003523,0,0,2394,Dog,36.20380800020939,0.8844490002957173,37.08902200014563,0,0
2296,2395,2370.5,0.0,0.004736616028635371,0,0,2395,Dog,43.96456299991769,0.8678129997861106,44.83322100031728,0,0
2297,2396,2371.5,0.0,0.0047355901902672096,0,0,2396,Dog,35.15077599968208,1.3722300000154064,36.523700000088866,0,0
2298,2397,2372.5,0.0,0.004734564351899059,0,0,2397,Dog,36.73976700019921,5.709028000183025,42.450021999684395,0,0
2299,2398,2373.5,0.0,0.004733538513530897,0,0,2398,Dog,36.40839799982132,0.9984000002987159,37.4083880001308,0,0
2300,2399,2374.5,0.0,0.004732512675162737,0,0,2399,Dog,38.13785900001676,3.1258140002137225,41.265877000114415,0,0
2301,2400,2375.5,0.0,0.004731486836794585,0,0,2400,Dog,46.342997000010655,2.6413570003569475,48.986353000145755,0,0
2302,2401,2376.5,0.0,0.004731325559050519,0,0,2401,Dog,37.723188000200025,3.786830000080954,41.511837000143714,0,0
2303,2402,2377.5,0.0,0.004731164281306455,0,0,2402,Dog,43.24511499999062,2.1985700000186625,45.44497400002001,0,0
2304,2403,2378.5,0.0,0.004731003003562389,0,0,2403,Dog,35.68609900003139,0.9989929999392189,36.68619900008707,0,0
2305,2404,2379.5,0.0,0.004730841725818323,0,0,2404,Dog,44.19640200012509,2.0881430000372347,46.28583299972888,0,0
2306,2405,2380.5,0.0,0.004730680448074259,0,0,2405,Dog,47.59915400018144,3.029938000054244,50.63006599993969,0,0
2307,2406,2381.5,0.0,0.004730519170330193,0,0,2406,Dog,39.609168999959365,4.963149999639427,44.573213000148826,0,0
2308,2407,2382.5,0.0,0.004730357892586129,0,0,2407,Dog,42.43007600007331,1.2662579997595458,43.69726900040405,0,0
2309,2408,2383.5,0.0,0.004730196614842063,0,0,2408,Dog,44.387352999819996,1.2580070001604327,45.64624600016032,0,0
2310,2409,2384.5,0.0,0.004730035337097998,0,0,2409,Dog,36.714328000016394,1.2569869995786576,37.97219500029314,0,0
2311,2410,2385.5,0.0,0.0047298740593539335,0,0,2410,Dog,40.7764749998023,1.257309999800782,42.034665000301175,0,0
2312,2411,2386.5,0.0,0.004729712781609868,0,0,2411,Dog,36.983528999826376,3.6452029999054503,40.629640000133804,0,0
2313,2412,2387.5,0.0,0.0047295515038658035,0,0,2412,Dog,70.52878000013152,1.4358949997586024,71.96623999971052,0,0
2314,2413,2388.5,0.0,0.004729390226121738,0,0,2413,Dog,56.14238399994065,1.302663000387838,57.44608999975753,0,0
2315,2414,2389.5,2.2686659416848443e-05,0.004729228948377672,0,0,2414,Dog,51.73932700017758,4.185667999990983,55.925999999999476,0,0
2316,2415,2390.5,0.0010343044405574098,0.004729067670633608,0,0,2415,Dog,38.73258199973861,3.459325999756402,42.1928040000239,0,0
2317,2416,2391.5,0.0019226237286771308,0.004728906392889542,0,0,2416,Dog,40.70715599982577,4.460287000256358,45.168224000008195,0,0
2318,2417,2392.5,0.0011357222702570446,0.004728745115145478,0,0,2417,Dog,35.48782600000777,3.3972320002249035,38.885913000285655,0,0
2319,2418,2393.5,0.0008493902054708125,0.004728583837401412,0,0,2418,Dog,34.58649100002731,3.434666999964975,38.022017999992386,0,0
2320,2419,2394.5,0.001034731134175293,0.004728422559657346,0,0,2419,Dog,38.55788999999277,3.4208209999633254,41.979407999860996,0,0
2321,2420,2395.5,0.0006642947873449767,0.004728261281913282,0,0,2420,Dog,41.49987200025862,0.8973859999059641,42.39819499980513,0,0
2322,2421,2396.5,0.0,0.004728178916719256,0,0,2421,Dog,61.99459100025706,3.8962839998930576,65.89181500021368,0,0
2323,2422,2397.5,0.00018230125144580445,0.004728096551525229,0,0,2422,Dog,41.679523999846424,3.2743090000622033,44.954867999877024,0,0
2324,2423,2398.5,0.0,0.004728014186331203,0,0,2423,Dog,47.49504799974602,3.0309099997793965,50.52733499996975,0,0
2325,2424,2399.5,0.0,0.004727931821137176,0,0,2424,Dog,48.597416000120575,2.8319709999777842,51.43058000021483,0,0
2326,2425,2400.5,0.0,0.0047278494559431505,0,0,2425,Dog,45.85101800012126,1.3109709998389008,47.163011000066035,0,0
2327,2426,2401.5,0.0,0.004727767090749124,0,0,2426,Dog,48.55855799996789,1.269546999992599,49.82902499978081,0,0
2328,2427,2402.5,0.0,0.004727684725555098,0,0,2427,Dog,39.29069899959359,1.2688810002146056,40.56050799999866,0,0
2329,2428,2403.5,0.0,0.004727602360361072,0,0,2428,Dog,39.96504199994888,1.267158000246127,41.23314799971922,0,0
2330,2429,2404.5,0.0,0.004727519995167045,0,0,2429,Dog,57.952741000008245,1.2763879999511119,59.230029999980616,0,0
2331,2430,2405.5,0.0,0.004727437629973019,0,0,2430,Dog,46.907177999855776,0.9007640001073014,47.80888200002664,0,0
2332,2431,2406.5,0.0,0.004727355264778993,0,0,2431,Dog,35.064271000010194,0.901426999917021,35.96647399990616,0,0
2333,2432,2407.5,0.0,0.004727272899584967,0,0,2432,Dog,35.087083000235,0.8865390000210027,35.97443399985423,0,0
2334,2433,2408.5,0.0,0.00472719053439094,0,0,2433,Dog,35.126049000155035,0.8675210001456435,35.99431699967681,0,0
2335,2434,2409.5,0.0,0.004727108169196913,0,0,2434,Dog,49.95207100000698,1.2989360002393369,51.25192799960132,0,0
2336,2435,2410.5,0.0,0.004727025804002888,0,0,2435,Dog,53.88936000008471,1.4143289999992703,55.30471799966108,0,0
2337,2436,2411.5,0.0,0.004726943438808862,0,0,2436,Dog,41.40970699972968,1.3078619999760122,42.71854699982214,0,0
2338,2437,2412.5,0.0,0.004726861073614835,0,0,2437,Dog,36.58945000006497,1.279872999930376,37.8703419996782,0,0
2339,2438,2413.5,0.0,0.004726778708420809,0,0,2438,Dog,51.136037000105716,1.3638269997500174,52.500792000046204,0,0
2340,2439,2414.5,0.0,0.004726696343226782,0,0,2439,Dog,47.503695000159496,0.987300999895524,48.492020000139746,0,0
2341,2440,2415.5,0.0,0.0047266139780327565,0,0,2440,Dog,38.93336000010095,3.95743399985804,42.891587000212894,0,0
2342,2441,2416.5,0.0,0.004722632199727591,0,0,2441,Dog,37.02325399990514,0.9099440003410564,37.93392700026743,0,0
2343,2442,2417.5,0.0,0.004718650421422462,0,0,2442,Dog,39.082855000287964,0.8870960000422201,39.970847999939,0,0
2344,2443,2418.5,0.0,0.004714668643117296,0,0,2443,Dog,38.119596000342426,0.8910940000532719,39.01156700021602,0,0
2345,2444,2419.5,0.0,0.004710686864812131,0,0,2444,Dog,39.07980299982228,0.8736710001358006,39.95424300001105,0,0
2346,2445,2420.5,0.0,0.0047067050865070015,0,0,2445,Dog,36.13534099986282,0.892470999588113,37.028625000402826,0,0
2347,2446,2421.5,0.0,0.004702723308201836,0,0,2446,Dog,35.10740100000476,0.8921039998313063,36.00026100002651,0,0
2348,2447,2422.5,0.0,0.004698741529896707,0,0,2447,Dog,48.889191999933246,1.2806909999198979,50.17078099990613,0,0
2349,2448,2423.5,0.0,0.004694759751591541,0,0,2448,Dog,54.085842999938905,1.432205000128306,55.51924599967606,0,0
2350,2449,2424.5,0.0,0.004690777973286376,0,0,2449,Dog,42.62724199998047,1.287872999910178,43.91606799981673,0,0
2351,2450,2425.5,0.0,0.0046867961949812464,0,0,2450,Dog,39.49269499980801,0.9334950000265962,40.42700700028945,0,0
2352,2451,2426.5,0.0,0.004682814416676081,0,0,2451,Dog,37.035531000128685,3.4405230003358156,40.47688199989352,0,0
2353,2452,2427.5,0.0,0.0046788326383709515,0,0,2452,Dog,40.52658999989944,0.9589989999767567,41.48642700010896,0,0
2354,2453,2428.5,0.0,0.004674850860065786,0,0,2453,Dog,46.83007900030134,1.2759229998664523,48.10687999997754,0,0
2355,2454,2429.5,0.0,0.004670869081760621,0,0,2454,Dog,41.11843700002282,3.3016960001077678,44.4210870000461,0,0
2356,2455,2430.5,0.0,0.004666887303455491,0,0,2455,Dog,38.499154999954044,3.417909999825497,41.917851000107476,0,0
2357,2456,2431.5,0.0,0.004662905525150326,0,0,2456,Dog,34.55275999976948,1.4496109997708118,36.003116000301816,0,0
2358,2457,2432.5,0.0,0.0046589237468451965,0,0,2457,Dog,35.47932299989043,3.8414270002249395,39.32163199988281,0,0
2359,2458,2433.5,0.0,0.004654941968540031,0,0,2458,Dog,41.03266899983282,1.258713999959582,42.29227299992999,0,0
2360,2459,2434.5,0.0,0.004650960190234866,0,0,2459,Dog,48.966321000079915,2.4295449998135155,51.39672999985123,0,0
2361,2460,2435.5,0.0,0.004646978411929736,0,0,2460,Dog,38.59321200025079,3.9281770000343386,42.522150999957375,0,0
2362,2461,2436.5,0.0,0.0046460891089863425,0,0,2461,Dog,53.171183000358724,1.3900280000598286,54.562433999763016,0,0
2363,2462,2437.5,0.0,0.004645199806042956,0,0,2462,Dog,44.41886399990835,1.307809000081761,45.727578999958496,0,0
2364,2463,2438.5,0.0,0.004644310503099562,0,0,2463,Dog,42.3882559998674,4.1358560001754086,46.52497399956701,0,0
2365,2464,2439.5,0.0,0.004643421200156168,0,0,2464,Dog,44.404917000065325,2.3511579997830268,46.75698399978501,0,0
2366,2465,2440.5,0.0,0.004642531897212782,0,0,2465,Dog,42.245008000008966,1.3659220003319206,43.611941000108345,0,0
2367,2466,2441.5,0.0,0.004641642594269388,0,0,2466,Dog,75.0260760000856,1.325838999946427,76.35289799964085,0,0
2368,2467,2442.5,0.0,0.004640753291326002,0,0,2467,Dog,56.32606500012116,4.267675999926723,60.594628999751876,0,0
2369,2468,2443.5,0.0,0.004639863988382607,0,0,2468,Dog,38.99557300019296,2.6224719999845547,41.6192669999873,0,0
2370,2469,2444.5,0.0,0.004638974685439213,0,0,2469,Dog,42.934891000186326,3.226154999993014,46.16189899979872,0,0
2371,2470,2445.5,0.0,0.004638085382495827,0,0,2470,Dog,50.845251999817265,1.298151000355574,52.144288000363304,0,0
2372,2471,2446.5,0.0,0.004637196079552433,0,0,2471,Dog,55.01135800022894,3.03698199968494,58.05004800004099,0,0
2373,2472,2447.5,0.00011386781106226262,0.004636306776609047,0,0,2472,Dog,46.19245100002445,3.9034060000631143,50.09696599972813,0,0
2374,2473,2448.5,0.0007822148473690671,0.004635417473665652,0,0,2473,Dog,46.66060799991101,1.3036589998591808,47.96511600034137,0,0
2375,2474,2449.5,9.84531989277615e-05,0.004634528170722258,0,0,2474,Dog,42.5231710000844,1.2638329999390407,43.787930000235065,0,0
2376,2475,2450.5,0.0006359387187053755,0.004633638867778872,0,0,2475,Dog,38.9470430000074,0.8935289997680229,39.841350999722636,0,0
2377,2476,2451.5,0.0010126923911116803,0.004632749564835478,0,0,2476,Dog,35.076612000011664,4.419779000272683,39.49715900034789,0,0
2378,2477,2452.5,0.0011424984570669316,0.004631860261892092,0,0,2477,Dog,38.595124000039505,0.8819060003588675,39.477791999615874,0,0
2379,2478,2453.5,0.0011254798557946977,0.004630970958948697,0,0,2478,Dog,40.084172999740986,0.9370049997414753,41.02198000009594,0,0
2380,2479,2454.5,0.000688340581971536,0.004630081656005303,0,0,2479,Dog,46.69791899959819,5.8396090003043355,52.53828600007182,0,0
2381,2480,2455.5,6.901426461725091e-05,0.004629192353061917,0,0,2480,Dog,65.51277399967148,1.4746440001545125,66.98830499999531,0,0
2382,2481,2456.5,0.0,0.004626826866729491,0,0,2481,Dog,47.367785000005824,1.300148000154877,48.66884899956858,0,0
2383,2482,2457.5,0.0009944547411695481,0.004624461380397087,0,0,2482,Dog,46.7809040001157,3.3124149999821384,50.09423699993931,0,0
2384,2483,2458.5,0.00036572635961429345,0.0046220958940646605,0,0,2483,Dog,38.89979299992774,1.2834740000471356,40.184435000355734,0,0
2385,2484,2459.5,0.0014917729643210142,0.004619730407732235,0,0,2484,Dog,41.85543300036443,1.3262070001474058,43.182683999930305,0,0
2386,2485,2460.5,0.0014029326402232867,0.00461736492139983,0,0,2485,Dog,45.41239900026994,0.9203219997289125,46.33362300000954,0,0
2387,2486,2461.5,0.0005456553665589281,0.004614999435067404,0,0,2486,Dog,36.0423119996085,0.9147139999186038,36.95785399986562,0,0
2388,2487,2462.5,0.0007364835742951215,0.004612633948735,0,0,2487,Dog,35.070700000233046,0.9138800000982883,35.985392999918986,0,0
2389,2488,2463.5,0.0016303618447844892,0.0046102684624025735,0,0,2488,Dog,35.05065200033641,0.9007069998006045,35.952203999841004,0,0
2390,2489,2464.5,0.0023361571912610124,0.004607902976070148,0,1,2489,Dog,36.10661999982767,3.453179999723943,39.56060700011221,0,0
2391,2490,2465.5,0.003572036892043884,0.004605537489737743,0,1,2490,Dog,34.55406800003402,0.9063910001714248,35.46135100032188,0,0
2392,2491,2466.5,0.00451120968062102,0.004603172003405317,0,1,2491,Dog,35.075323000000935,3.454156999850966,38.530279000042356,0,0
2393,2492,2467.5,0.005833632058480753,0.004600806517072913,1,0,2492,Dog,45.580361999782326,2.3137709999900835,47.89488200003689,1,1
2394,2493,2468.5,0.004532949800340247,0.004635417473665652,0,1,2493,Dog,51.444822999656026,4.273900000043795,55.71961999976338,0,0
2395,2494,2469.5,0.004125305605541252,0.004634528170722258,0,1,2494,Dog,40.925637999862374,0.9147229998234252,41.84118200009834,0,0
2396,2495,2470.5,0.003573085677838539,0.004633638867778872,0,1,2495,Dog,38.19765700018252,3.3498909997433657,41.54905899986261,0,0
2397,2496,2471.5,0.0037200071907774745,0.004632749564835478,0,1,2496,Dog,40.658204999999725,1.3533530000131577,42.012623000118765,0,0
2398,2497,2472.5,0.0028138216812224615,0.004631860261892092,0,1,2497,Dog,36.58317999997962,0.9636979998504103,37.54794299993591,0,0
2399,2498,2473.5,0.0032261502534656206,0.004630970958948697,0,1,2498,Dog,34.92994899988844,3.8192470001376932,38.75018100006855,0,0
2400,2499,2474.5,0.0020957571076426484,0.004630081656005303,0,0,2499,Dog,38.95720899981825,1.9895420000466402,40.94763000011881,0,0
2401,2500,2475.5,0.0019471725527543393,0.004629192353061917,0,0,2500,Dog,44.81196699998691,1.3203960002101667,46.13335100020777,0,0
2402,2501,2476.5,0.002779767053833093,0.004626826866729491,0,1,2501,Dog,41.920509999727074,1.2710679998235719,43.192507999719965,0,0
2403,2502,2477.5,0.0027244553893547296,0.004624461380397087,0,1,2502,Dog,39.631657999962044,1.3154299999769137,40.94815300004484,0,0
2404,2503,2478.5,0.0025791215909507503,0.0046220958940646605,0,1,2503,Dog,42.71205699978964,1.965362000191817,44.67841399991812,0,0
2405,2504,2479.5,0.003127794261697625,0.004619730407732235,0,1,2504,Dog,39.05759899998884,3.331561999857513,42.39012200014258,0,0
2406,2505,2480.5,0.0035326662876498105,0.00461736492139983,0,1,2505,Dog,42.62667100010731,1.282422999793198,43.910053000217886,0,0
2407,2506,2481.5,0.003140576383226845,0.004614999435067404,0,1,2506,Dog,39.726649000385805,2.6846760001717485,42.4123170000712,0,0
2408,2507,2482.5,0.0037906101928639746,0.004612633948735,0,1,2507,Dog,44.29179299995667,1.2773140001627326,45.57010700000319,0,0
2409,2508,2483.5,0.0034880632376166343,0.0046102684624025735,0,1,2508,Dog,42.02559699979247,2.7832189998662216,44.81009200026165,0,0
2410,2509,2484.5,0.0032536609120580318,0.004607902976070148,0,1,2509,Dog,42.494016000091506,1.340243999948143,43.83537700005036,0,0
2411,2510,2485.5,0.0028395676228779587,0.004605537489737743,0,1,2510,Dog,37.865385000259266,2.803769999900396,40.67006200011747,0,0
2412,2511,2486.5,0.0022996604418049627,0.004603172003405317,0,1,2511,Dog,39.35640899999271,1.2760729996443843,40.6333830001131,0,0
2413,2512,2487.5,0.0019379102297908402,0.004600806517072913,0,0,2512,Dog,40.862184000161506,1.271095999982208,42.1342290001121,0,0
2414,2513,2488.5,0.002336756892660441,0.0045984410307404865,0,1,2513,Dog,37.62115700010327,1.2489840000853292,38.87107900027331,0,0
2415,2514,2489.5,0.0010837315710078288,0.004596075544408061,0,0,2514,Dog,39.918888000102015,1.2727819998872292,41.19260000015856,0,0
2416,2515,2490.5,0.00017352373983070546,0.004593710058075656,0,0,2515,Dog,47.54767299982632,1.9223689996579196,49.47106299960069,0,0
2417,2516,2491.5,0.0,0.00459134457174323,0,0,2516,Dog,50.29918899981567,0.955030999648443,51.25499299992953,0,0
2418,2517,2492.5,0.0,0.004588979085410826,0,0,2517,Dog,34.965857999850414,0.9126290001404413,35.879201000170724,0,0
2419,2518,2493.5,0.0,0.0045866135990783995,0,0,2518,Dog,43.118086000049516,2.395804000116186,45.51478999974279,0,0
2420,2519,2494.5,0.0,0.004584248112745974,0,0,2519,Dog,35.57331699994393,0.8748109999032749,36.44896800005881,0,0
2421,2520,2495.5,0.0,0.004581882626413569,0,0,2520,Dog,40.36770400034584,1.2959310001861013,41.664579000098456,0,0
2422,2521,2496.5,0.0,0.004581335948885732,0,0,2521,Dog,37.52830899975379,3.77208600002632,41.30180099991776,0,0
2423,2522,2497.5,0.0,0.0045807892713579,0,0,2522,Dog,37.20118299997921,0.9413349998794729,38.14340799999627,0,0
2424,2523,2498.5,0.0,0.004580242593830063,0,0,2523,Dog,45.83732200035229,0.9306580000156828,46.76874000006137,0,0
2425,2524,2499.5,0.0,0.004579695916302226,0,0,2524,Dog,54.39680800009228,2.1428180002658337,56.541009999818925,0,0
2426,2525,2500.5,0.0,0.004579149238774394,0,0,2525,Dog,39.67109499990329,3.8728950003132923,43.5452069996245,0,0
2427,2526,2501.5,0.0,0.004578602561246556,0,0,2526,Dog,47.92753299989272,3.3264139997299935,51.254947000415996,0,0
2428,2527,2502.5,0.0,0.004578055883718724,0,0,2527,Dog,55.04030000020066,1.7341980001219781,56.77541900013239,0,0
2429,2528,2503.5,0.0,0.004577509206190888,0,0,2528,Dog,44.12576899994747,3.4457770002518373,47.57244900019941,0,0
2430,2529,2504.5,0.0,0.00457696252866305,0,0,2529,Dog,37.294551999821124,3.2482219999110384,40.543803999753436,0,0
2431,2530,2505.5,0.0,0.004576415851135218,0,0,2530,Dog,42.68405000038911,1.293902999805141,43.978823000088596,0,0
2432,2531,2506.5,0.0,0.004575869173607381,0,0,2531,Dog,45.91688200025601,0.8971309998742072,46.81495700015148,0,0
2433,2532,2507.5,0.0,0.004575322496079549,0,0,2532,Dog,36.26286799999434,0.8931520001169702,37.156813999899896,0,0
2434,2533,2508.5,0.0,0.004574775818551712,0,0,2533,Dog,35.00954300034209,3.2945550001386437,38.3053679997829,0,0
2435,2534,2509.5,0.0,0.004574229141023875,0,0,2534,Dog,37.63658099978784,3.455906999988656,41.09336700003041,0,0
2436,2535,2510.5,0.0,0.004573682463496043,0,0,2535,Dog,47.507961000064824,3.8278819997685787,51.33671299972775,0,0
2437,2536,2511.5,0.0,0.004573135785968205,0,0,2536,Dog,42.66357799997422,1.320679999935237,43.98515799994129,0,0
2438,2537,2512.5,0.0006263047170675939,0.004572589108440373,0,0,2537,Dog,39.98315700027888,4.264595000222471,44.24869300009959,0,0
2439,2538,2513.5,0.0004616965806126805,0.004572042430912537,0,0,2538,Dog,55.764116999853286,1.3021629997638229,57.06718200008254,0,0
2440,2539,2514.5,0.0005320149073925196,0.004571495753384699,0,0,2539,Dog,45.8421680000356,0.8849649998410314,46.72788200014111,0,0
2441,2540,2515.5,0.001106586900498252,0.004570949075856867,0,0,2540,Dog,40.14494200009722,2.439805999983946,42.58556799959479,0,0
2442,2541,2516.5,0.0014549291384534646,0.004569893989105263,0,0,2541,Dog,40.71163900016472,0.8611909997853218,41.573509000045306,0,0
2443,2542,2517.5,0.002344461097367634,0.004568838902353669,0,1,2542,Dog,38.23603299997558,2.7405549999457435,40.977311999995436,0,0
2444,2543,2518.5,0.002955188082057081,0.004567783815602065,0,1,2543,Dog,42.93957899972156,3.5503499998412735,46.49068100025033,0,0
2445,2544,2519.5,0.0024347307563407083,0.004566728728850461,0,1,2544,Dog,43.53403300001446,1.0004929999922751,44.53551500000685,0,0
2446,2545,2520.5,0.0009489154658642862,0.004565673642098866,0,0,2545,Dog,38.842114999624755,1.0455560000082187,39.88948000005621,0,0
2447,2546,2521.5,0.0005724331721803644,0.004564618555347262,0,0,2546,Dog,54.22849500018856,1.370626000152697,55.60014200000296,0,0
2448,2547,2522.5,0.00028856891603901147,0.004563563468595668,0,0,2547,Dog,40.7092520003971,1.2961789998371387,42.00632499987478,0,0
2449,2548,2523.5,0.00012826880736904744,0.004562508381844064,0,0,2548,Dog,40.21866500033866,4.282132999833266,44.50174800012974,0,0
2450,2549,2524.5,0.0003873920434221967,0.00456145329509246,0,0,2549,Dog,46.92970299993249,0.9524320003038156,47.88309300010951,0,0
2451,2550,2525.5,0.0014434600773348683,0.004560398208340866,0,0,2550,Dog,45.04417300040586,3.960255999572837,49.00542899986249,0,0
2452,2551,2526.5,0.0019422638408362891,0.004559343121589262,0,0,2551,Dog,42.83818500016423,2.3278360004042042,45.16693400000804,0,0
2453,2552,2527.5,0.0021022876040327487,0.004558288034837667,0,0,2552,Dog,41.59838499981561,2.001330999974016,43.60067000015988,0,0
2454,2553,2528.5,0.0013811005850671298,0.004557232948086063,0,0,2553,Dog,42.46145000024626,1.275851999707811,43.73821000035605,0,0
2455,2554,2529.5,0.0008404872855756196,0.004556177861334459,0,0,2554,Dog,39.80122599978131,4.500148999795783,44.30315399986284,0,0
2456,2555,2530.5,0.002015111707748707,0.004555122774582865,0,0,2555,Dog,37.002185999881476,3.385210000033112,40.38834899984067,0,0
2457,2556,2531.5,0.002081461891269565,0.004554067687831261,0,0,2556,Dog,41.14070100013123,1.2964669999746548,42.43819099974644,0,0
2458,2557,2532.5,0.003973337085594997,0.0045530126010796665,0,1,2557,Dog,46.43294700008482,3.0553690003216616,49.48959100011052,0,0
2459,2558,2533.5,0.002911602607823749,0.0045519575143280625,0,1,2558,Dog,38.678634999996575,3.445838000061485,42.12553800016394,0,0
2460,2559,2534.5,0.0026201027939699584,0.0045509024275764585,0,1,2559,Dog,46.492455000134214,1.2801480002053722,47.77368499981094,0,0
2461,2560,2535.5,0.0026443884891307334,0.004549847340824864,0,1,2560,Dog,49.693372000092495,1.8423809997329954,51.53668699995251,0,0
2462,2561,2536.5,0.0019578247588698527,0.00454900246380063,0,0,2561,Dog,49.195978000170726,1.9373330001144495,51.1342350000632,0,0
2463,2562,2537.5,0.0015067344406628491,0.004548157586776404,0,0,2562,Dog,44.38843599973552,3.6204190000717063,48.009795999860216,0,0
2464,2563,2538.5,0.0027447105097860858,0.00454731270975217,0,1,2563,Dog,38.41220300000714,0.8884409999154741,39.30156899969006,0,0
2465,2564,2539.5,0.002270433482253753,0.004546467832727936,0,1,2564,Dog,41.676070999983494,3.361285999744723,45.03818900002443,0,0
2466,2565,2540.5,0.00229529102917414,0.00454562295570371,0,1,2565,Dog,39.7775480000746,0.8811669999886362,40.65976099991531,0,0
2467,2566,2541.5,0.0012310830977518838,0.0045447780786794754,0,0,2566,Dog,38.950920999923255,3.3370459996149293,42.2888520001834,0,0
2468,2567,2542.5,0.0010449204120350775,0.00454393320165525,0,0,2567,Dog,45.836496999982046,2.256551000300533,48.094229999605886,0,0
2469,2568,2543.5,0.0011863608013660265,0.0045430883246310155,0,0,2568,Dog,39.81230199997299,2.7618389999588544,42.57512100002714,0,0
2470,2569,2544.5,0.000787336527734217,0.004542243447606782,0,0,2569,Dog,51.28223600013371,1.703442000234645,52.98695800001951,0,0
2471,2570,2545.5,0.0,0.0045413985705825555,0,0,2570,Dog,49.76015900001585,1.3505449996955576,51.11167699988073,0,0
2472,2571,2546.5,0.0,0.004540553693558321,0,0,2571,Dog,46.54367099965384,1.2838590000683325,47.82844399960595,0,0
2473,2572,2547.5,0.0,0.0045397088165340955,0,0,2572,Dog,39.192023999930825,1.9182289997843327,41.11118000037095,0,0
2474,2573,2548.5,0.0009111360231029986,0.004538863939509861,0,0,2573,Dog,40.112910000061675,3.4554079998088127,43.5693210001773,0,0
2475,2574,2549.5,0.0,0.004538019062485628,0,0,2574,Dog,39.54786000031163,2.384804999564949,41.93354399967575,0,0
2476,2575,2550.5,0.0,0.004537174185461401,0,0,2575,Dog,36.58365999990565,0.8581150000281923,37.442691000251216,0,0
2477,2576,2551.5,0.0,0.004536329308437167,0,0,2576,Dog,45.94010800019532,1.287379000132205,47.228494999671966,0,0
2478,2577,2552.5,0.0,0.004535484431412941,0,0,2577,Dog,42.75021100011145,1.3029799997639202,44.05424300011873,0,0
2479,2578,2553.5,0.0,0.004534639554388707,0,0,2578,Dog,43.635020000238,1.2912580000374874,44.927294999979495,0,0
2480,2579,2554.5,0.0,0.004533794677364473,0,0,2579,Dog,41.704357999606145,1.6489159997945535,43.354096000257414,0,0
2481,2580,2555.5,0.0,0.004532949800340247,0,0,2580,Dog,36.746539999967354,1.2936040002387017,38.04107700034365,0,0
2482,2581,2556.5,0.0,0.004532374315698926,0,0,2581,Dog,37.67086800007746,1.3389800001277763,39.011630000004516,0,0
2483,2582,2557.5,0.0,0.004531798831057611,0,0,2582,Dog,36.57782899972517,2.3738390000289655,38.95259899991288,0,0
2484,2583,2558.5,0.0,0.00453122334641629,0,0,2583,Dog,52.93482400020366,1.3419260003502131,54.27771800032133,0,0
2485,2584,2559.5,0.0,0.00453064786177497,0,0,2584,Dog,48.23654399979205,2.5025479999385425,50.740041000153724,0,0
2486,2585,2560.5,0.0,0.004530072377133654,0,0,2585,Dog,40.277085000070656,4.401744999995572,44.67983599988656,0,0
2487,2586,2561.5,0.0,0.004529496892492333,0,0,2586,Dog,43.84007999988171,1.2839870000789233,45.12497599989729,0,0
2488,2587,2562.5,0.00031905555635158844,0.004528921407851018,0,0,2587,Dog,38.78402200007258,0.9661340000093332,39.75111999989167,0,0
2489,2588,2563.5,0.0,0.004528345923209697,0,0,2588,Dog,34.94225800022832,3.396574999896984,38.33952000013596,0,0
2490,2589,2564.5,0.0,0.0045277704385683765,0,0,2589,Dog,39.408335000189254,0.8778050000728399,40.28700299977572,0,0
2491,2590,2565.5,0.0,0.004527194953927061,0,0,2590,Dog,38.265909000074316,0.8919940000851057,39.15887799985285,0,0
2492,2591,2566.5,0.0,0.0045266194692857396,0,0,2591,Dog,38.95951300000888,0.8804180001789064,39.84070000024076,0,0
2493,2592,2567.5,0.0,0.004526043984644425,0,0,2592,Dog,43.079792999833444,1.3299430002007284,44.410661999791046,0,0
2494,2593,2568.5,0.0,0.0045254685000031035,0,0,2593,Dog,38.66800900004819,4.40277600000627,43.07215500011807,0,0
2495,2594,2569.5,0.0,0.004524893015361783,0,0,2594,Dog,47.97322100012025,1.0380419998909929,49.01250000011714,0,0
2496,2595,2570.5,0.0,0.0045243175307204675,0,0,2595,Dog,40.06050099997083,2.1555570001510205,42.21684699996331,0,0
2497,2596,2571.5,0.0,0.0045237420460791464,0,0,2596,Dog,36.520132000077865,1.4482080000561837,37.96922700030336,0,0
2498,2597,2572.5,0.0,0.0045231665614378315,0,0,2597,Dog,37.54300800028432,0.9542170000713668,38.49803499997506,0,0
2499,2598,2573.5,0.0,0.00452259107679651,0,0,2598,Dog,39.03209000009156,1.9664509995891422,40.999247999934596,0,0
2500,2599,2574.5,0.0,0.00452201559215519,0,0,2599,Dog,36.03675899967129,2.4583089998486685,38.49591399966812,0,0
2501,2600,2575.5,0.0,0.004521440107513874,0,0,2600,Dog,43.36119299978236,2.085404000354174,45.447534000231826,0,0
2502,2601,2576.5,0.0,0.00452092858616923,0,0,2601,Dog,42.06994800006214,0.8919880001485581,42.96268500002043,0,0
2503,2602,2577.5,0.0,0.00452041706482459,0,0,2602,Dog,39.09349400009887,0.8756399997764674,39.9698700002773,0,0
2504,2603,2578.5,0.0,0.004519905543479945,0,0,2603,Dog,36.107955999796104,3.789659999711148,39.89852200038513,0,0
2505,2604,2579.5,0.0,0.004519394022135301,0,0,2604,Dog,38.25198200001978,0.8997280001494801,39.15242599987323,0,0
2506,2605,2580.5,0.0,0.004518882500790661,0,0,2605,Dog,40.87595200007854,3.3607049999773153,44.23751700005596,0,0
2507,2606,2581.5,0.0,0.004518370979446016,0,0,2606,Dog,40.68525499997122,4.132886000206781,44.819081999776245,0,0
2508,2607,2582.5,0.0,0.004517859458101376,0,0,2607,Dog,41.01104000028499,1.3648029998876154,42.37706200001412,0,0
2509,2608,2583.5,0.0,0.004517347936756732,0,0,2608,Dog,41.43477700017684,1.3435199998639291,42.779248999977426,0,0
2510,2609,2584.5,0.0,0.004516836415412087,0,0,2609,Dog,39.630519000183995,2.718473999721027,42.34990499980995,0,0
2511,2610,2585.5,0.0,0.004516324894067447,0,0,2610,Dog,40.45660300016607,0.8812099999886414,41.33854200017595,0,0
2512,2611,2586.5,0.0,0.004515813372722803,0,0,2611,Dog,37.1186829997896,1.4097130001573532,38.52914199978841,0,0
2513,2612,2587.5,0.0,0.004515301851378163,0,0,2612,Dog,31.57569999984844,3.871087999868905,35.44764899970687,0,0
2514,2613,2588.5,0.0,0.004514790330033518,0,0,2613,Dog,39.14367000015773,3.4151220002058835,42.559529000300245,0,0
2515,2614,2589.5,0.0,0.004514278808688874,0,0,2614,Dog,48.73577699981979,1.2832459997298429,50.01991100016312,0,0
2516,2615,2590.5,0.0,0.004513767287344234,0,0,2615,Dog,38.42344899976524,1.2830419996134879,39.707380999971065,0,0
2517,2616,2591.5,0.0,0.004513255765999589,0,0,2616,Dog,43.70439000012993,1.3016699999752745,45.00693299996783,0,0
2518,2617,2592.5,0.0,0.004512744244654949,0,0,2617,Dog,45.59809400006998,1.2991260000490001,46.89807499971721,0,0
2519,2618,2593.5,0.0,0.004512232723310305,0,0,2618,Dog,38.69595500009382,2.3157069999797386,41.01256000012654,0,0
2520,2619,2594.5,0.0,0.00451172120196566,0,0,2619,Dog,40.944401000160724,1.3981600000079197,42.34383399989383,0,0
2521,2620,2595.5,0.0,0.00451120968062102,0,0,2620,Dog,41.3921899998968,1.2964239999746496,42.689641999913874,0,0
2522,2621,2596.5,0.0,0.004509018967069886,0,0,2621,Dog,41.26027399979648,1.2686650002251554,42.529800000011164,0,0
2523,2622,2597.5,0.0,0.004506828253518773,0,0,2622,Dog,46.25089199998911,2.335167999717669,48.586993999833794,0,0
2524,2623,2598.5,0.0,0.004504637539967639,0,0,2623,Dog,42.49657099990145,1.312949999828561,43.81042000022717,0,0
2525,2624,2599.5,0.0,0.004502446826416506,0,0,2624,Dog,37.869393000164564,0.9431099997527781,38.81340599991745,0,0
2526,2625,2600.5,0.0,0.004500256112865392,0,0,2625,Dog,40.041415999894525,3.5872319999725732,43.62945000002583,0,0
2527,2626,2601.5,0.0,0.004498065399314258,0,0,2626,Dog,39.27835700005744,1.6119780002554762,40.89216200009105,0,0
2528,2627,2602.5,0.0,0.004495874685763145,0,0,2627,Dog,40.31606399985321,2.6941729997815855,43.011115999888716,0,0
2529,2628,2603.5,0.0,0.004493683972212011,0,0,2628,Dog,43.31457199987199,3.3482140001979133,46.663689999604685,0,0
2530,2629,2604.5,0.0,0.0044914932586608775,0,0,2629,Dog,45.915228000012576,2.0708699998976954,47.98738199997388,0,0
2531,2630,2605.5,0.0,0.0044893025451097635,0,0,2630,Dog,52.17451699991216,1.483817000007548,53.66004299958149,0,0
2532,2631,2606.5,0.0,0.0044871118315586295,0,0,2631,Dog,49.49861100021735,1.6361849998247635,51.13641999969332,0,0
2533,2632,2607.5,0.0,0.004484921118007516,0,0,2632,Dog,44.41894199999297,3.0103039998721215,47.43070799986526,0,0
2534,2633,2608.5,0.00039823455700338517,0.004482730404456382,0,0,2633,Dog,44.8014300000068,2.8412789997673826,47.6441419996263,0,0
2535,2634,2609.5,0.0001227425329038967,0.004480539690905249,0,0,2634,Dog,42.15675800014651,1.4457269999184064,43.60359799966318,0,0
2536,2635,2610.5,0.000861136656018946,0.004478348977354135,0,0,2635,Dog,47.984253999857174,1.4908029997968697,49.476257000151236,0,0
2537,2636,2611.5,0.0004968097549618022,0.004476158263803001,0,0,2636,Dog,41.402298000321025,3.683855999952357,45.08769599988227,0,0
2538,2637,2612.5,0.0014077565835515227,0.004473967550251888,0,0,2637,Dog,37.98772599975564,3.134285999749409,41.12326899985419,0,0
2539,2638,2613.5,0.0017743680057109579,0.004471776836700754,0,0,2638,Dog,35.8996909999405,3.22215000005599,39.12300800038793,0,0
2540,2639,2614.5,0.0009442499217556799,0.004469586123149621,0,0,2639,Dog,42.24596599988217,1.2915700003759412,43.53844100023707,0,0
2541,2640,2615.5,0.0022982536313888025,0.004467395409598507,0,1,2640,Dog,39.666123000188236,2.336308999929315,42.00333700009651,0,0
2542,2641,2616.5,0.0012389003182655678,0.004466942287971119,0,0,2641,Dog,38.88109699983033,0.8794120003585704,39.7613889999775,0,0
2543,2642,2617.5,0.0009490345493730068,0.004466489166343735,0,0,2642,Dog,35.10525999990932,0.8771939997131994,35.983145000045624,0,0
2544,2643,2618.5,0.0,0.004466036044716347,0,0,2643,Dog,35.12754000030327,1.4938420004000363,36.62219499983621,0,0
2545,2644,2619.5,0.0,0.0044655829230889595,0,0,2644,Dog,36.626771000101144,4.34136599960766,40.969343000142544,0,0
2546,2645,2620.5,0.0,0.004465129801461576,0,0,2645,Dog,43.730865999805246,2.538891000313015,46.27082099977997,0,0
2547,2646,2621.5,0.0,0.004464676679834188,0,0,2646,Dog,42.08646899996893,1.2799970004380157,43.36737899984655,0,0
2548,2647,2622.5,0.0,0.004464223558206804,0,0,2647,Dog,42.03152099989893,3.5906449998037715,45.62291499996718,0,0
2549,2648,2623.5,0.0,0.004463770436579416,0,0,2648,Dog,42.665335000037885,3.2846880003489787,45.9509249999428,0,0
2550,2649,2624.5,0.0,0.0044633173149520285,0,0,2649,Dog,43.056286000137334,1.2645990000237362,44.32187500015061,0,0
2551,2650,2625.5,0.0,0.004462864193324645,0,0,2650,Dog,40.16470099986691,2.539959999921848,42.70556099982059,0,0
2552,2651,2626.5,0.0,0.004462411071697257,0,0,2651,Dog,39.97779899964371,1.2543640000330925,41.23304599988842,0,0
2553,2652,2627.5,0.0,0.004461957950069873,0,0,2652,Dog,46.76666200020918,2.0272910001040145,48.794890000408486,0,0
2554,2653,2628.5,0.0,0.0044615048284424854,0,0,2653,Dog,49.96771100013575,2.3363569998764433,52.304961000118055,0,0
2555,2654,2629.5,0.0,0.0044610517068150975,0,0,2654,Dog,39.683758999672136,1.2690040002780734,40.95364199974938,0,0
2556,2655,2630.5,0.0,0.004460598585187714,0,0,2655,Dog,46.7963090000012,1.2936719999743218,48.09091200013427,0,0
2557,2656,2631.5,0.0,0.004460145463560326,0,0,2656,Dog,39.80925099995147,4.7575980001965945,44.56804600022224,0,0
2558,2657,2632.5,0.0,0.004459692341932942,0,0,2657,Dog,42.12180900003659,1.3274779998937447,43.4501800000362,0,0
2559,2658,2633.5,0.0,0.0044592392203055544,0,0,2658,Dog,39.56892099995457,3.292719000000943,42.86255499982872,0,0
2560,2659,2634.5,0.0,0.0044587860986781665,0,0,2659,Dog,42.762342000060016,1.2839679998251086,44.04735599973719,0,0
2561,2660,2635.5,0.0,0.004458332977050783,0,0,2660,Dog,39.637862000290625,4.8808980000103475,44.51969499996267,0,0
2562,2661,2636.5,0.0,0.004457054589289528,0,0,2661,Dog,39.083197000309156,1.3189669998610043,40.40305899980012,0,0
2563,2662,2637.5,0.0,0.004455776201528285,0,0,2662,Dog,40.90214999996533,0.9196930000143766,41.822680000223045,0,0
2564,2663,2638.5,0.0,0.004454497813767031,0,0,2663,Dog,37.87334799972086,0.8582599998590013,38.732258999971236,0,0
2565,2664,2639.5,0.0,0.004453219426005776,0,0,2664,Dog,39.32576700026402,0.8897669999896607,40.21629099997881,0,0
2566,2665,2640.5,0.0,0.0044519410382445335,0,0,2665,Dog,42.09891700020307,0.8820930002002569,42.9819480000333,0,0
2567,2666,2641.5,0.00025884156997790786,0.0044506626504832785,0,0,2666,Dog,35.11462799997389,0.8912429998417792,36.00683199965715,0,0
2568,2667,2642.5,0.0003977709695115461,0.004449384262722036,0,0,2667,Dog,41.82557700005418,1.2751189997288748,43.10194199979378,0,0
2569,2668,2643.5,0.0005251910778908409,0.004448105874960782,0,0,2668,Dog,34.787679000146454,3.302145999896311,38.0907210001169,0,0
2570,2669,2644.5,0.0018866317244864428,0.004446827487199527,0,0,2669,Dog,35.08306000003358,2.3806320000403502,37.4647419998837,0,0
2571,2670,2645.5,0.0014351337317127788,0.004445549099438284,0,0,2670,Dog,45.53884500001004,0.9961159998965741,46.535799999674055,0,0
2572,2671,2646.5,0.002072827094785956,0.004444270711677029,0,0,2671,Dog,49.9146560000554,0.9593510003469419,50.87482299995827,0,0
2573,2672,2647.5,0.0025489406035372753,0.004442992323915786,0,1,2672,Dog,39.00349100013045,3.217106000192871,42.22152800002732,0,0
2574,2673,2648.5,0.0031642676008850623,0.004441713936154532,0,1,2673,Dog,43.60485100005462,1.3163379999241442,44.92213000003176,0,0
2575,2674,2649.5,0.0020731446501742745,0.004440435548393277,0,0,2674,Dog,37.6151390000814,1.271007000013924,38.887102999979106,0,0
2576,2675,2650.5,0.000767906620113723,0.004439157160632035,0,0,2675,Dog,39.8142829999415,3.3012730000336887,43.11646299993299,0,0
2577,2676,2651.5,0.000996183186415256,0.00443787877287078,0,0,2676,Dog,39.725952000026155,4.947462000018277,44.67438899973786,0,0
2578,2677,2652.5,0.0012399608219106906,0.004436600385109537,0,0,2677,Dog,42.33042600026238,1.3012030003665132,43.63267000007909,0,0
2579,2678,2653.5,0.0,0.004435321997348283,0,0,2678,Dog,45.348751000346965,1.2875739998889912,46.637260999887076,0,0
2580,2679,2654.5,0.0004197636733085375,0.004434043609587028,0,0,2679,Dog,42.62051200021233,1.2759549999827868,43.897362999814504,0,0
2581,2680,2655.5,0.0002818182811862302,0.004432765221825785,0,0,2680,Dog,39.753881999786245,2.6806780001606967,42.43542999984129,0,0
2582,2681,2656.5,0.0006837318647181512,0.00443265136726908,0,0,2681,Dog,39.41357000030621,1.3656589999300195,40.780275000088295,0,0
2583,2682,2657.5,0.0006672569715775456,0.0044325375127123754,0,0,2682,Dog,47.82005700008085,4.422389999945153,52.24377100012134,0,0
2584,2683,2658.5,0.0013580809679649697,0.004432423658155671,0,0,2683,Dog,42.31507500026055,4.29516899976079,46.61113900010605,0,0
2585,2684,2659.5,0.0009612832459060527,0.004432309803598966,0,0,2684,Dog,45.0965590002852,1.2879000000793894,46.38544699992053,0,0
2586,2685,2660.5,0.0005257837272456545,0.004432195949042261,0,0,2685,Dog,41.46568600026512,3.802755999913643,45.2693340002952,0,0
2587,2686,2661.5,0.0008104727967646053,0.004432082094485556,0,0,2686,Dog,39.28755700007969,3.0804390003140725,42.368893999992,0,0
2588,2687,2662.5,0.0005615604964057663,0.004431968239928852,0,0,2687,Dog,42.69319000013638,3.1915250001475215,45.88561899981869,0,0
2589,2688,2663.5,0.0007988077356048118,0.004431854385372147,0,0,2688,Dog,40.9219570001369,0.9484619999966526,41.87123600013365,0,0
2590,2689,2664.5,0.0013516596726629304,0.004431740530815442,0,0,2689,Dog,35.07222200005344,0.95479699984935,36.02796199993463,0,0
2591,2690,2665.5,0.0029301122953123704,0.0044316266762587375,0,1,2690,Dog,36.9750350000686,0.9216910002578516,37.89748999997755,0,0
2592,2691,2666.5,0.003020207231187344,0.004431512821702032,0,1,2691,Dog,35.112062000280275,0.9209260001625807,36.0338249997767,0,0
2593,2692,2667.5,0.003355294219094529,0.004431398967145328,0,1,2692,Dog,35.04297500012399,3.3862360000966873,38.430112000241934,0,0
2594,2693,2668.5,0.002996871705505333,0.004431285112588623,0,1,2693,Dog,45.38449900019259,1.2946390002070984,46.679951999976765,0,0
2595,2694,2669.5,0.002093978118023365,0.004431171258031918,0,0,2694,Dog,56.13676499979192,1.0440219998599787,57.18209799988472,0,0
2596,2695,2670.5,0.002070218666293422,0.004431057403475214,0,0,2695,Dog,39.981133000310365,0.9831309998844517,40.96525199975076,0,0
2597,2696,2671.5,0.001814408264061984,0.004430943548918508,0,0,2696,Dog,39.79894400026751,0.9168360002149711,40.716599999996106,0,0
2598,2697,2672.5,0.0018940108686241741,0.004430829694361804,0,0,2697,Dog,38.06257199994434,3.3526259999234753,41.41601099991021,0,0
2599,2698,2673.5,0.0020367789252245805,0.0044307158398051,0,0,2698,Dog,36.6156210002373,2.4165849999917555,39.03293599978497,0,0
2600,2699,2674.5,0.0017498496115488926,0.004430601985248394,0,0,2699,Dog,36.56503499996688,0.9000420000120357,37.46607799985213,0,0
2601,2700,2675.5,0.0020189166131439062,0.00443048813069169,0,0,2700,Dog,38.09788199987452,3.7667470000997127,41.865372999836836,0,0
2602,2701,2676.5,0.001959261285654934,0.004429431059096213,0,0,2701,Dog,46.22253599973192,2.7942589999838674,49.017632999948546,0,0
2603,2702,2677.5,0.0010404386347997452,0.004428373987500746,0,0,2702,Dog,38.16863500014733,3.9189999997688574,42.08854499984227,0,0
2604,2703,2678.5,0.0011850689089414335,0.00442731691590527,0,0,2703,Dog,42.923454999709065,1.3028500002292276,44.227296999906685,0,0
2605,2704,2679.5,0.00011581779224867361,0.004426259844309793,0,0,2704,Dog,36.62605099998473,2.1209840001574776,38.74797899970872,0,0
2606,2705,2680.5,0.0003641145280650626,0.004425202772714326,0,0,2705,Dog,45.87134900020828,3.744248999737465,49.61649799997758,0,0
2607,2706,2681.5,0.0006655188051988281,0.00442414570111885,0,0,2706,Dog,39.44181899987598,4.168608999862045,43.61165099999198,0,0
2608,2707,2682.5,0.001352048408409412,0.004423088629523383,0,0,2707,Dog,62.002444000427204,4.378255999654357,66.38177800004996,0,0
2609,2708,2683.5,0.0025169833926984575,0.004422031557927906,0,1,2708,Dog,35.29828099999577,5.25402400035091,40.55325199988147,0,0
2610,2709,2684.5,0.0021680009539039036,0.0044209744863324294,0,1,2709,Dog,46.833376999984466,4.630118000022776,51.464415000282315,0,0
2611,2710,2685.5,0.002543526587195144,0.004419917414736962,0,1,2710,Dog,48.29414599998927,4.847457999858307,53.142460999879404,0,0
2612,2711,2686.5,0.0007749475850946652,0.004418860343141486,0,0,2711,Dog,52.08364400004939,1.2835540001105983,53.368124999906286,0,0
2613,2712,2687.5,0.0011194084063721466,0.004417803271546019,0,0,2712,Dog,39.73397599975215,4.301107000173943,44.03600399973584,0,0
2614,2713,2688.5,0.0013684627813739247,0.004416746199950542,0,0,2713,Dog,62.66331100005118,1.2947709997206402,63.95896900039588,0,0
2615,2714,2689.5,0.001711105536307933,0.004415689128355066,0,0,2714,Dog,47.78736600019329,3.2921350002652616,51.08056299968666,0,0
2616,2715,2690.5,0.0017300351777234102,0.004414632056759599,0,0,2715,Dog,38.84334799977296,0.8887750000212691,39.73293000035483,0,0
2617,2716,2691.5,0.0012379243843875232,0.004413574985164122,0,0,2716,Dog,35.0866489998225,3.402670000014041,38.490174999878946,0,0
2618,2717,2692.5,0.0018687002941132347,0.004412517913568655,0,0,2717,Dog,35.60777599977882,6.3061880000532256,41.9151520000014,0,0
2619,2718,2693.5,0.0017767145894118652,0.0044114608419731785,0,0,2718,Dog,45.758562999708374,1.6037929999583866,47.36352200006877,0,0
2620,2719,2694.5,0.002565483904169552,0.004410403770377702,0,1,2719,Dog,48.11218600025313,3.9490640001531574,52.06218400007856,0,0
2621,2720,2695.5,0.001989172699914721,0.004409346698782235,0,0,2720,Dog,45.83474999981263,1.3150129998393822,47.150672000043414,0,0
2622,2721,2696.5,0.0017891905162877864,0.00440843923434889,0,0,2721,Dog,37.079851999806124,0.9077350000552542,37.98837000022104,0,0
2623,2722,2697.5,0.001934057797432276,0.004407531769915553,0,0,2722,Dog,35.07727199985311,4.420811000272806,39.49884800022119,0,0
2624,2723,2698.5,0.0023312217541633373,0.004406624305482208,0,1,2723,Dog,44.31272199963132,2.1485840002242185,46.462187000088306,0,0
2625,2724,2699.5,0.00157659190727244,0.004405716841048863,0,0,2724,Dog,44.25046699998347,1.2998809997952776,45.551289999821165,0,0
2626,2725,2700.5,0.001526237164136579,0.004404809376615526,0,0,2725,Dog,42.31632900018667,1.2641580001400143,43.58139900023161,0,0
2627,2726,2701.5,0.002128446424294328,0.004403901912182181,0,0,2726,Dog,44.69240600019475,2.9861200000596,47.67941400041309,0,0
2628,2727,2702.5,0.003449657332054379,0.004402994447748844,0,1,2727,Dog,41.24169199985772,2.9192380002314167,44.16187600008925,0,0
2629,2728,2703.5,0.001151945573746982,0.004402086983315499,0,0,2728,Dog,39.96231499968417,3.208275000361027,43.171520000214514,0,0
2630,2729,2704.5,0.00043093625209766895,0.004401179518882154,0,0,2729,Dog,39.89964900029008,7.678845999635087,47.579579000284866,0,0
2631,2730,2705.5,0.00039295469905276104,0.004400272054448817,0,0,2730,Dog,43.94101600018985,3.5645409998323885,47.50673599983202,0,0
2632,2731,2706.5,0.00014766368408669628,0.0043993645900154725,0,0,2731,Dog,38.82079599998178,0.9188600001834857,39.74047699966832,0,0
2633,2732,2707.5,0.00011668614069326733,0.0043984571255821356,0,0,2732,Dog,42.70674300005339,3.0918269999347103,45.7995009996921,0,0
2634,2733,2708.5,0.0,0.00439754966114879,0,0,2733,Dog,43.22325399971305,5.088358000193693,48.312506999991456,0,0
2635,2734,2709.5,0.0,0.004396642196715445,0,0,2734,Dog,42.32777500010343,2.483595999819954,44.812297000135004,0,0
2636,2735,2710.5,0.0,0.004395734732282108,0,0,2735,Dog,39.889038000183064,4.362870000022667,44.25279600036447,0,0
2637,2736,2711.5,0.0003704636587954502,0.004394827267848764,0,0,2736,Dog,45.85269800008973,2.413940999758779,48.26739700001781,0,0
2638,2737,2712.5,0.0,0.004393919803415427,0,0,2737,Dog,69.38844299975244,3.694599000027665,73.08396999997058,0,0
2639,2738,2713.5,0.0,0.004393012338982081,0,0,2738,Dog,39.34534800009715,3.3604269997340452,42.7067310001803,0,0
2640,2739,2714.5,0.0,0.004392104874548736,0,0,2739,Dog,46.66019200021765,3.2979689999592665,49.95916400002898,0,0
2641,2740,2715.5,0.0003374698205103055,0.0043911974101153994,0,0,2740,Dog,51.093999999920925,3.1149020001066674,54.21029700028157,0,0
2642,2741,2716.5,0.0004914756858588332,0.004388650928032119,0,0,2741,Dog,43.65025299966874,4.4216050000613905,48.07287299991003,0,0
2643,2742,2717.5,0.00044441885078383425,0.004386104445948862,0,0,2742,Dog,37.241531000290706,0.9173469998131623,38.15974899998764,0,0
2644,2743,2718.5,0.002079276923221185,0.004383557963865582,0,0,2743,Dog,43.3284310001909,0.900895000086166,44.23029100007625,0,0
2645,2744,2719.5,0.002404942142403166,0.004381011481782301,0,1,2744,Dog,39.08303500020338,0.8940269999584416,39.97787100024652,0,0
2646,2745,2720.5,0.0028097760471242905,0.004378464999699044,0,1,2745,Dog,35.10526899981414,0.9214179999617045,36.02744799991342,0,0
2647,2746,2721.5,0.0021310094320341477,0.004375918517615764,0,0,2746,Dog,40.970467000079225,3.6715989999720477,44.64304299972355,0,0
2648,2747,2722.5,0.002168915754470646,0.004373372035532507,0,1,2747,Dog,56.40748399991935,0.8727710001039668,57.281018999674416,0,0
2649,2748,2723.5,0.002694185666213489,0.004370825553449227,0,1,2748,Dog,34.11870199988698,0.862817000324867,34.98234099970432,0,0
2650,2749,2724.5,0.002928533853520765,0.004368279071365946,0,1,2749,Dog,35.12915399960548,0.8643209998808743,35.994157000004634,0,0
2651,2750,2725.5,0.0026532445443991914,0.004365732589282689,0,1,2750,Dog,35.134536000441585,3.417633000026399,38.55289200009793,0,0
2652,2751,2726.5,0.002481591357823887,0.004363186107199409,0,1,2751,Dog,36.5628959998503,0.8812539999780711,37.444978000166884,0,0
2653,2752,2727.5,0.002202987109005683,0.004360639625116152,0,1,2752,Dog,35.107099000015296,0.8805009997558955,35.98826500001451,0,0
2654,2753,2728.5,0.0016145401424784156,0.0043580931430328715,0,0,2753,Dog,36.12044700003025,4.446193999683601,40.56764999995721,0,0
2655,2754,2729.5,0.0014532585652051733,0.004355546660949591,0,0,2754,Dog,70.76842900005431,3.909122000095522,74.67876600003365,0,0
2656,2755,2730.5,0.001065677564112688,0.004353000178866334,0,0,2755,Dog,42.704198000137694,1.3185810003051301,44.02373600032661,0,0
2657,2756,2731.5,0.0011420864887575766,0.004350453696783054,0,0,2756,Dog,53.140951999921526,1.314962999913405,54.45681599985619,0,0
2658,2757,2732.5,0.0013050907845501003,0.004347907214699797,0,0,2757,Dog,44.29310799969244,1.3443340003505,45.638328999757505,0,0
2659,2758,2733.5,0.0024977244323132197,0.004345360732616516,0,1,2758,Dog,45.493365000311314,1.2952020001648634,46.78947299998981,0,0
2660,2759,2734.5,0.00164608970272484,0.004342814250533236,0,0,2759,Dog,37.71384399988165,2.690953999717749,40.40566999992734,0,0
2661,2760,2735.5,0.0014721734491206506,0.004340267768449979,0,0,2760,Dog,39.35521499988681,3.29803400018136,42.654096000205755,0,0
2662,2761,2736.5,0.0007894183201749838,0.004340211797191779,0,0,2761,Dog,41.92903000011938,3.3438600003137253,45.27383999993617,0,0
2663,2762,2737.5,0.0017739849103852734,0.0043401558259335785,0,0,2762,Dog,33.59602899990932,1.4101949996074836,35.00700499989762,0,0
2664,2763,2738.5,0.001955313538500647,0.004340099854675377,0,0,2763,Dog,37.55797099984193,0.9582440002304793,38.517015000252286,0,0
2665,2764,2739.5,0.001584258651590953,0.004340043883417177,0,0,2764,Dog,46.03261800002656,4.175971000222489,50.20934600042892,0,0
2666,2765,2740.5,0.001361157903849386,0.004339987912158977,0,0,2765,Dog,54.973312999663904,2.445737000016379,57.42060799957471,0,0
2667,2766,2741.5,4.8571844270761666e-05,0.0043399319409007766,0,0,2766,Dog,39.138083000125334,0.9188379999613971,40.05781099976957,0,0
2668,2767,2742.5,0.00041792519565087005,0.004339875969642576,0,0,2767,Dog,41.351002999817865,0.972133999766811,42.32384999977512,0,0
2669,2768,2743.5,0.0,0.004339819998384375,0,0,2768,Dog,37.35483699983888,1.0678180001377768,38.423415000124805,0,0
2670,2769,2744.5,0.0,0.004339764027126175,0,0,2769,Dog,36.56555599991407,1.0394999999334686,37.605874000291806,0,0
2671,2770,2745.5,0.0,0.004339708055867975,0,0,2770,Dog,36.191486999996414,0.94061200024953,37.132877000203734,0,0
2672,2771,2746.5,0.0,0.004339652084609774,0,0,2771,Dog,38.88327300001038,2.416056000129174,41.30011799998101,0,0
2673,2772,2747.5,0.0,0.004339596113351574,0,0,2772,Dog,37.517793999995774,0.9969530001399107,38.515583999924274,0,0
2674,2773,2748.5,0.0,0.004339540142093373,0,0,2773,Dog,37.998082999820326,0.9327930001745699,38.93159600011131,0,0
2675,2774,2749.5,0.0,0.004339484170835173,0,0,2774,Dog,35.04961499993442,0.9377640003549459,35.988230999919324,0,0
2676,2775,2750.5,0.0,0.004339428199576972,0,0,2775,Dog,38.067180999860284,0.9340500000689644,39.00208200002453,0,0
2677,2776,2751.5,0.0,0.004339372228318772,0,0,2776,Dog,38.83803100006844,2.6838059998226527,41.52271999964796,0,0
2678,2777,2752.5,0.0,0.004339316257060572,0,0,2777,Dog,41.31597400009923,1.3109940000504139,42.6278359996104,0,0
2679,2778,2753.5,0.0,0.004339260285802371,0,0,2778,Dog,40.745357999639964,1.3251109999146138,42.07151199989312,0,0
2680,2779,2754.5,0.0,0.00433920431454417,0,0,2779,Dog,41.79063599985966,1.3861899997209548,43.177967999781686,0,0
2681,2780,2755.5,0.0,0.00433914834328597,0,0,2780,Dog,43.75496599959661,1.3115269998706935,45.06743599995389,0,0
2682,2781,2756.5,0.0,0.004333972380551002,0,0,2781,Dog,54.41236500018931,1.5253190003932104,55.938586999673134,0,0
2683,2782,2757.5,0.0,0.004328796417816081,0,0,2782,Dog,36.37942400018801,4.276093000044057,40.656487999967794,0,0
2684,2783,2758.5,0.0,0.004323620455081114,0,0,2783,Dog,49.74343499998213,3.3524479999869072,53.09682500001145,0,0
2685,2784,2759.5,0.0,0.004318444492346146,0,0,2784,Dog,52.62367199975415,1.2792830002581468,53.90390899992781,0,0
2686,2785,2760.5,0.0,0.004313268529611225,0,0,2785,Dog,42.721866000192676,4.275176000192005,46.997958999781986,0,0
2687,2786,2761.5,0.0,0.004308092566876257,0,0,2786,Dog,44.715575000282115,1.9740109996746469,46.69045200034816,0,0
2688,2787,2762.5,0.0,0.004302916604141336,0,0,2787,Dog,42.007171000022936,4.282207999949605,46.29027100008898,0,0
2689,2788,2763.5,0.0,0.0042977406414063685,0,0,2788,Dog,41.72606200017981,3.3920589999070216,45.119074000012915,0,0
2690,2789,2764.5,0.0,0.004292564678671401,0,0,2789,Dog,40.82127199990282,3.177838000283373,44.00003499995364,0,0
2691,2790,2765.5,0.0,0.00428738871593648,0,0,2790,Dog,39.05012399991392,2.276406999953906,41.328362000058405,0,0
2692,2791,2766.5,0.0,0.004282212753201512,0,0,2791,Dog,38.502435000282276,3.2996659997479583,41.803356999935204,0,0
2693,2792,2767.5,0.0,0.004277036790466591,0,0,2792,Dog,37.64205800007403,0.9314799999629031,38.57426100012162,0,0
2694,2793,2768.5,0.0,0.004271860827731623,0,0,2793,Dog,48.071019999952114,0.8405970002058893,48.91229700024269,0,0
2695,2794,2769.5,0.0002683797564594359,0.004266684864996656,0,0,2794,Dog,47.14275800006362,0.9114670001508784,48.05508200024633,0,0
2696,2795,2770.5,0.0,0.004261508902261735,0,0,2795,Dog,39.31185100009316,2.1783560000585567,41.49095100001432,0,0
2697,2796,2771.5,0.0,0.004256332939526767,0,0,2796,Dog,40.45281500020792,0.929902999814658,41.38345599994864,0,0
2698,2797,2772.5,0.0,0.004251156976791846,0,0,2797,Dog,36.16742800022621,0.9035360003508686,37.0717920000061,0,0
2699,2798,2773.5,0.0,0.004245981014056878,0,0,2798,Dog,46.103563999622565,3.836693999801355,49.94093499999508,0,0
2700,2799,2774.5,0.0,0.0042408050513219105,0,0,2799,Dog,46.18577299970639,3.7370880004345963,49.92367100021511,0,0
2701,2800,2775.5,0.0,0.00423562908858699,0,0,2800,Dog,63.92370100002154,0.9512949995951203,64.87584200021956,0,0
2702,2801,2776.5,0.0,0.0042338482800381655,0,0,2801,Dog,36.51519000004555,2.0380430000841443,38.554013000066334,0,0
2703,2802,2777.5,0.0,0.004232067471489357,0,0,2802,Dog,40.99032099975375,1.038591999986238,42.03018599991992,0,0
2704,2803,2778.5,0.0,0.004230286662940532,0,0,2803,Dog,44.73289499992461,3.530831000261969,48.26479399980599,0,0
2705,2804,2779.5,0.0,0.004228505854391708,0,0,2804,Dog,39.36171099985586,3.2991540001603425,42.6617839998471,0,0
2706,2805,2780.5,0.0,0.0042267250458428995,0,0,2805,Dog,40.58131700003287,2.683824000087043,43.266037000194046,0,0
2707,2806,2781.5,0.0,0.0042249442372940755,0,0,2806,Dog,41.31440399987696,3.2851750002009794,44.600410999919404,0,0
2708,2807,2782.5,0.0,0.004223163428745267,0,0,2807,Dog,45.86716200037699,4.739625999718555,50.60758099989471,0,0
2709,2808,2783.5,0.0013168690959034501,0.004221382620196442,0,0,2808,Dog,49.09011800009466,2.710306999688328,51.801282000269566,0,0
2710,2809,2784.5,0.0011582001009453613,0.004219601811647618,0,0,2809,Dog,38.31288299988955,2.330183000140096,40.64395900013551,0,0
2711,2810,2785.5,0.0009658896992659205,0.0042178210030988095,0,0,2810,Dog,56.49602300036349,1.333307000095374,57.83036100001482,0,0
2712,2811,2786.5,0.000607356218058186,0.004216040194549985,0,0,2811,Dog,50.82204100017407,1.2965109999640845,52.119454000148835,0,0
2713,2812,2787.5,0.0006613462172103679,0.004214259386001177,0,0,2812,Dog,54.77503900010561,1.3322030004019325,56.10816499984139,0,0
2714,2813,2788.5,0.00022647113806106844,0.004212478577452352,0,0,2813,Dog,44.11832100004176,1.166663999811135,45.2864320000117,0,0
2715,2814,2789.5,0.00013303738091285933,0.004210697768903528,0,0,2814,Dog,40.66140600025392,0.9371920000376122,41.599415999826306,0,0
2716,2815,2790.5,0.00047114556580141187,0.004208916960354719,0,0,2815,Dog,37.88765899980717,0.9092309996958647,38.797682999756944,0,0
2717,2816,2791.5,0.0004227699384783401,0.004207136151805895,0,0,2816,Dog,35.05881099999897,0.9042360002240457,35.96388300002218,0,0
2718,2817,2792.5,0.0011971357088207402,0.004205355343257087,0,0,2817,Dog,46.093588000076124,4.126123999867559,50.2206969999861,0,0
2719,2818,2793.5,0.0005539714168069088,0.004203574534708262,0,0,2818,Dog,48.662272000001394,1.3413750002655433,50.004605000140145,0,0
2720,2819,2794.5,0.0008164294423601559,0.004201793726159438,0,0,2819,Dog,40.704742000343686,1.2966570002390654,42.0022240000435,0,0
2721,2820,2795.5,0.0003255497049373668,0.004200012917610629,0,0,2820,Dog,45.90448999988439,1.297748000069987,47.20314900032463,0,0
2722,2821,2796.5,0.0014704952370779845,0.004198495762646093,0,0,2821,Dog,39.389146999837976,2.3352359999080363,41.72525600006338,0,0
2723,2822,2797.5,0.0014657217785692955,0.0041969786076815705,0,0,2822,Dog,39.684269999725075,3.0384880001292913,42.72364000007656,0,0
2724,2823,2798.5,0.0002914406792819957,0.004195461452717033,0,0,2823,Dog,48.94533800006684,1.2959249997948064,50.242204000369384,0,0
2725,2824,2799.5,0.0,0.004193944297752497,0,0,2824,Dog,47.90932400010206,0.9778949997780728,48.88812100034556,0,0
2726,2825,2800.5,0.0,0.0041924271427879745,0,0,2825,Dog,52.408938000098715,1.0687760000109847,53.47902999983489,0,0
2727,2826,2801.5,0.0,0.004190909987823438,0,0,2826,Dog,43.67855100008455,1.032191999911447,44.711651999932656,0,0
2728,2827,2802.5,0.0,0.004189392832858916,0,0,2827,Dog,33.85531899994021,1.559408000048279,35.4154629999357,0,0
2729,2828,2803.5,0.0003137331397485843,0.004187875677894378,0,0,2828,Dog,35.39257800002815,0.9724000001369859,36.36578700024984,0,0
2730,2829,2804.5,0.00017011197505856224,0.004186358522929842,0,0,2829,Dog,34.03574200001458,3.769822999856842,37.80643100026282,0,0
2731,2830,2805.5,0.0,0.00418484136796532,0,0,2830,Dog,39.95881899982123,4.0303539999513305,43.990139000015915,0,0
2732,2831,2806.5,0.0,0.004183324213000783,0,0,2831,Dog,42.999245000373776,4.285780999907729,47.28589899968938,0,0
2733,2832,2807.5,0.0,0.004181807058036261,0,0,2832,Dog,38.913962000151514,0.9321989996351476,39.84703200012518,0,0
2734,2833,2808.5,0.0,0.0041802899030717235,0,0,2833,Dog,35.06873799960886,3.757847000088077,38.82734099988738,0,0
2735,2834,2809.5,0.0,0.004178772748107187,0,0,2834,Dog,37.213625999811484,0.8874679997461499,38.10195300002306,0,0
2736,2835,2810.5,0.0,0.004177255593142665,0,0,2835,Dog,36.09519400015415,0.8945180002228881,36.99044299992238,0,0
2737,2836,2811.5,0.0,0.004175738438178128,0,0,2836,Dog,35.157588999936706,3.377681000074517,38.53608400004305,0,0
2738,2837,2812.5,0.0,0.004174221283213606,0,0,2837,Dog,33.55694200035941,2.43761900037498,35.995436999655794,0,0
2739,2838,2813.5,0.0,0.004172704128249069,0,0,2838,Dog,39.614174000234925,1.3637590000143973,40.97885700002735,0,0
2740,2839,2814.5,0.0,0.004171186973284532,0,0,2839,Dog,44.79772300010154,2.546433999668807,47.34517299993968,0,0
2741,2840,2815.5,0.0,0.00416966981832001,0,0,2840,Dog,38.36834699995961,2.345275000152469,40.714742000091064,0,0
2742,2841,2816.5,0.0,0.004168996830019559,0,0,2841,Dog,34.56934099995124,3.394497000044794,37.96469500002786,0,0
2743,2842,2817.5,0.0,0.0041683238417191135,0,0,2842,Dog,42.522526000084326,1.3202649997765548,43.84367500006192,0,0
2744,2843,2818.5,0.0,0.004167650853418663,0,0,2843,Dog,39.445088999855216,3.002879000177927,42.44889300025534,0,0
2745,2844,2819.5,0.0,0.004166977865118212,0,0,2844,Dog,37.29442399981053,0.9503100000074483,38.245595000262256,0,0
2746,2845,2820.5,0.0,0.004166304876817767,0,0,2845,Dog,34.96618200006196,0.949461999880441,35.91657600009057,0,0
2747,2846,2821.5,0.0,0.004165631888517316,0,0,2846,Dog,35.05405699979747,3.828799000075378,38.88365199964028,0,0
2748,2847,2822.5,0.0,0.0041649589002168705,0,0,2847,Dog,33.20060399983049,3.450375999818789,36.65184900000895,0,0
2749,2848,2823.5,0.0,0.00416428591191642,0,0,2848,Dog,43.27735399965604,2.726532999986375,46.00477800022418,0,0
2750,2849,2824.5,0.0,0.004163612923615969,0,0,2849,Dog,43.31725900010497,1.3616689998343645,44.67988399983369,0,0
2751,2850,2825.5,0.0,0.004162939935315524,0,0,2850,Dog,40.61982999974134,1.2782910002897552,41.89904700024272,0,0
2752,2851,2826.5,0.0,0.004162266947015073,0,0,2851,Dog,52.779455999825586,2.7441249999355932,55.524549999972805,0,0
2753,2852,2827.5,0.0,0.0041615939587146275,0,0,2852,Dog,47.55181200016523,0.9788229999685427,48.53219500000705,0,0
2754,2853,2828.5,0.0,0.004160920970414177,0,0,2853,Dog,47.921737999786274,0.9124769999289128,48.83524999968358,0,0
2755,2854,2829.5,0.0,0.004160247982113726,0,0,2854,Dog,44.98278999972172,0.8834539999043045,45.86723799957326,0,0
2756,2855,2830.5,0.0,0.004159574993813281,0,0,2855,Dog,40.95868799959135,1.331238000148005,42.29092000014134,0,0
2757,2856,2831.5,0.0,0.00415890200551283,0,0,2856,Dog,45.81995700027619,0.9113139999499253,46.732076999887795,0,0
2758,2857,2832.5,0.0,0.0041582290172123846,0,0,2857,Dog,37.066584000058356,0.9272369998143404,37.99476099993626,0,0
2759,2858,2833.5,0.0,0.004157556028911934,0,0,2858,Dog,36.06552500014004,3.6711719999402703,39.737521999995806,0,0
2760,2859,2834.5,0.0,0.004156883040611483,0,0,2859,Dog,36.31823500018072,3.7666379998881894,40.08569300003728,0,0
2761,2860,2835.5,0.0,0.004156210052311038,0,0,2860,Dog,38.23911200015573,0.9186209999825223,39.158426000085456,0,0
2762,2861,2836.5,0.0,0.004154664829972543,0,0,2861,Dog,45.87336799977493,1.3094949999867822,47.18374699996275,0,0
2763,2862,2837.5,0.0,0.004153119607634062,0,0,2862,Dog,38.6530529999618,1.3079430000288994,39.961896000022534,0,0
2764,2863,2838.5,0.0,0.004151574385295567,0,0,2863,Dog,37.83689400006551,1.8573279999145598,39.69515800008594,0,0
2765,2864,2839.5,0.0,0.004150029162957072,0,0,2864,Dog,56.21545199983302,4.420560000198748,60.63787999983106,0,0
2766,2865,2840.5,0.0,0.004148483940618591,0,0,2865,Dog,58.89305400023659,3.290063999884296,62.18470099975093,0,0
2767,2866,2841.5,0.0,0.004146938718280096,0,0,2866,Dog,44.56064299984064,1.4360959999066836,45.99800999994841,0,0
2768,2867,2842.5,0.0,0.004145393495941616,0,0,2867,Dog,42.68479600023056,1.8372710001131054,44.52380699967762,0,0
2769,2868,2843.5,0.0,0.0041438482736031205,0,0,2868,Dog,43.97360699977071,1.056727000104729,45.03140000042549,0,0
2770,2869,2844.5,0.0007460585801102315,0.004142303051264625,0,0,2869,Dog,45.03283400026703,1.0949849997814454,46.12913800019669,0,0
2771,2870,2845.5,0.00018146499957516493,0.004140757828926145,0,0,2870,Dog,38.02650599982371,7.322229000237712,45.350133999818354,0,0
2772,2871,2846.5,0.0010325972532553296,0.00413921260658765,0,0,2871,Dog,46.593684000072244,1.0761240000647376,47.67093100008424,0,0
2773,2872,2847.5,0.0007223439624080008,0.004137667384249169,0,0,2872,Dog,34.937461000026815,0.9640200000831101,35.90226799997254,0,0
2774,2873,2848.5,0.00047507648643085876,0.004136122161910674,0,0,2873,Dog,37.66636899990772,0.9177209999506886,38.58489999993253,0,0
2775,2874,2849.5,0.0012411103076179764,0.004134576939572179,0,0,2874,Dog,36.07119599973885,0.9231199996975192,36.99500699985947,0,0
2776,2875,2850.5,0.0021518987053136263,0.004133031717233698,0,1,2875,Dog,39.06868399963059,4.448752999905992,43.51811700007602,0,0
2777,2876,2851.5,0.0013526962099393858,0.004131486494895203,0,0,2876,Dog,38.74653599996236,0.9722479999254574,39.71985999987737,0,0
2778,2877,2852.5,0.0020940409395503456,0.004129941272556723,0,0,2877,Dog,42.862491000050795,1.3902330001656082,44.25377199959257,0,0
2779,2878,2853.5,0.003490211807014587,0.0041283960502182275,0,1,2878,Dog,41.36902300024303,1.599046000137605,42.96899900009521,0,0
2780,2879,2854.5,0.0033390102012689216,0.004126850827879732,0,1,2879,Dog,34.57535000006828,0.9024679998219653,35.47893199993268,0,0
2781,2880,2855.5,0.0028886205117428787,0.004125305605541252,0,1,2880,Dog,35.08493799972712,3.7912950001555146,38.87701400026344,0,0
2782,2881,2856.5,0.0018139306723530257,0.00412512935526626,0,0,2881,Dog,38.20334400006686,0.8786749999671883,39.082908000182215,0,0
2783,2882,2857.5,0.000540968285427712,0.00412495310499127,0,0,2882,Dog,46.11912200016377,3.2227400001829665,49.342615000114165,0,0
2784,2883,2858.5,0.0007131354933322953,0.004124776854716277,0,0,2883,Dog,43.789008999738144,0.9244200000466662,44.71422500000699,0,0
2785,2884,2859.5,0.0,0.004124600604441285,0,0,2884,Dog,36.065454999970825,0.8900059997358767,36.95613800027786,0,0
2786,2885,2860.5,8.101305657148838e-05,0.004124424354166295,0,0,2885,Dog,35.10025300010966,1.4250549997996131,36.52610199969786,0,0
2787,2886,2861.5,0.000657139540383378,0.004124248103891303,0,0,2886,Dog,34.850067000206764,1.1422349998611026,35.993083999983355,0,0
2788,2887,2862.5,0.0009456599693621337,0.004124071853616313,0,0,2887,Dog,40.18994999978531,1.8332059999011108,42.0240600001307,0,0
2789,2888,2863.5,0.0,0.00412389560334132,0,0,2888,Dog,41.326683000079356,3.3869210001284955,44.7144660001868,0,0
2790,2889,2864.5,0.0,0.004123719353066328,0,0,2889,Dog,38.8753759998508,1.00533099976019,39.88180399983321,0,0
2791,2890,2865.5,0.0,0.004123543102791338,0,0,2890,Dog,36.72346399980597,2.7282450000711833,39.453006999792706,0,0
2792,2891,2866.5,0.0,0.004123366852516346,0,0,2891,Dog,41.500500999973156,1.4431659997171664,42.944828999679885,0,0
2793,2892,2867.5,0.0,0.004123190602241356,0,0,2892,Dog,37.50201200000447,0.9851359995991515,38.488100999984454,0,0
2794,2893,2868.5,0.0,0.0041230143519663635,0,0,2893,Dog,39.014097999825026,1.4705899998261884,40.485471000010875,0,0
2795,2894,2869.5,0.00019011460318296702,0.004122838101691372,0,0,2894,Dog,37.015400000200316,1.3585329998022644,38.37472999975944,0,0
2796,2895,2870.5,0.0,0.0041226618514163815,0,0,2895,Dog,67.99693299990395,1.3149970000085887,69.31278899992321,0,0
2797,2896,2871.5,0.0005336035314544851,0.00412248560114139,0,0,2896,Dog,38.83902400002626,3.46391399989443,42.303809999793884,0,0
2798,2897,2872.5,0.0006981210271760352,0.0041223093508663995,0,0,2897,Dog,43.518906000372226,3.8197150001906266,47.33951199978037,0,0
2799,2898,2873.5,1.2680269616427431e-05,0.004122133100591407,0,0,2898,Dog,38.159014000029856,0.8894640000107756,39.04924200014648,0,0
2800,2899,2874.5,0.0,0.004121956850316415,0,0,2899,Dog,35.11061699964557,3.7824999999429565,38.89390399990589,0,0
2801,2900,2875.5,0.0,0.004121780600041425,0,0,2900,Dog,39.26041500017163,3.4174600000369537,42.67868099987027,0,0
2802,2901,2876.5,0.0,0.004121489867460747,0,0,2901,Dog,37.52882800017687,0.8878369999365532,38.41733999979624,0,0
2803,2902,2877.5,0.0,0.004121199134880072,0,0,2902,Dog,35.282354000173655,3.685693000079482,38.969102000010025,0,0
2804,2903,2878.5,0.0,0.004120908402299394,0,0,2903,Dog,35.261295000054815,3.945613000269077,39.20790299980581,0,0
2805,2904,2879.5,0.0,0.004120617669718716,0,0,2904,Dog,38.76936500000738,3.959063999900536,42.729310000140686,0,0
2806,2905,2880.5,0.0,0.004120326937138041,0,0,2905,Dog,42.94030500022927,1.304990999869915,44.246195999676274,0,0
2807,2906,2881.5,0.0,0.004120036204557364,0,0,2906,Dog,39.90824499987866,3.488892999939708,43.39786499986076,0,0
2808,2907,2882.5,0.0,0.004119745471976689,0,0,2907,Dog,46.30777400006991,4.101680999610835,50.410361000103876,0,0
2809,2908,2883.5,0.0,0.00411945473939601,0,0,2908,Dog,39.96837299973777,3.2808390001264343,43.2502349999595,0,0
2810,2909,2884.5,0.0,0.004119164006815333,0,0,2909,Dog,43.018664000101126,1.2943189999532478,44.31392300011794,0,0
2811,2910,2885.5,0.0,0.004118873274234658,0,0,2910,Dog,43.06582899971545,2.2750519997316587,45.34180300015578,0,0
2812,2911,2886.5,0.0,0.00411858254165398,0,0,2911,Dog,41.184786000030726,0.9675189999143186,42.153209000389325,0,0
2813,2912,2887.5,0.0,0.004118291809073305,0,0,2912,Dog,37.0827689998805,3.4721659999377152,40.55585300011444,0,0
2814,2913,2888.5,0.0,0.004118001076492627,0,0,2913,Dog,35.45281000015166,0.9623490000194579,36.4159020000443,0,0
2815,2914,2889.5,0.0,0.004117710343911949,0,0,2914,Dog,40.481525999894075,0.9823579998737841,41.46484800003236,0,0
2816,2915,2890.5,0.0,0.004117419611331274,0,0,2915,Dog,36.696520000077726,2.404365000074904,39.102182000078756,0,0
2817,2916,2891.5,0.0,0.004117128878750597,0,0,2916,Dog,38.5189389999141,0.9940330000972608,39.513985000212415,0,0
2818,2917,2892.5,0.0,0.004116838146169922,0,0,2917,Dog,34.965634000400314,2.4321859996234707,37.39865899979122,0,0
2819,2918,2893.5,0.0,0.0041165474135892435,0,0,2918,Dog,37.53806500026258,3.9872769998510194,41.52623600020888,0,0
2820,2919,2894.5,0.0,0.004116256681008566,0,0,2919,Dog,40.74477199992543,3.0385099998966325,43.78413399990677,0,0
2821,2920,2895.5,0.0,0.004115965948427891,0,0,2920,Dog,39.016300000184856,3.5027160001845914,42.51999899997827,0,0
2822,2921,2896.5,0.0,0.0041143979937176885,0,0,2921,Dog,34.69702500024141,1.4488690003418014,36.14670399974784,0,0
2823,2922,2897.5,0.0,0.004112830039007501,0,0,2922,Dog,34.53162699997847,3.5554969999793684,38.087984999947366,0,0
2824,2923,2898.5,0.0,0.004111262084297298,0,0,2923,Dog,38.44865600012781,4.771247000007861,43.22084400018866,0,0
2825,2924,2899.5,0.0001120612694560652,0.004109694129587096,0,0,2924,Dog,39.22762199999852,2.699222000046575,41.927674999897135,0,0
2826,2925,2900.5,0.0010677230953294314,0.004108126174876908,0,0,2925,Dog,36.30247599994618,2.392697999766824,38.69589199985057,0,0
2827,2926,2901.5,0.0013550991057318384,0.004106558220166706,0,0,2926,Dog,36.54483199989045,3.7781589999212883,40.32388599989645,0,0
2828,2927,2902.5,0.0028417716045966435,0.004104990265456518,0,1,2927,Dog,34.22294900019551,3.792706000240287,38.016609999885986,0,0
2829,2928,2903.5,0.00426399703750302,0.004103422310746316,1,0,2928,Dog,34.43715000003067,2.2161439997034904,36.65503699994588,1,1
2830,2929,2904.5,0.0033565945252453933,0.004119164006815333,0,1,2929,Dog,41.63346199993612,3.405603999908635,45.04004599994005,0,0
2831,2930,2905.5,0.0038528229645267142,0.004118873274234658,0,1,2930,Dog,41.31974400024774,2.9544499998337415,44.275059000028705,0,0
2832,2931,2906.5,0.003003425612225441,0.00411858254165398,0,1,2931,Dog,42.39973599987934,1.2936359999002889,43.69429300004413,0,0
2833,2932,2907.5,0.001392662250963017,0.004118291809073305,0,0,2932,Dog,38.50790100023005,4.123464999793214,42.632189000414655,0,0
2834,2933,2908.5,0.0006646728075688779,0.004118001076492627,0,0,2933,Dog,39.97901200000342,1.3100800001666357,41.29003999969427,0,0
2835,2934,2909.5,0.000487417769085674,0.004117710343911949,0,0,2934,Dog,43.34193300019251,2.194862000123976,45.53768599998875,0,0
2836,2935,2910.5,0.0010027428710072117,0.004117419611331274,0,0,2935,Dog,38.98873600019215,3.9570050003021606,42.94650400015598,0,0
2837,2936,2911.5,0.0009449339007910895,0.004117128878750597,0,0,2936,Dog,39.04547000001912,3.904607000094984,42.95086000001902,0,0
2838,2937,2912.5,0.00024050618174975558,0.004116838146169922,0,0,2937,Dog,43.90622799974153,4.283456999928603,48.1905680003365,0,0
2839,2938,2913.5,0.0,0.0041165474135892435,0,0,2938,Dog,41.74213000032978,2.7235409997956594,44.46650899990345,0,0
2840,2939,2914.5,0.0,0.004116256681008566,0,0,2939,Dog,39.46910700005901,3.44643200014616,42.91647899981399,0,0
2841,2940,2915.5,0.0,0.004115965948427891,0,0,2940,Dog,40.58525300024485,1.4212670002962113,42.00784900012877,0,0
2842,2941,2916.5,0.0005221720254356965,0.0041143979937176885,0,0,2941,Dog,36.662656999851606,1.0347279999223247,37.69840299992211,0,0
2843,2942,2917.5,0.0010713750741172534,0.004112830039007501,0,0,2942,Dog,36.92011300017839,0.9942510000655602,37.915187000180595,0,0
2844,2943,2918.5,0.0021927367955898447,0.004111262084297298,0,1,2943,Dog,35.91806800022823,0.9562479999658535,36.87519099958081,0,0
2845,2944,2919.5,0.0018037058634191583,0.004109694129587096,0,0,2944,Dog,42.01275800005533,0.9375579998049943,42.95108499991329,0,0
2846,2945,2920.5,0.0021548895278293845,0.004108126174876908,0,1,2945,Dog,35.03519800005961,0.965290999829449,36.00134399994204,0,0
2847,2946,2921.5,0.0021370577474657537,0.004106558220166706,0,1,2946,Dog,36.03093699985038,1.482587000282365,37.514377999741555,0,0
2848,2947,2922.5,0.002267408939849447,0.004104990265456518,0,1,2947,Dog,37.51691400020718,0.9689410003375087,38.48670199977278,0,0
2849,2948,2923.5,0.0007261122332408165,0.004103422310746316,0,0,2948,Dog,43.82169500013333,2.691801999844756,46.51440099996762,0,0
2850,2949,2924.5,0.0006295553306228108,0.004101854356036113,0,0,2949,Dog,38.273990000107005,1.309675999891624,39.584637000189105,0,0
2851,2950,2925.5,0.0006302520575713899,0.0041002864013259255,0,0,2950,Dog,36.768903999927716,4.616775000158668,41.386553999927855,0,0
2852,2951,2926.5,0.00040937029519849677,0.004098718446615723,0,0,2951,Dog,43.271022999761044,4.297067999686988,47.56896999970195,0,0
2853,2952,2927.5,0.00022141333392378115,0.004097150491905535,0,0,2952,Dog,47.86987399984355,3.3599260000301,51.23069499995836,0,0
2854,2953,2928.5,0.0003694322699351327,0.004095582537195333,0,0,2953,Dog,49.72882699985348,4.411302999869804,54.14127999983975,0,0
2855,2954,2929.5,0.001211273029580795,0.00409401458248513,0,0,2954,Dog,39.70367600004465,0.9350579998681496,40.639633999944635,0,0
2856,2955,2930.5,0.0008034696049805667,0.004092446627774943,0,0,2955,Dog,34.16185400010363,2.155840999876091,36.3186070003394,0,0
2857,2956,2931.5,0.001146719922738293,0.00409087867306474,0,0,2956,Dog,38.545142999737436,0.886814000295999,39.43262799975855,0,0
2858,2957,2932.5,0.0007481509263846942,0.004089310718354553,0,0,2957,Dog,51.91138100008175,2.3715750003248104,54.28388999962408,0,0
2859,2958,2933.5,0.0005661664342746509,0.00408774276364435,0,0,2958,Dog,39.65664699990157,4.313642999932199,43.97122999989733,0,0
2860,2959,2934.5,0.0,0.004086174808934148,0,0,2959,Dog,45.629757000369864,3.454959000009694,49.08567900019989,0,0
2861,2960,2935.5,0.0,0.00408460685422396,0,0,2960,Dog,46.76186899996537,0.9283080003115174,47.69100400017123,0,0
2862,2961,2936.5,0.0,0.00408345852287197,0,0,2961,Dog,37.04505699988658,0.9451169999010745,37.99101699996754,0,0
2863,2962,2937.5,0.0,0.004082310191519991,0,0,2962,Dog,34.022246000404266,0.9237340000254335,34.946706000027916,0,0
2864,2963,2938.5,0.0,0.004081161860168001,0,0,2963,Dog,35.118196999974316,2.468726000188326,37.58785200034254,0,0
2865,2964,2939.5,0.0,0.004080013528816011,0,0,2964,Dog,36.52161800027898,2.4764459999460087,38.998871999865514,0,0
2866,2965,2940.5,0.0,0.004078865197464032,0,0,2965,Dog,35.52149600000121,0.9780800000953604,36.50034300017069,0,0
2867,2966,2941.5,0.0,0.004077716866112043,0,0,2966,Dog,50.19275899985587,2.9450420001921884,53.1395490002069,0,0
2868,2967,2942.5,0.0,0.0040765685347600635,0,0,2967,Dog,51.780443000097875,1.3740190001954034,53.15531099995496,0,0
2869,2968,2943.5,0.0,0.004075420203408073,0,0,2968,Dog,40.57848900038152,1.3005030000385887,41.87991500020871,0,0
2870,2969,2944.5,0.0,0.0040742718720560836,0,0,2969,Dog,43.594938999831356,1.3074329999653855,44.90337500010355,0,0
2871,2970,2945.5,0.0,0.004073123540704104,0,0,2970,Dog,45.70284500005073,4.4623870003306365,50.166113000159385,0,0
2872,2971,2946.5,0.0,0.004071975209352115,0,0,2971,Dog,41.50981699967815,1.2978249997104285,42.80849499991746,0,0
2873,2972,2947.5,0.0,0.004070826878000136,0,0,2972,Dog,41.9360239998241,0.9268329999940761,42.8636199999346,0,0
2874,2973,2948.5,0.00034863021770237257,0.004069678546648145,0,0,2973,Dog,35.060244999840506,0.9300329998040979,35.990971999581234,0,0
2875,2974,2949.5,0.0007201631921959217,0.004068530215296156,0,0,2974,Dog,39.03958599994439,0.8786650000729423,39.91895699982706,0,0
2876,2975,2950.5,0.00012315957572450742,0.004067381883944177,0,0,2975,Dog,35.09854899994025,4.497376000017539,39.59669500000018,0,0
2877,2976,2951.5,0.0009011506759649679,0.004066233552592187,0,0,2976,Dog,39.527508999981364,0.9110010000767943,40.439219000290905,0,0
2878,2977,2952.5,0.0013982038234187089,0.004065085221240208,0,0,2977,Dog,34.125075999781984,0.9055119999175076,35.03139899976304,0,0
2879,2978,2953.5,0.001861847320333676,0.0040639368898882176,0,0,2978,Dog,35.09585799974957,0.9256519997506985,36.02216099989164,0,0
2880,2979,2954.5,0.0023095637561961757,0.004062788558536228,0,1,2979,Dog,42.274014000213356,3.1176590000541182,45.39287299985517,0,0
2881,2980,2955.5,0.003083387702415674,0.004061640227184249,0,1,2980,Dog,37.663085000076535,4.231635999985883,41.895603999819286,0,0
2882,2981,2956.5,0.002969866150963618,0.004059587175925043,0,1,2981,Dog,38.74821999988853,2.4357099996450415,41.18462399992495,0,0
2883,2982,2957.5,0.001945089889563545,0.0040575341246658556,0,0,2982,Dog,42.972784000085085,1.3392880000537843,44.3129290001707,0,0
2884,2983,2958.5,0.001509598156248515,0.0040554810734066485,0,0,2983,Dog,36.193235000155255,0.9038060002239945,37.09789300000921,0,0
2885,2984,2959.5,0.0012797394924010108,0.004053428022147442,0,0,2984,Dog,35.08835899992846,0.9032029997797508,35.99239599998327,0,0
2886,2985,2960.5,0.0015725028344905079,0.004051374970888255,0,0,2985,Dog,35.072011000011116,0.9369060003336926,36.00953700015452,0,0
2887,2986,2961.5,0.0004743862916914976,0.004049321919629049,0,0,2986,Dog,39.35223799999221,1.1388620000616356,40.491982999810716,0,0
2888,2987,2962.5,0.0,0.004047268868369862,0,0,2987,Dog,41.33718599996428,3.7852440000278875,45.12331100022493,0,0
2889,2988,2963.5,0.0,0.004045215817110655,0,0,2988,Dog,43.28934400018625,1.9354750002094079,45.22572999985641,0,0
2890,2989,2964.5,0.0,0.0040431627658514485,0,0,2989,Dog,44.97261699998489,1.32827500010535,46.30187099974137,0,0
2891,2990,2965.5,0.0,0.004041109714592261,0,0,2990,Dog,43.69435699982205,1.3181369999983872,45.0134379998417,0,0
2892,2991,2966.5,0.0,0.004039056663333055,0,0,2991,Dog,39.76662800005215,3.3173269998769683,43.08505199969659,0,0
2893,2992,2967.5,0.0,0.004037003612073868,0,0,2992,Dog,42.92403599993122,1.0260929998366919,43.951598000148806,0,0
2894,2993,2968.5,0.0,0.004034950560814661,0,0,2993,Dog,42.66117999986818,4.000427999926615,46.662514000217925,0,0
2895,2994,2969.5,0.0,0.004032897509555455,0,0,2994,Dog,38.95879700030491,2.728168999965419,41.68793999997433,0,0
2896,2995,2970.5,0.000715659934748758,0.004030844458296268,0,0,2995,Dog,37.46576600042317,0.975348000338272,38.44199800005299,0,0
2897,2996,2971.5,0.0012046421119651374,0.0040287914070370615,0,0,2996,Dog,40.795666000121855,2.967929000078584,43.76451000007364,0,0
2898,2997,2972.5,0.0017813856826747188,0.004026738355777874,0,0,2997,Dog,38.25237699993522,0.9708749998935673,39.224149999881774,0,0
2899,2998,2973.5,0.0007207564397869737,0.004024685304518667,0,0,2998,Dog,41.997544999958336,0.960186000156682,42.958558999998786,0,0
2900,2999,2974.5,0.00035118529848732205,0.004022632253259461,0,0,2999,Dog,41.82619799985332,2.017729000272084,43.844751000051474,0,0
2901,3000,2975.5,1.799156401383062e-05,0.004020579202000274,0,0,3000,Dog,39.2135470001449,3.8177030000952072,43.032187999870075,0,0
2902,3001,2976.5,0.00014837463374484106,0.004020309914408775,0,0,3001,Dog,41.956727000069804,4.964591000316432,46.9222599999739,0,0
2903,3002,2977.5,0.0,0.0040200406268172785,0,0,3002,Dog,43.016932000227825,1.322620999872015,44.340553999973054,0,0
2904,3003,2978.5,0.0,0.00401977133922578,0,0,3003,Dog,39.63481299979321,2.018618999954924,41.654345999631914,0,0
2905,3004,2979.5,0.0,0.004019502051634281,0,0,3004,Dog,40.393939999830764,1.4222309996512195,41.817314000127226,0,0
2906,3005,2980.5,0.0,0.004019232764042785,0,0,3005,Dog,42.24637600009373,1.335592000032193,43.58284999989337,0,0
2907,3006,2981.5,0.0,0.004018963476451286,0,0,3006,Dog,43.58762000038041,3.380265000032523,46.968947000095795,0,0
2908,3007,2982.5,0.0,0.0040186941888597895,0,0,3007,Dog,44.64842700008376,3.6824529997829814,48.33188800012067,0,0
2909,3008,2983.5,0.0,0.004018424901268291,0,0,3008,Dog,40.316133000033005,3.3494049998807895,43.66651100008312,0,0
2910,3009,2984.5,7.330250169645947e-05,0.004018155613676792,0,0,3009,Dog,36.55887100012478,1.2887160000900622,37.84843900029955,0,0
2911,3010,2985.5,0.001191637516927524,0.004017886326085296,0,0,3010,Dog,35.690697000063665,1.2863879996984906,36.97794299978341,0,0
2912,3011,2986.5,0.000513473971725964,0.004017617038493797,0,0,3011,Dog,50.18723100010902,1.317973999903188,51.50610200007577,0,0
2913,3012,2987.5,0.0005695519302201246,0.0040173477509023005,0,0,3012,Dog,48.453236000113975,3.4681550000641437,51.92225700011477,0,0
2914,3013,2988.5,0.0004088264530974772,0.004017078463310802,0,0,3013,Dog,39.34255200010739,2.729441999690607,42.07298199980869,0,0
2915,3014,2989.5,0.0,0.004016809175719303,0,0,3014,Dog,42.211304000375094,2.7011259999198955,44.9134390000836,0,0
2916,3015,2990.5,0.000631394487670689,0.004016539888127807,0,0,3015,Dog,41.278684999724646,2.468024999870977,43.74757799996587,0,0
2917,3016,2991.5,0.0007559760052568976,0.004016270600536308,0,0,3016,Dog,46.32580200041048,2.690553999855183,49.01741100002255,0,0
2918,3017,2992.5,0.0006752375195646643,0.0040160013129448115,0,0,3017,Dog,40.909919000114314,1.0108399997079687,41.92171199974837,0,0
2919,3018,2993.5,0.00031244651487394304,0.004015732025353313,0,0,3018,Dog,37.81779200016899,0.9756899999047164,38.79430200004208,0,0
2920,3019,2994.5,0.0,0.004015462737761814,0,0,3019,Dog,34.98124700035987,0.981778000095801,35.96384800039232,0,0
2921,3020,2995.5,0.0,0.004015193450170318,0,0,3020,Dog,36.021887000060815,3.485327999896981,39.50819099964065,0,0
2922,3021,2996.5,0.0,0.004014938524724597,0,0,3021,Dog,38.52473300003112,3.47272300041368,41.99825999967288,0,0
2923,3022,2997.5,0.0,0.004014683599278879,0,0,3022,Dog,42.373753999982,1.5387299999929382,43.913472999975056,0,0
2924,3023,2998.5,0.0,0.004014428673833159,0,0,3023,Dog,43.368253000153345,2.7548220000426227,46.124037000026874,0,0
2925,3024,2999.5,0.0,0.004014173748387438,0,0,3024,Dog,43.2593860000452,1.3391620000220428,44.5995079999193,0,0
2926,3025,3000.5,0.0,0.00401391882294172,0,0,3025,Dog,38.63375199989605,4.317842000091332,42.952532999606774,0,0
2927,3026,3001.5,0.0,0.004013663897495999,0,0,3026,Dog,34.88271500009432,2.5022019999596523,37.385781000011775,0,0
2928,3027,3002.5,0.0,0.004013408972050281,0,0,3027,Dog,46.32610799990289,3.362042999924597,49.68925899993337,0,0
2929,3028,3003.5,0.0,0.004013154046604561,0,0,3028,Dog,48.72098100031508,1.3761989998783974,50.09822800002439,0,0
2930,3029,3004.5,0.0,0.00401289912115884,0,0,3029,Dog,43.61193600016122,2.1289020000949677,45.74178200027745,0,0
2931,3030,3005.5,0.0,0.004012644195713122,0,0,3030,Dog,37.975079999796435,4.011403999811591,41.987390000031155,0,0
2932,3031,3006.5,0.0,0.004012389270267401,0,0,3031,Dog,41.819383000074595,2.7860850000251958,44.60638399996242,0,0
2933,3032,3007.5,0.0,0.004012134344821683,0,0,3032,Dog,42.15954500023145,3.2926700000643905,45.45309000013731,0,0
2934,3033,3008.5,0.0,0.004011879419375963,0,0,3033,Dog,48.6701009999706,2.6849020000554447,51.35590100007903,0,0
2935,3034,3009.5,0.0,0.004011624493930242,0,0,3034,Dog,41.331816999900184,3.0549579996659304,44.387645999904635,0,0
2936,3035,3010.5,0.0004539647622573417,0.004011369568484524,0,0,3035,Dog,44.89163299967913,3.7253320001582324,48.617899999953806,0,0
2937,3036,3011.5,0.00012799044744016275,0.004011114643038803,0,0,3036,Dog,39.72368299992013,1.3364589999582677,41.06103599997368,0,0
2938,3037,3012.5,0.00041026959683176933,0.004010859717593085,0,0,3037,Dog,45.20978299979106,3.39594799970655,48.606703999666934,0,0
2939,3038,3013.5,0.00010339343973819748,0.004010604792147365,0,0,3038,Dog,41.56674100022428,2.6879869997173955,44.25571399997352,0,0
2940,3039,3014.5,0.0010979712140251063,0.004010349866701644,0,0,3039,Dog,42.392412000026525,1.3097329997435736,43.70312900027784,0,0
2941,3040,3015.5,0.0008213607157073755,0.004010094941255926,0,0,3040,Dog,45.73970499995994,3.567583999938506,49.30830800003605,0,0
2942,3041,3016.5,0.0,0.004010023861438228,0,0,3041,Dog,42.667575999985274,1.0298500001226785,43.69859500002349,0,0
2943,3042,3017.5,0.0005423238288511101,0.004009952781620529,0,0,3042,Dog,43.69658099994922,3.437283000039315,47.13500200023191,0,0
2944,3043,3018.5,0.0006110832399384147,0.004009881701802831,0,0,3043,Dog,38.77132499974323,1.318327999797475,40.09058100018592,0,0
2945,3044,3019.5,0.0018089339912816804,0.004009810621985133,0,0,3044,Dog,36.53695899993181,3.8554140000996995,40.393101000063325,0,0
2946,3045,3020.5,0.0006983912928314462,0.004009739542167434,0,0,3045,Dog,35.14157199970214,2.49803199994858,37.6404469998306,0,0
2947,3046,3021.5,7.054707570475216e-05,0.004009668462349736,0,0,3046,Dog,58.29926200021873,1.449703000162117,59.74996100030694,0,0
2948,3047,3022.5,0.0012895257089154954,0.0040095973825320375,0,0,3047,Dog,46.55899399995178,1.3282410000101663,47.888172999591916,0,0
2949,3048,3023.5,0.0016685758877051926,0.004009526302714339,0,0,3048,Dog,39.66628399984984,3.6745369998243405,43.34174800032997,0,0
2950,3049,3024.5,0.0013476891040060668,0.004009455222896641,0,0,3049,Dog,43.27526700035378,1.3069189999441733,44.58308900029806,0,0
2951,3050,3025.5,0.0015703476067935318,0.004009384143078942,0,0,3050,Dog,41.82990199979031,1.29159800007983,43.12236699979621,0,0
2952,3051,3026.5,0.0005597596010233907,0.004009313063261244,0,0,3051,Dog,47.814329999710026,6.424496000363433,54.23973599999954,0,0
2953,3052,3027.5,0.0005599653626741086,0.0040092419834435455,0,0,3052,Dog,45.72528200014858,4.0514769998480915,49.77803099973244,0,0
2954,3053,3028.5,0.0,0.004009170903625847,0,0,3053,Dog,49.88578399979815,5.822777000048518,55.70981799974106,0,0
2955,3054,3029.5,0.0,0.004009099823808149,0,0,3054,Dog,57.92230099996232,1.34880699988571,59.272071000123105,0,0
2956,3055,3030.5,0.0,0.00400902874399045,0,0,3055,Dog,38.75199499998416,3.442211000219686,42.195091000394314,0,0
2957,3056,3031.5,0.0,0.004008957664172752,0,0,3056,Dog,38.34466100033751,3.3996600000136823,41.745175999949424,0,0
2958,3057,3032.5,0.0,0.004008886584355054,0,0,3057,Dog,38.69572900021012,2.6784669998960453,41.37510900000052,0,0
2959,3058,3033.5,0.0,0.004008815504537355,0,0,3058,Dog,42.472788999930344,1.27640499977133,43.75007199996617,0,0
2960,3059,3034.5,0.0002726612127547101,0.004008744424719657,0,0,3059,Dog,47.43662000009863,4.124641000089468,51.562066999849776,0,0
2961,3060,3035.5,0.000557321746913586,0.0040086733449019585,0,0,3060,Dog,37.086411000018416,0.9149779998551821,38.00220699986312,0,0
2962,3061,3036.5,0.0,0.004007590813105834,0,0,3061,Dog,48.08861799983788,0.9223870001733303,49.011836999852676,0,0
2963,3062,3037.5,0.000480069812524464,0.004006508281309719,0,0,3062,Dog,38.866741999754595,2.3747529999127437,41.242359999614564,0,0
2964,3063,3038.5,0.0011418786558662353,0.004005425749513595,0,0,3063,Dog,45.53912899973511,1.6496660000484553,47.189728999910585,0,0
2965,3064,3039.5,0.001546815966079751,0.00400434321771747,0,0,3064,Dog,50.79766300013944,3.5914780000894098,54.39035600011266,0,0
2966,3065,3040.5,0.002589821505549539,0.004003260685921356,0,1,3065,Dog,37.03409499985355,3.014540000094712,40.0495819999378,0,0
2967,3066,3041.5,0.0028811024162287424,0.004002178154125231,0,1,3066,Dog,57.96385200028453,5.047491999903286,63.0123050000293,0,0
2968,3067,3042.5,0.002954918962797315,0.004001095622329117,0,1,3067,Dog,43.950669999958336,1.3117130001774058,45.263306999913766,0,0
2969,3068,3043.5,0.0022743964882285805,0.004000013090532993,0,1,3068,Dog,41.86772799994287,0.9243289996447857,42.79300400003194,0,0
2970,3069,3044.5,0.0025926178022708246,0.003998930558736868,0,1,3069,Dog,35.03907699996489,0.8879470001375012,35.927997000271716,0,0
2971,3070,3045.5,0.003556718087601496,0.0039978480269407535,0,1,3070,Dog,35.19858900017425,0.8896659996935341,36.08912900017458,0,0
2972,3071,3046.5,0.003385362377103296,0.003996765495144629,0,1,3071,Dog,34.0205010002137,3.392966999854252,37.41432299966618,0,0
2973,3072,3047.5,0.002445742504013859,0.003995682963348514,0,1,3072,Dog,37.624653999955626,0.9020309998959419,38.52762899987283,0,0
2974,3073,3048.5,0.00151167489276538,0.00399460043155239,0,0,3073,Dog,36.064318000171625,5.231362000358786,41.29636400011805,0,0
2975,3074,3049.5,0.0013252874266178605,0.003993517899756265,0,0,3074,Dog,41.603306000070006,2.3669170000175654,43.97116400014056,0,0
2976,3075,3050.5,0.0016188294324083197,0.003992435367960151,0,0,3075,Dog,43.639912999879016,1.335570999799529,44.976417000270885,0,0
2977,3076,3051.5,0.0014634970307769724,0.003991352836164026,0,0,3076,Dog,46.22631700021884,2.807354999731615,49.034918999950605,0,0
2978,3077,3052.5,0.0028249013682137836,0.003990270304367912,0,1,3077,Dog,38.87570799997775,0.9533349998491758,39.829935999932786,0,0
2979,3078,3053.5,0.002682758385568751,0.003989187772571788,0,1,3078,Dog,34.95882800007166,0.925743000152579,35.885505999885936,0,0
2980,3079,3054.5,0.003036988898316606,0.003988105240775663,0,1,3079,Dog,45.681021000291366,1.6476659998261312,47.32965600032912,0,0
2981,3080,3055.5,0.0028580672620728276,0.0039870227089795485,0,1,3080,Dog,44.10514699975465,1.3000650001231406,45.40612700020574,0,0
2982,3081,3056.5,0.003126883699208771,0.003986338427810318,0,1,3081,Dog,41.91765499990652,1.4651019996563264,43.3835970002292,0,0
2983,3082,3057.5,0.0040047578757652635,0.003985654146641094,1,0,3082,Dog,36.562792000040645,2.347762000226794,38.91141200028869,1,1
2984,3083,3058.5,0.004283696996458808,0.0040020976007474045,1,0,3083,Dog,35.59150099999897,3.9625529998374986,39.554916999804846,1,1
2985,3084,3059.5,0.0047541968968100035,0.004007890251074619,1,0,3084,Dog,37.06495200003701,4.921970999930636,41.98776999965048,1,1
2986,3085,3060.5,0.006117044955554651,0.004009739542167434,1,0,3085,Dog,37.05625900011,2.3578499999530322,39.41486499979874,1,1
2987,3086,3061.5,0.005235556009526632,0.004013663897495999,1,0,3086,Dog,36.63246599990089,1.3152010001249437,37.94870199999423,1,1
2988,3087,3062.5,0.005187975445306137,0.0040186941888597895,1,0,3087,Dog,37.68118600009984,0.8026149998840992,38.48457599997346,1,1
2989,3088,3063.5,0.006101924902321421,0.004045215817110655,1,0,3088,Dog,35.260006000044086,3.6397069998201914,38.90055100009704,1,1
2990,3089,3064.5,0.0057628686070627655,0.0040742718720560836,1,0,3089,Dog,31.280008000067028,4.3674779999491875,35.64821400004803,1,1
2991,3090,3065.5,0.005966049511128335,0.0041002864013259255,1,0,3090,Dog,35.83962499988047,0.9150750001936103,36.756369000158884,1,1
2992,3091,3066.5,0.005201680574976497,0.00411858254165398,1,0,3091,Dog,38.93224800003736,2.293603999987681,41.22705100007806,1,1
2993,3092,3067.5,0.005401506754893259,0.004123190602241356,1,0,3092,Dog,33.633373999691685,0.8293139999295818,34.46355399955792,1,1
2994,3093,3068.5,0.003526991380782163,0.004136122161910674,0,1,3093,Dog,36.182456000005914,0.9041190000971255,37.08726700006082,0,0
2995,3094,3069.5,0.005442766933234644,0.004134576939572179,1,0,3094,Dog,38.06430799977534,0.8046269999795186,38.86969999985013,1,1
2996,3095,3070.5,0.004271317023028631,0.004159574993813281,1,0,3095,Dog,45.07505899982789,3.5644869999487128,48.640447999787284,1,1
2997,3096,3071.5,0.003425764557025368,0.004175738438178128,0,1,3096,Dog,41.39131900001303,2.756463999958214,44.148761999622366,0,0
2998,3097,3072.5,0.0031941911002439927,0.004174221283213606,0,1,3097,Dog,44.20423400006257,4.277250000086497,48.482421999779035,0,0
2999,3098,3073.5,0.0039772460727743875,0.004172704128249069,0,1,3098,Dog,44.77665300009903,1.3038279998909275,46.08138100002179,0,0
3000,3099,3074.5,0.003712864429733065,0.004171186973284532,0,1,3099,Dog,44.91847300005247,4.438628999650973,49.35810899996795,0,0
3001,3100,3075.5,0.004644718810517978,0.00416966981832001,1,0,3100,Dog,37.892689000273094,1.1747940002351243,39.06847000007474,1,1
3002,3101,3076.5,0.003832480350627887,0.004198495762646093,0,1,3101,Dog,40.14372399979038,1.2919339997097268,41.436546000113594,0,0
3003,3102,3077.5,0.0033558821492926105,0.0041969786076815705,0,1,3102,Dog,47.90866100029234,4.8756830001366325,52.785460999984934,0,0
3004,3103,3078.5,0.0020139978789870394,0.004195461452717033,0,0,3103,Dog,51.23895499991704,1.7561079998813511,52.996299999904295,0,0
3005,3104,3079.5,0.0014176062256571198,0.004193944297752497,0,0,3104,Dog,42.979188000117574,1.4004710001245257,44.381034999787516,0,0
3006,3105,3080.5,0.00010245065014624632,0.0041924271427879745,0,0,3105,Dog,45.812194000063755,4.091981000328815,49.90519100010715,0,0
3007,3106,3081.5,0.0004893769195597475,0.004190909987823438,0,0,3106,Dog,38.20276999977068,1.1683430002449313,39.3728710000687,0,0
3008,3107,3082.5,0.0015014494308314141,0.004189392832858916,0,0,3107,Dog,42.81005200027721,3.135263999865856,45.9471350000058,0,0
3009,3108,3083.5,0.0018384939358830898,0.004187875677894378,0,0,3108,Dog,42.936482000186516,3.5171459999219223,46.45540399997117,0,0
3010,3109,3084.5,0.0018884395907345919,0.004186358522929842,0,0,3109,Dog,43.92835099997683,1.0888459996749589,45.01835800010667,0,0
3011,3110,3085.5,0.0014868656917178535,0.00418484136796532,0,0,3110,Dog,43.26984600038486,1.0413800000605988,44.31288600017069,0,0
3012,3111,3086.5,0.0003981136568975696,0.004183324213000783,0,0,3111,Dog,46.16961600004288,5.270539999855828,51.44121900002574,0,0
3013,3112,3087.5,0.0,0.004181807058036261,0,0,3112,Dog,38.528660999872955,1.6057940001701354,40.13611199980005,0,0
3014,3113,3088.5,0.0,0.0041802899030717235,0,0,3113,Dog,40.03339099972436,4.403627000101551,44.437974999709695,0,0
3015,3114,3089.5,0.0004825212504256937,0.004178772748107187,0,0,3114,Dog,38.55005900004471,5.611738000425248,44.16289200025858,0,0
3016,3115,3090.5,0.00116402743892563,0.004177255593142665,0,0,3115,Dog,42.46329799980231,1.4157280002109474,43.8801179998336,0,0
3017,3116,3091.5,0.0003425965873868897,0.004175738438178128,0,0,3116,Dog,36.32821500013961,4.298666000067897,40.62798199993267,0,0
3018,3117,3092.5,0.0011511128603035603,0.004174221283213606,0,0,3117,Dog,42.70186799976727,4.0200080002250616,46.722848000172235,0,0
3019,3118,3093.5,0.0008976545658224699,0.004172704128249069,0,0,3118,Dog,47.00225699980365,1.3260800001262396,48.3293379998031,0,0
3020,3119,3094.5,0.0011933007057026712,0.004171186973284532,0,0,3119,Dog,46.613452000201505,1.3221190001786454,47.93656799984092,0,0
3021,3120,3095.5,4.9052842121866114e-05,0.00416966981832001,0,0,3120,Dog,39.740046999668266,4.303502999846387,44.0445220001493,0,0
3022,3121,3096.5,0.0003174710668791825,0.004168996830019559,0,0,3121,Dog,40.529579000121885,2.49618800035023,43.026723000366474,0,0
3023,3122,3097.5,0.0,0.0041683238417191135,0,0,3122,Dog,39.78764000021329,0.9416880002390826,40.730200999860244,0,0
3024,3123,3098.5,0.0,0.004167650853418663,0,0,3123,Dog,38.0534579999221,0.9141760001512012,38.96850299997823,0,0
3025,3124,3099.5,0.0,0.004166977865118212,0,0,3124,Dog,39.08206300002348,0.8882249999260239,39.971058999981324,0,0
3026,3125,3100.5,0.0,0.004166304876817767,0,0,3125,Dog,37.09050900033617,0.8868210002219712,37.97832999998718,0,0
3027,3126,3101.5,0.0,0.004165631888517316,0,0,3126,Dog,38.91663800004608,2.0046320000801643,40.92222300005233,0,0
3028,3127,3102.5,0.0,0.0041649589002168705,0,0,3127,Dog,42.2386010000082,3.1894559997454053,45.42935200015563,0,0
3029,3128,3103.5,0.0,0.00416428591191642,0,0,3128,Dog,40.616960000079416,3.3236170002055587,43.941520000316814,0,0
3030,3129,3104.5,0.0,0.004163612923615969,0,0,3129,Dog,41.68746200002715,4.309822000323038,45.99817400003303,0,0
3031,3130,3105.5,0.0,0.004162939935315524,0,0,3130,Dog,42.12042000017391,2.9808449999109143,45.10221600003206,0,0
3032,3131,3106.5,0.0,0.004162266947015073,0,0,3131,Dog,38.69559399981881,1.8057050001516473,40.50235100021382,0,0
3033,3132,3107.5,0.0002113365292560898,0.0041615939587146275,0,0,3132,Dog,39.13176100013516,4.443677999915963,43.57617100004063,0,0
3034,3133,3108.5,0.00015529492064592088,0.004160920970414177,0,0,3133,Dog,36.5755950001585,0.9675390001575579,37.54386299988255,0,0
3035,3134,3109.5,0.0,0.004160247982113726,0,0,3134,Dog,36.04933699989488,0.9918159998960618,37.04206800011889,0,0
3036,3135,3110.5,0.0008080140429096438,0.004159574993813281,0,0,3135,Dog,34.99168300004385,4.814367000108177,39.80684999987716,0,0
3037,3136,3111.5,0.0010208364100442457,0.00415890200551283,0,0,3136,Dog,39.989986999898974,3.3229239998036064,43.313830999977654,0,0
3038,3137,3112.5,0.0009841881100853822,0.0041582290172123846,0,0,3137,Dog,42.61260100020081,1.4234520003810758,44.036899999809975,0,0
3039,3138,3113.5,0.0016880406814739901,0.004157556028911934,0,0,3138,Dog,41.110456000296836,1.3039149998803623,42.41529300043112,0,0
3040,3139,3114.5,0.0015275896043693837,0.004156883040611483,0,0,3139,Dog,43.21221500003958,1.4615529998991406,44.67476199988596,0,0
3041,3140,3115.5,0.0007351917800287877,0.004156210052311038,0,0,3140,Dog,36.7986720002591,4.546914000002289,41.346790000261535,0,0
3042,3141,3116.5,0.0009950014762413195,0.004154664829972543,0,0,3141,Dog,54.210703000080684,1.3291119998939394,55.540762999953586,0,0
3043,3142,3117.5,0.0008299399975798538,0.004153119607634062,0,0,3142,Dog,45.80864199988355,0.904480000372132,46.7139440002029,0,0
3044,3143,3118.5,0.001152935156172985,0.004151574385295567,0,0,3143,Dog,37.044573000002856,3.357627999776014,40.40291999990586,0,0
3045,3144,3119.5,0.0025996996393915506,0.004150029162957072,0,1,3144,Dog,35.665528000208724,1.4393090000339726,37.10549600009472,0,0
3046,3145,3120.5,0.0023176971486229547,0.004148483940618591,0,1,3145,Dog,37.541186999987985,1.4619579997088294,39.00389199998244,0,0
3047,3146,3121.5,0.0010706201217747235,0.004146938718280096,0,0,3146,Dog,35.57182099984857,3.7680580003325304,39.34061100017061,0,0
3048,3147,3122.5,0.0007907381728192719,0.004145393495941616,0,0,3147,Dog,39.67517199998838,0.8904020000954915,40.56630400009453,0,0
3049,3148,3123.5,0.0013903533709861415,0.0041438482736031205,0,0,3148,Dog,38.63172000001214,1.441932000034285,40.07433500009938,0,0
3050,3149,3124.5,0.00129071571248629,0.004142303051264625,0,0,3149,Dog,39.54542699966623,0.878536000072927,40.424827999686386,0,0
3051,3150,3125.5,0.0010555152601861018,0.004140757828926145,0,0,3150,Dog,36.10413999967932,0.906528000086837,37.01156800025274,0,0
3052,3151,3126.5,0.0018635514484530713,0.00413921260658765,0,0,3151,Dog,45.88650100004088,1.3279839999995602,47.215410999797314,0,0
3053,3152,3127.5,0.0004488543061362815,0.004137667384249169,0,0,3152,Dog,37.8859730003569,2.4518249997527164,40.33868600026835,0,0
3054,3153,3128.5,0.0005246328661911992,0.004136122161910674,0,0,3153,Dog,40.79164700033289,3.261937999923248,44.0546859999813,0,0
3055,3154,3129.5,0.0015808452933374628,0.004134576939572179,0,0,3154,Dog,35.57126099985908,0.9667680001257395,36.53910999992149,0,0
3056,3155,3130.5,0.0015317051017161853,0.004133031717233698,0,0,3155,Dog,40.95160700035194,1.4582409999093215,42.410602000018116,0,0
3057,3156,3131.5,0.001942846469484838,0.004131486494895203,0,0,3156,Dog,42.3260580000715,1.3592800000878924,43.68622999982108,0,0
3058,3157,3132.5,0.001774412753098753,0.004129941272556723,0,0,3157,Dog,45.849034000184474,1.2584040000547247,47.10832999990089,0,0
3059,3158,3133.5,0.002203056709584872,0.0041283960502182275,0,1,3158,Dog,37.10594099993614,2.043595000031928,39.150323000285425,0,0
3060,3159,3134.5,0.000999847640896001,0.004126850827879732,0,0,3159,Dog,39.56276600001729,1.0072970003420778,40.57112000009511,0,0
3061,3160,3135.5,0.00034693914152439387,0.004125305605541252,0,0,3160,Dog,35.96622099985325,2.426913999897806,38.39399799971943,0,0
3062,3161,3136.5,0.0001642645683009869,0.00412512935526626,0,0,3161,Dog,39.5662099999754,2.98582899995381,42.55281600035232,0,0
3063,3162,3137.5,0.0,0.00412495310499127,0,0,3162,Dog,38.832051000099455,3.222465999897395,42.05541900000753,0,0
3064,3163,3138.5,0.0,0.004124776854716277,0,0,3163,Dog,40.938408999863896,3.7910890000603104,44.73030500003006,0,0
3065,3164,3139.5,0.0,0.004124600604441285,0,0,3164,Dog,38.19515900022452,0.9039560000019264,39.09976299974005,0,0
3066,3165,3140.5,0.0,0.004124424354166295,0,0,3165,Dog,40.16654999986713,2.4647649997859844,42.632427999706124,0,0
3067,3166,3141.5,0.0,0.004124248103891303,0,0,3166,Dog,41.86596900035511,5.8390560002408165,47.70664100033173,0,0
3068,3167,3142.5,0.0,0.004124071853616313,0,0,3167,Dog,37.738328999694204,5.073053000160144,42.81216500021401,0,0
3069,3168,3143.5,0.0,0.00412389560334132,0,0,3168,Dog,49.10104400005366,1.3266129999465193,50.42863099970418,0,0
3070,3169,3144.5,7.773826910484338e-05,0.004123719353066328,0,0,3169,Dog,48.635502999786695,1.3357139996514888,49.97216899982959,0,0
3071,3170,3145.5,8.088227994995645e-05,0.004123543102791338,0,0,3170,Dog,38.341795000178536,3.317541999876994,41.66025500035175,0,0
3072,3171,3146.5,0.00044849724892181975,0.004123366852516346,0,0,3171,Dog,38.72802200021397,6.070554999951128,44.79954099997485,0,0
3073,3172,3147.5,0.001378176313702295,0.0041231906022413545,0,0,3172,Dog,41.91434099993785,1.3383109999267617,43.25382500019259,0,0
3074,3173,3148.5,0.0007343456725436015,0.0041230143519663635,0,0,3173,Dog,39.61749600011899,1.297539000006509,40.915923999818915,0,0
3075,3174,3149.5,0.00047677114582045377,0.004122838101691372,0,0,3174,Dog,45.63119399972493,3.0300769999485055,48.66214599996965,0,0
3076,3175,3150.5,0.001561294347126152,0.0041226618514163815,0,0,3175,Dog,42.185122999853775,4.059432999838464,46.24550500011537,0,0
3077,3176,3151.5,0.0009543256558700586,0.00412248560114139,0,0,3176,Dog,43.70278700025665,2.371956000388309,46.0758569997779,0,0
3078,3177,3152.5,0.00017010242452586422,0.004122309350866398,0,0,3177,Dog,46.844251999573316,6.968327999857138,53.81360399996993,0,0
3079,3178,3153.5,0.0,0.004122133100591407,0,0,3178,Dog,38.16964499992537,3.794871000081912,41.965672000060295,0,0
3080,3179,3154.5,0.0,0.004121956850316415,0,0,3179,Dog,74.94815900008689,1.3692509996872104,76.31829699994341,0,0
3081,3180,3155.5,0.0,0.004121780600041425,0,0,3180,Dog,39.50968799972543,2.724098000271624,42.234739000377886,0,0
3082,3181,3156.5,0.0,0.004121489867460747,0,0,3181,Dog,40.26837999981581,2.367055999911827,42.63641399984408,0,0
3083,3182,3157.5,0.0010206777297618874,0.00412119913488007,0,0,3182,Dog,37.59882499980449,1.323229999798059,38.923025999793026,0,0
3084,3183,3158.5,0.0,0.004120908402299394,0,0,3183,Dog,39.664199000071676,2.053538999916782,41.71863100009432,0,0
3085,3184,3159.5,0.0,0.004120617669718716,0,0,3184,Dog,48.93096399973729,1.3299929996719584,50.26184899998043,0,0
3086,3185,3160.5,0.0,0.004120326937138041,0,0,3185,Dog,40.892647999953624,0.9440639996682876,41.83750099991812,0,0
3087,3186,3161.5,0.0,0.004120036204557364,0,0,3186,Dog,40.859182000076544,2.71158200030186,43.57179999988148,0,0
3088,3187,3162.5,0.0,0.004119745471976686,0,0,3187,Dog,38.27802200021324,2.322967000054632,40.60189499978151,0,0
3089,3188,3163.5,0.0,0.00411945473939601,0,0,3188,Dog,42.875906999597646,0.9313300001849711,43.808194999655825,0,0
3090,3189,3164.5,0.0,0.004119164006815333,0,0,3189,Dog,36.139261000244005,3.786680000303022,39.92688200014527,0,0
3091,3190,3165.5,0.0,0.004118873274234658,0,0,3190,Dog,35.59672400024283,0.9692459998404956,36.56696699999884,0,0
3092,3191,3166.5,0.0006529486654430761,0.00411858254165398,0,0,3191,Dog,36.55785199998718,0.9973979999813309,37.55601900002148,0,0
3093,3192,3167.5,0.0014164187583173282,0.004118291809073303,0,0,3192,Dog,39.98856199996226,0.927879999835568,40.91736700002002,0,0
3094,3193,3168.5,0.0017863532201582988,0.004118001076492627,0,0,3193,Dog,39.83459000028233,2.826900999934878,42.66235200020674,0,0
3095,3194,3169.5,0.003375665426665453,0.004117710343911949,0,1,3194,Dog,46.168663000116794,1.3135170001987717,47.48310699960712,0,0
3096,3195,3170.5,0.0026089016498056505,0.004117419611331274,0,1,3195,Dog,45.67289600026925,2.67654399976891,48.35036399981618,0,0
3097,3196,3171.5,0.0017000374907422122,0.004117128878750597,0,0,3196,Dog,40.368043999933434,3.336045999731141,43.70498800017231,0,0
3098,3197,3172.5,0.002660106159483977,0.004116838146169919,0,1,3197,Dog,45.61644299974432,2.05409399995915,47.671500999967975,0,0
3099,3198,3173.5,0.0035885386510848827,0.0041165474135892435,0,1,3198,Dog,40.13095799973598,0.9565909999764699,41.08832200017787,0,0
3100,3199,3174.5,0.003275936466638152,0.004116256681008566,0,1,3199,Dog,36.05546700009654,0.9416000002602232,36.99782200010304,0,0
3101,3200,3175.5,0.002824306240970076,0.004115965948427891,0,1,3200,Dog,36.22086300038063,1.294719000270561,37.51638899984755,0,0
3102,3201,3176.5,0.002368417062232453,0.0041143979937176885,0,1,3201,Dog,34.54895200002284,4.8159130001295125,39.36562099988805,0,0
3103,3202,3177.5,0.0024957935197628123,0.004112830039007486,0,1,3202,Dog,44.290266999723826,5.003999000109616,49.2950610000662,0,0
3104,3203,3178.5,0.002719286255023934,0.004111262084297298,0,1,3203,Dog,34.91296800029886,0.9479270001975237,35.861766999914835,0,0
3105,3204,3179.5,0.003291981876010097,0.004109694129587096,0,1,3204,Dog,36.003475000143226,0.9108220001508016,36.915060999945126,0,0
3106,3205,3180.5,0.0026487791771080405,0.004108126174876908,0,1,3205,Dog,38.06984199991348,0.9369249996780127,39.00758500003576,0,0
3107,3206,3181.5,0.002987311801189718,0.004106558220166706,0,1,3206,Dog,41.87590999981694,1.3264770000205317,43.20330600012312,0,0
3108,3207,3182.5,0.0017200926935392324,0.004104990265456503,0,0,3207,Dog,38.65003100008835,4.994219999844063,43.645350000133476,0,0
3109,3208,3183.5,0.00229112174305357,0.004103422310746316,0,1,3208,Dog,37.955015000079584,2.659033999862004,40.614953999920544,0,0
3110,3209,3184.5,0.001780431701599694,0.004101854356036113,0,0,3209,Dog,41.384880999885354,3.334673000153998,44.72048499974335,0,0
3111,3210,3185.5,0.001036871843466347,0.0041002864013259255,0,0,3210,Dog,40.20415299964952,2.0828669998991245,42.28792200001408,0,0
3112,3211,3186.5,0.0010345813844075957,0.004098718446615723,0,0,3211,Dog,34.558907999780786,2.442122000047675,37.00195099963821,0,0
3113,3212,3187.5,0.0014739628074742495,0.004097150491905521,0,0,3212,Dog,34.53065399980915,3.0328210000334366,37.564384000233986,0,0
3114,3213,3188.5,0.0013192275073631299,0.004095582537195333,0,0,3213,Dog,48.98100899981728,1.4246910000110802,50.4066819999025,0,0
3115,3214,3189.5,0.0010774325153569686,0.00409401458248513,0,0,3214,Dog,45.57903600016289,1.4246979999370524,47.00458499974047,0,0
3116,3215,3190.5,0.0006195928452975563,0.004092446627774943,0,0,3215,Dog,41.661069999918254,2.8514349996839883,44.51364599981389,0,0
3117,3216,3191.5,0.0007176619913316085,0.00409087867306474,0,0,3216,Dog,44.84385299974747,1.3414879999800178,46.1862829997699,0,0
3118,3217,3192.5,0.0012817489699715745,0.004089310718354538,0,0,3217,Dog,42.63107899987517,1.2993889999961539,43.9313429997128,0,0
3119,3218,3193.5,0.0003735873752419572,0.00408774276364435,0,0,3218,Dog,37.66751300008764,3.324942999824998,40.993362000335765,0,0
3120,3219,3194.5,0.0011519040616002618,0.004086174808934148,0,0,3219,Dog,46.72163699979137,4.184051999800431,50.906601999940904,0,0
3121,3220,3195.5,0.0005752507183959255,0.00408460685422396,0,0,3220,Dog,46.05837600001905,2.4338329999409325,48.493146000055276,0,0
3122,3221,3196.5,0.0,0.00408345852287197,0,0,3221,Dog,39.34936199993899,1.330355999925814,40.6807019999178,0,0
3123,3222,3197.5,0.0003673604675447084,0.004082310191519981,0,0,3222,Dog,44.86361499994018,1.3311820002854802,46.19575000015175,0,0
3124,3223,3198.5,0.0006298812044630564,0.004081161860168001,0,0,3223,Dog,39.38115300024947,1.3520190000235743,40.73414100002992,0,0
3125,3224,3199.5,0.0003803529435734143,0.004080013528816011,0,0,3224,Dog,45.62129300029483,1.3314820002960914,46.95372500009398,0,0
3126,3225,3200.5,0.0,0.004078865197464032,0,0,3225,Dog,38.64470300004541,4.292863000046054,42.93843100003869,0,0
3127,3226,3201.5,0.00019056658074056987,0.004077716866112043,0,0,3226,Dog,38.6890710001353,2.398333999735769,41.0883660001673,0,0
3128,3227,3202.5,0.0,0.004076568534760053,0,0,3227,Dog,41.91143700018074,2.855345000170928,44.76789499994993,0,0
3129,3228,3203.5,0.0,0.004075420203408073,0,0,3228,Dog,45.97917099999904,2.7503659998728835,48.730551000062405,0,0
3130,3229,3204.5,0.00012129942441430064,0.0040742718720560836,0,0,3229,Dog,40.09182799973132,3.0528759998560417,43.14562099989416,0,0
3131,3230,3205.5,0.00038291946738344684,0.004073123540704104,0,0,3230,Dog,44.93517500031885,1.9484280001051957,46.88459099997999,0,0
3132,3231,3206.5,0.0,0.004071975209352115,0,0,3231,Dog,39.28543600022749,2.4825609998515574,41.76883399986764,0,0
3133,3232,3207.5,0.0,0.004070826878000125,0,0,3232,Dog,35.509016000105476,0.967149000189238,36.477021999871795,0,0
3134,3233,3208.5,0.0,0.004069678546648145,0,0,3233,Dog,35.0375860002714,0.9511769999335229,35.98960999988776,0,0
3135,3234,3209.5,0.0,0.004068530215296156,0,0,3234,Dog,38.003748999926756,0.892597000074602,38.8971219999803,0,0
3136,3235,3210.5,0.0,0.004067381883944177,0,0,3235,Dog,35.0961570002255,1.4600979998249386,36.55701599973327,0,0
3137,3236,3211.5,0.0011673259183665463,0.004066233552592187,0,0,3236,Dog,40.39945099975739,2.333292999992409,42.73357800002486,0,0
3138,3237,3212.5,0.001724341058588652,0.004065085221240198,0,0,3237,Dog,41.35533599992414,1.3271449997773743,42.68338100018809,0,0
3139,3238,3213.5,0.0023453161458137917,0.0040639368898882176,0,1,3238,Dog,45.759587999782525,4.18992499999149,49.95042500013369,0,0
3140,3239,3214.5,0.001974836261613988,0.004062788558536228,0,0,3239,Dog,39.98259299987694,1.2814990000151738,41.26497600009316,0,0
3141,3240,3215.5,0.0019754575657812135,0.004061640227184249,0,0,3240,Dog,45.012709999809886,1.4401909998014162,46.45438100033061,0,0
3142,3241,3216.5,0.0017018613617821865,0.004059587175925043,0,0,3241,Dog,42.25042100006249,2.400780000243685,44.65211200022168,0,0
3143,3242,3217.5,0.0035163329736205284,0.0040575341246658365,0,1,3242,Dog,40.59571799962214,2.380562999860558,42.97725000014907,0,0
3144,3243,3218.5,0.003942068443270497,0.0040554810734066485,0,1,3243,Dog,44.831395000073826,1.3040610001553432,46.13634700035618,0,0
3145,3244,3219.5,0.004682334191207893,0.004053428022147442,1,0,3244,Dog,39.41672300015853,1.1451119999037473,40.562772000157565,1,1
3146,3245,3220.5,0.0047264075976521935,0.004078865197464032,1,0,3245,Dog,45.869058999869594,2.856562000033591,48.726547000114806,1,1
3147,3246,3221.5,0.005301605700260836,0.004106558220166706,1,0,3246,Dog,44.24840900037452,1.1878899999828718,45.437285999923915,1,1
3148,3247,3222.5,0.004826459063706379,0.004119745471976686,1,0,3247,Dog,39.67789999978777,4.653506000067864,44.332338999993226,1,1
3149,3248,3223.5,0.0045833584544024975,0.00412389560334132,1,0,3248,Dog,42.33118000001923,1.8546480000622978,44.18673899999703,1,1
3150,3249,3224.5,0.004856495689234519,0.004142303051264625,1,0,3249,Dog,43.60882299988589,2.82127299988133,46.43104599972503,1,1
3151,3250,3225.5,0.0037737451258391674,0.004162939935315524,0,1,3250,Dog,41.73228499985271,2.1659439998984453,43.89923799999451,0,0
3152,3251,3226.5,0.004146164002280184,0.004162266947015073,0,1,3251,Dog,43.320241999936115,1.3242380000519915,44.6454170000834,0,0
3153,3252,3227.5,0.003518045640550138,0.0041615939587146215,0,1,3252,Dog,39.17312699968534,1.4566439999725844,40.63112399990132,0,0
3154,3253,3228.5,0.004235713655708961,0.004160920970414177,1,0,3253,Dog,41.81646200004252,3.2128640000337327,45.03024799987543,1,1
3155,3254,3229.5,0.0037038769966210028,0.004178772748107187,0,1,3254,Dog,41.55023499970412,5.649434000133624,47.20060799991188,0,0
3156,3255,3230.5,0.0018610267697545257,0.004177255593142665,0,0,3255,Dog,42.68882499991378,2.0806260004064825,44.77033400007713,0,0
3157,3256,3231.5,0.0024777482603600687,0.004175738438178128,0,1,3256,Dog,39.01230099972963,3.1316150002567156,42.1446229997855,0,0
3158,3257,3232.5,0.0012502161940912693,0.004174221283213592,0,0,3257,Dog,37.5395880000724,1.4585349999833852,38.99892900017221,0,0
3159,3258,3233.5,0.0011025278493647095,0.004172704128249069,0,0,3258,Dog,45.552258000043366,0.9603929997865635,46.513458999925206,0,0
3160,3259,3234.5,0.0015118677773204858,0.004171186973284532,0,0,3259,Dog,50.13254700043035,1.3426420000541839,51.47616400017796,0,0
3161,3260,3235.5,0.0010646690445712537,0.00416966981832001,0,0,3260,Dog,36.302998999872216,3.380335999736417,39.68433899990487,0,0
3162,3261,3236.5,7.362649719366843e-05,0.004168996830019559,0,0,3261,Dog,40.776465000362805,2.8194380001878017,43.596791999789275,0,0
3163,3262,3237.5,0.0,0.004168323841719107,0,0,3262,Dog,42.7872519999255,2.386814999681519,45.17495500022051,0,0
3164,3263,3238.5,0.0,0.004167650853418663,0,0,3263,Dog,47.821727999689756,1.3217230002737779,49.144300000079966,0,0
3165,3264,3239.5,0.0,0.004166977865118212,0,0,3264,Dog,41.050928000004205,4.273762000138959,45.3257469998789,0,0
3166,3265,3240.5,0.0,0.004166304876817767,0,0,3265,Dog,43.65453599984903,1.0446430001138651,44.70011600005819,0,0
3167,3266,3241.5,0.0,0.004165631888517316,0,0,3266,Dog,39.87223100011761,3.848165000363224,43.72127600026943,0,0
3168,3267,3242.5,0.0,0.0041649589002168644,0,0,3267,Dog,50.91690400013249,4.36003000004348,55.27781999990111,0,0
3169,3268,3243.5,0.0,0.00416428591191642,0,0,3268,Dog,37.79844700011381,3.786161000334687,41.58548800023709,0,0
3170,3269,3244.5,0.0,0.004163612923615969,0,0,3269,Dog,34.224895000079414,4.735021000215056,38.960680000400316,0,0
3171,3270,3245.5,0.0,0.004162939935315524,0,0,3270,Dog,38.26245600021139,0.975919999746111,39.23924499986242,0,0
3172,3271,3246.5,0.0,0.004162266947015073,0,0,3271,Dog,35.02118000005794,3.829658000086056,38.85158000002775,0,0
3173,3272,3247.5,0.0,0.0041615939587146215,0,0,3272,Dog,38.17708099995798,0.9577629998602788,39.13569699989239,0,0
3174,3273,3248.5,0.0,0.004160920970414177,0,0,3273,Dog,38.00667599989538,3.4649070003069937,41.47226800023418,0,0
3175,3274,3249.5,0.0,0.004160247982113726,0,0,3274,Dog,41.594115999942005,1.3476609997269406,42.94267099976423,0,0
3176,3275,3250.5,0.0,0.004159574993813281,0,0,3275,Dog,34.38708100020449,3.0209060000743193,37.408901999697264,0,0
3177,3276,3251.5,0.0,0.00415890200551283,0,0,3276,Dog,54.124008000144386,1.4285799998106086,55.55367599981764,0,0
3178,3277,3252.5,0.0,0.0041582290172123785,0,0,3277,Dog,39.86620700015919,1.0991130002366845,40.96680200018454,0,0
3179,3278,3253.5,0.0,0.004157556028911934,0,0,3278,Dog,33.73574799979906,1.383521999741788,35.120027999710146,0,0
3180,3279,3254.5,0.0,0.004156883040611483,0,0,3279,Dog,38.517910999871674,0.9274379999624216,39.44599400028892,0,0
3181,3280,3255.5,0.0,0.004156210052311038,0,0,3280,Dog,38.295806999940396,1.0416549998808478,39.33830500000113,0,0
3182,3281,3256.5,0.0,0.004155707749809493,0,0,3281,Dog,38.843919999635546,3.0136250002215093,41.858634000163875,0,0
3183,3282,3257.5,0.0,0.004155205447307949,0,0,3282,Dog,37.81234999996741,3.4710300001279393,41.284243000063725,0,0
3184,3283,3258.5,0.0,0.004154703144806409,0,0,3283,Dog,35.567958999763505,0.9666289997767308,36.535338000248885,0,0
3185,3284,3259.5,0.0,0.004154200842304864,0,0,3284,Dog,34.97898099976737,4.497184999763704,39.476853999985906,0,0
3186,3285,3260.5,0.0,0.004153698539803324,0,0,3285,Dog,40.46928999969168,2.8674719997070497,43.33772099971611,0,0
3187,3286,3261.5,0.0,0.004153196237301779,0,0,3286,Dog,71.90617999958704,1.2848020001001714,73.19191799979308,0,0
3188,3287,3262.5,0.0,0.004152693934800235,0,0,3287,Dog,51.767898999969475,1.3656600003741914,53.13442300030147,0,0
3189,3288,3263.5,0.0,0.0041521916322986956,0,0,3288,Dog,50.6446379999943,1.4219889999367297,52.06755300014265,0,0
3190,3289,3264.5,2.2680766184390855e-05,0.004151689329797151,0,0,3289,Dog,41.81030399968222,2.4809430001369037,44.29265299995677,0,0
3191,3290,3265.5,0.0010365847248011706,0.004151187027295611,0,0,3290,Dog,41.26523700006146,3.7444949998644006,45.01075700000001,0,0
3192,3291,3266.5,3.63232650841816e-05,0.004150684724794066,0,0,3291,Dog,38.440064000042184,0.9298380000473117,39.37067900005786,0,0
3193,3292,3267.5,0.001411456456180904,0.004150182422292522,0,0,3292,Dog,36.05148900032873,0.933866999730526,36.986198000249715,0,0
3194,3293,3268.5,0.002855212742411073,0.004149680119790982,0,1,3293,Dog,35.03822099992249,0.915598000119644,35.95467100012684,0,0
3195,3294,3269.5,0.004164136465656054,0.004149177817289437,1,0,3294,Dog,35.15763400037031,0.8146830000441696,35.97316300010789,1,1
3196,3295,3270.5,0.004324567032594873,0.004158191655647292,1,0,3295,Dog,35.090214000319975,3.7027440002930234,38.793839999925694,1,1
3197,3296,3271.5,0.005661163294488403,0.004165243136188844,1,0,3296,Dog,39.30784800013498,0.8419750001849025,40.150542000446876,1,1
3198,3297,3272.5,0.005601143693645505,0.004174221283213592,1,0,3297,Dog,36.179651000111335,3.4766339999805496,39.657222000187176,1,1
3199,3298,3273.5,0.005052525274625075,0.004203574534708262,1,0,3298,Dog,38.474135999877035,0.8546419999220234,39.329594999799156,1,1
3200,3299,3274.5,0.0069118459390875575,0.004235633316943088,1,0,3299,Dog,38.14349599997513,4.598488999818073,42.74278499997308,1,1
3201,3300,3275.5,0.0067759720098887755,0.004235713655708961,1,0,3300,Dog,40.412452000055055,2.3491930001000583,42.76249900021867,1,1
3202,3301,3276.5,0.007139360292740093,0.004262582868413312,1,0,3301,Dog,37.629751000167744,0.8279029998448095,38.458409999748255,1,1
3203,3302,3277.5,0.006060365728244088,0.004270585024476067,1,0,3302,Dog,36.2599259997296,0.9202220003317052,37.18120999974417,1,1
3204,3303,3278.5,0.006293494664829535,0.00428184000044428,1,0,3303,Dog,37.099703999956546,0.8950729998105089,37.995631999820034,1,1
3205,3304,3279.5,0.005391235155007834,0.004316393025367649,1,0,3304,Dog,36.02050600011353,3.335681999942608,39.357050999569765,1,1
3206,3305,3280.5,0.0052570620022073244,0.004335503015613196,1,0,3305,Dog,38.62328000013804,0.8039310000640398,39.42792699990605,1,1
3207,3306,3281.5,0.0055255229392719984,0.0043399319409007766,1,0,3306,Dog,37.18904700008352,0.7906559999355522,37.98050899968075,1,1
3208,3307,3282.5,0.006277376616821373,0.004373372035532484,1,0,3307,Dog,35.20308799988925,3.3303969998996763,38.534186000106274,1,1
3209,3308,3283.5,0.005756865503667052,0.004402086983315499,1,0,3308,Dog,39.67112000009365,2.3251239999808604,41.99720899987369,1,1
3210,3309,3284.5,0.005707540967351155,0.0044209744863324294,1,0,3309,Dog,39.02565499993216,0.8125939998535614,39.83902700019826,1,1
3211,3310,3285.5,0.005845125314051902,0.0044316266762587375,1,0,3310,Dog,35.807167999792,0.8180350000657199,36.62605999988955,1,1
3212,3311,3286.5,0.0038497757734922144,0.004444270711677029,0,1,3311,Dog,36.178984999878594,0.892919999841979,37.072880000323494,0,0
3213,3312,3287.5,0.0024588830462226596,0.004442992323915775,0,1,3312,Dog,38.11184799997136,2.4304059998030425,40.54329399968992,0,0
3214,3313,3288.5,0.0016060391577640276,0.004441713936154532,0,0,3313,Dog,38.561476999802835,3.400632000193582,41.96294500025033,0,0
3215,3314,3289.5,0.002415466136411859,0.004440435548393277,0,1,3314,Dog,37.60243399983665,0.9254110000256333,38.528664000295976,0,0
3216,3315,3290.5,0.0016283865211612625,0.004439157160632035,0,0,3315,Dog,44.190603000060946,1.3017030000810337,45.49324300023727,0,0
3217,3316,3291.5,0.0017757091206224151,0.00443787877287078,0,0,3316,Dog,44.64766099999906,1.478750000387663,46.127670999794645,0,0
3218,3317,3292.5,0.0007131804359514771,0.004436600385109526,0,0,3317,Dog,40.48182699989411,1.0188510000261886,41.501735000110784,0,0
3219,3318,3293.5,0.00115801218543643,0.004435321997348283,0,0,3318,Dog,34.89796000030765,0.970913999935874,35.86971500044456,0,0
3220,3319,3294.5,0.0017076642721336466,0.004434043609587028,0,0,3319,Dog,35.01588300014191,2.468936999775906,37.48562300006597,0,0
3221,3320,3295.5,0.001235292603175453,0.004432765221825785,0,0,3320,Dog,43.40773199965042,0.9680039997874701,44.37659099994562,0,0
3222,3321,3296.5,0.0004886702668462917,0.00443265136726908,0,0,3321,Dog,38.12396399962381,0.9474819999013562,39.0721809999377,0,0
3223,3322,3297.5,0.0,0.004432537512712375,0,0,3322,Dog,35.037014999943494,4.505717000029108,39.543487999708304,0,0
3224,3323,3298.5,0.0,0.004432423658155671,0,0,3323,Dog,43.404391999956715,0.9482659997956944,44.35343700015437,0,0
3225,3324,3299.5,0.0,0.004432309803598966,0,0,3324,Dog,58.950036999704025,4.342417999851023,63.29360200015799,0,0
3226,3325,3300.5,0.0,0.004432195949042261,0,0,3325,Dog,37.605090999932145,1.307845000155794,38.91384000007747,0,0
3227,3326,3301.5,0.0,0.004432082094485556,0,0,3326,Dog,47.73959600015587,2.3766520002936886,50.11724199994205,0,0
3228,3327,3302.5,0.0,0.004431968239928851,0,0,3327,Dog,50.129044000186695,2.9065730000183976,53.03657700005715,0,0
3229,3328,3303.5,0.0,0.004431854385372147,0,0,3328,Dog,37.88893899991308,0.9929020002346078,38.88314000005266,0,0
3230,3329,3304.5,0.0,0.004431740530815442,0,0,3329,Dog,40.945839999949385,0.9462419998271798,41.89296000004106,0,0
3231,3330,3305.5,0.0,0.0044316266762587375,0,0,3330,Dog,34.29107900001327,0.9183429997392523,35.21012300006987,0,0
3232,3331,3306.5,0.0,0.004431512821702032,0,0,3331,Dog,34.75418400012131,0.9416650000275695,35.696820999874035,0,0
3233,3332,3307.5,0.0,0.004431398967145327,0,0,3332,Dog,35.031495000112045,0.9761199999047676,36.008326999763085,0,0
3234,3333,3308.5,0.0,0.004431285112588623,0,0,3333,Dog,49.032857000383956,0.9348809999210062,49.96854400042139,0,0
3235,3334,3309.5,0.0,0.004431171258031918,0,0,3334,Dog,38.02111300001343,0.9974939998755872,39.0193379998891,0,0
3236,3335,3310.5,0.0,0.004431057403475214,0,0,3335,Dog,47.026463000293006,3.4479370001463394,50.47523999974146,0,0
3237,3336,3311.5,0.0,0.004430943548918508,0,0,3336,Dog,35.54288500026814,0.9288080000260379,36.47256299973378,0,0
3238,3337,3312.5,0.0,0.004430829694361803,0,0,3337,Dog,46.2157109996042,1.3514229999600502,47.568009000315215,0,0
3239,3338,3313.5,0.0,0.0044307158398051,0,0,3338,Dog,43.33949700003359,1.3198749998082349,44.66027399985251,0,0
3240,3339,3314.5,0.0,0.004430601985248394,0,0,3339,Dog,43.60346900011791,2.6996890001100837,46.3041200000589,0,0
3241,3340,3315.5,0.0,0.00443048813069169,0,0,3340,Dog,37.52936099999715,0.975341999946977,38.505509000060556,0,0
3242,3341,3316.5,0.0,0.004429431059096213,0,0,3341,Dog,37.233236000247416,1.0788939998747082,38.313418999678106,0,0
3243,3342,3317.5,0.0,0.004428373987500737,0,0,3342,Dog,36.857747999874846,1.347411000097054,38.206443000035506,0,0
3244,3343,3318.5,0.0,0.00442731691590527,0,0,3343,Dog,41.48968199979208,0.9953579997272755,42.48588300015399,0,0
3245,3344,3319.5,0.0,0.004426259844309793,0,0,3344,Dog,37.02614700023332,0.9932749999279622,38.02018200030943,0,0
3246,3345,3320.5,0.0,0.004425202772714326,0,0,3345,Dog,35.965718000170455,0.984945000254811,36.951538999801414,0,0
3247,3346,3321.5,0.0,0.00442414570111885,0,0,3346,Dog,37.13981600003535,6.502542999896832,43.64320500008034,0,0
3248,3347,3322.5,0.0,0.004423088629523373,0,0,3347,Dog,51.53595299998415,1.5514500000790576,53.089021000232606,0,0
3249,3348,3323.5,0.0,0.004422031557927906,0,0,3348,Dog,42.90268900012961,1.2960279996150348,44.20030799974484,0,0
3250,3349,3324.5,0.0,0.0044209744863324294,0,0,3349,Dog,44.72718499982875,1.9763459999921906,46.705155999916315,0,0
3251,3350,3325.5,0.0,0.004419917414736962,0,0,3350,Dog,43.52174099994954,1.5037660000416508,45.026825000149984,0,0
3252,3351,3326.5,0.0,0.004418860343141486,0,0,3351,Dog,56.49110199965435,1.5340239997385652,58.02627699995355,0,0
3253,3352,3327.5,0.0,0.004417803271546009,0,0,3352,Dog,56.78905800004941,1.5406640000037441,58.33119600038117,0,0
3254,3353,3328.5,0.0,0.004416746199950542,0,0,3353,Dog,44.12816700005351,1.0416509999231494,45.1712399999451,0,0
3255,3354,3329.5,0.0,0.004415689128355066,0,0,3354,Dog,37.79193299988037,0.9804649998841342,38.773359999595414,0,0
3256,3355,3330.5,0.0,0.004414632056759599,0,0,3355,Dog,44.95400799987692,1.3429460000224935,46.29778999969858,0,0
3257,3356,3331.5,0.0,0.004413574985164122,0,0,3356,Dog,41.64306100028625,5.418327999905159,47.062258000096335,0,0
3258,3357,3332.5,0.0,0.0044125179135686456,0,0,3357,Dog,43.55749099977402,0.9442450000278768,44.50261900001351,0,0
3259,3358,3333.5,0.0,0.0044114608419731785,0,0,3358,Dog,38.03918700032227,0.9270030000152474,38.96691299996746,0,0
3260,3359,3334.5,0.0,0.004410403770377702,0,0,3359,Dog,40.07631400008904,1.4272250000431086,41.50430699974095,0,0
3261,3360,3335.5,0.0,0.004409346698782235,0,0,3360,Dog,34.55390899989652,0.9129949999078235,35.467670999878464,0,0
3262,3361,3336.5,0.0,0.00440843923434889,0,0,3361,Dog,37.077338000017335,3.4369810000498546,40.51508900010958,0,0
3263,3362,3337.5,0.0,0.004407531769915545,0,0,3362,Dog,45.53945699990436,0.9458260001338203,46.48595800017574,0,0
3264,3363,3338.5,0.0,0.004406624305482208,0,0,3363,Dog,45.14910600028088,1.0053920000245853,46.155412000189244,0,0
3265,3364,3339.5,0.0005110106560990424,0.004405716841048863,0,0,3364,Dog,45.90585599999031,0.9863850000328966,46.89318500004447,0,0
3266,3365,3340.5,0.0,0.004404809376615526,0,0,3365,Dog,43.09846499972991,1.4375920000020415,44.53729899978498,0,0
3267,3366,3341.5,0.0,0.004403901912182181,0,0,3366,Dog,37.57114899963199,0.9870399999272195,38.55911499977083,0,0
3268,3367,3342.5,0.00025358454550916676,0.004402994447748836,0,0,3367,Dog,36.89629100017555,0.9593240001777303,37.85643199989863,0,0
3269,3368,3343.5,0.0,0.004402086983315499,0,0,3368,Dog,37.02894399975776,0.9292270001424185,37.95883800012234,0,0
3270,3369,3344.5,0.00010068525384177018,0.004401179518882154,0,0,3369,Dog,37.256836000324256,1.2512630000856007,38.509990999955335,0,0
3271,3370,3345.5,0.00038036467192659185,0.004400272054448817,0,0,3370,Dog,35.57043499995416,0.9283330000471324,36.499498000011954,0,0
3272,3371,3346.5,0.0009701633515930563,0.0043993645900154725,0,0,3371,Dog,53.823277999981656,1.3882530001865234,55.21244800002023,0,0
3273,3372,3347.5,0.0010241422867699468,0.004398457125582127,0,0,3372,Dog,47.64981100015575,1.3496589999704156,49.00035599985131,0,0
3274,3373,3348.5,0.0005273754361883043,0.00439754966114879,0,0,3373,Dog,48.588073999781045,1.4544509999723232,50.04352800006018,0,0
3275,3374,3349.5,0.0014474552049406064,0.004396642196715445,0,0,3374,Dog,46.048226000038994,1.556823999635526,47.60598100028801,0,0
3276,3375,3350.5,0.0003997378966080767,0.004395734732282108,0,0,3375,Dog,39.15123400020093,1.3881400000173016,40.540387999953964,0,0
3277,3376,3351.5,8.174169834063161e-05,0.004394827267848764,0,0,3376,Dog,39.39515399997617,2.6535330002843693,42.04931399999623,0,0
3278,3377,3352.5,0.0,0.004393919803415418,0,0,3377,Dog,39.3350660001488,4.356623000148829,43.692577999991045,0,0
3279,3378,3353.5,0.0,0.004393012338982081,0,0,3378,Dog,44.890041000144265,2.1687620001102914,47.05995099993743,0,0
3280,3379,3354.5,0.0,0.004392104874548736,0,0,3379,Dog,46.28279799999291,3.3672029999252118,49.65089300003456,0,0
3281,3380,3355.5,0.0,0.0043911974101153994,0,0,3380,Dog,43.12826600016706,0.9415640001861902,44.070591000036075,0,0
3282,3381,3356.5,0.0,0.004388650928032119,0,0,3381,Dog,36.04649499993684,3.4392540001135785,39.48650299980727,0,0
3283,3382,3357.5,0.0004952433499330056,0.004386104445948839,0,0,3382,Dog,38.529209999978775,1.4704569998684747,40.00050699960411,0,0
3284,3383,3358.5,0.0008348936365665249,0.004383557963865582,0,0,3383,Dog,39.53235600010885,0.8922560000428348,40.42550299982395,0,0
3285,3384,3359.5,0.001719504162892016,0.004381011481782301,0,0,3384,Dog,41.1071250000532,0.9264209998036677,42.03440999981467,0,0
3286,3385,3360.5,0.0008723039038373015,0.004378464999699044,0,0,3385,Dog,35.05648700001984,0.9069570000974636,35.964059000434645,0,0
3287,3386,3361.5,0.0008522462209586967,0.004375918517615764,0,0,3386,Dog,39.96355100025539,1.619168000161153,41.58357400001478,0,0
3288,3387,3362.5,0.0011924220165777655,0.004373372035532484,0,0,3387,Dog,39.532856000278116,0.9829599998738558,40.51656299998285,0,0
3289,3388,3363.5,0.0008064446836126837,0.004370825553449227,0,0,3388,Dog,34.60627499998736,2.8344639999886567,37.44160699989152,0,0
3290,3389,3364.5,0.00030416510452990764,0.004368279071365946,0,0,3389,Dog,42.3383859997557,0.9000530003504537,43.239294000159134,0,0
3291,3390,3365.5,0.001146425593287037,0.004365732589282689,0,0,3390,Dog,42.283131000203866,4.272101999958977,46.55633199990916,0,0
3292,3391,3366.5,0.0019501487459888667,0.004363186107199409,0,0,3391,Dog,41.92568399957963,1.5015730000413896,43.42854400010765,0,0
3293,3392,3367.5,0.0019761242178125693,0.0043606396251161285,0,0,3392,Dog,40.34178599977167,1.2273349998395133,41.56998400003431,0,0
3294,3393,3368.5,0.0029776296099265354,0.0043580931430328715,0,1,3393,Dog,35.757194999860076,2.412278000065271,38.17033799987257,0,0
3295,3394,3369.5,0.003668851838506848,0.004355546660949591,0,1,3394,Dog,38.53885500029719,0.9069530001397652,39.4464760001938,0,0
3296,3395,3370.5,0.0030681407404792305,0.004353000178866334,0,1,3395,Dog,40.87176500024725,2.085022000301251,42.95770900034768,0,0
3297,3396,3371.5,0.0023685946038142225,0.004350453696783054,0,1,3396,Dog,42.36411700003373,1.3225769998825854,43.6876370004029,0,0
3298,3397,3372.5,0.0009461675699325989,0.004347907214699773,0,0,3397,Dog,42.59790200012503,1.3316890003807202,43.93046300037895,0,0
3299,3398,3373.5,0.0,0.004345360732616516,0,0,3398,Dog,45.244510999964405,3.4972990001733706,48.74273300038112,0,0
3300,3399,3374.5,0.001126913794433304,0.004342814250533236,0,0,3399,Dog,39.72659600003681,1.4680250001219974,41.195496000000276,0,0
3301,3400,3375.5,0.00253010609763038,0.004340267768449979,0,1,3400,Dog,36.02103499997611,0.9200079998663568,36.94178500018097,0,0
3302,3401,3376.5,0.00304090806576085,0.004340211797191779,0,1,3401,Dog,51.839706000009755,2.2280549997049093,54.06869699982053,0,0
3303,3402,3377.5,0.00196143697761042,0.004340155825933578,0,0,3402,Dog,45.67351700006839,1.314996000019164,46.98945900008766,0,0
3304,3403,3378.5,0.0032932931122856557,0.004340099854675377,0,1,3403,Dog,54.6207150000555,1.4800270000705495,56.1023620002743,0,0
3305,3404,3379.5,0.0030275197110567476,0.004340043883417177,0,1,3404,Dog,44.303528999989794,1.343835999705334,45.64828200000193,0,0
3306,3405,3380.5,0.0030041286063634542,0.004339987912158977,0,1,3405,Dog,39.55662399994253,5.009270000300603,44.56686699995771,0,0
3307,3406,3381.5,0.002049272983815631,0.0043399319409007766,0,0,3406,Dog,39.94238099994618,2.7308139997330727,42.67412499984857,0,0
3308,3407,3382.5,0.0033094105431459298,0.004339875969642575,0,1,3407,Dog,42.29601700035346,1.3163150001673785,43.61326200023541,0,0
3309,3408,3383.5,0.004735560439967479,0.004339819998384375,1,0,3408,Dog,37.676392999856034,1.1511190000419447,38.82836499997211,1,1
3310,3409,3384.5,0.004794701411005686,0.004368279071365946,1,0,3409,Dog,49.83419500013042,2.53561899990018,52.370677000453725,1,1
3311,3410,3385.5,0.005280115255822393,0.004400272054448817,1,0,3410,Dog,41.509999000027165,2.940506000413734,44.4513829997959,1,1
3312,3411,3386.5,0.005878041554190916,0.004418860343141486,1,0,3411,Dog,38.98459999982151,2.548828999806574,41.53432899965992,1,1
3313,3412,3387.5,0.006428821976289356,0.004431398967145327,1,0,3412,Dog,37.90110099998856,0.8524889999534935,38.75434000019595,1,1
3314,3413,3388.5,0.005352420635134081,0.004441713936154532,1,0,3413,Dog,35.92083700004878,0.8476499997414066,36.76936299962108,1,1
3315,3414,3389.5,0.004556492106979171,0.0044610517068150975,1,0,3414,Dog,35.14285599976574,0.8600209998803621,36.00379699992118,1,1
3316,3415,3390.5,0.002834979050160835,0.004478348977354135,0,1,3415,Dog,38.23152499990101,5.830958999922586,44.063342999834276,0,0
3317,3416,3391.5,0.0026276262288080776,0.004476158263803001,0,1,3416,Dog,44.17363500033389,1.4761319998797262,45.65096599981189,0,0
3318,3417,3392.5,0.0029952723877259,0.004473967550251868,0,1,3417,Dog,41.19284099988363,1.9740230000024894,43.167862000245805,0,0
3319,3418,3393.5,0.0017087419900777556,0.004471776836700754,0,0,3418,Dog,42.00365299993791,2.7045659999203053,44.709175999742,0,0
3320,3419,3394.5,0.0011804656454474927,0.004469586123149621,0,0,3419,Dog,41.25739400024031,2.3910880004223145,43.64952900004937,0,0
3321,3420,3395.5,0.0015323488284334497,0.004467395409598507,0,0,3420,Dog,40.62115200031258,2.988859000197408,43.61090900010822,0,0
3322,3421,3396.5,0.0020045346044837986,0.004466942287971119,0,0,3421,Dog,41.58779199997298,1.3205949999246513,42.90932799995062,0,0
3323,3422,3397.5,4.158919438579378e-05,0.004466489166343731,0,0,3422,Dog,38.31454099963594,0.939073000154167,39.25444399965272,0,0
3324,3423,3398.5,0.0008709810906311066,0.004466036044716347,0,0,3423,Dog,39.03009999976348,2.51001400010864,41.54085199979818,0,0
3325,3424,3399.5,0.000490092225440053,0.0044655829230889595,0,0,3424,Dog,45.302448000256845,1.361477000045852,46.66488599968943,0,0
3326,3425,3400.5,0.0008652452397132082,0.004465129801461576,0,0,3425,Dog,39.51078599993707,1.3611059998765995,40.87280900012047,0,0
3327,3426,3401.5,2.936500642247708e-05,0.004464676679834188,0,0,3426,Dog,46.05153499960579,1.3028220000705915,47.35526000013124,0,0
3328,3427,3402.5,0.0,0.0044642235582068,0,0,3427,Dog,41.32533299980423,1.3334909999684896,42.66013100004784,0,0
3329,3428,3403.5,0.0,0.004463770436579416,0,0,3428,Dog,39.93802600007257,3.868384000270453,43.80764300003648,0,0
3330,3429,3404.5,2.162727276278087e-05,0.0044633173149520285,0,0,3429,Dog,42.95957000022099,4.36335099993812,47.32388299999002,0,0
3331,3430,3405.5,0.0,0.004462864193324645,0,0,3430,Dog,39.893455000310496,0.9797220000109519,40.87402099958126,0,0
3332,3431,3406.5,0.0,0.004462411071697257,0,0,3431,Dog,39.650172000165185,3.3984780002356274,43.04956399982984,0,0
3333,3432,3407.5,0.0,0.004461957950069869,0,0,3432,Dog,38.17399599984128,1.0052229999928386,39.18019100001402,0,0
3334,3433,3408.5,0.0,0.0044615048284424854,0,0,3433,Dog,34.61187500033702,0.9883309999167977,35.60097599984147,0,0
3335,3434,3409.5,0.0006411467895006684,0.0044610517068150975,0,0,3434,Dog,36.00867700015442,2.4957709997579514,38.50527599979614,0,0
3336,3435,3410.5,0.0002966411458483753,0.004460598585187714,0,0,3435,Dog,44.672379000076035,1.3046330000179296,45.977894000316155,0,0
3337,3436,3411.5,6.25654178870727e-05,0.004460145463560326,0,0,3436,Dog,45.27676399993652,1.3510660000974895,46.628715000224474,0,0
3338,3437,3412.5,0.0,0.004459692341932938,0,0,3437,Dog,42.67969400007132,3.6969220000173664,46.3775129996975,0,0
3339,3438,3413.5,0.0,0.0044592392203055544,0,0,3438,Dog,39.490297000156716,0.9849030002442305,40.47612900012609,0,0
3340,3439,3414.5,0.0,0.0044587860986781665,0,0,3439,Dog,34.00145399973553,1.4360250002027897,35.43830699982209,0,0
3341,3440,3415.5,0.0,0.004458332977050783,0,0,3440,Dog,37.55416100011644,0.9570840002197656,38.51191900002959,0,0
3342,3441,3416.5,0.0,0.004457054589289528,0,0,3441,Dog,46.236869000040315,1.0872909997488023,47.32552999985273,0,0
3343,3442,3417.5,0.00044155848243776497,0.004455776201528274,0,0,3442,Dog,41.87228199998572,3.2676539999556553,45.14088899986746,0,0
3344,3443,3418.5,0.001105168673626089,0.004454497813767031,0,0,3443,Dog,54.44548200011923,1.3688640001419117,55.81521099975362,0,0
3345,3444,3419.5,0.0012828108987987807,0.004453219426005776,0,0,3444,Dog,43.59058899990487,1.7752829999153619,45.36704100019051,0,0
3346,3445,3420.5,0.0009226849913068769,0.0044519410382445335,0,0,3445,Dog,37.366406000273855,0.9721100000206206,38.33936899991386,0,0
3347,3446,3421.5,0.0,0.0044506626504832785,0,0,3446,Dog,34.03854999987743,0.9891820000120788,35.02847399977327,0,0
3348,3447,3422.5,0.0,0.0044493842627220245,0,0,3447,Dog,37.99330199990436,0.9624360000088927,38.95642199995564,0,0
3349,3448,3423.5,0.0,0.004448105874960782,0,0,3448,Dog,36.01796300017668,3.5071309998784272,39.52593399981197,0,0
3350,3449,3424.5,0.0006560245726291436,0.004446827487199527,0,0,3449,Dog,41.27089599978717,2.7193740002076083,43.99113199997373,0,0
3351,3450,3425.5,0.0018588081179320426,0.004445549099438284,0,0,3450,Dog,40.29789600008371,1.3240780003798136,41.62282800007233,0,0
3352,3451,3426.5,0.0009581473586340872,0.004444270711677029,0,0,3451,Dog,37.97264400009226,3.739873000085936,41.71344699989277,0,0
3353,3452,3427.5,0.0009098659523886221,0.004442992323915775,0,0,3452,Dog,40.942175000054704,4.792649000137317,45.73569700005464,0,0
3354,3453,3428.5,0.0014225430118202098,0.004441713936154532,0,0,3453,Dog,38.264053000148124,2.0064510003976466,40.27140700009113,0,0
3355,3454,3429.5,0.0013884254128696538,0.004440435548393277,0,0,3454,Dog,42.198520000056305,1.395592000335455,43.59503300020151,0,0
3356,3455,3430.5,0.0014415738446200699,0.004439157160632035,0,0,3455,Dog,44.3492649997097,1.3275979999889387,45.67775899977278,0,0
3357,3456,3431.5,0.0012702109501385728,0.00443787877287078,0,0,3456,Dog,38.60224499976539,2.2130010002001654,40.81619099997624,0,0
3358,3457,3432.5,0.0021089682457468006,0.004436600385109526,0,0,3457,Dog,39.046339000378794,0.9795470000426576,40.026672999829316,0,0
3359,3458,3433.5,0.0027299712174305713,0.004435321997348283,0,1,3458,Dog,39.98059900004591,1.4943419996598095,41.47572600004423,0,0
3360,3459,3434.5,0.002593817333912285,0.004434043609587028,0,1,3459,Dog,42.311432999667886,2.632729999731964,44.945098999960464,0,0
3361,3460,3435.5,0.0015910521754208817,0.004432765221825785,0,0,3460,Dog,65.40243900008136,3.6343500000839413,69.03775399996448,0,0
3362,3461,3436.5,0.001870911137415554,0.00443265136726908,0,0,3461,Dog,38.484615000015765,4.134140000132902,42.61962999999014,0,0
3363,3462,3437.5,0.0028229960866557047,0.004432537512712375,0,1,3462,Dog,49.70392900031584,2.7630290001070534,52.46792900015862,0,0
3364,3463,3438.5,0.0015976932859863568,0.004432423658155671,0,0,3463,Dog,38.53399599984186,1.3198679998822627,39.854803000253014,0,0
3365,3464,3439.5,0.000700374204917531,0.004432309803598966,0,0,3464,Dog,47.31998099987322,2.724907999891002,50.045906999912404,0,0
3366,3465,3440.5,0.0005604149200123532,0.004432195949042261,0,0,3465,Dog,45.41426000014326,1.41478100022141,46.83024199994179,0,0
3367,3466,3441.5,0.0005094844582740343,0.004432082094485556,0,0,3466,Dog,42.717600999822025,1.4494650004053256,44.16841600004773,0,0
3368,3467,3442.5,0.0,0.004431968239928851,0,0,3467,Dog,47.19621200001711,1.3291380000737263,48.526299000059225,0,0
3369,3468,3443.5,0.0,0.004431854385372147,0,0,3468,Dog,50.734356999782904,1.3246969997453562,52.059896999708144,0,0
3370,3469,3444.5,0.0,0.004431740530815442,0,0,3469,Dog,37.510009000016,3.3180810000885685,40.82899500008352,0,0
3371,3470,3445.5,0.0,0.0044316266762587375,0,0,3470,Dog,38.80419500001153,3.3184560002155195,42.12355999970896,0,0
3372,3471,3446.5,0.0,0.004431512821702032,0,0,3471,Dog,44.17849999981627,1.371865999772126,45.551287999842316,0,0
3373,3472,3447.5,0.0,0.004431398967145327,0,0,3472,Dog,45.2161769999293,1.4139580002847651,46.63102299991806,0,0
3374,3473,3448.5,0.0,0.004431285112588623,0,0,3473,Dog,44.49980000026699,1.7968729998756316,46.29761000023791,0,0
3375,3474,3449.5,0.0,0.004431171258031918,0,0,3474,Dog,35.87616699996943,1.959717999852728,37.83675400018183,0,0
3376,3475,3450.5,0.0,0.004431057403475214,0,0,3475,Dog,40.30393799985177,2.715679999710119,43.0206129999533,0,0
3377,3476,3451.5,0.0,0.004430943548918508,0,0,3476,Dog,37.41883400016377,2.9232960000626917,40.343015999951604,0,0
3378,3477,3452.5,0.0,0.004430829694361803,0,0,3477,Dog,38.024472999950376,4.373586999918189,42.39908799991099,0,0
3379,3478,3453.5,0.0,0.0044307158398051,0,0,3478,Dog,43.8507019998724,2.9179040002418333,46.77022400028363,0,0
3380,3479,3454.5,0.00026185360310504446,0.004430601985248394,0,0,3479,Dog,45.81249399961962,1.3581470002463902,47.17171799984499,0,0
3381,3480,3455.5,0.0,0.00443048813069169,0,0,3480,Dog,43.61382400020375,1.3164580000193382,44.931208999969385,0,0
3382,3481,3456.5,0.00037757352710132697,0.004429431059096213,0,0,3481,Dog,42.709618999651866,1.141718999861041,43.85229499985144,0,0
3383,3482,3457.5,0.0,0.004428373987500737,0,0,3482,Dog,39.130119000219565,0.9461910003665253,40.07722799997282,0,0
3384,3483,3458.5,0.0,0.00442731691590527,0,0,3483,Dog,35.90142199982438,0.9342010002910683,36.83634200024244,0,0
3385,3484,3459.5,0.0,0.004426259844309793,0,0,3484,Dog,37.142036000204826,3.3938169999601087,40.53682199992181,0,0
3386,3485,3460.5,0.0,0.004425202772714326,0,0,3485,Dog,41.40562700013106,3.968021999753546,45.374561000244285,0,0
3387,3486,3461.5,0.0,0.00442414570111885,0,0,3486,Dog,46.98953499973868,1.3525610002034227,48.34302300014315,0,0
3388,3487,3462.5,0.0006885910447076427,0.004423088629523373,0,0,3487,Dog,44.871279999824765,4.377130000193574,49.249230999976135,0,0
3389,3488,3463.5,0.00019051621564236676,0.004422031557927906,0,0,3488,Dog,40.29790899994623,4.711594000127661,45.010405000084575,0,0
3390,3489,3464.5,0.0,0.0044209744863324294,0,0,3489,Dog,41.70436700042046,1.349616999959835,43.0550599999151,0,0
3391,3490,3465.5,0.0,0.004419917414736962,0,0,3490,Dog,48.68325899997217,1.0697410002649121,49.75427499994112,0,0
3392,3491,3466.5,0.0,0.004418860343141486,0,0,3491,Dog,45.80256899998858,1.009070999771211,46.8124799999714,0,0
3393,3492,3467.5,0.0,0.004417803271546009,0,0,3492,Dog,37.9219850001391,2.4488240001119266,40.371446999870386,0,0
3394,3493,3468.5,0.0,0.004416746199950542,0,0,3493,Dog,38.61112799995681,0.9871280003608263,39.599058000021614,0,0
3395,3494,3469.5,0.0,0.004415689128355066,0,0,3494,Dog,39.896126999792614,0.9261370000785973,40.82312499986074,0,0
3396,3495,3470.5,0.0,0.004414632056759599,0,0,3495,Dog,38.05282099983742,1.4918179999767744,39.54544699990947,0,0
3397,3496,3471.5,0.0,0.004413574985164122,0,0,3496,Dog,36.5163860001303,0.9222379999300756,37.4396029997115,0,0
3398,3497,3472.5,0.0,0.0044125179135686456,0,0,3497,Dog,35.065608999957476,0.9481860001869791,36.0145689996898,0,0
3399,3498,3473.5,0.0,0.0044114608419731785,0,0,3498,Dog,35.03871500015521,0.9746569999151689,36.01411499994356,0,0
3400,3499,3474.5,0.0,0.004410403770377702,0,0,3499,Dog,46.00439199975881,0.982997999926738,46.98826399999234,0,0
3401,3500,3475.5,0.0,0.004409346698782235,0,0,3500,Dog,47.82687300030375,2.4175630001082027,50.2452609998727,0,0
3402,3501,3476.5,0.0,0.00440843923434889,0,0,3501,Dog,46.59882999976617,1.3636660000884149,47.96357099985471,0,0
3403,3502,3477.5,0.0,0.004407531769915545,0,0,3502,Dog,43.708344000151556,1.4212030000635423,45.130525000331545,0,0
3404,3503,3478.5,0.0,0.004406624305482208,0,0,3503,Dog,38.56004199997187,4.357383000296977,42.91844099998343,0,0
3405,3504,3479.5,0.0,0.004405716841048863,0,0,3504,Dog,39.7459109999545,0.9276030000364699,40.67424000004394,0,0
3406,3505,3480.5,0.0,0.004404809376615526,0,0,3505,Dog,34.05079200001637,1.4632869997512898,35.51483299997926,0,0
3407,3506,3481.5,0.0,0.004403901912182181,0,0,3506,Dog,38.51773300038985,0.923203000184003,39.4418140003836,0,0
3408,3507,3482.5,0.0,0.004402994447748836,0,0,3507,Dog,50.21498999985852,1.6946329997153953,51.91053299995474,0,0
3409,3508,3483.5,0.0,0.004402086983315499,0,0,3508,Dog,38.11090900035197,3.919459999906394,42.031488999782596,0,0
3410,3509,3484.5,0.0,0.004401179518882154,0,0,3509,Dog,39.92668999990201,3.1205499999487074,43.04827599980854,0,0
3411,3510,3485.5,0.0,0.004400272054448817,0,0,3510,Dog,42.011317999822495,1.3171230002626544,43.32928499979971,0,0
3412,3511,3486.5,0.0,0.0043993645900154725,0,0,3511,Dog,39.49693999993542,4.086911000285909,43.5849519999465,0,0
3413,3512,3487.5,0.0,0.004398457125582127,0,0,3512,Dog,37.99804700020104,4.3271039999126515,42.32609400014553,0,0
3414,3513,3488.5,0.0,0.00439754966114879,0,0,3513,Dog,39.59181400023226,3.0088210000940308,42.60163199978706,0,0
3415,3514,3489.5,0.0,0.004396642196715445,0,0,3514,Dog,39.983461999781866,4.290850999950635,44.275180999648,0,0
3416,3515,3490.5,0.0,0.004395734732282108,0,0,3515,Dog,43.05455900021116,2.916289000040706,45.97237899997708,0,0
3417,3516,3491.5,0.0,0.004394827267848764,0,0,3516,Dog,42.932967000069766,1.362318000246887,44.2962689999149,0,0
3418,3517,3492.5,0.0,0.004393919803415418,0,0,3517,Dog,39.41732399971443,1.7631649998293142,41.18141600019953,0,0
3419,3518,3493.5,0.0,0.004393012338982081,0,0,3518,Dog,43.59445299996878,1.345562999631511,44.940946999759035,0,0
3420,3519,3494.5,0.0,0.004392104874548736,0,0,3519,Dog,43.348785000034695,1.3735010002164927,44.72331799979656,0,0
3421,3520,3495.5,0.0,0.0043911974101153994,0,0,3520,Dog,42.548444000203745,1.3307489998624078,43.88014400001339,0,0
3422,3521,3496.5,0.0,0.004388650928032119,0,0,3521,Dog,42.91489800016279,1.0284360000696324,43.9443680002114,0,0
3423,3522,3497.5,0.0,0.004386104445948839,0,0,3522,Dog,37.923960000171064,0.9838580003815878,38.90862599973843,0,0
3424,3523,3498.5,0.0,0.004383557963865582,0,0,3523,Dog,39.04586400039989,3.8343850001183455,42.881102000137616,0,0
3425,3524,3499.5,0.0,0.004381011481782301,0,0,3524,Dog,39.92136400029267,2.40370699975756,42.325917999733065,0,0
3426,3525,3500.5,0.0,0.004378464999699044,0,0,3525,Dog,47.7734330002022,7.0596169998680125,54.83414600030301,0,0
3427,3526,3501.5,0.0,0.004375918517615764,0,0,3526,Dog,37.88766400020904,1.9009980001101212,39.78960099993856,0,0
3428,3527,3502.5,0.0,0.004373372035532484,0,0,3527,Dog,43.89099900026849,3.176390000135143,47.06867899994904,0,0
3429,3528,3503.5,0.0,0.004370825553449227,0,0,3528,Dog,42.862921999585524,2.717735999794968,45.58151299988822,0,0
3430,3529,3504.5,0.0,0.004368279071365946,0,0,3529,Dog,38.48070699996242,3.522302000419586,42.00396800024464,0,0
3431,3530,3505.5,0.0,0.004365732589282689,0,0,3530,Dog,36.44828400001643,2.5327799999104172,38.981917000000976,0,0
3432,3531,3506.5,0.00011380537393923529,0.004363186107199409,0,0,3531,Dog,43.25718800009781,3.094018999945547,46.35224300000118,0,0
3433,3532,3507.5,1.1482964635600723e-05,0.0043606396251161285,0,0,3532,Dog,42.597833999934664,2.2857640001348045,44.88451899987922,0,0
3434,3533,3508.5,0.0006332647907227873,0.0043580931430328715,0,0,3533,Dog,45.989658999587846,3.0673000001115724,49.05790299972068,0,0
3435,3534,3509.5,0.0,0.004355546660949591,0,0,3534,Dog,41.965785000229516,2.3169030000644852,44.283780999649025,0,0
3436,3535,3510.5,0.0,0.004353000178866334,0,0,3535,Dog,47.231520999957866,0.9633849999772792,48.195715000019845,0,0
3437,3536,3511.5,0.0005122865258423426,0.004350453696783054,0,0,3536,Dog,36.66133499973512,0.9912020000228949,37.65339299980042,0,0
3438,3537,3512.5,0.0011522302529657358,0.004347907214699773,0,0,3537,Dog,35.971799999970244,1.0083970000778208,36.981084999752056,0,0
3439,3538,3513.5,0.001259363580856876,0.004345360732616516,0,0,3538,Dog,36.02355800012447,3.498258000036003,39.52252799990674,0,0
3440,3539,3514.5,0.0011808075557436792,0.004342814250533236,0,0,3539,Dog,68.32895000025019,1.5233009999064961,69.85379499974442,0,0
3441,3540,3515.5,0.0005024786195999553,0.004340267768449979,0,0,3540,Dog,44.090414000038436,2.123246999872208,46.21471000018573,0,0
3442,3541,3516.5,0.0,0.004340211797191779,0,0,3541,Dog,52.118937999694026,1.3340860000425891,53.45404599984249,0,0
3443,3542,3517.5,0.0,0.004340155825933578,0,0,3542,Dog,55.23633500024516,1.3966960000288964,56.63393900022129,0,0
3444,3543,3518.5,0.0,0.004340099854675377,0,0,3543,Dog,47.450038000079076,1.959744000032515,49.41082200002711,0,0
3445,3544,3519.5,0.0005862429099068311,0.004340043883417177,0,0,3544,Dog,42.667486000027566,1.3689950001207762,44.03741199985234,0,0
3446,3545,3520.5,4.237388804861908e-05,0.004339987912158977,0,0,3545,Dog,45.841829999972106,1.0073060002468992,46.85013900007107,0,0
3447,3546,3521.5,0.0,0.0043399319409007766,0,0,3546,Dog,39.52857400008725,2.347561000078713,41.8770249998488,0,0
3448,3547,3522.5,0.0,0.004339875969642575,0,0,3547,Dog,57.862339000166685,3.702233000240085,61.565536000216525,0,0
3449,3548,3523.5,0.000381390304426521,0.004339819998384375,0,0,3548,Dog,45.44185800023115,1.350899000044592,46.79365699985283,0,0
3450,3549,3524.5,0.0003143618940926185,0.004339764027126175,0,0,3549,Dog,42.51276299964957,1.3619309997920936,43.87564399985422,0,0
3451,3550,3525.5,0.0010333814362591953,0.004339708055867975,0,0,3550,Dog,40.04777000000104,5.684041999757028,45.73339400030818,0,0
3452,3551,3526.5,0.0011789436958236088,0.004339652084609774,0,0,3551,Dog,39.59225900007368,1.6842489999362442,41.27747099983026,0,0
3453,3552,3527.5,0.0,0.004339596113351573,0,0,3552,Dog,42.702046999693266,4.391823000332806,47.094818000005034,0,0
3454,3553,3528.5,0.0,0.004339540142093373,0,0,3553,Dog,43.48178600002939,1.3881219997529115,44.87079799991989,0,0
3455,3554,3529.5,0.0,0.004339484170835173,0,0,3554,Dog,45.61110999975426,1.4619850003327883,47.07416800010833,0,0
3456,3555,3530.5,0.0001415547335892331,0.004339428199576972,0,0,3555,Dog,43.553871999847615,1.3487539999914588,44.90353300025163,0,0
3457,3556,3531.5,0.0003080528544836536,0.004339372228318772,0,0,3556,Dog,37.58603699998275,1.3418270000329358,38.9288609999312,0,0
3458,3557,3532.5,0.0007917929735081763,0.004339316257060571,0,0,3557,Dog,40.66874599993753,1.3170160000299802,41.986696000094526,0,0
3459,3558,3533.5,0.0007630823693904887,0.004339260285802371,0,0,3558,Dog,36.89190699969913,2.468385000156559,39.36123099992983,0,0
3460,3559,3534.5,0.0007870833076278894,0.00433920431454417,0,0,3559,Dog,43.3280030001697,2.7226860001974273,46.05159699985961,0,0
3461,3560,3535.5,0.0006757738290572579,0.00433914834328597,0,0,3560,Dog,38.456285999927786,1.0533660001783574,39.510369000254286,0,0
3462,3561,3536.5,0.0007874899907437394,0.004338419277751413,0,0,3561,Dog,46.69492799985164,1.8166989998462668,48.51255500034313,0,0
3463,3562,3537.5,0.0,0.004337690212216855,0,0,3562,Dog,43.247323999821674,2.8255679999347194,46.074251999925764,0,0
3464,3563,3538.5,0.0,0.004336961146682304,0,0,3563,Dog,42.50018499988073,4.322643999785214,46.824012999877596,0,0
3465,3564,3539.5,0.0,0.004336232081147746,0,0,3564,Dog,41.53715699976601,0.9418899999218411,42.479838999952335,0,0
3466,3565,3540.5,0.0,0.004335503015613196,0,0,3565,Dog,46.01938399991923,0.9323959998255305,46.95261999995637,0,0
3467,3566,3541.5,0.0,0.004334773950078638,0,0,3566,Dog,38.11168900028861,1.410789000146906,39.523234000171215,0,0
3468,3567,3542.5,0.0,0.004334044884544081,0,0,3567,Dog,53.14764300010211,1.3373189999583701,54.48587099999713,0,0
3469,3568,3543.5,0.0,0.004333315819009529,0,0,3568,Dog,39.41130000021076,3.1042140003592067,42.516495999734616,0,0
3470,3569,3544.5,0.0,0.004332586753474972,0,0,3569,Dog,38.53264300005321,0.9965740000552614,39.53009999986534,0,0
3471,3570,3545.5,0.0,0.004331857687940421,0,0,3570,Dog,35.991159999866795,1.453879999644414,37.44580300008238,0,0
3472,3571,3546.5,0.0,0.004331128622405864,0,0,3571,Dog,39.53098100009811,1.3244970000414469,40.85633999966376,0,0
3473,3572,3547.5,0.0,0.004330399556871306,0,0,3572,Dog,39.46170400013216,2.029692000178329,41.49229200038462,0,0
3474,3573,3548.5,0.0,0.004329670491336755,0,0,3573,Dog,39.98889300009978,4.998805000013817,44.988652000029106,0,0
3475,3574,3549.5,0.0,0.0043289414258021975,0,0,3574,Dog,42.16456299991478,0.9190559999296966,43.084301999897434,0,0
3476,3575,3550.5,0.0,0.004328212360267647,0,0,3575,Dog,41.32984800025952,4.834235000089393,46.16552800007412,0,0
3477,3576,3551.5,0.0,0.0043274832947330895,0,0,3576,Dog,35.0049870003204,1.4558759999090398,36.461548000261246,0,0
3478,3577,3552.5,0.0,0.004326754229198532,0,0,3577,Dog,34.478146999845194,3.2014429998525884,37.68035199982478,0,0
3479,3578,3553.5,0.0,0.004326025163663981,0,0,3578,Dog,36.726251000345655,0.9345359999315406,37.66148299973793,0,0
3480,3579,3554.5,0.0,0.004325296098129423,0,0,3579,Dog,41.07227399981639,0.9369339995828341,42.01007900019249,0,0
3481,3580,3555.5,0.0,0.004324567032594873,0,0,3580,Dog,38.82614799977091,2.9955790000713023,41.82263900020189,0,0
3482,3581,3556.5,0.0,0.004322523530788062,0,0,3581,Dog,47.45971300008023,0.9928419999596372,48.45354700000826,0,0
3483,3582,3557.5,0.0,0.004320480028981251,0,0,3582,Dog,38.23080399979517,3.3351790002598136,41.56765000016094,0,0
3484,3583,3558.5,0.0,0.00431843652717446,0,0,3583,Dog,54.557609999847045,1.7863359998955275,56.34579399975337,0,0
3485,3584,3559.5,0.0,0.004316393025367649,0,0,3584,Dog,76.11604400017313,1.9705899999280518,78.08797699999559,0,0
3486,3585,3560.5,0.0,0.0043143495235608564,0,0,3585,Dog,45.0028340001154,1.0945770000034827,46.09878600012962,0,0
3487,3586,3561.5,0.0,0.004312306021754046,0,0,3586,Dog,46.968492999894806,3.6182909998387913,50.58816000018851,0,0
3488,3587,3562.5,0.0,0.004310262519947235,0,0,3587,Dog,41.50349900010042,1.11680999998498,42.62207599958856,0,0
3489,3588,3563.5,0.0,0.004308219018140443,0,0,3588,Dog,37.51020599975163,0.9913379999488825,38.50262100013424,0,0
3490,3589,3564.5,0.0,0.004306175516333633,0,0,3589,Dog,35.90735899979336,0.9367410002596444,36.84493700029634,0,0
3491,3590,3565.5,0.0,0.00430413201452684,0,0,3590,Dog,35.05489899998793,5.225827999765897,40.28151500006061,0,0
3492,3591,3566.5,0.0,0.0043020885127200295,0,0,3591,Dog,70.6244319999314,3.381618000275921,74.00696700005938,0,0
3493,3592,3567.5,0.0,0.004300045010913219,0,0,3592,Dog,41.61188799980664,0.9682370000518858,42.581040000186476,0,0
3494,3593,3568.5,0.0,0.004298001509106427,0,0,3593,Dog,38.15706400018826,3.826909000054002,41.98480600007315,0,0
3495,3594,3569.5,0.0,0.0042959580072996165,0,0,3594,Dog,38.98605700032931,4.018934000214358,43.005991999962134,0,0
3496,3595,3570.5,0.0,0.004293914505492824,0,0,3595,Dog,42.92757800021718,2.8031699998791737,45.73168800015992,0,0
3497,3596,3571.5,0.0,0.004291871003686013,0,0,3596,Dog,45.22961800012126,3.3953739998651145,48.62585199998648,0,0
3498,3597,3572.5,0.0,0.004289827501879203,0,0,3597,Dog,43.56767299987041,4.335518000061711,47.90409599991108,0,0
3499,3598,3573.5,0.0,0.004287784000072411,0,0,3598,Dog,39.18462499996167,4.196707000119204,43.38252699972145,0,0
3500,3599,3574.5,0.0,0.0042857404982656,0,0,3599,Dog,36.80903299982674,3.6119540000072448,40.42256399998223,0,0
3501,3600,3575.5,0.0,0.004283696996458808,0,0,3600,Dog,38.397914999677596,0.9993620001296222,39.39842199997656,0,0
3502,3601,3576.5,6.099042993068515e-05,0.004283077997787297,0,0,3601,Dog,34.65744799996173,3.8128740002321138,38.47117699979208,0,0
3503,3602,3577.5,0.0,0.004282458999115786,0,0,3602,Dog,36.13852499984205,3.415837000375177,39.55508100034422,0,0
3504,3603,3578.5,0.0,0.00428184000044428,0,0,3603,Dog,45.353906999935134,2.104293000229518,47.45918900016477,0,0
3505,3604,3579.5,0.0,0.004281221001772769,0,0,3604,Dog,70.23807499990653,2.996871000050305,73.2358289997137,0,0
3506,3605,3580.5,0.0,0.004280602003101264,0,0,3605,Dog,53.64956400035226,2.5982409997595823,56.24886600026002,0,0
3507,3606,3581.5,0.0,0.004279983004429753,0,0,3606,Dog,46.40040799995404,3.0244530003074033,49.42583000001832,0,0
3508,3607,3582.5,0.0,0.004279364005758242,0,0,3607,Dog,37.00230200001897,2.440498999931151,39.443748999929085,0,0
3509,3608,3583.5,0.0,0.004278745007086736,0,0,3608,Dog,37.74004999968383,1.4362300003085693,39.17729100021461,0,0
3510,3609,3584.5,0.0,0.004278126008415225,0,0,3609,Dog,34.15852399984942,5.121892000261141,39.28122799970879,0,0
3511,3610,3585.5,0.0,0.0042775070097437196,0,0,3610,Dog,60.66181900041556,2.0182849998491292,62.681156000053306,0,0
3512,3611,3586.5,0.0,0.004276888011072209,0,0,3611,Dog,42.738009999993665,1.054529999692022,43.79405100007716,0,0
3513,3612,3587.5,0.000286505559595418,0.004276269012400698,0,0,3612,Dog,45.87748300036765,0.9907439998642076,46.869402999618615,0,0
3514,3613,3588.5,0.0,0.004275650013729192,0,0,3613,Dog,51.7114379999839,1.3615200000458572,53.07395899990297,0,0
3515,3614,3589.5,0.0,0.004275031015057681,0,0,3614,Dog,43.59085999976742,2.1280199998727767,45.719805999851815,0,0
3516,3615,3590.5,0.0,0.004274412016386175,0,0,3615,Dog,41.861444999995,4.766299000038998,46.62870899983318,0,0
3517,3616,3591.5,0.0,0.0042737930177146645,0,0,3616,Dog,45.25983499979702,1.370071000110329,46.63077899976997,0,0
3518,3617,3592.5,0.0,0.004273174019043154,0,0,3617,Dog,48.596720000205096,1.3445620002130454,49.94211399980486,0,0
3519,3618,3593.5,0.0,0.004272555020371648,0,0,3618,Dog,47.63441500017507,4.885958999693685,52.521298000101524,0,0
3520,3619,3594.5,0.0,0.004271936021700137,0,0,3619,Dog,43.10632899978373,1.3874520000172197,44.49470800000199,0,0
3521,3620,3595.5,0.0,0.004271317023028631,0,0,3620,Dog,42.62017900009596,2.7693189999808965,45.39040899999236,0,0
3522,3621,3596.5,0.0,0.004270951023752349,0,0,3621,Dog,40.251652999813814,1.3465570000334992,41.59917300012239,0,0
3523,3622,3597.5,0.0,0.004270585024476067,0,0,3622,Dog,39.84385300009308,2.8896529997837206,42.73518199988757,0,0
3524,3623,3598.5,0.0,0.004270219025199789,0,0,3623,Dog,38.99484100020345,1.9249420001870021,40.9207749999041,0,0
3525,3624,3599.5,0.0,0.004269853025923507,0,0,3624,Dog,38.897750999694836,1.321740000093996,40.22042200040232,0,0
3526,3625,3600.5,0.0,0.0042694870266472285,0,0,3625,Dog,39.84835400024167,1.323936000062531,41.17319300030431,0,0
3527,3626,3601.5,0.0,0.0042691210273709465,0,0,3626,Dog,44.50440099981279,1.3339269999050885,45.83922599977086,0,0
3528,3627,3602.5,0.0013762753865139699,0.0042687550280946646,0,0,3627,Dog,46.015591000013956,1.3246299999991606,47.34111200014013,0,0
3529,3628,3603.5,0.0005949187008644774,0.004268389028818386,0,0,3628,Dog,38.54169299984278,1.3038130000495585,39.846355999998195,0,0
3530,3629,3604.5,0.0012027804534913145,0.004268023029542104,0,0,3629,Dog,38.46596400035196,4.05898500002877,42.52585100039141,0,0
3531,3630,3605.5,0.0005149056384028405,0.004267657030265826,0,0,3630,Dog,36.90598699995462,1.3125800001034804,38.21944600031202,0,0
3532,3631,3606.5,0.00018645174996634317,0.004267291030989544,0,0,3631,Dog,55.73671499996635,1.3766450001639896,57.11429099983434,0,0
3533,3632,3607.5,0.0005258948900971339,0.004266925031713262,0,0,3632,Dog,41.81248200029586,1.0201729996879294,42.8337600001214,0,0
3534,3633,3608.5,3.2621354355666377e-05,0.004266559032436983,0,0,3633,Dog,32.95929000023534,1.4935480003259727,34.45372699979998,0,0
3535,3634,3609.5,0.0007910840437732602,0.004266193033160701,0,0,3634,Dog,41.59313999980441,1.0685819997888757,42.66273099983664,0,0
3536,3635,3610.5,0.001290648448653564,0.004265827033884423,0,0,3635,Dog,46.05009600027188,1.0652460000528663,47.11665800004994,0,0
3537,3636,3611.5,0.002004338880547629,0.004265461034608141,0,0,3636,Dog,34.73517699967488,1.0131009998985974,35.74941100032447,0,0
3538,3637,3612.5,0.001937523382585682,0.004265095035331859,0,0,3637,Dog,37.95191300014267,1.0148639998988074,38.967638000031,0,0
3539,3638,3613.5,0.002910424509023568,0.0042647290360555805,0,1,3638,Dog,35.998028999983944,0.9964900000341004,36.99535500027196,0,0
3540,3639,3614.5,0.0014995535683680616,0.0042643630367792985,0,0,3639,Dog,39.96291300018129,0.9946619998117967,40.95847500002492,0,0
3541,3640,3615.5,0.001175236292813131,0.00426399703750302,0,0,3640,Dog,43.13410499980819,1.0168670000894053,44.151829999918846,0,0
3542,3641,3616.5,0.001575608224752445,0.004262582868413312,0,0,3641,Dog,37.839720000192756,0.9714170000734157,38.811954999800946,0,0
3543,3642,3617.5,0.0009361855353660076,0.004261168699323604,0,0,3642,Dog,47.8230280000389,2.729708000060782,50.55366499982483,0,0
3544,3643,3618.5,0.001016374867482961,0.004259754530233909,0,0,3643,Dog,41.69656700014457,1.173518000086915,42.870939999829716,0,0
3545,3644,3619.5,0.0005102163284887995,0.004258340361144201,0,0,3644,Dog,41.45526100001007,1.339289000043209,42.79548700014857,0,0
3546,3645,3620.5,0.0,0.004256926192054505,0,0,3645,Dog,47.620881000057125,1.3165679997655388,48.938383999939106,0,0
3547,3646,3621.5,0.0,0.004255512022964797,0,0,3646,Dog,39.727694999783125,2.6995670000360406,42.42819300043266,0,0
3548,3647,3622.5,0.0,0.00425409785387509,0,0,3647,Dog,38.26474000015878,3.334156000164512,41.60004300001674,0,0
3549,3648,3623.5,0.0,0.004252683684785394,0,0,3648,Dog,46.89726200012956,1.4724679999744694,48.37108499987153,0,0
3550,3649,3624.5,0.0,0.004251269515695686,0,0,3649,Dog,38.5666800002582,1.0211160001745156,39.58877300010499,0,0
3551,3650,3625.5,0.0001348877196062359,0.004249855346605991,0,0,3650,Dog,35.80508200002441,0.9866020000117715,36.79258900001514,0,0
3552,3651,3626.5,0.0014181457237213424,0.004248441177516282,0,0,3651,Dog,41.80354200025249,4.3365080000512535,46.14099999980681,0,0
3553,3652,3627.5,0.0016865749861995072,0.004247027008426575,0,0,3652,Dog,37.71019699979661,2.3497709998991922,40.06085599985454,0,0
3554,3653,3628.5,0.0015344553957739038,0.00424561283933688,0,0,3653,Dog,41.58785500021622,1.3420589998531796,42.930885999794555,0,0
3555,3654,3629.5,0.0011824189926897821,0.004244198670247171,0,0,3654,Dog,44.64955999992526,1.358816999982082,46.00931499999206,0,0
3556,3655,3630.5,0.0009782999865951547,0.004242784501157476,0,0,3655,Dog,43.6179280000033,1.32760699989376,44.946455000172136,0,0
3557,3656,3631.5,0.0006565552844534084,0.004241370332067768,0,0,3656,Dog,39.66087100025106,4.3263109996587445,43.9880600001743,0,0
3558,3657,3632.5,0.0003297034852497438,0.00423995616297806,0,0,3657,Dog,37.897905000136234,0.9456349998799851,38.844395999603876,0,0
3559,3658,3633.5,0.0,0.004238541993888365,0,0,3658,Dog,40.046719999736524,0.9902460001285363,41.03773300039393,0,0
3560,3659,3634.5,0.00030684854266105344,0.004237127824798657,0,0,3659,Dog,38.99260199978016,0.9979500000554253,39.99137200025871,0,0
3561,3660,3635.5,0.000730217178450232,0.004235713655708961,0,0,3660,Dog,39.05383300025278,3.8352379997377284,42.89042399977916,0,0
3562,3661,3636.5,0.0005349844483925059,0.004235709427352863,0,0,3661,Dog,39.29332300003807,4.148607999923115,43.44303300013053,0,0
3563,3662,3637.5,0.0012900175606330722,0.004235705198996765,0,0,3662,Dog,42.541694000192365,1.4173099998515681,43.95997099982196,0,0
3564,3663,3638.5,0.0017788193687230391,0.004235700970640665,0,0,3663,Dog,42.428210000252875,1.305581999986316,43.73472799989031,0,0
3565,3664,3639.5,0.0016670734336229343,0.004235696742284567,0,0,3664,Dog,40.71860800013383,1.3377079999372654,42.057358999954886,0,0
3566,3665,3640.5,0.0005110822853794383,0.0042356925139284685,0,0,3665,Dog,53.653004999887344,1.304745999732404,54.95865100010633,0,0
3567,3666,3641.5,0.00018455953428331284,0.00423568828557237,0,0,3666,Dog,38.67960099978518,2.0309849996920093,40.71149399987917,0,0
3568,3667,3642.5,0.0006927052861378513,0.004235684057216272,0,0,3667,Dog,44.97490399990056,1.2952000001860142,46.27098899982229,0,0
3569,3668,3643.5,0.0004972534905796078,0.004235679828860172,0,0,3668,Dog,38.06415000008201,1.7164360001515888,39.78154900005393,0,0
3570,3669,3644.5,0.0008373094203697473,0.004235675600504074,0,0,3669,Dog,42.96609799985163,1.3125800001034804,44.27957200005039,0,0
3571,3670,3645.5,0.0,0.0042356713721479755,0,0,3670,Dog,38.67358800016518,4.315574999964156,42.990066000129445,0,0
3572,3671,3646.5,0.0,0.004235667143791877,0,0,3671,Dog,40.61959199998455,4.03941800004759,44.659898999725556,0,0
3573,3672,3647.5,0.0,0.004235662915435779,0,0,3672,Dog,42.990179999833344,3.7203760002739727,46.71153499975844,0,0
3574,3673,3648.5,0.0,0.004235658687079679,0,0,3673,Dog,42.56964900014282,3.0749430002288136,45.64609199996994,0,0
3575,3674,3649.5,0.0,0.004235654458723581,0,0,3674,Dog,42.11613200004649,3.1948289997671964,45.311762999972416,0,0
3576,3675,3650.5,0.0,0.0042356502303674826,0,0,3675,Dog,36.46606800020891,1.0042100002465304,37.471197999821015,0,0
3577,3676,3651.5,0.0,0.004235646002011384,0,0,3676,Dog,38.02915699998266,2.4789939998299815,40.5089930000031,0,0
3578,3677,3652.5,5.136579193099067e-05,0.004235641773655286,0,0,3677,Dog,35.47922500001732,0.9953399999176327,36.47532800005138,0,0
3579,3678,3653.5,0.0,0.0042356375452991864,0,0,3678,Dog,38.01542300016081,2.511349000087648,40.52759200021683,0,0
3580,3679,3654.5,0.0,0.004235633316943088,0,0,3679,Dog,62.85021399980906,1.3608790000034787,64.21201300008761,0,0
3581,3680,3655.5,0.00032380999851344683,0.00423562908858699,0,0,3680,Dog,43.236209000042436,1.3462540000546142,44.583386999875074,0,0
3582,3681,3656.5,0.00020198542408245146,0.0042338482800381655,0,0,3681,Dog,42.410993999965285,1.310233999902266,43.72215300008975,0,0
3583,3682,3657.5,0.0002756975542947959,0.004232067471489341,0,0,3682,Dog,38.71575000039229,1.325300999724277,40.04199000019071,0,0
3584,3683,3658.5,0.0,0.004230286662940532,0,0,3683,Dog,42.64049800030989,1.315435000378784,43.95688400018116,0,0
3585,3684,3659.5,0.00017161210407357075,0.004228505854391708,0,0,3684,Dog,43.15205899956709,1.3362469999265159,44.489262999832135,0,0
3586,3685,3660.5,0.001799591007786816,0.0042267250458428995,0,0,3685,Dog,38.56355800007805,3.9354079999611713,42.50038500003939,0,0
3587,3686,3661.5,0.0013807670031640296,0.0042249442372940755,0,0,3686,Dog,46.952765000241925,1.4380900001924601,48.39235999997982,0,0
3588,3687,3662.5,0.0011362654490834068,0.0042231634287452505,0,0,3687,Dog,42.19415299985485,2.3756599998705497,44.5707769999899,0,0
3589,3688,3663.5,0.0009489134772115992,0.004221382620196442,0,0,3688,Dog,42.739395999888075,1.318866000019625,44.059063000077,0,0
3590,3689,3664.5,0.00015016067053330584,0.004219601811647618,0,0,3689,Dog,35.641951999878074,1.3136010002199328,36.956372000076954,0,0
3591,3690,3665.5,5.2659748428718345e-05,0.0042178210030988095,0,0,3690,Dog,39.65554300020813,1.3112540000292938,40.96768199997314,0,0
3592,3691,3666.5,0.0010600419512502013,0.004216040194549985,0,0,3691,Dog,40.73432600034721,3.4084910003002733,44.14373400004479,0,0
3593,3692,3667.5,0.0009229744958377806,0.0042142593860011604,0,0,3692,Dog,39.57181400028276,2.9477879998012213,42.520622000211006,0,0
3594,3693,3668.5,0.0,0.004212478577452352,0,0,3693,Dog,41.80167300000903,1.332344000275043,43.134950999956345,0,0
3595,3694,3669.5,0.0001054259514500222,0.004210697768903528,0,0,3694,Dog,42.93053499986854,4.684128000008059,47.61570500022572,0,0
3596,3695,3670.5,0.0002906858389578604,0.004208916960354719,0,0,3695,Dog,72.36580900007539,2.767814999970142,75.1344970003629,0,0
3597,3696,3671.5,0.0,0.004207136151805895,0,0,3696,Dog,39.11739500017575,1.3523769998755597,40.470763000030274,0,0
3598,3697,3672.5,0.0,0.00420535534325707,0,0,3697,Dog,47.7571619999253,1.5180589998635696,49.27683599999,0,0
3599,3698,3673.5,0.0,0.004203574534708262,0,0,3698,Dog,42.63073100037218,3.8070259997766698,46.43855599988456,0,0
3600,3699,3674.5,0.0007327779212402685,0.004201793726159438,0,0,3699,Dog,39.92450900022959,3.340509999816277,43.26590999971813,0,0
3601,3700,3675.5,0.0003781239784685919,0.004200012917610629,0,0,3700,Dog,38.65237999980309,1.3334369996300666,39.986771999792836,0,0
3602,3701,3676.5,0.0013388435919806652,0.004198495762646093,0,0,3701,Dog,35.61918300010802,5.048021000220615,40.66819999979998,0,0
3603,3702,3677.5,0.001463914504564956,0.004196978607681557,0,0,3702,Dog,46.008050000182266,4.007203999663034,50.01619600034246,0,0
3604,3703,3678.5,0.0029147921899972395,0.004195461452717033,0,1,3703,Dog,43.16374500012898,3.4981949997927586,46.66270799998529,0,0
3605,3704,3679.5,0.002739197601641652,0.004193944297752497,0,1,3704,Dog,39.07690400001229,0.9693770002741076,40.04712300002211,0,0
3606,3705,3680.5,0.003715964649997683,0.0041924271427879745,0,1,3705,Dog,36.481910000020434,2.4628240003039537,38.945639000303345,0,0
3607,3706,3681.5,0.002814505864375594,0.004190909987823438,0,1,3706,Dog,40.30080599977737,1.343382999948517,41.645135000180744,0,0
3608,3707,3682.5,0.0008375227679270347,0.004189392832858902,0,0,3707,Dog,43.61436099998173,3.0382830000235117,46.65351599987844,0,0
3609,3708,3683.5,0.0014055058560086264,0.004187875677894378,0,0,3708,Dog,63.9530400003423,1.3450199999169854,65.29899699989983,0,0
3610,3709,3684.5,0.000782246365479522,0.004186358522929842,0,0,3709,Dog,57.13983400028155,4.645290999633289,61.786785000094824,0,0
3611,3710,3685.5,0.0009673185221314995,0.00418484136796532,0,0,3710,Dog,36.90738199975385,2.8608800002984935,39.76928600013707,0,0
3612,3711,3686.5,0.0013236454244502927,0.004183324213000783,0,0,3711,Dog,52.18170599982841,1.4429110001401568,53.625821999958134,0,0
3613,3712,3687.5,0.001253551116448648,0.004181807058036247,0,0,3712,Dog,57.5066220003464,1.4610019998144708,58.96861400015041,0,0
3614,3713,3688.5,0.0009714492625620963,0.0041802899030717235,0,0,3713,Dog,42.5076619999345,1.3458479998007533,43.85443799992572,0,0
3615,3714,3689.5,0.002080680509068178,0.004178772748107187,0,0,3714,Dog,39.61473399976967,5.11870300033479,44.73440899982961,0,0
3616,3715,3690.5,0.0012684821136770275,0.004177255593142665,0,0,3715,Dog,40.27687500001775,2.4366590000681754,42.71517999995922,0,0
3617,3716,3691.5,0.0024983410331845812,0.004175738438178128,0,1,3716,Dog,45.21404600018286,1.3968499997645267,46.61183999996865,0,0
3618,3717,3692.5,0.001936504835604036,0.004174221283213592,0,0,3717,Dog,42.534644000170374,3.4037750001516542,45.93938400012121,0,0
3619,3718,3693.5,0.0027963779275709255,0.004172704128249069,0,1,3718,Dog,39.60478499993769,1.3294780001160689,40.935177999926964,0,0
3620,3719,3694.5,0.0021226581676996314,0.004171186973284532,0,0,3719,Dog,43.245663000107015,1.1662560000331723,44.41369799997119,0,0
3621,3720,3695.5,0.002151170678112546,0.00416966981832001,0,1,3720,Dog,39.663836999807245,6.382956999914313,46.04851200019766,0,0
3622,3721,3696.5,0.002338745663274411,0.004169393150686811,0,1,3721,Dog,43.12154599983842,1.4373949998116586,44.559931000094366,0,0
3623,3722,3697.5,0.0018751980266292767,0.004169116483053612,0,0,3722,Dog,45.78324199974304,2.47709199993551,48.26117200036606,0,0
3624,3723,3698.5,0.0030884548577054804,0.004168839815420416,0,1,3723,Dog,34.49820300011197,2.452330999858532,36.95144599987543,0,0
3625,3724,3699.5,0.0028453497964726626,0.0041685631477872175,0,1,3724,Dog,35.54238400010945,4.028208999898197,39.57137999987026,0,0
3626,3725,3700.5,0.003207927785076392,0.004168286480154021,0,1,3725,Dog,37.97614000040994,3.561311999874306,41.53827899972384,0,0
3627,3726,3701.5,0.003146531865707236,0.004168009812520822,0,1,3726,Dog,41.174914999828616,6.588596999790752,47.76445200013768,0,0
3628,3727,3702.5,0.00337717601989318,0.0041677331448876235,0,1,3727,Dog,39.66368900000816,0.9162119999928109,40.58066800007509,0,0
3629,3728,3703.5,0.0034547180485251516,0.004167456477254427,0,1,3728,Dog,42.93412200013336,3.81489999972473,46.74992399986877,0,0
3630,3729,3704.5,0.003673855623193001,0.004167179809621229,0,1,3729,Dog,52.064361999782705,5.124219000208541,57.18947500008653,0,0
3631,3730,3705.5,0.004161087488265047,0.004166903141988032,0,1,3730,Dog,38.36817000001247,0.9224800000993127,39.29138400008014,0,0
3632,3731,3706.5,0.002291846671794384,0.004166626474354833,0,1,3731,Dog,40.5835780002235,2.734244000293984,43.31868899998881,0,0
3633,3732,3707.5,0.0018375433224763205,0.0041663498067216346,0,0,3732,Dog,53.62517300000036,3.7508259997593996,57.377114000246365,0,0
3634,3733,3708.5,0.0013711032677931057,0.004166073139088438,0,0,3733,Dog,50.2667239998118,2.521867999803362,52.789913000196975,0,0
3635,3734,3709.5,0.0021736109845224005,0.00416579647145524,0,1,3734,Dog,52.28808699985166,0.9713249996821105,53.26034600011553,0,0
3636,3735,3710.5,0.0017536411996139645,0.004165519803822043,0,0,3735,Dog,59.01011700007075,3.8090859998192172,62.81995299968912,0,0
3637,3736,3711.5,0.0010015226298216717,0.004165243136188844,0,0,3736,Dog,34.39429299987751,2.2614670001530612,36.65714899989325,0,0
3638,3737,3712.5,0.0004975589895742649,0.004164966468555646,0,0,3737,Dog,36.566404000041075,0.990602999991097,37.557852000190906,0,0
3639,3738,3713.5,7.069026291506297e-05,0.004164689800922449,0,0,3738,Dog,38.88655499986271,0.9667879999142315,39.85429100021065,0,0
3640,3739,3714.5,0.000613946047717584,0.004164413133289251,0,0,3739,Dog,35.01408600004652,0.9310810000897618,35.94597699975566,0,0
3641,3740,3715.5,0.0002638640345956622,0.004164136465656054,0,0,3740,Dog,36.43654100005733,0.9386540000377863,37.37600299973565,0,0
3642,3741,3716.5,0.0010063788916665484,0.0041639840167865035,0,0,3741,Dog,39.30243900003916,3.803289999723347,43.10652399999526,0,0
3643,3742,3717.5,0.0004459145077010396,0.004163831567916953,0,0,3742,Dog,70.52592400032154,1.9236660000387928,72.45052899997972,0,0
3644,3743,3718.5,0.00041313984978863516,0.004163679119047403,0,0,3743,Dog,42.00281300018105,1.3914840001234552,43.39528600030462,0,0
3645,3744,3719.5,0.0008162971841262356,0.004163526670177852,0,0,3744,Dog,39.751787000113836,4.431611999734741,44.184876999679545,0,0
3646,3745,3720.5,0.0009636308046161446,0.0041633742213083025,0,0,3745,Dog,40.492133000043395,2.861788000245724,43.35489300001427,0,0
3647,3746,3721.5,0.0,0.004163221772438752,0,0,3746,Dog,39.94808800007377,3.0443020000348042,42.993277000277885,0,0
3648,3747,3722.5,0.0,0.004163069323569201,0,0,3747,Dog,50.255565000043134,1.3186169999244157,51.57506400018974,0,0
3649,3748,3723.5,0.0,0.004162916874699651,0,0,3748,Dog,44.37790100018901,1.3532359998862376,45.73203400013881,0,0
3650,3749,3724.5,0.0,0.004162764425830101,0,0,3749,Dog,41.61209099993357,4.0296859997397405,45.64268100011759,0,0
3651,3750,3725.5,0.0,0.004162611976960551,0,0,3750,Dog,53.03829100012081,1.3860340000064753,54.4252019999476,0,0
3652,3751,3726.5,0.0,0.004162459528091,0,0,3751,Dog,39.59916600024371,2.7268579997326015,42.32695700011391,0,0
3653,3752,3727.5,0.0,0.004162307079221449,0,0,3752,Dog,39.43928400030927,0.9306070001002809,40.370687000176986,0,0
3654,3753,3728.5,0.0,0.0041621546303518995,0,0,3753,Dog,35.03768400014451,1.2044750001223292,36.24292299991794,0,0
3655,3754,3729.5,0.0,0.004162002181482349,0,0,3754,Dog,34.7911489998296,3.473730999758118,38.26555700015888,0,0
3656,3755,3730.5,0.0,0.004161849732612799,0,0,3755,Dog,34.56727000002502,0.9215760001097806,35.48948700017718,0,0
3657,3756,3731.5,0.0,0.004161697283743248,0,0,3756,Dog,39.205098999900656,2.3240679997797997,41.53036800016707,0,0
3658,3757,3732.5,0.0,0.004161544834873698,0,0,3757,Dog,35.631858999749966,1.0160440001527604,36.64912699969136,0,0
3659,3758,3733.5,0.0,0.004161392386004148,0,0,3758,Dog,36.88590999990993,0.9726970001793234,37.85954600016339,0,0
3660,3759,3734.5,0.0,0.004161239937134597,0,0,3759,Dog,34.96974900008354,0.9505300004093442,35.921230999974796,0,0
3661,3760,3735.5,0.0,0.004161087488265047,0,0,3760,Dog,37.045100000341336,2.4624839998068637,39.508472999841615,0,0
3662,3761,3736.5,0.0,0.004160843616467346,0,0,3761,Dog,50.15041500018924,1.3883619999432995,51.53982199999518,0,0
3663,3762,3737.5,0.0,0.004160599744669645,0,0,3762,Dog,45.979179000369186,1.0144420002689003,46.99466600004598,0,0
3664,3763,3738.5,0.0,0.004160355872871945,0,0,3763,Dog,40.97544500018557,0.9906870000122581,41.966971999954694,0,0
3665,3764,3739.5,0.0,0.004160112001074244,0,0,3764,Dog,39.028934000270965,0.9851570002865628,40.014870000049996,0,0
3666,3765,3740.5,0.0,0.004159868129276545,0,0,3765,Dog,38.06803499992384,5.411782999999559,43.48063500037824,0,0
3667,3766,3741.5,0.0,0.004159624257478844,0,0,3766,Dog,39.497837999988405,0.9806579996620712,40.47920499988322,0,0
3668,3767,3742.5,0.0007788646594666382,0.004159380385681142,0,0,3767,Dog,38.98113400009606,0.9790549997887865,39.96093199975803,0,0
3669,3768,3743.5,0.0012122137948379352,0.004159136513883443,0,0,3768,Dog,40.8043320003344,4.535809000117297,45.341251000081684,0,0
3670,3769,3744.5,0.0005037450581697467,0.004158892642085741,0,0,3769,Dog,42.228493000038725,2.507073999822751,44.7367049996501,0,0
3671,3770,3745.5,0.0009586820353983949,0.004158648770288043,0,0,3770,Dog,37.116413000148896,1.1122640003122797,38.22998999976335,0,0
3672,3771,3746.5,0.0016388622790409757,0.004158404898490341,0,0,3771,Dog,36.701695999909134,3.7425650002660404,40.444951000154106,0,0
3673,3772,3747.5,0.003242524809877856,0.00415816102669264,0,1,3772,Dog,42.27655200020308,3.176393000103417,45.45385399978841,0,0
3674,3773,3748.5,0.004382427781162823,0.00415791715489494,1,0,3773,Dog,52.594128000237106,1.2818580003113311,53.87694499995632,1,1
3675,3774,3749.5,0.0036269310573212588,0.004162002181482349,0,1,3774,Dog,44.996085000093444,1.0274530000060622,46.02445299997271,0,0
3676,3775,3750.5,0.0048388105145803495,0.004161849732612799,1,0,3775,Dog,40.733592999913526,2.2161359997880936,42.95064799998727,1,1
3677,3776,3751.5,0.005874876804640494,0.004165243136188844,1,0,3776,Dog,41.75614899986613,1.1972180000157095,42.95436299980793,1,1
3678,3777,3752.5,0.004789748408313033,0.004174221283213592,1,0,3777,Dog,37.705829000060476,3.232225999909133,40.93896899985339,1,1
3679,3778,3753.5,0.005385135426410725,0.004203574534708262,1,0,3778,Dog,39.031846999932895,1.2786980000782933,40.3114989999267,1,1
3680,3779,3754.5,0.006852325452538666,0.004235633316943088,1,0,3779,Dog,38.55051299979095,0.8648089997222996,39.41617200007386,1,1
3681,3780,3755.5,0.0059976499197393895,0.004235713655708961,1,0,3780,Dog,39.042538999638055,2.905951000229834,41.949383999963175,1,1
3682,3781,3756.5,0.0047833353892190456,0.004262582868413312,1,0,3781,Dog,38.124288999824785,2.5549679999130603,40.680109999811975,1,1
3683,3782,3757.5,0.005227472887024187,0.004270585024476067,1,0,3782,Dog,44.80381600023975,1.2974759997632646,46.10268799979167,1,1
3684,3783,3758.5,0.005280562602631433,0.00428184000044428,1,0,3783,Dog,39.6235319999505,1.2216210002407024,40.84619000013845,1,1
3685,3784,3759.5,0.006715146449983167,0.004316393025367649,1,0,3784,Dog,44.41992300007769,2.8822170002058556,47.30306500005099,1,1
3686,3785,3760.5,0.006060665233643903,0.004335503015613196,1,0,3785,Dog,40.12513499992565,3.203081000265229,43.32914599990545,1,1
3687,3786,3761.5,0.005593757365164875,0.0043399319409007766,1,0,3786,Dog,39.7715529998095,3.570079000382975,43.34255799994935,1,1
3688,3787,3762.5,0.005193523004761169,0.004367671776713313,1,0,3787,Dog,45.47517799983325,1.2275469998712651,46.70371400015938,1,1
3689,3788,3763.5,0.0040276996127395215,0.004387689558534368,0,1,3788,Dog,45.28395899978932,1.340410000011616,46.62526899983277,0,0
3690,3789,3764.5,0.00387605878597308,0.004387251077086738,0,1,3789,Dog,41.32234700000481,0.9243270001206838,42.2473749999881,0,0
3691,3790,3765.5,0.003947090231455341,0.004386812595639111,0,1,3790,Dog,44.86743600000409,1.5195219998531684,46.387866999793914,0,0
3692,3791,3766.5,0.003913083980386811,0.004386374114191481,0,1,3791,Dog,41.15959299997485,3.8360559997272503,44.996766000167554,0,0
3693,3792,3767.5,0.0032150861063114933,0.004385935632743851,0,1,3792,Dog,45.61408300014591,1.4353950000440818,47.05056800003149,0,0
3694,3793,3768.5,0.0034460858465789057,0.004385497151296224,0,1,3793,Dog,39.41826500022216,1.3597000001936976,40.77885300011985,0,0
3695,3794,3769.5,0.0041118542117488666,0.004385058669848594,0,1,3794,Dog,41.229476000353316,1.422659999661846,42.65322199989896,0,0
3696,3795,3770.5,0.0039852556346121615,0.004384620188400967,0,1,3795,Dog,39.20579300029203,0.9590120002940239,40.16551399990931,0,0
3697,3796,3771.5,0.004038430311280039,0.004384181706953337,0,1,3796,Dog,47.86383900000146,4.387360999771772,52.25212699997428,0,0
3698,3797,3772.5,0.0036843759392659603,0.004383743225505707,0,1,3797,Dog,48.48118399968371,1.317521000146371,49.79962500010515,0,0
3699,3798,3773.5,0.0022214392635490077,0.00438330474405808,0,1,3798,Dog,43.838647000029596,1.3474929996846186,45.18701500001043,0,0
3700,3799,3774.5,0.0017179900311548035,0.00438286626261045,0,0,3799,Dog,46.47174699994139,1.3269529999888618,47.799669000141876,0,0
3701,3800,3775.5,0.0019696814910676874,0.004382427781162823,0,0,3800,Dog,40.714463999847794,2.5741370000105235,43.28953100002764,0,0
3702,3801,3776.5,0.0013889273343585806,0.004380319780527173,0,0,3801,Dog,37.4023809999926,4.343116000200098,41.746444999716914,0,0
3703,3802,3777.5,0.0014870778838282916,0.004378211779891524,0,0,3802,Dog,41.64871100010714,1.3459159999911208,42.99594400026763,0,0
3704,3803,3778.5,0.000982164006321673,0.0043761037792558926,0,0,3803,Dog,43.609987999843725,3.0688819997521932,46.679805999701784,0,0
3705,3804,3779.5,0.0014399818078325577,0.004373995778620243,0,0,3804,Dog,48.920319999979256,1.4001300000927586,50.32146800022019,0,0
3706,3805,3780.5,0.001166919484966722,0.004371887777984612,0,0,3805,Dog,43.99247999981526,1.372515999719326,45.36606400006349,0,0
3707,3806,3781.5,0.000391670297262281,0.004369779777348962,0,0,3806,Dog,39.63017999967633,1.0818680002557812,40.713507999953436,0,0
3708,3807,3782.5,0.0,0.004367671776713313,0,0,3807,Dog,41.794525000113936,0.9779810002328304,42.77337500025169,0,0
3709,3808,3783.5,0.0005200948498461644,0.0043655637760776815,0,0,3808,Dog,43.00781100027962,3.4422849998918537,46.45079200008695,0,0
3710,3809,3784.5,0.00026297259143370777,0.004363455775442032,0,0,3809,Dog,38.46977400007745,0.9266090000892291,39.39707399968029,0,0
3711,3810,3785.5,0.0011267910896759492,0.004361347774806401,0,0,3810,Dog,47.09882599991033,1.7257989998142875,48.82558600002085,0,0
3712,3811,3786.5,0.00027630324109084725,0.004359239774170751,0,0,3811,Dog,40.181342999858316,3.9637280001443287,44.14618000009796,0,0
3713,3812,3787.5,0.00010114728610777224,0.004357131773535102,0,0,3812,Dog,38.22334599999522,1.1098249997303355,39.33429500011698,0,0
3714,3813,3788.5,0.0,0.0043550237728994705,0,0,3813,Dog,37.231735000204935,1.2358459998722537,38.46958000031009,0,0
3715,3814,3789.5,0.0,0.004352915772263821,0,0,3814,Dog,37.76353500006735,1.2391470004331495,39.00453699998252,0,0
3716,3815,3790.5,0.0,0.00435080777162819,0,0,3815,Dog,36.66716499992617,4.26131299991539,40.93025599968314,0,0
3717,3816,3791.5,0.0,0.00434869977099254,0,0,3816,Dog,53.75804599998446,1.6812549997666792,55.44106300021667,0,0
3718,3817,3792.5,0.0,0.004346591770356891,0,0,3817,Dog,41.12639699997089,1.6134530001181702,42.741043000205536,0,0
3719,3818,3793.5,0.0,0.0043444837697212595,0,0,3818,Dog,46.448590999716544,1.168140000118001,47.617820000141364,0,0
3720,3819,3794.5,0.0,0.00434237576908561,0,0,3819,Dog,48.62942799991288,1.5821809997760283,50.212857000133226,0,0
3721,3820,3795.5,0.0,0.004340267768449979,0,0,3820,Dog,45.43835800041052,1.4949420001357794,46.9345900000917,0,0
3722,3821,3796.5,0.0,0.004340211797191779,0,0,3821,Dog,37.150994000057835,1.3984080001137045,38.55037099992842,0,0
3723,3822,3797.5,0.0,0.004340155825933578,0,0,3822,Dog,39.513415999863355,2.784724000321148,42.29901899998367,0,0
3724,3823,3798.5,0.0,0.004340099854675377,0,0,3823,Dog,36.30661199986207,3.050197999982629,39.357825000024604,0,0
3725,3824,3799.5,0.0,0.004340043883417177,0,0,3824,Dog,37.084477999997034,1.0172309998779383,38.10247299998082,0,0
3726,3825,3800.5,0.0006500067793803188,0.004339987912158977,0,0,3825,Dog,38.95438800009288,3.875215999869397,42.830335999951785,0,0
3727,3826,3801.5,0.000397733055150451,0.0043399319409007766,0,0,3826,Dog,46.12871100016491,0.9939440001289768,47.12348299972291,0,0
3728,3827,3802.5,0.0003209632779490601,0.004339875969642575,0,0,3827,Dog,52.78984699998546,1.3628669998979603,54.15369299998929,0,0
3729,3828,3803.5,0.0004140281773042931,0.004339819998384375,0,0,3828,Dog,45.85566600007951,1.0103939998771239,46.866815999692335,0,0
3730,3829,3804.5,0.0,0.004339764027126175,0,0,3829,Dog,36.978587999783485,2.414618999864615,39.39399199998661,0,0
3731,3830,3805.5,0.0004004058805039401,0.004339708055867975,0,0,3830,Dog,35.5564520000371,2.585272000033001,38.14259299997502,0,0
3732,3831,3806.5,0.000666871011017367,0.004339652084609774,0,0,3831,Dog,39.607959000022674,3.7680489999729616,43.37716000009095,0,0
3733,3832,3807.5,0.0,0.004339596113351573,0,0,3832,Dog,33.12523299973691,3.3699680002428067,36.49601500001154,0,0
3734,3833,3808.5,0.0,0.004339540142093373,0,0,3833,Dog,40.4039630002444,1.7242849999092869,42.12918100029128,0,0
3735,3834,3809.5,0.0,0.004339484170835173,0,0,3834,Dog,46.39221999968868,1.032660999953805,47.42567799985409,0,0
3736,3835,3810.5,0.0,0.004339428199576972,0,0,3835,Dog,50.75145599994357,1.4080030000513943,52.16036100000565,0,0
3737,3836,3811.5,0.0,0.004339372228318772,0,0,3836,Dog,46.54494299984435,2.3342389999925217,48.88009900014367,0,0
3738,3837,3812.5,0.0,0.004339316257060571,0,0,3837,Dog,43.92701999995552,0.9841619998951501,44.91198300001997,0,0
3739,3838,3813.5,0.0,0.004339260285802371,0,0,3838,Dog,34.97826399961923,1.0105379997185082,35.98954000017329,0,0
3740,3839,3814.5,0.0,0.00433920431454417,0,0,3839,Dog,40.96276599966586,5.235844999788242,46.199435999824345,0,0
3741,3840,3815.5,0.0,0.00433914834328597,0,0,3840,Dog,39.712047999728384,2.737431999776163,42.45037600003343,0,0
3742,3841,3816.5,0.0,0.004338419277751413,0,0,3841,Dog,49.350981999850774,1.0608479997245013,50.41267800015703,0,0
3743,3842,3817.5,0.0,0.004337690212216855,0,0,3842,Dog,44.71749300000738,1.3959180000711058,46.114368999951694,0,0
3744,3843,3818.5,0.0,0.004336961146682304,0,0,3843,Dog,42.297480999877735,1.504968000062945,43.80394999998316,0,0
3745,3844,3819.5,0.0,0.004336232081147746,0,0,3844,Dog,44.18127899998581,1.3624849998450372,45.54469400000016,0,0
3746,3845,3820.5,0.0,0.004335503015613196,0,0,3845,Dog,39.18770400014182,2.4361509999835107,41.62475499970242,0,0
3747,3846,3821.5,0.0,0.004334773950078638,0,0,3846,Dog,43.06186299982073,1.3480229999913718,44.41075800014005,0,0
3748,3847,3822.5,0.0,0.004334044884544081,0,0,3847,Dog,39.43612300008681,2.7139149997310597,42.15106099991317,0,0
3749,3848,3823.5,0.0,0.004333315819009529,0,0,3848,Dog,35.24746999983108,1.0500480002519907,36.29850799961787,0,0
3750,3849,3824.5,0.0,0.004332586753474972,0,0,3849,Dog,39.9142229998688,1.0380680000707798,40.95321100021465,0,0
3751,3850,3825.5,0.0,0.004331857687940421,0,0,3850,Dog,34.92346199982421,1.030950999847846,35.95528200003173,0,0
3752,3851,3826.5,0.0,0.004331128622405864,0,0,3851,Dog,36.01805600010266,1.061326000126428,37.08029700010229,0,0
3753,3852,3827.5,0.0,0.004330399556871306,0,0,3852,Dog,38.88503000007404,1.0238169998046942,39.909727000122075,0,0
3754,3853,3828.5,0.0,0.004329670491336755,0,0,3853,Dog,35.96261600023354,1.0276820003127796,36.99117699989074,0,0
3755,3854,3829.5,0.0,0.0043289414258021975,0,0,3854,Dog,35.95644600000014,1.060468999639852,37.01778000004197,0,0
3756,3855,3830.5,0.0,0.004328212360267647,0,0,3855,Dog,49.71932799981005,1.5157850002651685,51.2360129996523,0,0
3757,3856,3831.5,0.0,0.0043274832947330895,0,0,3856,Dog,38.8218359998973,6.189240999901813,45.01250399971468,0,0
3758,3857,3832.5,0.0,0.004326754229198532,0,0,3857,Dog,40.6291020003664,4.4041119999747025,45.03441900033067,0,0
3759,3858,3833.5,0.0,0.004326025163663981,0,0,3858,Dog,42.615881000074296,1.3878240001758968,44.00468199992247,0,0
3760,3859,3834.5,0.0,0.004325296098129423,0,0,3859,Dog,57.21212500020556,1.3858829997843713,58.5989910000535,0,0
3761,3860,3835.5,0.0,0.004324567032594873,0,0,3860,Dog,49.88617900016834,1.4305719996627886,51.31775299969377,0,0
3762,3861,3836.5,0.0,0.004322523530788062,0,0,3861,Dog,42.80985600007625,2.0901950001643854,44.90103200032536,0,0
3763,3862,3837.5,0.0,0.004320480028981251,0,0,3862,Dog,36.76870700019208,0.9940979998646071,37.76384499997221,0,0
3764,3863,3838.5,0.0,0.00431843652717446,0,0,3863,Dog,34.98423600012757,0.9281870002268988,35.913176000121894,0,0
3765,3864,3839.5,0.0,0.004316393025367649,0,0,3864,Dog,38.07132699967042,1.0197990000051504,39.091992000066966,0,0
3766,3865,3840.5,0.0,0.0043143495235608564,0,0,3865,Dog,36.009414000091056,0.9800019997783238,36.9902950001233,0,0
3767,3866,3841.5,1.0241611721362176e-05,0.004312306021754046,0,0,3866,Dog,34.9914080002236,0.9729749999678461,35.96529699962048,0,0
3768,3867,3842.5,0.0006142197407057459,0.004310262519947235,0,0,3867,Dog,42.22749100017609,1.3704919997508114,43.59889299985298,0,0
3769,3868,3843.5,0.0,0.004308219018140443,0,0,3868,Dog,46.193687000140926,1.3678959999197104,47.562681999806955,0,0
3770,3869,3844.5,1.1593602615711518e-06,0.004306175516333633,0,0,3869,Dog,42.96296800021082,2.5324110001747613,45.49683300001561,0,0
3771,3870,3845.5,0.0007791279098370296,0.00430413201452684,0,0,3870,Dog,47.20080000015514,1.4009369997438625,48.6026540002058,0,0
3772,3871,3846.5,0.0,0.0043020885127200295,0,0,3871,Dog,61.5198949999467,1.3606050001726544,62.881516000288684,0,0
3773,3872,3847.5,0.0005756935069369806,0.004300045010913219,0,0,3872,Dog,39.59668100014824,1.3711420001527586,40.96872199988866,0,0
3774,3873,3848.5,0.0006569749660380042,0.004298001509106427,0,0,3873,Dog,38.75073099970905,4.680656999880739,43.432325000139826,0,0
3775,3874,3849.5,0.001114957350866086,0.0042959580072996165,0,0,3874,Dog,39.53812800000378,1.048521000029723,40.58760199995959,0,0
3776,3875,3850.5,0.0012163114468558556,0.004293914505492824,0,0,3875,Dog,41.82060699986323,1.0121889999936684,42.8336049999416,0,0
3777,3876,3851.5,0.00030205484675716043,0.004291871003686013,0,0,3876,Dog,42.81321199960075,0.9964529999706428,43.810495999878185,0,0
3778,3877,3852.5,0.0003293471437348927,0.004289827501879203,0,0,3877,Dog,43.9332160003687,1.3672720001522976,45.30138399968564,0,0
3779,3878,3853.5,0.0013228047487215955,0.004287784000072411,0,0,3878,Dog,49.67927400002736,1.398130999859859,51.07853999970757,0,0
3780,3879,3854.5,0.0011178638756309534,0.0042857404982656,0,0,3879,Dog,38.88395700005276,1.6977790000964887,40.58259299972633,0,0
3781,3880,3855.5,0.0019508702881667617,0.004283696996458808,0,0,3880,Dog,46.34574200008501,6.1750199997732125,52.52173400003812,0,0
3782,3881,3856.5,0.0023822562884066034,0.004283077997787297,0,1,3881,Dog,48.72883699999875,1.486929999828135,50.21697500023947,0,0
3783,3882,3857.5,0.0024196224839218017,0.004282458999115786,0,1,3882,Dog,38.59375699994416,1.3691210001525178,39.96376000031887,0,0
3784,3883,3858.5,0.0012832760936150045,0.00428184000044428,0,0,3883,Dog,36.24312500005544,1.3361010001062823,37.580203999823425,0,0
3785,3884,3859.5,0.0009654704581774087,0.004281221001772769,0,0,3884,Dog,46.704147000127705,3.6718639998980507,50.37690000017392,0,0
3786,3885,3860.5,0.0,0.004280602003101264,0,0,3885,Dog,43.242300000201794,1.3519189997168723,44.595142000162014,0,0
3787,3886,3861.5,0.000730532077032997,0.004279983004429753,0,0,3886,Dog,51.65509500011467,1.5241719997902692,53.18011999997907,0,0
3788,3887,3862.5,0.0,0.004279364005758242,0,0,3887,Dog,36.775804000171775,0.9545259999867994,37.73114300020097,0,0
3789,3888,3863.5,0.00021811072239408258,0.004278745007086736,0,0,3888,Dog,34.94502700004887,0.9331679998467735,35.87894900010724,0,0
3790,3889,3864.5,0.000981895595574267,0.004278126008415225,0,0,3889,Dog,35.08660300030897,3.802933999850211,38.89022500015926,0,0
3791,3890,3865.5,0.0021201159576349493,0.0042775070097437196,0,0,3890,Dog,39.17110800011869,1.4708649996464374,40.64293800001906,0,0
3792,3891,3866.5,0.001045981119345618,0.004276888011072209,0,0,3891,Dog,39.311404999807564,4.349919000105729,43.662328999744204,0,0
3793,3892,3867.5,0.0016301190716485614,0.004276269012400698,0,0,3892,Dog,43.641350000143575,1.3666680001733766,45.00895399996807,0,0
3794,3893,3868.5,0.0015868485048854408,0.004275650013729192,0,0,3893,Dog,42.19299900023543,3.143136999824492,45.33778399991206,0,0
3795,3894,3869.5,0.0021139755687913375,0.004275031015057681,0,0,3894,Dog,56.725067000115814,1.5899290001470945,58.31706499975553,0,0
3796,3895,3870.5,0.001641366995050908,0.004274412016386175,0,0,3895,Dog,47.99375299990061,3.4189460002380656,51.41387699995903,0,0
3797,3896,3871.5,0.002384400168379819,0.0042737930177146645,0,1,3896,Dog,51.5417320002598,2.4256209999293787,53.96837900025275,0,0
3798,3897,3872.5,0.0020923320541228474,0.004273174019043154,0,0,3897,Dog,52.75142600021354,5.468537000069773,58.220691999849805,0,0
3799,3898,3873.5,0.001079693283858929,0.004272555020371648,0,0,3898,Dog,44.56861699964065,0.9374480000587937,45.50683299976299,0,0
3800,3899,3874.5,0.0019526742838928968,0.004271936021700137,0,0,3899,Dog,64.82587500022419,2.7340729998286406,67.56081000003178,0,0
3801,3900,3875.5,0.00029063059393419355,0.004271317023028631,0,0,3900,Dog,49.19693700003336,1.4472170000772167,50.645106000047235,0,0
3802,3901,3876.5,0.0,0.004270951023752349,0,0,3901,Dog,42.55063300024631,1.3478239998221397,43.89941199997338,0,0
3803,3902,3877.5,0.0,0.004270585024476067,0,0,3902,Dog,44.62804300010248,2.5267819996770413,47.155743000075745,0,0
3804,3903,3878.5,0.0004495838608539193,0.004270219025199789,0,0,3903,Dog,46.697688000222115,2.5846409998848685,49.28307699992729,0,0
3805,3904,3879.5,0.0005918276154902591,0.004269853025923507,0,0,3904,Dog,47.58525899978849,3.1702490000498074,50.75705299987021,0,0
3806,3905,3880.5,0.0,0.0042694870266472285,0,0,3905,Dog,45.53537999981927,1.4035429999239568,46.93985500034614,0,0
3807,3906,3881.5,0.0006503170908523925,0.0042691210273709465,0,0,3906,Dog,43.50397100006376,2.400381999905221,45.90536299974701,0,0
3808,3907,3882.5,0.0008339797198503307,0.0042687550280946646,0,0,3907,Dog,42.594946999997774,2.0208119999551855,44.61665999997422,0,0
3809,3908,3883.5,0.0,0.004268389028818386,0,0,3908,Dog,41.35412100004032,1.3565639997068502,42.71168300010686,0,0
3810,3909,3884.5,0.0014344017911646079,0.004268023029542104,0,0,3909,Dog,43.236007999894355,1.3448759996208537,44.581726000160415,0,0
3811,3910,3885.5,0.000995254006780022,0.004267657030265826,0,0,3910,Dog,38.62559800018062,4.139895000207616,42.766391999975895,0,0
3812,3911,3886.5,0.0,0.004267291030989544,0,0,3911,Dog,46.639190000405506,4.274837000139087,50.914915000248584,0,0
3813,3912,3887.5,0.0,0.004266925031713262,0,0,3912,Dog,46.76389799988101,1.4017000003150315,48.16658300023846,0,0
3814,3913,3888.5,0.0,0.004266559032436983,0,0,3913,Dog,49.01754299999084,1.389503999689623,50.40806099987094,0,0
3815,3914,3889.5,0.0,0.004266193033160701,0,0,3914,Dog,41.77538199974151,1.3816539999425004,43.15803099962068,0,0
3816,3915,3890.5,0.0,0.004265827033884423,0,0,3915,Dog,50.28137599992988,2.731523999955243,53.01392299998042,0,0
3817,3916,3891.5,0.0,0.004265461034608141,0,0,3916,Dog,48.52414000015415,3.890427999976964,52.415927999845735,0,0
3818,3917,3892.5,0.0,0.004265095035331859,0,0,3917,Dog,43.98387399987769,1.5091089999259566,45.49382799996238,0,0
3819,3918,3893.5,0.0,0.0042647290360555805,0,0,3918,Dog,34.94567400002779,0.9924060000230384,35.938906999945175,0,0
3820,3919,3894.5,0.00091705617620641,0.0042643630367792985,0,0,3919,Dog,36.4708380002412,3.9460850002797088,40.41773899962209,0,0
3821,3920,3895.5,0.0006131459378053705,0.00426399703750302,0,0,3920,Dog,35.38010800002667,0.9959879998859833,36.376933999690664,0,0
3822,3921,3896.5,0.0008470831506497412,0.004262582868413312,0,0,3921,Dog,41.67784899982507,1.0087559999192308,42.687472000125126,0,0
3823,3922,3897.5,0.001290156474783699,0.004261168699323604,0,0,3922,Dog,34.927704999972775,4.497455000091577,39.42617600023368,0,0
3824,3923,3898.5,0.0014898061258065143,0.004259754530233909,0,0,3923,Dog,53.37576500005525,1.765281000189134,55.141927000022406,0,0
3825,3924,3899.5,0.0018063787743299864,0.004258340361144201,0,0,3924,Dog,42.2877089999929,1.9540670000424143,44.24277099997198,0,0
3826,3925,3900.5,0.0015222615703446296,0.004256926192054505,0,0,3925,Dog,35.950358000263805,3.4609809999892605,39.412333000200306,0,0
3827,3926,3901.5,0.000838187590614714,0.004255512022964797,0,0,3926,Dog,37.716237000040564,1.3752810000369209,39.09251300001415,0,0
3828,3927,3902.5,0.001424799641741692,0.00425409785387509,0,0,3927,Dog,45.64416399989568,1.0259619998578273,46.670994000123756,0,0
3829,3928,3903.5,0.0020514457174716227,0.004252683684785394,0,0,3928,Dog,49.11386700041476,1.044213000113814,50.159799000084604,0,0
3830,3929,3904.5,0.0019929452973901363,0.004251269515695686,0,0,3929,Dog,44.699849000153336,0.9907059998113255,45.69152599970039,0,0
3831,3930,3905.5,0.0021022641054415647,0.004249855346605991,0,0,3930,Dog,42.31235699990066,0.9324590000687749,43.245686999853206,0,0
3832,3931,3906.5,0.001967469756573803,0.004248441177516282,0,0,3931,Dog,49.80826699966201,0.9358669999528502,50.744884999858186,0,0
3833,3932,3907.5,0.0020087764073869474,0.004247027008426575,0,0,3932,Dog,34.085103000052186,0.9601299998394097,35.04601199983881,0,0
3834,3933,3908.5,0.001298441703333153,0.00424561283933688,0,0,3933,Dog,43.004532999930234,0.9455630001866666,43.95094900019103,0,0
3835,3934,3909.5,0.00168006979893498,0.004244198670247171,0,0,3934,Dog,36.067855000055715,0.9458300000915187,37.014490000274236,0,0
3836,3935,3910.5,0.001308215838432658,0.004242784501157476,0,0,3935,Dog,39.03672399974312,0.934643999698892,39.97213000002375,0,0
3837,3936,3911.5,0.0014426029148560948,0.004241370332067768,0,0,3936,Dog,36.151420999885886,1.010255999972287,37.16261799991116,0,0
3838,3937,3912.5,0.0009828235504376615,0.00423995616297806,0,0,3937,Dog,33.90691399999923,0.9614929999770538,34.86901599990233,0,0
3839,3938,3913.5,0.0006434619990582924,0.004238541993888365,0,0,3938,Dog,34.99294099992767,0.934559999677731,35.92819000004965,0,0
3840,3939,3914.5,0.0014426448283696436,0.004237127824798657,0,0,3939,Dog,38.03806900032214,0.9344949999103846,38.9733229999365,0,0
3841,3940,3915.5,0.0025744521354776895,0.004235713655708961,0,1,3940,Dog,43.92823000034696,1.3980099997752404,45.327196000016556,0,0
3842,3941,3916.5,0.003159097156711921,0.004235709427352863,0,1,3941,Dog,43.73992900036683,1.4555070001733839,45.196595000106754,0,0
3843,3942,3917.5,0.0016235860191029516,0.004235705198996765,0,0,3942,Dog,38.86055600014515,2.284484000028897,41.14607800011072,0,0
3844,3943,3918.5,0.001875060397537598,0.004235700970640665,0,0,3943,Dog,35.45247899955939,3.859434999867517,39.31275100012499,0,0
3845,3944,3919.5,0.0015657135960744917,0.004235696742284567,0,0,3944,Dog,37.138792000405374,4.6161830000528425,41.75582899961228,0,0
3846,3945,3920.5,0.002959222229802161,0.0042356925139284685,0,1,3945,Dog,52.85275200003525,1.3784539996777312,54.23213799986115,0,0
3847,3946,3921.5,0.003876946429304473,0.00423568828557237,0,1,3946,Dog,47.9099369999858,2.032518000305572,49.943388999963645,0,0
3848,3947,3922.5,0.003481180134771611,0.004235684057216272,0,1,3947,Dog,43.92034299962688,2.2687139999106876,46.189994999622286,0,0
3849,3948,3923.5,0.003075056144864252,0.004235679828860172,0,1,3948,Dog,38.12630399988848,1.6630269997222058,39.79024100044626,0,0
3850,3949,3924.5,0.0032675429533342015,0.004235675600504074,0,1,3949,Dog,42.21284599998398,1.3405199997578165,43.554345999837096,0,0
3851,3950,3925.5,0.0021199936170660516,0.0042356713721479755,0,0,3950,Dog,33.5857970003417,3.4909810001408914,37.0774100001654,0,0
3852,3951,3926.5,0.002209341644294649,0.004235667143791877,0,1,3951,Dog,44.50398299968583,1.3792059999104822,45.88409200005117,0,0
3853,3952,3927.5,0.0018270090922067883,0.004235662915435779,0,0,3952,Dog,41.41295700037517,2.397384000232705,43.81141400017441,0,0
3854,3953,3928.5,7.918012747343273e-05,0.004235658687079679,0,0,3953,Dog,39.372939000259066,1.0087969999403867,40.38256100011495,0,0
3855,3954,3929.5,0.00040201599720246506,0.004235654458723581,0,0,3954,Dog,40.68617000029917,1.1324239999339625,41.82021499991606,0,0
3856,3955,3930.5,7.558316764944006e-05,0.0042356502303674826,0,0,3955,Dog,37.74543100007577,1.8431360003887676,39.58954800009451,0,0
3857,3956,3931.5,0.0,0.004235646002011384,0,0,3956,Dog,42.18720900007611,1.047238999944966,43.235236999862536,0,0
3858,3957,3932.5,0.0013121412994716586,0.004235641773655286,0,0,3957,Dog,39.83603000006042,1.8217189999631955,41.65850500021406,0,0
3859,3958,3933.5,4.814964764154883e-05,0.0042356375452991864,0,0,3958,Dog,36.392494999745395,2.804594000281213,39.19794600005844,0,0
3860,3959,3934.5,0.00034932318665992224,0.004235633316943088,0,0,3959,Dog,37.8744990002815,0.9870120002233307,38.86238499990213,0,0
3861,3960,3935.5,0.0,0.00423562908858699,0,0,3960,Dog,44.798469000397745,1.3724519999414042,46.17184500011717,0,0
3862,3961,3936.5,0.0,0.0042338482800381655,0,0,3961,Dog,36.83812899998884,0.9988480001084099,37.83805100010795,0,0
3863,3962,3937.5,0.0,0.004232067471489341,0,0,3962,Dog,36.037049000242405,1.2575179998748354,37.29540999984238,0,0
3864,3963,3938.5,0.0,0.004230286662940532,0,0,3963,Dog,37.45356500030539,3.4597150001900445,40.914215999691805,0,0
3865,3964,3939.5,0.0,0.004228505854391708,0,0,3964,Dog,41.6362079999999,1.3861649999853398,43.02325500020743,0,0
3866,3965,3940.5,0.0,0.0042267250458428995,0,0,3965,Dog,40.07542799990915,0.9733980000419251,41.04964699990887,0,0
3867,3966,3941.5,0.0,0.0042249442372940755,0,0,3966,Dog,36.65576699995654,0.9831039997152402,37.63966199994684,0,0
3868,3967,3942.5,0.0,0.0042231634287452505,0,0,3967,Dog,35.042603999954736,0.9694690002106654,36.01284700016549,0,0
3869,3968,3943.5,0.0,0.004221382620196442,0,0,3968,Dog,35.084333999748196,3.379295999820897,38.464735000161454,0,0
3870,3969,3944.5,0.0,0.004219601811647618,0,0,3969,Dog,40.62199899999541,3.3816010000009555,44.004435000260855,0,0
3871,3970,3945.5,0.0,0.0042178210030988095,0,0,3970,Dog,46.73436999974001,1.3809150000270165,48.116237000158435,0,0
3872,3971,3946.5,0.0,0.004216040194549985,0,0,3971,Dog,42.17179099987334,4.583047999858536,46.75575600003867,0,0
3873,3972,3947.5,0.0,0.0042142593860011604,0,0,3972,Dog,40.572570000222186,3.232283999750507,43.805772999803594,0,0
3874,3973,3948.5,0.0,0.004212478577452352,0,0,3973,Dog,40.818616000251495,2.4961130002338905,43.31562000015765,0,0
3875,3974,3949.5,0.0,0.004210697768903528,0,0,3974,Dog,39.48131699962687,0.9529810004096362,40.43505700019523,0,0
3876,3975,3950.5,0.0,0.004208916960354719,0,0,3975,Dog,35.04191999991235,0.93805100004829,35.980636999738635,0,0
3877,3976,3951.5,0.0,0.004207136151805895,0,0,3976,Dog,46.06231799971283,0.9481710003456101,47.01125400015371,0,0
3878,3977,3952.5,0.0,0.00420535534325707,0,0,3977,Dog,60.0674029997208,1.0166600000047765,61.08497100012755,0,0
3879,3978,3953.5,4.371736633557166e-05,0.004203574534708262,0,0,3978,Dog,36.718554999879416,1.02937000019665,37.74875900035113,0,0
3880,3979,3954.5,0.0011062571766974338,0.004201793726159438,0,0,3979,Dog,37.21812300000238,4.174439000053098,41.39351499998156,0,0
3881,3980,3955.5,0.0009451465804225512,0.004200012917610629,0,0,3980,Dog,45.031661999928474,1.5829779999876337,46.61626200004321,0,0
3882,3981,3956.5,0.0016590175610804447,0.004198495762646093,0,0,3981,Dog,40.21846200021173,3.8444380002147227,44.06384699996124,0,0
3883,3982,3957.5,0.0009338349846566008,0.004196978607681557,0,0,3982,Dog,44.10816799963868,1.0185799997088907,45.12760999978127,0,0
3884,3983,3958.5,0.00111930177008579,0.004195461452717033,0,0,3983,Dog,40.84349800041309,2.4016990000745864,43.2460249999167,0,0
3885,3984,3959.5,0.0013841565206206274,0.004193944297752497,0,0,3984,Dog,48.52652499994292,2.730749999955151,51.2582480000674,0,0
3886,3985,3960.5,0.0019951628169166957,0.0041924271427879745,0,0,3985,Dog,39.25755299997036,3.8546539999515517,43.113146999985474,0,0
3887,3986,3961.5,0.0015393797858109792,0.004190909987823438,0,0,3986,Dog,61.19860799981325,7.62642399968172,68.82607499983351,0,0
3888,3987,3962.5,0.0013291570013990173,0.004189392832858902,0,0,3987,Dog,39.37065199988865,2.7817569998660474,42.153317000156676,0,0
3889,3988,3963.5,0.0017806918536912297,0.004187875677894378,0,0,3988,Dog,48.148166999908426,1.3590150001618895,49.50817000008101,0,0
3890,3989,3964.5,0.00264419485767009,0.004186358522929842,0,1,3989,Dog,58.59265700019023,1.3497989998541016,59.94343300017135,0,0
3891,3990,3965.5,0.003260217702566015,0.00418484136796532,0,1,3990,Dog,40.88364700010061,1.03327300030287,41.91784299973733,0,0
3892,3991,3966.5,0.003968940721267855,0.004183324213000783,0,1,3991,Dog,35.08233899992774,3.8295209997158963,38.91290800038405,0,0
3893,3992,3967.5,0.002406196789782933,0.004181807058036247,0,1,3992,Dog,37.09505100005117,0.9915619998537295,38.087464999989606,0,0
3894,3993,3968.5,0.0027138135551392217,0.0041802899030717235,0,1,3993,Dog,39.033699999890814,3.378660000180389,42.41323100040972,0,0
3895,3994,3969.5,0.0021163205414665986,0.004178772748107187,0,0,3994,Dog,38.50082300004942,4.647228000067116,43.14893299988398,0,0
3896,3995,3970.5,0.0038220713282475227,0.004177255593142665,0,1,3995,Dog,41.194022000127006,2.7004599996871548,43.895511999835435,0,0
3897,3996,3971.5,0.005185119266619909,0.004175738438178128,1,0,3996,Dog,38.24981799971283,1.8695450003178848,40.12024700023176,1,1
3898,3997,3972.5,0.004931704671138348,0.00420535534325707,1,0,3997,Dog,42.147185999965586,4.7705380002298625,46.91872700004751,1,1
3899,3998,3973.5,0.004413706408813667,0.0042356375452991864,1,0,3998,Dog,39.40480899973409,0.851523999699566,40.257111999835615,1,1
3900,3999,3974.5,0.0032324125582995356,0.004237127824798657,0,1,3999,Dog,36.206400000082795,0.9218310001415375,37.1290120001504,0,0
3901,4000,3975.5,0.003455156499820533,0.004235713655708961,0,1,4000,Dog,36.00097899970933,0.946683000165649,36.94858499966358,0,0
3902,4001,3976.5,0.00260727566380492,0.004235709427352863,0,1,4001,Dog,35.06427299998904,3.831767000065156,38.8968020001812,0,0
3903,4002,3977.5,0.0028721629486672118,0.004235705198996765,0,1,4002,Dog,38.15456899974379,0.951987000007648,39.10732900021685,0,0
3904,4003,3978.5,0.0023628673973339342,0.004235700970640665,0,1,4003,Dog,39.02313900016452,1.4912050000930321,40.515226000024995,0,0
3905,4004,3979.5,0.0023794660242052457,0.004235696742284567,0,1,4004,Dog,43.81880500022817,1.516554999852815,45.33693499979563,0,0
3906,4005,3980.5,0.002208937827682389,0.0042356925139284685,0,1,4005,Dog,44.3152619995999,2.4132290000125067,46.72966299995096,0,0
3907,4006,3981.5,0.002326921026822859,0.00423568828557237,0,1,4006,Dog,35.51051200020083,1.0154810001949954,36.526786999729666,0,0
3908,4007,3982.5,0.002191742558295462,0.004235684057216272,0,0,4007,Dog,40.691963999961445,1.393385000028502,42.086265999842,0,0
3909,4008,3983.5,0.001712700606540718,0.004235679828860172,0,0,4008,Dog,40.99496399976488,1.6754140001467022,42.671339999742486,0,0
3910,4009,3984.5,0.002571372785891146,0.004235675600504074,0,1,4009,Dog,42.31105799999568,2.6453839996065653,44.95741800019459,0,0
3911,4010,3985.5,0.001879789094816009,0.0042356713721479755,0,0,4010,Dog,36.986930999773904,3.3579749997443287,40.3457300003538,0,0
3912,4011,3986.5,0.002123453821584076,0.004235667143791877,0,0,4011,Dog,38.91974299995127,1.3280839998515148,40.24871699994037,0,0
3913,4012,3987.5,0.0030880039923794067,0.004235662915435779,0,1,4012,Dog,49.35181300015756,2.0473090003179095,51.400098999693,0,0
3914,4013,3988.5,0.0025715643543929856,0.004235658687079679,0,1,4013,Dog,51.14068299963037,1.0364690001551935,52.17819099971166,0,0
3915,4014,3989.5,0.000767359017308511,0.004235654458723581,0,0,4014,Dog,39.07116899972607,1.0203639999417646,40.09231999998519,0,0
3916,4015,3990.5,0.0016738510478430113,0.0042356502303674826,0,0,4015,Dog,35.83449300003849,1.572752999891236,37.40799200022593,0,0
3917,4016,3991.5,0.0020615112903735744,0.004235646002011384,0,0,4016,Dog,48.91508900027475,4.615631999968173,53.531868000391114,0,0
3918,4017,3992.5,0.0011066884767854113,0.004235641773655286,0,0,4017,Dog,53.166320999935124,2.5727310003276216,55.740178000178275,0,0
3919,4018,3993.5,0.0002164398775627019,0.0042356375452991864,0,0,4018,Dog,40.024734000326134,5.031802999837964,45.05743800018536,0,0
3920,4019,3994.5,0.0008719762294455702,0.004235633316943088,0,0,4019,Dog,45.96684099988124,5.352509000204009,51.320202999704634,0,0
3921,4020,3995.5,0.0008615114394635581,0.00423562908858699,0,0,4020,Dog,40.765056000054756,0.9664720000728266,41.73231000004307,0,0
3922,4021,3996.5,0.001398328158188522,0.0042338482800381655,0,0,4021,Dog,36.823636000008264,1.373998999952164,38.198537999960536,0,0
3923,4022,3997.5,0.0014074261784789988,0.004232067471489341,0,0,4022,Dog,40.59803699965414,1.366942000004201,41.96601200010264,0,0
3924,4023,3998.5,0.0005452513258447089,0.004230286662940532,0,0,4023,Dog,43.66923299994596,1.3691919998564117,45.039294000162045,0,0
3925,4024,3999.5,0.00089742634137846,0.004228505854391708,0,0,4024,Dog,45.55679199984297,3.704422999817325,49.262099000316084,0,0
3926,4025,4000.5,0.0020121943862275726,0.0042267250458428995,0,0,4025,Dog,36.65091199991366,0.9518349997961195,37.60341899987907,0,0
3927,4026,4001.5,0.003178171706228472,0.0042249442372940755,0,1,4026,Dog,36.893258999953105,1.0066959998766833,37.90076399991449,0,0
3928,4027,4002.5,0.0022860556482108274,0.0042231634287452505,0,1,4027,Dog,36.997332999817445,1.0323639999114675,38.030529000025126,0,0
3929,4028,4003.5,0.0027556286930765506,0.004221382620196442,0,1,4028,Dog,35.98037999972803,1.0006969996538828,36.98181600020689,0,0
3930,4029,4004.5,0.0022360448876957983,0.004219601811647618,0,1,4029,Dog,36.23085600020204,5.538957000226219,41.77131100004772,0,0
3931,4030,4005.5,0.0013933714882485848,0.0042178210030988095,0,0,4030,Dog,47.26807399993049,2.5294049996773538,49.79876399966088,0,0
3932,4031,4006.5,0.0011051882316633899,0.004216040194549985,0,0,4031,Dog,46.227422000356455,4.368607999822416,50.59703899996748,0,0
3933,4032,4007.5,0.000529591874074975,0.0042142593860011604,0,0,4032,Dog,39.811068000290106,1.027278000037768,40.83922900008474,0,0
3934,4033,4008.5,0.0006611458774906653,0.004212478577452352,0,0,4033,Dog,33.98267800002941,3.501265000068088,37.48481599996012,0,0
3935,4034,4009.5,0.0004673327293824858,0.004210697768903528,0,0,4034,Dog,34.42456499988111,1.5560560000267287,35.98137400013002,0,0
3936,4035,4010.5,0.0008065033274990974,0.004208916960354719,0,0,4035,Dog,45.448819999819534,1.0437000000820262,46.49335100020835,0,0
3937,4036,4011.5,0.001188217615812559,0.004207136151805895,0,0,4036,Dog,49.74483500018323,2.069952000056219,51.81566600003862,0,0
3938,4037,4012.5,0.0006503368313717228,0.00420535534325707,0,0,4037,Dog,39.889242999834096,1.6075069997896207,41.49773200015261,0,0
3939,4038,4013.5,0.0,0.004203574534708262,0,0,4038,Dog,42.3922439999842,1.369137999972736,43.762290999893594,0,0
3940,4039,4014.5,0.0,0.004201793726159438,0,0,4039,Dog,38.63215499995931,3.4632390002116153,42.096306000075856,0,0
3941,4040,4015.5,0.0,0.004200012917610629,0,0,4040,Dog,39.75449499966999,2.5380820002283144,42.29345099975035,0,0
3942,4041,4016.5,0.0,0.004198495762646093,0,0,4041,Dog,39.04970499979754,1.0262189998684335,40.07670299961319,0,0
3943,4042,4017.5,0.0,0.004196978607681557,0,0,4042,Dog,48.66355800004385,1.1088649998782785,49.773877000006905,0,0
3944,4043,4018.5,0.0,0.004195461452717033,0,0,4043,Dog,38.67595000019719,1.0522400002628274,39.72908900004768,0,0
3945,4044,4019.5,0.0,0.004193944297752497,0,0,4044,Dog,43.669409999893105,3.8011719998394256,47.47153900007106,0,0
3946,4045,4020.5,0.0002874482880019791,0.0041924271427879745,0,0,4045,Dog,39.14510100003099,3.2744279997132253,42.420468000273104,0,0
3947,4046,4021.5,0.0006694374321314367,0.004190909987823438,0,0,4046,Dog,40.25766899985683,1.1756880003304104,41.43422400011332,0,0
3948,4047,4022.5,0.00016354458345302358,0.004189392832858902,0,0,4047,Dog,35.495866000019305,0.9636360000513378,36.46027599961599,0,0
3949,4048,4023.5,0.0,0.004187875677894378,0,0,4048,Dog,38.18683300005432,5.214362000060646,43.40238599979784,0,0
3950,4049,4024.5,0.0,0.004186358522929842,0,0,4049,Dog,36.8568230001074,1.09529500014105,37.95344900026976,0,0
3951,4050,4025.5,0.0,0.00418484136796532,0,0,4050,Dog,37.47312799987412,1.5855849997024052,39.06035299996802,0,0
3952,4051,4026.5,0.0,0.004183324213000783,0,0,4051,Dog,39.820659999804775,2.2073719997024455,42.029886999898736,0,0
3953,4052,4027.5,0.0004785749228003455,0.004181807058036247,0,0,4052,Dog,38.934665999931894,1.2089880001440179,40.145105000192416,0,0
3954,4053,4028.5,0.0009477835749704955,0.0041802899030717235,0,0,4053,Dog,42.928329999995185,1.2255410001671407,44.15520300017306,0,0
3955,4054,4029.5,0.001111279598747017,0.004178772748107187,0,0,4054,Dog,37.42280699998446,4.593414000282792,42.01776400032031,0,0
3956,4055,4030.5,0.0017818763541976868,0.004177255593142665,0,0,4055,Dog,65.94221300019854,1.6090340000118886,67.5528229999145,0,0
3957,4056,4031.5,0.0018048037614926127,0.004175738438178128,0,0,4056,Dog,43.47010499986936,1.4047360000404296,44.87580200020602,0,0
3958,4057,4032.5,0.002508861706831622,0.004174221283213592,0,1,4057,Dog,41.775650000090536,1.0407580002720351,42.81724599968584,0,0
3959,4058,4033.5,0.0020781987871962837,0.004172704128249069,0,0,4058,Dog,34.99580800007607,1.008239000384492,36.00489899963577,0,0
3960,4059,4034.5,0.002247558972627961,0.004171186973284532,0,1,4059,Dog,35.87842099977934,3.4745150001072034,39.353781000045274,0,0
3961,4060,4035.5,0.0015436430451214456,0.00416966981832001,0,0,4060,Dog,41.3381120001759,3.445658000146068,44.78480000034324,0,0
3962,4061,4036.5,0.0016700417978121607,0.004169393150686811,0,0,4061,Dog,43.749708000177634,2.534661000026972,46.285264999823994,0,0
3963,4062,4037.5,0.0016534111960175846,0.004169116483053612,0,0,4062,Dog,33.4700709995559,2.4920559999372927,35.96287599975767,0,0
3964,4063,4038.5,0.0013482453761557434,0.004168839815420416,0,0,4063,Dog,38.50210700011303,0.9207380003317667,39.423769999757496,0,0
3965,4064,4039.5,0.001291249540079753,0.0041685631477872175,0,0,4064,Dog,40.05742400022427,3.5350279999875056,43.593150999640784,0,0
3966,4065,4040.5,0.0013711372460464277,0.004168286480154021,0,0,4065,Dog,38.30772200035426,0.9561209999446874,39.264468000055786,0,0
3967,4066,4041.5,0.0015587203723428367,0.004168009812520822,0,0,4066,Dog,42.20443900021564,2.4976989998322097,44.702981999762414,0,0
3968,4067,4042.5,0.0013000591460765598,0.0041677331448876235,0,0,4067,Dog,43.817763999868475,1.4530900002682756,45.27187299981961,0,0
3969,4068,4043.5,0.0018865155604035344,0.004167456477254427,0,0,4068,Dog,36.3727909998488,1.8808869999702438,38.25460200005182,0,0
3970,4069,4044.5,0.0024165718314090867,0.004167179809621229,0,1,4069,Dog,44.74742399997922,1.4422489998651145,46.19061599987617,0,0
3971,4070,4045.5,0.003210363997767196,0.004166903141988032,0,1,4070,Dog,39.65030700010175,1.927100000102655,41.578313000172784,0,0
3972,4071,4046.5,0.003493446417377699,0.004166626474354833,0,1,4071,Dog,41.98495499986166,4.27323299982163,46.25910100003239,0,0
3973,4072,4047.5,0.0038303855164695255,0.0041663498067216346,0,1,4072,Dog,49.74048399981257,3.973062000113714,53.71441199986293,0,0
3974,4073,4048.5,0.0037068983756591845,0.004166073139088438,0,1,4073,Dog,41.07972500014512,1.3643669999510166,42.44502500023373,0,0
3975,4074,4049.5,0.0033419769013113276,0.00416579647145524,0,1,4074,Dog,50.74953599978471,1.0625589998198848,51.81304999996428,0,0
3976,4075,4050.5,0.00318827825328849,0.004165519803822043,0,1,4075,Dog,39.90175399985674,1.0041069999715546,40.906579999955284,0,0
3977,4076,4051.5,0.004893374863690347,0.004165243136188844,1,0,4076,Dog,37.96908000003896,0.8955630000855308,38.86552399990251,1,1
3978,4077,4052.5,0.004231702658408332,0.004174221283213592,1,0,4077,Dog,38.2268420003129,2.2911020000719873,40.51878299969758,1,1
3979,4078,4053.5,0.004812125618122054,0.004203181891690396,1,0,4078,Dog,42.726360999949975,1.5842919997339777,44.31153699988499,1,1
3980,4079,4054.5,0.004912636381519064,0.004231898979917263,1,0,4079,Dog,42.980919999990874,1.2544530000013765,44.23671699987608,1,1
3981,4080,4055.5,0.0036595841031786813,0.00423562908858699,0,1,4080,Dog,37.108555999566306,1.0918549996858928,38.20144999963304,0,0
3982,4081,4056.5,0.0031048509020260573,0.004235432767078056,0,1,4081,Dog,38.63712900010796,3.461429999788379,42.09943299974839,0,0
3983,4082,4057.5,0.001950950659734052,0.004235236445569122,0,0,4082,Dog,42.97631700001148,1.0452999999870372,44.022590999702516,0,0
3984,4083,4058.5,0.001698885394016636,0.004235040124060191,0,0,4083,Dog,37.87106799973117,3.340783000112424,41.21265499998117,0,0
3985,4084,4059.5,0.0019045429536024283,0.004234843802551257,0,0,4084,Dog,37.4624130004122,4.539970999758225,42.00307900009648,0,0
3986,4085,4060.5,0.0015645734280458345,0.004234647481042325,0,0,4085,Dog,40.43986000033328,3.0934549999983574,43.53418299979239,0,0
3987,4086,4061.5,0.0030448936889777567,0.004234451159533392,0,1,4086,Dog,37.93768800005637,1.0364210002080654,38.97496099989439,0,0
3988,4087,4062.5,0.002008474022213158,0.004234254838024458,0,0,4087,Dog,37.93389799966462,2.510721999897214,40.44557999986864,0,0
3989,4088,4063.5,0.0008923080546330286,0.004234058516515526,0,0,4088,Dog,38.463016000150674,3.903861000253528,42.367858000034175,0,0
3990,4089,4064.5,0.0020281785298065236,0.004233862195006592,0,0,4089,Dog,38.96805500016853,4.4396100001904415,43.40852499990433,0,0
3991,4090,4065.5,0.002131052048856219,0.004233665873497661,0,0,4090,Dog,37.441069000124116,3.07459999976345,40.51655400007803,0,0
3992,4091,4066.5,0.0016595464069700805,0.004233469551988727,0,0,4091,Dog,38.94618200001787,2.7230010000494076,41.67006099987702,0,0
3993,4092,4067.5,0.0013359701523937284,0.004233273230479793,0,0,4092,Dog,40.35386700024901,4.048013000101491,44.402890999663214,0,0
3994,4093,4068.5,0.0009908838704101308,0.004233076908970862,0,0,4093,Dog,50.172733000181324,2.199935000135156,52.37398700000995,0,0
3995,4094,4069.5,0.0009129082711888392,0.004232880587461928,0,0,4094,Dog,40.74142900026345,1.0002449998864904,41.742570999758755,0,0
3996,4095,4070.5,0.0007615208920048744,0.004232684265952996,0,0,4095,Dog,35.9462110000095,3.9253410000128497,39.87228599999071,0,0
3997,4096,4071.5,0.0,0.004232487944444063,0,0,4096,Dog,46.85753900002965,1.3935419997324061,48.251969999910216,0,0
3998,4097,4072.5,0.00020433467092595414,0.004232291622935129,0,0,4097,Dog,49.17787500016857,1.46379399984653,50.64258599986715,0,0
3999,4098,4073.5,0.0,0.004232095301426197,0,0,4098,Dog,50.28254700027901,1.0589460002847773,51.34252200014089,0,0
4000,4099,4074.5,0.0,0.004231898979917263,0,0,4099,Dog,35.81031800013079,1.027535000048374,36.83863200012638,0,0
4001,4100,4075.5,0.00010172089740445589,0.004231702658408332,0,0,4100,Dog,34.93199300010019,1.026096000259713,35.95898200001102,0,0
4002,4101,4076.5,0.0,0.004230118171368441,0,0,4101,Dog,34.96051299998726,3.910138000264851,38.87149699994552,0,0
4003,4102,4077.5,0.0,0.00422853368432855,0,0,4102,Dog,38.94846100001814,4.7743290001562855,43.72375099956116,0,0
4004,4103,4078.5,0.0,0.004226949197288673,0,0,4103,Dog,37.400899000203935,1.017212000078871,38.41887199996563,0,0
4005,4104,4079.5,0.0,0.004225364710248782,0,0,4104,Dog,38.92483700019511,2.562514999681298,41.48819200008802,0,0
4006,4105,4080.5,0.0,0.004223780223208906,0,0,4105,Dog,44.69676300004721,1.1226509996049572,45.82087600010709,0,0
4007,4106,4081.5,0.0,0.004222195736169015,0,0,4106,Dog,35.58495400011452,3.5954760001004615,39.18146399973921,0,0
4008,4107,4082.5,0.0,0.004220611249129124,0,0,4107,Dog,34.46123899993836,1.5046480002638418,35.966714000096545,0,0
4009,4108,4083.5,0.0,0.0042190267620892475,0,0,4108,Dog,51.46040900035587,2.523248999750649,53.98454299984223,0,0
4010,4109,4084.5,0.0,0.004217442275049357,0,0,4109,Dog,47.45474800029115,1.024463000248943,48.48016800042387,0,0
4011,4110,4085.5,0.0,0.0042158577880094805,0,0,4110,Dog,59.970935999899666,3.1582769997839932,63.130267999895295,0,0
4012,4111,4086.5,0.0,0.00421427330096959,0,0,4111,Dog,44.31639800031917,1.4703000001645705,45.787596000081976,0,0
4013,4112,4087.5,0.0,0.004212688813929699,0,0,4112,Dog,49.94181300025957,1.3807669997731864,51.32353899989539,0,0
4014,4113,4088.5,0.0,0.004211104326889822,0,0,4113,Dog,42.49017600022853,1.3668450001205201,43.85790700007419,0,0
4015,4114,4089.5,0.0,0.004209519839849931,0,0,4114,Dog,47.60553300002357,2.488176999577263,50.09472599977016,0,0
4016,4115,4090.5,0.0,0.004207935352810055,0,0,4115,Dog,38.63658799991754,2.9577259997495275,41.59529200023826,0,0
4017,4116,4091.5,0.0,0.004206350865770164,0,0,4116,Dog,40.210457000284805,3.8410300003306475,44.05233399984354,0,0
4018,4117,4092.5,0.0,0.004204766378730273,0,0,4117,Dog,36.32412700017085,1.0329100000490143,37.358306999976776,0,0
4019,4118,4093.5,0.0,0.004203181891690396,0,0,4118,Dog,37.753518000045005,4.610261000379978,42.3647699999492,0,0
4020,4119,4094.5,0.0,0.0042015974046505054,0,0,4119,Dog,45.285674999831826,2.910239999891928,48.1969420002315,0,0
4021,4120,4095.5,0.0,0.004200012917610629,0,0,4120,Dog,41.13648199972886,0.954740999986825,42.09202299989556,0,0
4022,4121,4096.5,0.00021813456411634569,0.004198495762646093,0,0,4121,Dog,35.04058399994392,0.95556399992347,35.996811000131856,0,0
4023,4122,4097.5,0.0004688714637076652,0.004196978607681557,0,0,4122,Dog,39.3881780000811,0.9384949999002856,40.32751000022472,0,0
4024,4123,4098.5,0.0,0.004195461452717033,0,0,4123,Dog,50.743638000312785,2.482831999714108,53.2275830000799,0,0
4025,4124,4099.5,0.0,0.004193944297752497,0,0,4124,Dog,52.32932599983542,2.505712999663956,54.83596700014459,0,0
4026,4125,4100.5,0.0,0.0041924271427879745,0,0,4125,Dog,37.471010999979626,4.730618999928993,42.20250600019426,0,0
4027,4126,4101.5,0.0,0.004190909987823438,0,0,4126,Dog,42.54406600011862,1.3481169999067788,43.89314699983515,0,0
4028,4127,4102.5,0.0,0.004189392832858902,0,0,4127,Dog,49.328260000038426,3.4162879996983975,52.745435000360885,0,0
4029,4128,4103.5,1.2429336776031974e-05,0.004187875677894378,0,0,4128,Dog,39.69952799980092,1.4462849999290484,41.146847999698366,0,0
4030,4129,4104.5,0.0003421701970911517,0.004186358522929842,0,0,4129,Dog,44.92645399977846,1.4742160001333104,46.40201700021862,0,0
4031,4130,4105.5,0.0002330463505786362,0.00418484136796532,0,0,4130,Dog,40.03805000002103,4.993563999960315,45.032525999886275,0,0
4032,4131,4106.5,0.0,0.004183324213000783,0,0,4131,Dog,41.956779999964056,4.399419000037597,46.357141999578744,0,0
4033,4132,4107.5,0.000360416621307702,0.004181807058036247,0,0,4132,Dog,38.56481499997244,4.162153000379476,42.72793299969635,0,0
4034,4133,4108.5,0.0005151805385973374,0.0041802899030717235,0,0,4133,Dog,38.90431099989655,1.3910560001022532,40.29626999999891,0,0
4035,4134,4109.5,0.00021878087013516012,0.004178772748107187,0,0,4134,Dog,37.53184700008205,2.411424000001716,39.94426700000986,0,0
4036,4135,4110.5,0.0,0.004177255593142665,0,0,4135,Dog,42.630362000181776,2.8461739998419944,45.47757799991814,0,0
4037,4136,4111.5,0.0,0.004175738438178128,0,0,4136,Dog,37.1125030001167,1.3651600002049236,38.47860599989872,0,0
4038,4137,4112.5,0.0,0.004174221283213592,0,0,4137,Dog,45.61034699963784,2.747891000126401,48.359149000134494,0,0
4039,4138,4113.5,0.0,0.004172704128249069,0,0,4138,Dog,41.34909399999742,4.401483000037842,45.75165200003539,0,0
4040,4139,4114.5,0.0,0.004171186973284532,0,0,4139,Dog,41.87386500007051,1.04508899994471,42.920018999666354,0,0
4041,4140,4115.5,0.0002745252412250654,0.00416966981832001,0,0,4140,Dog,45.77642100002777,1.1102600001322571,46.887643999980355,0,0
4042,4141,4116.5,0.0,0.004169393150686811,0,0,4141,Dog,36.02541700001893,1.129968999975972,37.1566979997624,0,0
4043,4142,4117.5,0.0,0.004169116483053612,0,0,4142,Dog,49.65988000003563,2.949711999917781,52.61074200006988,0,0
4044,4143,4118.5,0.0,0.004168839815420416,0,0,4143,Dog,38.8540640001338,1.3741939997089503,40.22919399994862,0,0
4045,4144,4119.5,0.0,0.0041685631477872175,0,0,4144,Dog,37.8764609999962,0.9863779996521771,38.86366200003977,0,0
4046,4145,4120.5,0.0,0.004168286480154021,0,0,4145,Dog,38.73550399976011,2.088628999899811,40.8250980003686,0,0
4047,4146,4121.5,0.0,0.004168009812520822,0,0,4146,Dog,37.89155700042102,2.7377470000828907,40.63024500010215,0,0
4048,4147,4122.5,0.0,0.0041677331448876235,0,0,4147,Dog,37.5358490000508,1.496059000146488,39.03275900029257,0,0
4049,4148,4123.5,0.0,0.004167456477254427,0,0,4148,Dog,38.45716400019228,2.308367999830807,40.76644800034046,0,0
4050,4149,4124.5,0.0,0.004167179809621229,0,0,4149,Dog,43.464105000111886,1.3840199999322067,44.849113000054786,0,0
4051,4150,4125.5,0.0002570278981655072,0.004166903141988032,0,0,4150,Dog,63.6092589998043,2.430785000342439,66.0409960000834,0,0
4052,4151,4126.5,0.0,0.004166626474354833,0,0,4151,Dog,43.94178500024282,1.0554669997873134,44.998084000326344,0,0
4053,4152,4127.5,0.0,0.0041663498067216346,0,0,4152,Dog,42.649652999898535,1.2589360003403272,43.90966400023899,0,0
4054,4153,4128.5,0.00012140029272400543,0.004166073139088438,0,0,4153,Dog,44.97874800017598,1.5093790002538299,46.489491000102134,0,0
4055,4154,4129.5,0.0005503795348701379,0.00416579647145524,0,0,4154,Dog,40.21104000003106,4.79937099999006,45.01139500007412,0,0
4056,4155,4130.5,8.74618326799359e-05,0.004165519803822043,0,0,4155,Dog,39.316351999787,3.9652820000810607,43.28260900001624,0,0
4057,4156,4131.5,0.0,0.004165243136188844,0,0,4156,Dog,42.84123100023862,1.3903779999964172,44.23250099989673,0,0
4058,4157,4132.5,0.0,0.004164966468555646,0,0,4157,Dog,39.62701000000379,2.7751379998335324,42.403019000175846,0,0
4059,4158,4133.5,0.0,0.004164689800922449,0,0,4158,Dog,37.383615000180725,2.0074149997526547,39.39171299998634,0,0
4060,4159,4134.5,0.0,0.004164413133289251,0,0,4159,Dog,35.80400600003486,3.443361999870831,39.24829500010674,0,0
4061,4160,4135.5,0.0,0.004164136465656054,0,0,4160,Dog,43.57870100011496,2.7181280001968844,46.29770199971972,0,0
4062,4161,4136.5,0.000106746952334702,0.0041639840167865035,0,0,4161,Dog,43.21771699960664,1.389664999805973,44.60829700019531,0,0
4063,4162,4137.5,0.00032358790019049177,0.004163831567916953,0,0,4162,Dog,42.63140500006557,2.1242190000521077,44.75664299980053,0,0
4064,4163,4138.5,0.0003999156290306338,0.004163679119047403,0,0,4163,Dog,39.05365399987204,1.0237430001325265,40.07830299997295,0,0
4065,4164,4139.5,0.0012581602431137595,0.004163526670177852,0,0,4164,Dog,38.95827299993471,3.9022099999783677,42.86133000005066,0,0
4066,4165,4140.5,0.00178206439854256,0.0041633742213083025,0,0,4165,Dog,35.12573300031363,3.5828469999614754,38.709495999682986,0,0
4067,4166,4141.5,0.001508091504062281,0.004163221772438752,0,0,4166,Dog,35.72607100022651,3.340239999943151,39.067932999842014,0,0
4068,4167,4142.5,0.0017035659205190123,0.004163069323569201,0,0,4167,Dog,38.37905799991859,1.0431139999127481,39.42296100012754,0,0
4069,4168,4143.5,0.002515550200827943,0.004162916874699651,0,1,4168,Dog,44.307893000222975,1.0394189998805814,45.348121999722935,0,0
4070,4169,4144.5,0.0022265335617841497,0.004162764425830101,0,1,4169,Dog,46.552127999802906,1.0358069998801511,47.588702000211924,0,0
4071,4170,4145.5,0.0025920905835371544,0.004162611976960551,0,1,4170,Dog,34.969962000104715,1.4902929997333558,36.46097699993334,0,0
4072,4171,4146.5,0.0026900363299596775,0.004162459528091,0,1,4171,Dog,36.53470400013248,1.030428999911237,37.56592099989575,0,0
4073,4172,4147.5,0.002607143860903549,0.004162307079221449,0,1,4172,Dog,40.74427799969271,1.0364689997004461,41.78154000010181,0,0
4074,4173,4148.5,0.0016913259656688995,0.0041621546303518995,0,0,4173,Dog,37.126612000065506,0.9569000003466499,38.08443699972486,0,0
4075,4174,4149.5,0.0003742302581276613,0.004162002181482349,0,0,4174,Dog,36.00176300005842,0.9600200000932091,36.96263500023633,0,0
4076,4175,4150.5,0.0,0.004161849732612799,0,0,4175,Dog,34.02280399996016,3.7203249999038235,37.74405599961028,0,0
4077,4176,4151.5,0.0,0.004161697283743248,0,0,4176,Dog,39.079724999737664,1.8377970000074129,40.918463000252814,0,0
4078,4177,4152.5,0.0,0.004161544834873698,0,0,4177,Dog,39.56059099982667,3.7584619999506685,43.32006000004185,0,0
4079,4178,4153.5,0.0,0.004161392386004148,0,0,4178,Dog,41.03563800026677,2.5456399998802226,43.5821300002317,0,0
4080,4179,4154.5,0.00016907644590435922,0.004161239937134597,0,0,4179,Dog,40.805255000123,5.344095000054949,46.150612000019464,0,0
4081,4180,4155.5,0.00037581863395563797,0.004161087488265047,0,0,4180,Dog,41.378628999609646,4.658035999909771,46.03769699997429,0,0
4082,4181,4156.5,0.001187023771456741,0.004160843616467346,0,0,4181,Dog,42.02781200001482,1.3508540000657376,43.37959900021815,0,0
4083,4182,4157.5,0.0013668397844862623,0.004160599744669645,0,0,4182,Dog,40.613906999624305,1.3466749996950966,41.96144199977425,0,0
4084,4183,4158.5,0.0016786331768547935,0.004160355872871945,0,0,4183,Dog,40.68869200000336,1.3549440000133472,42.04455999979473,0,0
4085,4184,4159.5,0.0013337930427261835,0.004160112001074244,0,0,4184,Dog,40.59021600005508,1.3439070003187226,41.93506299998262,0,0
4086,4185,4160.5,0.0010652947585590988,0.004159868129276545,0,0,4185,Dog,43.672923000031005,1.3736280002376589,45.047583999803464,0,0
4087,4186,4161.5,7.338713468574287e-05,0.004159624257478844,0,0,4186,Dog,42.998965999686334,1.3848919998054043,44.38482600016869,0,0
4088,4187,4162.5,0.0,0.004159380385681142,0,0,4187,Dog,47.22049400015749,1.3757020001321507,48.59717900035321,0,0
4089,4188,4163.5,0.0,0.004159136513883443,0,0,4188,Dog,40.82159799963847,1.0278859999743872,41.85023900026863,0,0
4090,4189,4164.5,0.0,0.004158892642085741,0,0,4189,Dog,40.94481400034056,1.000545000351849,41.946227999687835,0,0
4091,4190,4165.5,0.0,0.004158648770288043,0,0,4190,Dog,34.04165000029025,1.5138479998313414,35.556319000079384,0,0
4092,4191,4166.5,0.0,0.004158404898490341,0,0,4191,Dog,35.66049499977453,5.097275000025547,40.75853700032894,0,0
4093,4192,4167.5,0.0,0.00415816102669264,0,0,4192,Dog,40.857524999864836,1.135734999934357,41.994402000000264,0,0
4094,4193,4168.5,0.0,0.00415791715489494,0,0,4193,Dog,35.25520900029733,3.3601800000724324,38.61621500027468,0,0
4095,4194,4169.5,0.0,0.004157673283097239,0,0,4194,Dog,44.91069599998809,1.9764399999075977,46.88802099963141,0,0
4096,4195,4170.5,0.0,0.00415742941129954,0,0,4195,Dog,44.94675100022505,3.380623999873933,48.32827099971837,0,0
4097,4196,4171.5,0.0,0.004157185539501839,0,0,4196,Dog,41.5836419997504,1.3797350002278108,42.964325999946595,0,0
4098,4197,4172.5,0.0,0.004156941667704138,0,0,4197,Dog,36.61841100029051,2.756682999915938,39.37601999996332,0,0
4099,4198,4173.5,0.0,0.004156697795906438,0,0,4198,Dog,37.61534200020833,1.3637070001095708,38.980025999990175,0,0
4100,4199,4174.5,0.0,0.004156453924108737,0,0,4199,Dog,47.356955999930506,3.3767769996302377,50.73464799988869,0,0
4101,4200,4175.5,0.0,0.004156210052311038,0,0,4200,Dog,54.98584400038453,1.3542990000132704,56.34106100023928,0,0
4102,4201,4176.5,0.0,0.004155707749809493,0,0,4201,Dog,38.43183799972394,1.1248170003455016,39.55758299980516,0,0
4103,4202,4177.5,0.0,0.004155205447307949,0,0,4202,Dog,37.840397999843844,0.9724999999889405,38.813754999864614,0,0
4104,4203,4178.5,0.0,0.004154703144806409,0,0,4203,Dog,35.037014999943494,0.9672049995970156,36.00496699982614,0,0
4105,4204,4179.5,0.0,0.004154200842304864,0,0,4204,Dog,37.11239900030705,1.1544419999154343,38.2682110002861,0,0
4106,4205,4180.5,0.0,0.004153698539803324,0,0,4205,Dog,37.06005499998355,0.8987090000118769,37.95948700008012,0,0
4107,4206,4181.5,0.0,0.004153196237301779,0,0,4206,Dog,37.75587000018277,1.4912300002833945,39.248009999937494,0,0
4108,4207,4182.5,0.0,0.004152693934800235,0,0,4207,Dog,39.494215000104305,1.5704310003457067,41.06543099987903,0,0
4109,4208,4183.5,0.0,0.0041521916322986956,0,0,4208,Dog,37.43139500011239,1.0240399997201166,38.456180000139284,0,0
4110,4209,4184.5,0.0001928389682287479,0.004151689329797151,0,0,4209,Dog,37.964518000080716,4.917664000004152,42.882982999799424,0,0
4111,4210,4185.5,0.0003570948426611098,0.004151187027295611,0,0,4210,Dog,40.788865000195074,1.3826290000906738,42.17250300007436,0,0
4112,4211,4186.5,0.0005852515833326688,0.004150684724794066,0,0,4211,Dog,47.750358000030246,1.4171730003909033,49.168522999934794,0,0
4113,4212,4187.5,0.001095963728280247,0.004150182422292522,0,0,4212,Dog,43.504238999958034,1.3941150000391644,44.89938200003962,0,0
4114,4213,4188.5,0.0011457335922114842,0.004149680119790982,0,0,4213,Dog,43.61316600034115,1.3995149997754197,45.01367299963022,0,0
4115,4214,4189.5,0.0011094807590139588,0.004149177817289437,0,0,4214,Dog,38.59171400017658,3.390507000403886,41.98318700036907,0,0
4116,4215,4190.5,0.0012773134050289014,0.004148675514787897,0,0,4215,Dog,43.978823000088596,1.3547959997595171,45.33453400017606,0,0
4117,4216,4191.5,0.0007815004111115798,0.004148173212286352,0,0,4216,Dog,50.25877800017042,2.156217999981891,52.41598600014186,0,0
4118,4217,4192.5,0.0006783966346719517,0.004147670909784808,0,0,4217,Dog,44.206668000242644,1.7916530000547937,45.99961399981112,0,0
4119,4218,4193.5,0.0008592757734491308,0.0041471686072832685,0,0,4218,Dog,40.09018799979458,1.0593070001050364,41.15070199986803,0,0
4120,4219,4194.5,0.0013667742763885382,0.0041466663047817235,0,0,4219,Dog,35.85420700028408,2.4806940000416944,38.335797999934584,0,0
4121,4220,4195.5,0.00031470678201317437,0.004146164002280184,0,0,4220,Dog,37.536899000315316,4.237314999954833,41.775025999868376,0,0
4122,4221,4196.5,0.00022896333290323145,0.0041451210824432335,0,0,4221,Dog,51.63427499974205,1.4570780003850814,53.09235200002149,0,0
4123,4222,4197.5,0.0004170302041721641,0.004144078162606283,0,0,4222,Dog,49.653766000119504,0.9761850001268613,50.630844000352226,0,0
4124,4223,4198.5,0.0009111435393308609,0.004143035242769342,0,0,4223,Dog,36.978287999772874,0.9326429999418906,37.91163300002154,0,0
4125,4224,4199.5,0.0,0.0041419923229323915,0,0,4224,Dog,38.06913100015663,1.4871230000608193,39.557048000006034,0,0
4126,4225,4200.5,0.0,0.004140949403095451,0,0,4225,Dog,40.42408599980263,3.3869359999698645,43.8119820000793,0,0
4127,4226,4201.5,0.0,0.0041399064832585005,0,0,4226,Dog,39.65845599987006,4.6620170001006045,44.32155399990734,0,0
4128,4227,4202.5,0.0,0.00413886356342155,0,0,4227,Dog,37.204481000117084,4.988362000403868,42.19373300020379,0,0
4129,4228,4203.5,0.0,0.004137820643584609,0,0,4228,Dog,38.95885699967039,2.7363640001567546,41.696097000112786,0,0
4130,4229,4204.5,8.6572148810804e-06,0.0041367777237476585,0,0,4229,Dog,43.431675999727304,1.4474390000032145,44.88008899988927,0,0
4131,4230,4205.5,0.00024047655021131042,0.004135734803910718,0,0,4230,Dog,48.87014299993098,1.63703499993062,50.50822599969251,0,0
4132,4231,4206.5,0.0018332192376379064,0.0041346918840737676,0,0,4231,Dog,49.15351899990128,1.3873450002392929,50.541984000119555,0,0
4133,4232,4207.5,0.002434641535127957,0.004133648964236817,0,1,4232,Dog,37.3369509998156,1.3527220003197726,38.69060699980764,0,0
4134,4233,4208.5,0.002977227259556292,0.004132606044399876,0,1,4233,Dog,36.646011999891925,2.77173499989658,39.41865200022221,0,0
4135,4234,4209.5,0.002622799290479594,0.0041315631245629255,0,1,4234,Dog,40.82437299985031,1.3442349995784753,42.16954999992595,0,0
4136,4235,4210.5,0.0017950993102431312,0.004130520204725985,0,0,4235,Dog,56.02640500001144,2.811589999964781,58.83896899968022,0,0
4137,4236,4211.5,0.0028637505711280875,0.0041294772848890346,0,1,4236,Dog,52.207541999905516,1.390244999583956,53.59867500010296,0,0
4138,4237,4212.5,0.0032624683798527787,0.004128434365052084,0,1,4237,Dog,35.5574219997834,3.404456000225764,38.96276900013618,0,0
4139,4238,4213.5,0.003638587016666195,0.004127391445215143,0,1,4238,Dog,41.5698470001189,1.3558159998865449,42.926594999698864,0,0
4140,4239,4214.5,0.00337795093682558,0.0041263485253781925,0,1,4239,Dog,38.858236000123725,3.836507000414713,42.69557099996746,0,0
4141,4240,4215.5,0.0027061527128805496,0.004125305605541252,0,1,4240,Dog,48.147799000162195,4.196344000320096,52.345110999795,0,0
4142,4241,4216.5,0.0032141223772764738,0.00412512935526626,0,1,4241,Dog,44.0375469997889,1.6215509999710775,45.66048100014086,0,0
4143,4242,4217.5,0.0036996387726383473,0.004124953104991268,0,1,4242,Dog,37.306760999854305,3.370273000200541,40.678367000055005,0,0
4144,4243,4218.5,0.003399205877914202,0.004124776854716277,0,1,4243,Dog,47.78644299994994,1.4331160000438103,49.220449999666016,0,0
4145,4244,4219.5,0.0035192507564347775,0.004124600604441285,0,1,4244,Dog,47.043429000041215,2.223657999820716,49.26799199984089,0,0
4146,4245,4220.5,0.0029051801640109787,0.004124424354166295,0,1,4245,Dog,42.751766000037605,1.39638400014519,44.14914500011946,0,0
4147,4246,4221.5,0.002385293250824261,0.004124248103891303,0,1,4246,Dog,60.65120699986437,2.737576999606972,63.38977799987333,0,0
4148,4247,4222.5,0.0015469842993705019,0.004124071853616311,0,0,4247,Dog,51.5411290002703,1.4416579997487133,52.98366499982876,0,0
4149,4248,4223.5,0.002468553731840073,0.00412389560334132,0,1,4248,Dog,54.29922999974224,1.4321140001811727,55.73237499993411,0,0
4150,4249,4224.5,0.0018571978840182801,0.004123719353066328,0,0,4249,Dog,52.64573900012692,2.503261000128987,55.149774000256,0,0
4151,4250,4225.5,0.0016524304066439788,0.004123543102791338,0,0,4250,Dog,47.72722999996404,1.3628360002257978,49.090992999936134,0,0
4152,4251,4226.5,0.001704971529539523,0.004123366852516346,0,0,4251,Dog,45.56224199995995,1.3453909996314906,46.908565999729035,0,0
4153,4252,4227.5,0.002013652298569424,0.0041231906022413545,0,0,4252,Dog,43.78861900022457,1.5316330000132439,45.32178699992073,0,0
4154,4253,4228.5,0.0017044696776421508,0.0041230143519663635,0,0,4253,Dog,36.75236800017956,3.50294899999426,40.256201999909536,0,0
4155,4254,4229.5,0.0004165220235498035,0.004122838101691372,0,0,4254,Dog,40.741009000157646,3.3989909998126677,44.140981000055035,0,0
4156,4255,4230.5,0.00039899267928844573,0.0041226618514163815,0,0,4255,Dog,39.49681599988253,4.133926000122301,43.6316759996771,0,0
4157,4256,4231.5,0.0011697985784872023,0.00412248560114139,0,0,4256,Dog,43.874556999980996,1.3718750001316948,45.247332000144524,0,0
4158,4257,4232.5,0.0008478725525887798,0.004122309350866398,0,0,4257,Dog,42.64073400008783,4.403470999932324,47.0451339997453,0,0
4159,4258,4233.5,0.0012646715792482555,0.004122133100591407,0,0,4258,Dog,42.536416000075405,4.42896100003054,46.96632600007433,0,0
4160,4259,4234.5,0.0010436334301556771,0.004121956850316415,0,0,4259,Dog,37.81946700019034,0.9575049998602481,38.777794999987236,0,0
4161,4260,4235.5,0.001304823651760878,0.004121780600041425,0,0,4260,Dog,37.999375000254076,0.9480210001129308,38.94808800032479,0,0
4162,4261,4236.5,0.0011603585960082707,0.004121489867460747,0,0,4261,Dog,39.05833499993605,0.9461879999435041,40.00539399976333,0,0
4163,4262,4237.5,0.000878741911419012,0.00412119913488007,0,0,4262,Dog,34.03500600006737,0.9620689997973386,34.997926999949414,0,0
4164,4263,4238.5,0.0015366809914407753,0.004120908402299394,0,0,4263,Dog,46.02075299999342,3.9469129997087293,49.96846399990318,0,0
4165,4264,4239.5,0.0008453375255698115,0.004120617669718716,0,0,4264,Dog,45.1242409999395,1.468967999699089,46.5941649999877,0,0
4166,4265,4240.5,0.0013473251299265243,0.004120326937138041,0,0,4265,Dog,53.63805999968463,1.0685940001167182,54.707755999970686,0,0
4167,4266,4241.5,0.00010378013606826553,0.004120036204557364,0,0,4266,Dog,37.053679000109696,2.2201649999260553,39.27464499975031,0,0
4168,4267,4242.5,0.0005715494078233352,0.004119745471976686,0,0,4267,Dog,38.46899600011966,0.9834420002334809,39.45329499993022,0,0
4169,4268,4243.5,8.720516927407385e-05,0.00411945473939601,0,0,4268,Dog,38.01491199965312,1.5398699997604126,39.55554699996355,0,0
4170,4269,4244.5,0.0009313854011244738,0.004119164006815333,0,0,4269,Dog,36.41742899981182,4.623029999947903,41.04119800012995,0,0
4171,4270,4245.5,0.001395137520103562,0.004118873274234658,0,0,4270,Dog,39.19582200023797,3.4659329999158217,42.66269000027023,0,0
4172,4271,4246.5,0.0006581373859004813,0.00411858254165398,0,0,4271,Dog,41.494832999887876,2.0994310002606653,43.5951650001698,0,0
4173,4272,4247.5,0.00024688312781495636,0.004118291809073303,0,0,4272,Dog,41.889449000336754,5.085736999717483,46.97605899991686,0,0
4174,4273,4248.5,0.0005244843775482622,0.004118001076492627,0,0,4273,Dog,38.90723299991805,5.066889000318042,43.97500200002469,0,0
4175,4274,4249.5,0.0,0.004117710343911949,0,0,4274,Dog,44.921788000010565,1.3526959996852383,46.27541600029872,0,0
4176,4275,4250.5,4.337291547229505e-05,0.004117419611331274,0,0,4275,Dog,44.1396490000443,1.3674480001100164,45.5081110003448,0,0
4177,4276,4251.5,0.0006165518250703661,0.004117128878750597,0,0,4276,Dog,44.735167999988334,1.0196879998147779,45.755744999951276,0,0
4178,4277,4252.5,0.0008417183169201481,0.004116838146169919,0,0,4277,Dog,38.79687100015872,1.4084670001466293,40.20698199974504,0,0
4179,4278,4253.5,0.0,0.0041165474135892435,0,0,4278,Dog,36.508481000055326,1.0604359999888402,37.569752000308654,0,0
4180,4279,4254.5,0.0,0.004116256681008566,0,0,4279,Dog,37.81892000006337,2.577303000180109,40.396944999884,0,0
4181,4280,4255.5,0.0008845149769476368,0.004115965948427891,0,0,4280,Dog,38.383082000109425,1.0305309997420409,39.41437399998904,0,0
4182,4281,4256.5,0.0009227038698930157,0.004115760361593939,0,0,4281,Dog,38.01370200017118,3.313400000024558,41.327884000111226,0,0
4183,4282,4257.5,0.0008840626162490706,0.004115554774759987,0,0,4282,Dog,42.5020359998598,1.3609970001198235,43.86391099978937,0,0
4184,4283,4258.5,0.0016372828159615382,0.004115349187926037,0,0,4283,Dog,39.91334000011193,1.3493950000338373,41.26363300019875,0,0
4185,4284,4259.5,0.0010677694317241526,0.004115143601092085,0,0,4284,Dog,45.807068999693,1.5399620001517178,47.34796100001404,0,0
4186,4285,4260.5,0.0002314330236082851,0.004114938014258135,0,0,4285,Dog,41.20284199962043,4.75484399976267,45.95879699991201,0,0
4187,4286,4261.5,0.0007351793915536531,0.004114732427424183,0,0,4286,Dog,48.55590899978779,3.3966149999287154,51.954345000012836,0,0
4188,4287,4262.5,0.0013033739396317578,0.0041145268405902305,0,0,4287,Dog,48.68393400010973,1.1385279999558406,49.82366700005514,0,0
4189,4288,4263.5,0.0026187999853657384,0.0041143212537562805,0,1,4288,Dog,51.78813199972865,2.174047000153223,53.96412899972347,0,0
4190,4289,4264.5,0.003482535230516781,0.004114115666922329,0,1,4289,Dog,37.754781000330695,3.634002000126202,41.39057100019272,0,0
4191,4290,4265.5,0.0034633825204394286,0.004113910080088379,0,1,4290,Dog,53.27239799999006,1.634261000162951,54.9084229996879,0,0
4192,4291,4266.5,0.0036531573599993816,0.004113704493254427,0,1,4291,Dog,46.16017499984082,1.6121020003083686,47.773727999810944,0,0
4193,4292,4267.5,0.002915305144579272,0.004113498906420474,0,1,4292,Dog,45.192834000317816,3.3379070000592037,48.53177399991182,0,0
4194,4293,4268.5,0.003334091118735727,0.004113293319586524,0,1,4293,Dog,38.75836099996377,3.233022999665991,41.99222399984137,0,0
4195,4294,4269.5,0.0026989049319070535,0.004113087732752573,0,1,4294,Dog,45.0168429997575,1.0402590000921919,46.05803599997671,0,0
4196,4295,4270.5,0.0022907228219944953,0.004112882145918623,0,1,4295,Dog,38.65770099992005,3.5572810002122424,42.21593000011126,0,0
4197,4296,4271.5,0.0032683702741908016,0.004112676559084671,0,1,4296,Dog,40.34853000030125,1.9658880000861245,42.31538000021828,0,0
4198,4297,4272.5,0.003172319789512712,0.004112470972250718,0,1,4297,Dog,38.932957999804785,4.180866000297101,43.1148170000597,0,0
4199,4298,4273.5,0.0025407024711678883,0.004112265385416768,0,1,4298,Dog,42.925669999931415,1.3648110002577596,44.291330999840284,0,0
4200,4299,4274.5,0.001395778592131136,0.004112059798582817,0,0,4299,Dog,38.51833099997748,1.3499619999493007,39.86915499990573,0,0
4201,4300,4275.5,0.001282364474332498,0.0041118542117488666,0,0,4300,Dog,40.67020599995885,3.3535659999870404,44.02471299999888,0,0
4202,4301,4276.5,0.0010845083996186,0.004110491843872616,0,0,4301,Dog,46.02018300010968,1.1497919999783335,47.17151399972863,0,0
4203,4302,4277.5,0.0010097061330160972,0.004109129475996366,0,0,4302,Dog,36.69655399971816,1.019362000079127,37.71723199997723,0,0
4204,4303,4278.5,0.0003349113025531425,0.004107767108120128,0,0,4303,Dog,37.89163700002973,0.9864019998531148,38.87901999996757,0,0
4205,4304,4279.5,0.0,0.004106404740243878,0,0,4304,Dog,39.01328599977205,2.4814799999148818,41.495532000226376,0,0
4206,4305,4280.5,0.0,0.00410504237236764,0,0,4305,Dog,44.34545499998421,1.3767949999419216,45.72313199969358,0,0
4207,4306,4281.5,0.0,0.004103680004491389,0,0,4306,Dog,41.7708129998573,2.542881999943347,44.31460800014975,0,0
4208,4307,4282.5,0.0,0.004102317636615139,0,0,4307,Dog,39.22517199998765,2.1326790001694462,41.358759999639005,0,0
4209,4308,4283.5,0.0,0.004100955268738902,0,0,4308,Dog,42.868364000241854,1.3870980001229327,44.256496999878436,0,0
4210,4309,4284.5,0.0,0.004099592900862651,0,0,4309,Dog,43.59551499965164,1.3647400000991183,44.96112400011043,0,0
4211,4310,4285.5,0.0,0.004098230532986413,0,0,4310,Dog,47.63004300002649,2.31310500021209,49.94410400013294,0,0
4212,4311,4286.5,0.0003433497863065682,0.0040968681651101626,0,0,4311,Dog,38.68510500024058,4.37111500013998,43.057108000084554,0,0
4213,4312,4287.5,0.000279922595553983,0.004095505797233913,0,0,4312,Dog,41.600012999879254,1.3989799999762909,42.99989400033155,0,0
4214,4313,4288.5,0.0010662401753745998,0.004094143429357675,0,0,4313,Dog,41.81213800029582,1.4558110001416935,43.26890199990885,0,0
4215,4314,4289.5,0.002373262657602071,0.004092781061481424,0,1,4314,Dog,46.54014800007644,2.6202909998573887,49.16154300008202,0,0
4216,4315,4290.5,0.0037187890971885906,0.004091418693605187,0,1,4315,Dog,40.42919499988784,1.3692950001313875,41.79933200020969,0,0
4217,4316,4291.5,0.0035380700034485235,0.004090056325728936,0,1,4316,Dog,39.585082000030525,1.5243979996739654,41.11027799990552,0,0
4218,4317,4292.5,0.0034994360680785652,0.004088693957852686,0,1,4317,Dog,37.462172000232385,1.5240109996739193,38.986924000255385,0,0
4219,4318,4293.5,0.002244445652107574,0.004087331589976448,0,1,4318,Dog,34.47804500001439,3.8974550002421893,38.376206000066304,0,0
4220,4319,4294.5,0.0037096965015975814,0.004085969222100198,0,1,4319,Dog,39.08598300040467,3.54181599959702,42.62861500001236,0,0
4221,4320,4295.5,0.004116765225902208,0.00408460685422396,1,0,4320,Dog,35.79761499986489,0.8681819999765139,36.666578000222216,1,1
4222,4321,4296.5,0.004209637023410151,0.004110491843872616,1,0,4321,Dog,38.74977300029059,1.4205320003384259,40.17113800000516,1,1
4223,4322,4297.5,0.0032794125476064417,0.004115554774759987,0,1,4322,Dog,35.61253499992745,3.53514099970198,39.14850099999967,0,0
4224,4323,4298.5,0.0030105808751550445,0.004115349187926037,0,1,4323,Dog,68.44832800015865,1.0247170002912753,69.4739219998155,0,0
4225,4324,4299.5,0.002131349145803818,0.004115143601092085,0,0,4324,Dog,43.97702500000378,3.5304369998812035,47.508396000012,0,0
4226,4325,4300.5,0.0022520246437393032,0.004114938014258135,0,1,4325,Dog,39.4701539999005,2.5598309998713376,42.03076300018438,0,0
4227,4326,4301.5,0.0020576862961262377,0.004114732427424183,0,0,4326,Dog,36.56042400007209,3.4388079998279864,40.0004779999108,0,0
4228,4327,4302.5,0.001960648162718792,0.0041145268405902305,0,0,4327,Dog,38.451231999715674,1.0446630003571045,39.4968189998508,0,0
4229,4328,4303.5,0.0012191224376009169,0.0041143212537562805,0,0,4328,Dog,38.77793699984977,3.185588000178541,41.96459500008132,0,0
4230,4329,4304.5,0.001846289463641071,0.004114115666922329,0,0,4329,Dog,43.77262800016979,2.022356000452419,45.795897000061814,0,0
4231,4330,4305.5,0.003229486947218585,0.004113910080088379,0,1,4330,Dog,37.91471999966234,1.7635979997976392,39.679258999967715,0,0
4232,4331,4306.5,0.003009292103778427,0.004113704493254427,0,1,4331,Dog,39.238786999703734,5.975668999781192,45.215455000288785,0,0
4233,4332,4307.5,0.003365269342602617,0.004113498906420474,0,1,4332,Dog,52.98366399983934,1.4021120000506926,54.38688000003822,0,0
4234,4333,4308.5,0.003697377202365737,0.004113293319586524,0,1,4333,Dog,38.81085800003348,0.9643620001043018,39.776018999873486,0,0
4235,4334,4309.5,0.003502089128346708,0.004113087732752573,0,1,4334,Dog,38.051601000006485,4.226387999551662,42.27893100005531,0,0
4236,4335,4310.5,0.003392589847918903,0.004112882145918623,0,1,4335,Dog,39.51035199997932,4.101857000023301,43.61313900017194,0,0
4237,4336,4311.5,0.001867003943778367,0.004112676559084671,0,0,4336,Dog,42.93872400012333,1.383266999710031,44.322976999865205,0,0
4238,4337,4312.5,0.0014439378623944954,0.004112470972250718,0,0,4337,Dog,43.566967000060686,1.380380999762565,44.94824899984451,0,0
4239,4338,4313.5,0.0012898638645789662,0.004112265385416768,0,0,4338,Dog,44.10250299997642,1.6743289997975808,45.77840199999628,0,0
4240,4339,4314.5,0.0015945186296207892,0.004112059798582817,0,0,4339,Dog,34.175193999999465,1.4541680002366775,35.63041300003533,0,0
4241,4340,4315.5,0.0010519881555361987,0.0041118542117488666,0,0,4340,Dog,37.43767599962666,1.5353819999290863,38.97386800008462,0,0
4242,4341,4316.5,0.0,0.004110491843872616,0,0,4341,Dog,34.442560999650595,1.528708000023471,35.97208400015006,0,0
4243,4342,4317.5,0.0,0.004109129475996366,0,0,4342,Dog,37.87553900019702,3.509206000217091,41.38551300002291,0,0
4244,4343,4318.5,0.0,0.004107767108120128,0,0,4343,Dog,37.07046299996364,1.0225629998785735,38.09380999973655,0,0
4245,4344,4319.5,0.0,0.004106404740243878,0,0,4344,Dog,34.97022100009417,1.0570370000095863,36.02807600009328,0,0
4246,4345,4320.5,0.0,0.00410504237236764,0,0,4345,Dog,34.94005599986849,1.5604589998474694,36.50142500009679,0,0
4247,4346,4321.5,0.0,0.004103680004491389,0,0,4346,Dog,40.276259999700414,5.404356000326516,45.681516000058764,0,0
4248,4347,4322.5,0.0,0.004102317636615139,0,0,4347,Dog,39.52272299966353,4.389220000120986,43.91290700004902,0,0
4249,4348,4323.5,0.0,0.004100955268738902,0,0,4348,Dog,47.63984800001708,2.7730930000871012,50.413899999966816,0,0
4250,4349,4324.5,0.0,0.004099592900862651,0,0,4349,Dog,42.21101799976168,1.4099879999776022,43.62201499998264,0,0
4251,4350,4325.5,0.0,0.004098230532986413,0,0,4350,Dog,48.53346399977454,3.466583999852446,52.00104199957423,0,0
4252,4351,4326.5,0.0,0.0040968681651101626,0,0,4351,Dog,38.98048600012771,3.130371000224841,42.11232699981338,0,0
4253,4352,4327.5,0.0,0.004095505797233913,0,0,4352,Dog,39.69800599998052,1.4861919999020756,41.18528900016827,0,0
4254,4353,4328.5,0.0,0.004094143429357675,0,0,4353,Dog,41.22948299982454,1.3622569999824918,42.592618000071525,0,0
4255,4354,4329.5,0.0,0.004092781061481424,0,0,4354,Dog,43.050240999946254,1.4047520003259706,44.45593099990219,0,0
4256,4355,4330.5,0.0,0.004091418693605187,0,0,4355,Dog,41.36842900015836,1.0132630000043719,42.38250399976096,0,0
4257,4356,4331.5,0.0,0.004090056325728936,0,0,4356,Dog,36.965155999951094,1.0138620000361698,37.9798649996701,0,0
4258,4357,4332.5,0.0,0.004088693957852686,0,0,4357,Dog,41.98370799986151,1.0609979999571806,43.045660000188946,0,0
4259,4358,4333.5,0.0,0.004087331589976448,0,0,4358,Dog,33.92545699989569,3.8393560002987215,37.76572300012049,0,0
4260,4359,4334.5,0.0,0.004085969222100198,0,0,4359,Dog,43.167529000129434,1.0443619999023213,44.212830000105896,0,0
4261,4360,4335.5,0.0,0.00408460685422396,0,0,4360,Dog,38.95246499996574,1.0232949998680851,39.97662399979163,0,0
4262,4361,4336.5,0.0,0.00408345852287197,0,0,4361,Dog,36.966818000109924,1.0354700002608297,38.00316800015935,0,0
4263,4362,4337.5,0.0,0.004082310191519981,0,0,4362,Dog,38.96436100012579,2.5543619999552902,41.519714999594726,0,0
4264,4363,4338.5,0.0,0.004081161860168001,0,0,4363,Dog,46.292530999835435,4.33824200035815,50.631721999707224,0,0
4265,4364,4339.5,0.0,0.004080013528816011,0,0,4364,Dog,37.89736999988236,4.59159299998646,42.49015799996414,0,0
4266,4365,4340.5,0.0,0.004078865197464032,0,0,4365,Dog,38.70297200001005,0.9962650001398288,39.700217000245175,0,0
4267,4366,4341.5,0.0,0.004077716866112043,0,0,4366,Dog,43.43452900002376,4.377778999696602,47.81325399972047,0,0
4268,4367,4342.5,0.0,0.004076568534760053,0,0,4367,Dog,57.556881999971665,1.3825539999743341,58.94038299993554,0,0
4269,4368,4343.5,0.0,0.004075420203408073,0,0,4368,Dog,46.81688500022574,1.0177829999520327,47.83538199990289,0,0
4270,4369,4344.5,0.0,0.0040742718720560836,0,0,4369,Dog,43.976347999887366,1.0311060000276484,45.0081809999574,0,0
4271,4370,4345.5,0.0,0.004073123540704104,0,0,4370,Dog,47.7584619998197,3.455221999956848,51.21455800008334,0,0
4272,4371,4346.5,0.0,0.004071975209352115,0,0,4371,Dog,37.51149900017481,3.4547159998510324,40.96724000009999,0,0
4273,4372,4347.5,0.0,0.004070826878000125,0,0,4372,Dog,39.53330000013011,1.3833309999427001,40.91749500003061,0,0
4274,4373,4348.5,0.0,0.004069678546648145,0,0,4373,Dog,39.8542380003164,0.9540189998915594,40.8090920000177,0,0
4275,4374,4349.5,0.0,0.004068530215296156,0,0,4374,Dog,35.01581599994097,0.9648229997765156,35.981488000288664,0,0
4276,4375,4350.5,0.0,0.004067381883944177,0,0,4375,Dog,35.04371200006062,0.9658720000516041,36.0105179997845,0,0
4277,4376,4351.5,0.0,0.004066233552592187,0,0,4376,Dog,36.0953569997946,3.817824000179826,39.9139500000274,0,0
4278,4377,4352.5,0.0,0.004065085221240198,0,0,4377,Dog,40.21452300003148,3.9680079999016016,44.18376300009186,0,0
4279,4378,4353.5,0.0,0.0040639368898882176,0,0,4378,Dog,40.80305600018619,1.0954819999824394,41.89937699993607,0,0
4280,4379,4354.5,0.0,0.004062788558536228,0,0,4379,Dog,36.99548800022967,3.838261000055354,40.834494000137056,0,0
4281,4380,4355.5,0.0,0.004061640227184249,0,0,4380,Dog,44.24729499987734,0.9767110000211687,45.22515899998325,0,0
4282,4381,4356.5,0.0,0.004060479731389034,0,0,4381,Dog,52.70364399984828,1.404860000093322,54.10933199982537,0,0
4283,4382,4357.5,0.0,0.004059319235593819,0,0,4382,Dog,41.55518999959895,1.3804719997096981,42.93657700009135,0,0
4284,4383,4358.5,0.00015184053166117373,0.004058158739798616,0,0,4383,Dog,38.899037999726715,1.0296429995833023,39.92950700012443,0,0
4285,4384,4359.5,0.0,0.004056998244003401,0,0,4384,Dog,34.927931999845896,3.8931300000513147,38.82185099973867,0,0
4286,4385,4360.5,0.0,0.004055837748208196,0,0,4385,Dog,39.096486999824265,5.1863740000044345,44.28365399962786,0,0
4287,4386,4361.5,0.0,0.004054677252412982,0,0,4386,Dog,38.683890999891446,1.752925999880972,40.43770099997346,0,0
4288,4387,4362.5,0.0,0.004053516756617767,0,0,4387,Dog,44.161721000364196,2.4537620001865434,46.61645899977884,0,0
4289,4388,4363.5,0.0,0.004052356260822563,0,0,4388,Dog,41.51855700001761,2.7611079999587673,44.28065599995534,0,0
4290,4389,4364.5,0.00029517565094894227,0.004051195765027348,0,0,4389,Dog,48.22286399985387,1.5743829999337322,49.798707000263676,0,0
4291,4390,4365.5,0.0,0.004050035269232144,0,0,4390,Dog,42.47826900018481,1.4087619997553702,43.88797599995087,0,0
4292,4391,4366.5,0.0,0.004048874773436929,0,0,4391,Dog,36.72472700009166,3.4898209996754304,40.21548699984123,0,0
4293,4392,4367.5,0.0,0.004047714277641714,0,0,4392,Dog,40.77090800001315,1.377580999815109,42.149390000304265,0,0
4294,4393,4368.5,0.0,0.004046553781846511,0,0,4393,Dog,41.20292599964159,3.025262999926781,44.22915800023475,0,0
4295,4394,4369.5,0.0,0.004045393286051296,0,0,4394,Dog,48.32990599970799,1.4869970000290778,49.8180209997372,0,0
4296,4395,4370.5,0.0,0.0040442327902560915,0,0,4395,Dog,42.362424000202736,1.3206619996708469,43.68399600025441,0,0
4297,4396,4371.5,0.0,0.004043072294460877,0,0,4396,Dog,52.4374669998906,1.4002220000293164,53.83858799996233,0,0
4298,4397,4372.5,0.0,0.004041911798665662,0,0,4397,Dog,39.77102599992577,0.978680000116583,40.75054499980979,0,0
4299,4398,4373.5,0.0,0.004040751302870458,0,0,4398,Dog,36.00067300021692,0.952097000208596,36.9534050000766,0,0
4300,4399,4374.5,0.0,0.0040395908070752435,0,0,4399,Dog,36.06386299998121,1.4673720002065238,37.5320160001138,0,0
4301,4400,4375.5,0.0,0.004038430311280039,0,0,4400,Dog,38.50566400024036,1.1810510000032082,39.68759100007446,0,0
4302,4401,4376.5,0.0,0.004037893776353011,0,0,4401,Dog,42.867283999839856,2.5694979999570933,45.43760899969129,0,0
4303,4402,4377.5,0.0,0.0040373572414259835,0,0,4402,Dog,40.50471099981223,1.0905170001933584,41.59633200015378,0,0
4304,4403,4378.5,0.0,0.00403682070649896,0,0,4403,Dog,44.65282900036982,2.997473000050377,47.65130800024053,0,0
4305,4404,4379.5,0.0,0.004036284171571932,0,0,4404,Dog,37.11260499994751,3.517841999837401,40.63128799998594,0,0
4306,4405,4380.5,0.0,0.00403574763664491,0,0,4405,Dog,41.35377399961726,1.0291569997207262,42.38379500020528,0,0
4307,4406,4381.5,0.0,0.004035211101717882,0,0,4406,Dog,38.06121700017684,0.9987419998651603,39.060743000391085,0,0
4308,4407,4382.5,0.0,0.004034674566790854,0,0,4407,Dog,42.888374000085605,3.3022259999597736,46.1916829999609,0,0
4309,4408,4383.5,0.0,0.004034138031863831,0,0,4408,Dog,43.22332499987169,3.381604999958654,46.6058880001583,0,0
4310,4409,4384.5,0.0,0.004033601496936803,0,0,4409,Dog,41.010957999787934,2.0757470001626643,43.087661000299704,0,0
4311,4410,4385.5,0.0,0.00403306496200978,0,0,4410,Dog,39.91206000000602,4.072341999744822,43.98528000001534,0,0
4312,4411,4386.5,0.0,0.0040325284270827525,0,0,4411,Dog,44.901407999986986,1.3831119999849761,46.285396000257606,0,0
4313,4412,4387.5,0.0,0.004031991892155725,0,0,4412,Dog,37.606799000059254,1.3916729999436939,38.99938599988673,0,0
4314,4413,4388.5,0.0,0.004031455357228697,0,0,4413,Dog,33.58874900004594,2.0862119999947026,35.6759090000196,0,0
4315,4414,4389.5,0.0,0.004030918822301679,0,0,4414,Dog,45.30601900023612,1.590349999787577,46.898194999812404,0,0
4316,4415,4390.5,0.0,0.004030382287374651,0,0,4415,Dog,40.16628099998343,4.065935000198806,44.233237999833364,0,0
4317,4416,4391.5,0.0,0.004029845752447623,0,0,4416,Dog,39.00862899990898,1.1234710000280757,40.13291199999003,0,0
4318,4417,4392.5,0.0,0.004029309217520595,0,0,4417,Dog,40.208099000210495,1.0146680001525965,41.22351499972865,0,0
4319,4418,4393.5,0.0,0.0040287726825935675,0,0,4418,Dog,34.5713199999409,4.302437000205828,38.87459899988244,0,0
4320,4419,4394.5,0.0,0.004028236147666549,0,0,4419,Dog,41.96806199979619,1.3629439999931492,43.33196100014902,0,0
4321,4420,4395.5,0.0,0.0040276996127395215,0,0,4420,Dog,47.19728100008069,2.4463150002702605,49.64464599970597,0,0
4322,4421,4396.5,0.0,0.004027343592202558,0,0,4421,Dog,41.54123599982995,2.5115720000030706,44.05371299981198,0,0
4323,4422,4397.5,0.0,0.004026987571665594,0,0,4422,Dog,41.69155999989016,0.9709710002425709,42.66347400016457,0,0
4324,4423,4398.5,0.0,0.004026631551128631,0,0,4423,Dog,35.02799799980494,3.480626999589731,38.50932699970144,0,0
4325,4424,4399.5,0.0,0.004026275530591673,0,0,4424,Dog,40.48357100009525,2.8361360000417335,43.320608000158245,0,0
4326,4425,4400.5,0.0,0.00402591951005471,0,0,4425,Dog,38.14843500003917,0.9589039996171778,39.10800400035441,0,0
4327,4426,4401.5,0.0,0.004025563489517746,0,0,4426,Dog,37.0840139999018,3.5647959998641454,40.64964000008331,0,0
4328,4427,4402.5,0.0,0.004025207468980782,0,0,4427,Dog,37.61577799969018,2.7849070002048393,40.402368000286515,0,0
4329,4428,4403.5,0.0,0.004024851448443819,0,0,4428,Dog,42.91924699964511,1.3999439997860463,44.320151999727386,0,0
4330,4429,4404.5,0.0,0.004024495427906861,0,0,4429,Dog,41.46043400032795,5.341620999843144,46.803040000213514,0,0
4331,4430,4405.5,0.0,0.004024139407369898,0,0,4430,Dog,38.83162300007825,0.9407440002178191,39.7733929999049,0,0
4332,4431,4406.5,0.0,0.004023783386832934,0,0,4431,Dog,44.08307799985778,0.9742539996295818,45.05813300011141,0,0
4333,4432,4407.5,0.0,0.0040234273662959705,0,0,4432,Dog,39.98278300014135,0.9507989998382982,40.934414000275865,0,0
4334,4433,4408.5,0.00016716752428813653,0.004023071345759007,0,0,4433,Dog,37.02365499975713,0.9420950000276207,37.96640800010209,0,0
4335,4434,4409.5,0.0005804272410580014,0.0040227153252220494,0,0,4434,Dog,37.05807200003619,0.9333359998890955,37.99208600003112,0,0
4336,4435,4410.5,0.0,0.004022359304685086,0,0,4435,Dog,34.041839000110485,0.9269210004276829,34.96952500017869,0,0
4337,4436,4411.5,0.0009453304721203093,0.004022003284148122,0,0,4436,Dog,35.09210400034135,0.9476280001763371,36.04033600004186,0,0
4338,4437,4412.5,0.0,0.004021647263611159,0,0,4437,Dog,48.87749599993185,1.392397999552486,50.27077900012955,0,0
4339,4438,4413.5,0.0006922939300875175,0.004021291243074195,0,0,4438,Dog,53.6746210000274,1.4260759999160655,55.10164599991185,0,0
4340,4439,4414.5,0.002219660081162811,0.0040209352225372376,0,1,4439,Dog,41.54747800021141,1.4467779997175967,42.99526500017237,0,0
4341,4440,4415.5,0.0015994996865076327,0.004020579202000274,0,0,4440,Dog,45.06350500014378,1.9513820002430293,47.01629800001683,0,0
4342,4441,4416.5,0.001854471451466333,0.004020309914408775,0,0,4441,Dog,36.683921000076225,2.496641000107047,39.181334000204515,0,0
4343,4442,4417.5,0.001527981414107038,0.004020040626817277,0,0,4442,Dog,36.5927380003086,3.415794000375172,40.00924199999645,0,0
4344,4443,4418.5,0.0017363255430967728,0.004019771339225778,0,0,4443,Dog,46.45139200010817,1.0289710003235086,47.48121100010394,0,0
4345,4444,4419.5,0.0008484820496763579,0.004019502051634284,0,0,4444,Dog,38.9541750000717,1.0333959999115905,39.98844799980361,0,0
4346,4445,4420.5,0.0005621690650869926,0.004019232764042785,0,0,4445,Dog,47.36345000037545,1.0479289999238972,48.41219399986585,0,0
4347,4446,4421.5,0.0,0.004018963476451286,0,0,4446,Dog,38.54132800006482,1.0542349996285338,39.59637299976748,0,0
4348,4447,4422.5,0.0,0.004018694188859788,0,0,4447,Dog,43.499077999967994,3.3438770001339435,46.843695000006846,0,0
4349,4448,4423.5,0.0,0.004018424901268289,0,0,4448,Dog,39.12951200027237,1.04368499978591,40.17410899996321,0,0
4350,4449,4424.5,0.0,0.004018155613676795,0,0,4449,Dog,36.91113899958509,1.5606759998263442,38.47254799984512,0,0
4351,4450,4425.5,0.0,0.004017886326085296,0,0,4450,Dog,44.25841600004787,1.4170099998409569,45.67631000008987,0,0
4352,4451,4426.5,0.0,0.004017617038493797,0,0,4451,Dog,37.74059799980023,1.3889589999962482,39.13046100024076,0,0
4353,4452,4427.5,0.0,0.004017347750902299,0,0,4452,Dog,37.78074000001652,1.0732249998000043,38.855014000091614,0,0
4354,4453,4428.5,0.0,0.0040170784633108,0,0,4453,Dog,45.749353999781306,1.5062130000842444,47.25657900007718,0,0
4355,4454,4429.5,0.0,0.004016809175719306,0,0,4454,Dog,39.326068999798736,1.4210160002221528,40.748140000232524,0,0
4356,4455,4430.5,0.0,0.004016539888127807,0,0,4455,Dog,39.87023499985298,3.2020730000112962,43.07320400039316,0,0
4357,4456,4431.5,0.0,0.004016270600536308,0,0,4456,Dog,36.43021899961241,2.4247720002676942,38.855890999911935,0,0
4358,4457,4432.5,0.0,0.00401600131294481,0,0,4457,Dog,43.113740000080725,1.397079000071244,44.511728000088624,0,0
4359,4458,4433.5,0.0003703510955194167,0.004015732025353311,0,0,4458,Dog,39.047252999807824,4.899205000128859,43.94737199982046,0,0
4360,4459,4434.5,0.0,0.004015462737761817,0,0,4459,Dog,39.20427000002746,3.3619360001466703,42.56711299967719,0,0
4361,4460,4435.5,0.0,0.004015193450170318,0,0,4460,Dog,36.781751000035,1.0631539998939843,37.84581199988679,0,0
4362,4461,4436.5,0.0015770036271108845,0.004014938524724597,0,0,4461,Dog,35.89165999983379,4.050894999636512,39.94356200018956,0,0
4363,4462,4437.5,0.0011800624219665545,0.004014683599278877,0,0,4462,Dog,41.94045499980348,1.0546650000833324,42.995996000172454,0,0
4364,4463,4438.5,0.0008630822596098486,0.004014428673833156,0,0,4463,Dog,39.912392999667645,2.579568000328436,42.49282199998561,0,0
4365,4464,4439.5,0.0009300496036941386,0.004014173748387441,0,0,4464,Dog,37.43028500002765,1.044425999680243,38.475586000004114,0,0
4366,4465,4440.5,3.398493408013348e-05,0.00401391882294172,0,0,4465,Dog,42.052796999996644,4.113207000045804,46.16711700009546,0,0
4367,4466,4441.5,9.985097103692997e-05,0.004013663897495999,0,0,4466,Dog,46.77739999988262,1.4988399998401292,48.277384000357415,0,0
4368,4467,4442.5,0.0005384385805264902,0.004013408972050279,0,0,4467,Dog,45.06252300006963,1.3864769998690463,46.4499849999811,0,0
4369,4468,4443.5,0.0,0.004013154046604558,0,0,4468,Dog,40.02685699970243,0.959741999849939,40.98743700023988,0,0
4370,4469,4444.5,0.0,0.004012899121158843,0,0,4469,Dog,39.87947299992811,3.343299999869487,43.22360799960734,0,0
4371,4470,4445.5,0.0,0.004012644195713122,0,0,4470,Dog,43.794257000172365,4.5158349998928315,48.310821000086435,0,0
4372,4471,4446.5,0.0,0.004012389270267401,0,0,4471,Dog,44.274189999669034,1.4042299999346142,45.679445000132546,0,0
4373,4472,4447.5,0.0,0.004012134344821681,0,0,4472,Dog,40.64486300012504,1.3790029997835518,42.024788000162516,0,0
4374,4473,4448.5,0.0,0.0040118794193759605,0,0,4473,Dog,47.59881699965263,1.4180660000420175,49.017821999768785,0,0
4375,4474,4449.5,0.0,0.004011624493930245,0,0,4474,Dog,43.50524299979952,3.5106159998576913,47.01678300034473,0,0
4376,4475,4450.5,0.0,0.004011369568484524,0,0,4475,Dog,38.49511699991126,1.4084590002312325,39.904461999867635,0,0
4377,4476,4451.5,0.0,0.004011114643038803,0,0,4476,Dog,39.78684699995938,2.613107999877684,42.40080999989004,0,0
4378,4477,4452.5,3.0585129722870974e-05,0.004010859717593083,0,0,4477,Dog,40.51804899972922,1.0603820001051645,41.57970100004604,0,0
4379,4478,4453.5,7.985025727852424e-06,0.0040106047921473625,0,0,4478,Dog,44.29721399992559,1.5480540000680776,45.84636500021588,0,0
4380,4479,4454.5,0.0,0.004010349866701647,0,0,4479,Dog,43.72914799978389,1.769240000157879,45.499329999984184,0,0
4381,4480,4455.5,0.0,0.004010094941255926,0,0,4480,Dog,40.44490300020698,1.0718700000325043,41.51760199965793,0,0
4382,4481,4456.5,0.0,0.004010023861438228,0,0,4481,Dog,43.765650000295864,2.7932840002904413,46.55983000020569,0,0
4383,4482,4457.5,0.00019005436043828539,0.0040099527816205285,0,0,4482,Dog,40.14400100004423,3.4812200001397287,43.626153000332124,0,0
4384,4483,4458.5,0.0,0.00400988170180283,0,0,4483,Dog,42.93730700010201,1.4252319997467566,44.363446999796,0,0
4385,4484,4459.5,0.0,0.004009810621985133,0,0,4484,Dog,45.33459699996456,0.9616769998501695,46.29695999983596,0,0
4386,4485,4460.5,0.00023536639627963485,0.004009739542167434,0,0,4485,Dog,35.009853999781626,2.4985030004245345,37.509203999888996,0,0
4387,4486,4461.5,0.0,0.004009668462349736,0,0,4486,Dog,52.52537000023949,0.9666969999670982,53.492922999794246,0,0
4388,4487,4462.5,0.0,0.004009597382532037,0,0,4487,Dog,46.13164600004893,1.49315899989233,47.62570500042784,0,0
4389,4488,4463.5,6.349333750965691e-05,0.004009526302714338,0,0,4488,Dog,42.32465300037802,1.3778930001535628,43.70346099995004,0,0
4390,4489,4464.5,0.0015222923064265315,0.004009455222896641,0,0,4489,Dog,44.74299899993639,1.0848860001715366,45.829228999991756,0,0
4391,4490,4465.5,0.0015442887575759512,0.004009384143078942,0,0,4490,Dog,47.10291499986852,3.2813020002322446,50.385465000090335,0,0
4392,4491,4466.5,0.0011673947753971792,0.004009313063261244,0,0,4491,Dog,33.534749999944324,4.243678999955591,37.77948299966738,0,0
4393,4492,4467.5,0.00042928977011091884,0.004009241983443545,0,0,4492,Dog,54.876921999948536,1.4537450001625984,56.331549000333325,0,0
4394,4493,4468.5,0.0015822580006382703,0.004009170903625846,0,0,4493,Dog,37.08559899996544,1.365965999866603,38.45246499986388,0,0
4395,4494,4469.5,0.0016402986309796974,0.004009099823808149,0,0,4494,Dog,43.654269999933604,1.4167739996082673,45.07196200029284,0,0
4396,4495,4470.5,0.0004111286217730603,0.00400902874399045,0,0,4495,Dog,42.404707000059716,2.6186629997937416,45.02422299992759,0,0
4397,4496,4471.5,0.0015238644188158013,0.004008957664172752,0,0,4496,Dog,36.55874200012477,1.3764580003226001,37.93607499983409,0,0
4398,4497,4472.5,0.0010930962971115177,0.004008886584355053,0,0,4497,Dog,56.78783800021847,2.9171520000090823,59.7059760002594,0,0
4399,4498,4473.5,0.0014480589133321065,0.004008815504537354,0,0,4498,Dog,49.91405400005533,3.4795800002029864,53.394495000247844,0,0
4400,4499,4474.5,0.0008790732322596639,0.004008744424719657,0,0,4499,Dog,58.74536300007094,1.380752999921242,60.127167999780795,0,0
4401,4500,4475.5,0.0013784664903385702,0.0040086733449019585,0,0,4500,Dog,42.866853999839805,1.3886890001231222,44.256442000005336,0,0
4402,4501,4476.5,0.001158716463855125,0.004008477571445123,0,0,4501,Dog,40.48699800023314,1.488167999923462,41.97658199973375,0,0
4403,4502,4477.5,0.0011199291664897304,0.004008281797988287,0,0,4502,Dog,39.24168699995789,2.3210500003187917,41.56359799981146,0,0
4404,4503,4478.5,0.0021535181757000865,0.0040080860245314525,0,0,4503,Dog,49.690177000229596,2.773153999896749,52.464272000179335,0,0
4405,4504,4479.5,0.002614720648804636,0.00400789025107462,0,1,4504,Dog,47.239635000096314,4.281908999928419,51.522420000310376,0,0
4406,4505,4480.5,0.003234014134793406,0.004007694477617785,0,1,4505,Dog,44.5539639999879,4.554697000003216,49.1096179998749,0,0
4407,4506,4481.5,0.003630583003186305,0.004007498704160949,0,1,4506,Dog,39.20588599976327,2.393318000031286,41.60020399967834,0,0
4408,4507,4482.5,0.0038575648795438067,0.0040073029307041135,0,1,4507,Dog,39.93476100004045,1.3809840002068086,41.31667199999356,0,0
4409,4508,4483.5,0.004486465698925968,0.004007107157247279,1,0,4508,Dog,39.59588199995778,3.2704190002732503,42.86726600003021,1,1
4410,4509,4484.5,0.004654069270764394,0.004009455222896641,1,0,4509,Dog,39.91893700003857,2.3837469998397864,42.30346600024859,1,1
4411,4510,4485.5,0.00350771791020843,0.004012644195713122,0,1,4510,Dog,35.62331000011909,0.9695730000203184,36.59364300028756,0,0
4412,4511,4486.5,0.0038372656251669524,0.004012389270267401,0,1,4511,Dog,33.012522000262834,2.4794040000415407,35.49258600014582,0,0
4413,4512,4487.5,0.0037652483451695584,0.004012134344821681,0,1,4512,Dog,60.606742999880225,3.8206689996513887,64.42833299979611,0,0
4414,4513,4488.5,0.004316693293694662,0.0040118794193759605,1,0,4513,Dog,58.162179999726504,2.411703000234411,60.57525200003511,1,1
4415,4514,4489.5,0.004213461290796472,0.004016809175719306,1,0,4514,Dog,42.40525400018669,1.2075049999111798,43.61382299975958,1,1
4416,4515,4490.5,0.0027144596072019578,0.004022359304685086,0,1,4515,Dog,45.90367399987372,0.9587429999555752,46.86314900027355,0,0
4417,4516,4491.5,0.003687531006928424,0.004022003284148122,0,1,4516,Dog,35.016236000046774,0.9367439997731708,35.95356599998922,0,0
4418,4517,4492.5,0.0030467461472561963,0.004021647263611159,0,1,4517,Dog,52.23037099995054,1.4069490002839302,53.63822900017112,0,0
4419,4518,4493.5,0.001387790193650984,0.004021291243074195,0,0,4518,Dog,67.4304200001643,1.0572439996394678,68.48847499986732,0,0
4420,4519,4494.5,0.0008712205935247352,0.0040209352225372376,0,0,4519,Dog,36.96745400020518,3.525646000070992,40.49392499973692,0,0
4421,4520,4495.5,0.0006854488328267294,0.004020579202000274,0,0,4520,Dog,39.624300000014046,2.428003000204626,42.05336699988038,0,0
4422,4521,4496.5,0.0,0.004020309914408775,0,0,4521,Dog,36.60601499996119,5.382444000133546,41.98965500017948,0,0
4423,4522,4497.5,0.0007353648745132002,0.004020040626817277,0,0,4522,Dog,75.64617599973644,1.70917700006612,77.35700500006715,0,0
4424,4523,4498.5,0.0020335846775273447,0.004019771339225778,0,0,4523,Dog,42.454980999991676,5.720136000036291,48.17656999966857,0,0
4425,4524,4499.5,0.0016807946716318467,0.004019502051634284,0,0,4524,Dog,45.18159600002036,3.583220000109577,48.76635799973883,0,0
4426,4525,4500.5,0.0018106532053264734,0.004019232764042785,0,0,4525,Dog,45.71493000003102,1.5690000000176951,47.28512800011231,0,0
4427,4526,4501.5,0.001957545780803427,0.004018963476451286,0,0,4526,Dog,58.67826099984086,2.0710019998659845,60.75075599983393,0,0
4428,4527,4502.5,0.0038370518564277978,0.004018694188859788,0,1,4527,Dog,34.19270199992752,1.1162159999003052,35.30995500022982,0,0
4429,4528,4503.5,0.003392938369486176,0.004018424901268289,0,1,4528,Dog,44.694992000131606,1.0518349999983911,45.7475749999503,0,0
4430,4529,4504.5,0.0022640664286287526,0.004018155613676795,0,1,4529,Dog,45.63174299983075,1.43485500029783,47.067442999832565,0,0
4431,4530,4505.5,0.003487636344329581,0.004017886326085296,0,1,4530,Dog,46.63992700034214,2.84753300002194,49.48838900008923,0,0
4432,4531,4506.5,0.00407531445783782,0.004017617038493797,1,0,4531,Dog,40.09058700012247,2.9932430002190813,43.08478900020418,1,1
4433,4532,4507.5,0.0032337228727767897,0.0040234273662959705,0,1,4532,Dog,42.16081300000951,1.0644970002431364,43.22609599967109,0,0
4434,4533,4508.5,0.002592989769466536,0.004023071345759007,0,1,4533,Dog,35.99855899983595,1.0199670000474725,37.01930099987294,0,0
4435,4534,4509.5,0.0012172494395973343,0.0040227153252220494,0,0,4534,Dog,35.94288600015716,1.0301639999852341,36.97394799974063,0,0
4436,4535,4510.5,0.0012328102516795392,0.004022359304685086,0,0,4535,Dog,34.98539100019116,4.717648999758239,39.70385200000237,0,0
4437,4536,4511.5,0.0010872824320579122,0.004022003284148122,0,0,4536,Dog,48.50961400006781,1.6063140001278953,50.11755300029108,0,0
4438,4537,4512.5,0.001264305324988002,0.004021647263611159,0,0,4537,Dog,37.94663799999398,1.3844009999957052,39.3320359999052,0,0
4439,4538,4513.5,0.000914245092293986,0.004021291243074195,0,0,4538,Dog,39.582608999808144,1.3882670000384678,40.971838000132266,0,0
4440,4539,4514.5,0.001215296434918689,0.0040209352225372376,0,0,4539,Dog,46.628902000065864,4.128523000417772,50.75837699996555,0,0
4441,4540,4515.5,0.001385054272802222,0.004020579202000274,0,0,4540,Dog,49.86420899967925,1.3990050001666532,51.26414200003637,0,0
4442,4541,4516.5,0.00022571369104495975,0.004020309914408775,0,0,4541,Dog,36.63425700005973,1.403773999754776,38.03893100030109,0,0
4443,4542,4517.5,0.0,0.004020040626817277,0,0,4542,Dog,39.52871299998151,3.4779950001393445,43.00756300017383,0,0
4444,4543,4518.5,0.0,0.004019771339225778,0,0,4543,Dog,46.491535999848566,1.3821659999848634,47.87467299956916,0,0
4445,4544,4519.5,0.0,0.004019502051634284,0,0,4544,Dog,44.622095999784506,4.403132999868831,49.02615799983323,0,0
4446,4545,4520.5,0.0,0.004019232764042785,0,0,4545,Dog,48.2202610000968,1.3750349999099853,49.596203999954014,0,0
4447,4546,4521.5,0.00022375287419429402,0.004018963476451286,0,0,4546,Dog,37.98691200017856,6.107228999553627,44.09503700026107,0,0
4448,4547,4522.5,0.0009051648436856352,0.004018694188859788,0,0,4547,Dog,40.179504999741766,3.8587620001635514,44.039245000021765,0,0
4449,4548,4523.5,0.001221980655980115,0.004018424901268289,0,0,4548,Dog,49.98327699968286,2.0823600002586318,52.06659799978297,0,0
4450,4549,4524.5,0.001238627524633884,0.004018155613676795,0,0,4549,Dog,47.84241400011524,3.3834480000223266,51.22676000019055,0,0
4451,4550,4525.5,0.0009574843505242292,0.004017886326085296,0,0,4550,Dog,36.77989800007708,1.025791999836656,37.80654100000902,0,0
4452,4551,4526.5,0.0,0.004017617038493797,0,0,4551,Dog,33.313113000076555,1.045894000071712,34.35991800006377,0,0
4453,4552,4527.5,0.0,0.004017347750902299,0,0,4552,Dog,36.75783100015906,3.4723819999271655,40.23110000025554,0,0
4454,4553,4528.5,0.0,0.0040170784633108,0,0,4553,Dog,35.317647000283614,1.4100359999247303,36.728444999880594,0,0
4455,4554,4529.5,0.0,0.004016809175719306,0,0,4554,Dog,37.41943699969852,1.384658999995736,38.80497299996932,0,0
4456,4555,4530.5,0.0,0.004016539888127807,0,0,4555,Dog,48.046742000224185,1.397962999817537,49.445643999661115,0,0
4457,4556,4531.5,0.0,0.004016270600536308,0,0,4556,Dog,39.324923000094714,1.0633530000632163,40.38926299972445,0,0
4458,4557,4532.5,0.0,0.00401600131294481,0,0,4557,Dog,34.91005800015046,1.047330999881524,35.958184999799414,0,0
4459,4558,4533.5,0.0,0.004015732025353311,0,0,4558,Dog,37.140382999950816,2.3977750001904496,39.53896099983467,0,0
4460,4559,4534.5,0.0,0.004015462737761817,0,0,4559,Dog,44.18452099980641,2.753666999979032,46.93918800012398,0,0
4461,4560,4535.5,7.238461099445814e-05,0.004015193450170318,0,0,4560,Dog,45.28204200005348,1.4375639998434053,46.72065900012967,0,0
4462,4561,4536.5,0.0,0.004014938524724597,0,0,4561,Dog,40.991614000176924,2.4854250000316824,43.47842299966942,0,0
4463,4562,4537.5,0.0,0.004014683599278877,0,0,4562,Dog,45.145231999867974,1.4114900000095076,46.55760400009967,0,0
4464,4563,4538.5,0.0,0.004014428673833156,0,0,4563,Dog,41.58786700008932,3.5948310001003847,45.183527000062895,0,0
4465,4564,4539.5,0.0,0.004014173748387441,0,0,4564,Dog,39.314362999903096,1.4078909998715972,40.7232119996479,0,0
4466,4565,4540.5,0.0,0.00401391882294172,0,0,4565,Dog,39.58792200000971,4.388328000004549,43.977190000077826,0,0
4467,4566,4541.5,0.0,0.004013663897495999,0,0,4566,Dog,41.78661200012357,2.535284999794385,44.3226100001084,0,0
4468,4567,4542.5,0.0,0.004013408972050279,0,0,4567,Dog,38.686636999955226,1.0366169999542763,39.72413300016342,0,0
4469,4568,4543.5,0.0,0.004013154046604558,0,0,4568,Dog,37.697232000027725,4.581867000069906,42.27985799980161,0,0
4470,4569,4544.5,0.0,0.004012899121158843,0,0,4569,Dog,35.02635500035467,2.465046999986953,37.492233000193664,0,0
4471,4570,4545.5,0.0,0.004012644195713122,0,0,4570,Dog,37.93053699973825,1.0207489999629615,38.95213700025124,0,0
4472,4571,4546.5,0.0,0.004012389270267401,0,0,4571,Dog,40.96595500004696,0.9719710001263593,41.938705000120535,0,0
4473,4572,4547.5,0.0,0.004012134344821681,0,0,4572,Dog,34.3546150002112,3.875561999848287,38.23095899997497,0,0
4474,4573,4548.5,0.0,0.0040118794193759605,0,0,4573,Dog,38.87362899968139,1.5401610003209498,40.414663000319706,0,0
4475,4574,4549.5,0.0,0.004011624493930245,0,0,4574,Dog,50.44113199983258,4.543876999832719,54.98677499963378,0,0
4476,4575,4550.5,0.0,0.004011369568484524,0,0,4575,Dog,37.45346300001984,1.0081649998028297,38.462473999970825,0,0
4477,4576,4551.5,0.0,0.004011114643038803,0,0,4576,Dog,34.93296599981477,3.4735360000013316,38.40737000018635,0,0
4478,4577,4552.5,0.0,0.004010859717593083,0,0,4577,Dog,34.46674799988614,3.483174999928451,37.950808000005054,0,0
4479,4578,4553.5,0.0,0.0040106047921473625,0,0,4578,Dog,44.33509599994068,5.449758999930054,49.78570499997659,0,0
4480,4579,4554.5,0.0,0.004010349866701647,0,0,4579,Dog,45.54310499997882,4.379932000119879,49.92410900013056,0,0
4481,4580,4555.5,0.0,0.004010094941255926,0,0,4580,Dog,37.66972199991869,4.396079999878566,42.066771000008885,0,0
4482,4581,4556.5,0.0,0.004010023861438228,0,0,4581,Dog,50.530091999917204,4.3640260000756825,54.8951149999084,0,0
4483,4582,4557.5,0.0,0.0040099527816205285,0,0,4582,Dog,43.59765099979995,1.3944039997113578,44.99298300015653,0,0
4484,4583,4558.5,0.0,0.00400988170180283,0,0,4583,Dog,44.614919000196096,1.3712579998355068,45.98707700006344,0,0
4485,4584,4559.5,0.0,0.004009810621985133,0,0,4584,Dog,57.85082100010186,1.4911489997757599,59.34292200026903,0,0
4486,4585,4560.5,0.0,0.004009739542167434,0,0,4585,Dog,34.53490199990483,3.0443009995906323,37.580154000352195,0,0
4487,4586,4561.5,0.0,0.004009668462349736,0,0,4586,Dog,36.44083300014245,1.0748730001068907,37.517504999868834,0,0
4488,4587,4562.5,0.0,0.004009597382532037,0,0,4587,Dog,34.760857000037504,3.1125270002121397,37.87454399980561,0,0
4489,4588,4563.5,0.0,0.004009526302714338,0,0,4588,Dog,53.51471500034677,3.4662079997360706,56.9817709997551,0,0
4490,4589,4564.5,0.0,0.004009455222896641,0,0,4589,Dog,38.49820599998566,0.974805000168999,39.47375200004899,0,0
4491,4590,4565.5,0.0,0.004009384143078942,0,0,4590,Dog,35.87891600000148,2.9635460000463354,38.843275000090216,0,0
4492,4591,4566.5,0.0,0.004009313063261244,0,0,4591,Dog,38.158926000051,0.9676459999354847,39.127354999891395,0,0
4493,4592,4567.5,0.0,0.004009241983443545,0,0,4592,Dog,41.05241900015244,1.4942610000616696,42.547570999886375,0,0
4494,4593,4568.5,0.0,0.004009170903625846,0,0,4593,Dog,37.486319999970874,0.9828410002228338,38.46995300000344,0,0
4495,4594,4569.5,0.0,0.004009099823808149,0,0,4594,Dog,36.0142370000176,1.0006970001086302,37.01582200028497,0,0
4496,4595,4570.5,0.0,0.00400902874399045,0,0,4595,Dog,36.0074289997101,3.890618999776052,39.89883100030056,0,0
4497,4596,4571.5,0.0,0.004008957664172752,0,0,4596,Dog,39.919961000123294,5.729973000143218,45.65079399981187,0,0
4498,4597,4572.5,0.00023702778073764197,0.004008886584355053,0,0,4597,Dog,47.265501000310906,3.7776409999423777,51.044159999946714,0,0
4499,4598,4573.5,0.0,0.004008815504537354,0,0,4598,Dog,44.734673999755614,1.9634830000541115,46.69942600003196,0,0
4500,4599,4574.5,0.0007694212066323702,0.004008744424719657,0,0,4599,Dog,41.58538199999384,1.4115899998614623,42.99787899981311,0,0
4501,4600,4575.5,0.0008493238982620888,0.0040086733449019585,0,0,4600,Dog,41.450564000115264,2.072966000014276,43.52442100025655,0,0
4502,4601,4576.5,0.00024908521866451316,0.004008477571445123,0,0,4601,Dog,41.89795700040122,2.377505999902496,44.276333000198065,0,0
4503,4602,4577.5,0.0,0.004008281797988287,0,0,4602,Dog,38.61446700011584,8.851643000070908,47.46700800023973,0,0
4504,4603,4578.5,0.0,0.0040080860245314525,0,0,4603,Dog,41.1355750002258,3.853799999887997,44.99028800000815,0,0
4505,4604,4579.5,0.0,0.00400789025107462,0,0,4604,Dog,39.17814199985514,4.091433000212419,43.270546999792714,0,0
4506,4605,4580.5,0.0,0.004007694477617785,0,0,4605,Dog,45.8727780001027,1.3833509997311921,47.25705000009839,0,0
4507,4606,4581.5,0.0,0.004007498704160949,0,0,4606,Dog,44.620133000080386,2.350199999909819,46.97124599988456,0,0
4508,4607,4582.5,0.0,0.0040073029307041135,0,0,4607,Dog,39.63139699999374,3.4666699998524564,43.09902199975113,0,0
4509,4608,4583.5,0.0,0.004007107157247279,0,0,4608,Dog,39.525077999769564,3.4235269999953744,42.949529999987135,0,0
4510,4609,4584.5,0.0,0.004006911383790447,0,0,4609,Dog,40.79175700007909,1.883856999938871,42.676535000282456,0,0
4511,4610,4585.5,0.0,0.004006715610333611,0,0,4610,Dog,43.16335800012894,2.9540780001298117,46.118890999878204,0,0
4512,4611,4586.5,0.0,0.004006519836876775,0,0,4611,Dog,40.966318999835494,3.27726800014716,44.24457499999335,0,0
4513,4612,4587.5,0.0,0.00400632406341994,0,0,4612,Dog,38.68891899992377,4.910902999654354,43.60079899970515,0,0
4514,4613,4588.5,0.0,0.004006128289963105,0,0,4613,Dog,41.90090399970359,1.4136859999780427,43.315472999893245,0,0
4515,4614,4589.5,0.0,0.004005932516506273,0,0,4614,Dog,36.851565999768354,0.9929460002240376,37.84542000039437,0,0
4516,4615,4590.5,0.0,0.004005736743049437,0,0,4615,Dog,35.933608999584976,3.4926810003526043,39.42709500006458,0,0
4517,4616,4591.5,0.0,0.004005540969592602,0,0,4616,Dog,45.31282700008887,5.074985999726778,50.388687000122445,0,0
4518,4617,4592.5,0.0,0.004005345196135766,0,0,4617,Dog,40.885643000365235,1.4096670001890743,42.296257999623776,0,0
4519,4618,4593.5,0.0,0.004005149422678931,0,0,4618,Dog,39.58588300019983,1.429489000202011,41.01629199976742,0,0
4520,4619,4594.5,0.0,0.004004953649222099,0,0,4619,Dog,41.566138999769464,4.215290000047389,45.78236499992272,0,0
4521,4620,4595.5,0.0,0.0040047578757652635,0,0,4620,Dog,48.05205200000273,3.500153999993927,51.55311799990159,0,0
4522,4621,4596.5,0.0,0.004003871117425974,0,0,4621,Dog,44.23490299996047,2.175011999952403,46.410842999648594,0,0
4523,4622,4597.5,0.0,0.004002984359086686,0,0,4622,Dog,44.94083599956866,1.508999000179756,46.45105700001295,0,0
4524,4623,4598.5,0.0006281957659398651,0.004002097600747397,0,0,4623,Dog,39.66625099974408,3.337066000312916,43.00412699967637,0,0
4525,4624,4599.5,0.000119162866776934,0.004001210842408124,0,0,4624,Dog,47.69742900043639,3.3107919998656143,51.00905400013289,0,0
4526,4625,4600.5,0.0,0.004000324084068835,0,0,4625,Dog,45.56333500022447,1.0559229999671516,46.62010299989561,0,0
4527,4626,4601.5,0.0,0.0039994373257295456,0,0,4626,Dog,34.888646000126755,1.0544460001256084,35.94388200008325,0,0
4528,4627,4602.5,0.0,0.003998550567390257,0,0,4627,Dog,34.91984100037371,1.0503949997655582,35.97101100012878,0,0
4529,4628,4603.5,0.0,0.003997663809050968,0,0,4628,Dog,35.9377750000931,1.0605249999571242,36.99910200020895,0,0
4530,4629,4604.5,0.0,0.003996777050711695,0,0,4629,Dog,38.0756869999459,3.477089000170963,41.55348799986314,0,0
4531,4630,4605.5,0.0,0.003995890292372406,0,0,4630,Dog,40.38783099986176,1.073463000011543,41.46214200000031,0,0
4532,4631,4606.5,0.0,0.003995003534033117,0,0,4631,Dog,37.233265999930154,1.6416640000898042,38.87566799994602,0,0
4533,4632,4607.5,0.0,0.003994116775693828,0,0,4632,Dog,39.81367300002603,2.7915679997931875,42.60614800023177,0,0
4534,4633,4608.5,0.0,0.003993230017354539,0,0,4633,Dog,38.77117599995472,4.139394999583601,42.911523999919154,0,0
4535,4634,4609.5,0.0,0.0039923432590152665,0,0,4634,Dog,37.309955999717204,4.4173009996484325,41.72828599985223,0,0
4536,4635,4610.5,0.0,0.003991456500675977,0,0,4635,Dog,40.81459500002893,4.611517000284948,45.42725999999675,0,0
4537,4636,4611.5,0.0,0.003990569742336688,0,0,4636,Dog,40.66381000029651,2.9483710000022256,43.613109000034456,0,0
4538,4637,4612.5,0.0,0.0039896829839974,0,0,4637,Dog,43.93914599995696,1.395920000049955,45.33602099991185,0,0
4539,4638,4613.5,0.00029626013346206737,0.0039887962256581104,0,0,4638,Dog,37.64702199987369,1.4214110001375957,39.06944399977874,0,0
4540,4639,4614.5,1.9785977517172704e-05,0.003987909467318838,0,0,4639,Dog,50.543199999992794,1.410534000115149,51.95473999992828,0,0
4541,4640,4615.5,4.0462999567281166e-05,0.0039870227089795485,0,0,4640,Dog,51.11756999986028,1.425814999947761,52.54425400016771,0,0
4542,4641,4616.5,0.00018515388137130273,0.003986934355261179,0,0,4641,Dog,45.636124000338896,1.4332260002447583,47.07028199982233,0,0
4543,4642,4617.5,0.00028437607126730047,0.003986846001542809,0,0,4642,Dog,38.72479299980114,1.0575999999673513,39.783188000001246,0,0
4544,4643,4618.5,0.00033481483721453653,0.0039867576478244396,0,0,4643,Dog,34.903593999843,1.0516120000829687,35.95595199976742,0,0
4545,4644,4619.5,0.0,0.003986669294106071,0,0,4644,Dog,40.56672399974559,1.0815760001605668,41.64994000029765,0,0
4546,4645,4620.5,0.0012188177309389037,0.003986580940387702,0,0,4645,Dog,36.30926899995757,3.791438999996899,40.101455000240094,0,0
4547,4646,4621.5,0.0028095715890148476,0.003986492586669332,0,1,4646,Dog,37.194637000084185,0.9745360002852976,38.16985499997827,0,0
4548,4647,4622.5,0.0033005763595520543,0.003986404232950962,0,1,4647,Dog,39.05590399972425,1.5002190002633142,40.557051000178035,0,0
4549,4648,4623.5,0.0037191575132692334,0.003986315879232593,0,1,4648,Dog,37.66029100006563,3.757092999876477,41.41897799991057,0,0
4550,4649,4624.5,0.005120959007730241,0.003986227525514224,1,0,4649,Dog,35.09219400029906,0.9008080000967311,35.99390699992,1,1
4551,4650,4625.5,0.004295154690979963,0.003995890292372406,1,0,4650,Dog,37.34338399999615,1.0434959999656712,38.38769599997249,1,1
4552,4651,4626.5,0.0037073232964816016,0.004006519836876775,0,1,4651,Dog,47.50341799990565,2.8667309998127166,50.37116800031072,0,0
4553,4652,4627.5,0.002638332745357297,0.00400632406341994,0,1,4652,Dog,51.38543999964895,1.7764579997674446,53.16288399990299,0,0
4554,4653,4628.5,0.0026031078406065777,0.004006128289963105,0,1,4653,Dog,40.07677799972953,2.839970999957586,42.917741000110254,0,0
4555,4654,4629.5,0.0016905642760122186,0.004005932516506273,0,0,4654,Dog,40.14681299986478,0.9621820004213077,41.10984199996892,0,0
4556,4655,4630.5,0.0016390849467856627,0.004005736743049437,0,0,4655,Dog,37.00012500030425,3.5253999999440566,40.52631000013207,0,0
4557,4656,4631.5,0.0011375410337192138,0.004005540969592602,0,0,4656,Dog,38.47953900003631,1.9357080000190763,40.416146999632474,0,0
4558,4657,4632.5,0.002110410861427159,0.004005345196135766,0,0,4657,Dog,43.860599999788974,1.4140270000098099,45.275553000010405,0,0
4559,4658,4633.5,0.0021023653810681164,0.004005149422678931,0,0,4658,Dog,38.795753000158584,3.463671999725193,42.260237999926176,0,0
4560,4659,4634.5,0.0004662535215019803,0.004004953649222099,0,0,4659,Dog,42.53554900014933,1.3824929997099389,43.91886799976419,0,0
4561,4660,4635.5,0.0,0.0040047578757652635,0,0,4660,Dog,64.7827480001979,1.56404500012286,66.34813200025746,0,0
4562,4661,4636.5,0.0,0.004003871117425974,0,0,4661,Dog,41.067918999942776,4.199255999992602,45.2682560003268,0,0
4563,4662,4637.5,0.0,0.004002984359086686,0,0,4662,Dog,40.72951299986016,2.2034439998606103,42.93382900004872,0,0
4564,4663,4638.5,0.0,0.004002097600747397,0,0,4663,Dog,38.077136000083556,0.9886490001917991,39.066488000116806,0,0
4565,4664,4639.5,5.056447880957826e-06,0.004001210842408124,0,0,4664,Dog,34.9437689997103,0.9910680000757566,35.935636999965936,0,0
4566,4665,4640.5,0.0,0.004000324084068835,0,0,4665,Dog,46.842126000228745,3.0233599995881377,49.86639599974296,0,0
4567,4666,4641.5,0.0,0.0039994373257295456,0,0,4666,Dog,38.13331899982586,1.0537180000937951,39.187954000226455,0,0
4568,4667,4642.5,0.0,0.003998550567390257,0,0,4667,Dog,53.72227500038207,1.418132999788213,55.14131600011751,0,0
4569,4668,4643.5,0.0,0.003997663809050968,0,0,4668,Dog,40.92110400006277,1.4054469997972774,42.32749999982843,0,0
4570,4669,4644.5,0.0,0.003996777050711695,0,0,4669,Dog,41.23653199985711,1.3904939996791654,42.627881000044,0,0
4571,4670,4645.5,0.0,0.003995890292372406,0,0,4670,Dog,39.627128999654815,2.7912819996345206,42.41933200000858,0,0
4572,4671,4646.5,0.0,0.003995003534033117,0,0,4671,Dog,38.73119799982305,2.5785439997889625,41.310625999813055,0,0
4573,4672,4647.5,0.0,0.003994116775693828,0,0,4672,Dog,44.87513499998386,6.304669999735779,51.18121500026973,0,0
4574,4673,4648.5,0.0,0.003993230017354539,0,0,4673,Dog,38.95491799994488,4.0870110001378634,43.042943000273226,0,0
4575,4674,4649.5,0.0,0.0039923432590152665,0,0,4674,Dog,41.687208999974246,4.467837999982294,46.156016000168165,0,0
4576,4675,4650.5,0.0,0.003991456500675977,0,0,4675,Dog,77.12958400043135,2.43700600003649,79.56761000014012,0,0
4577,4676,4651.5,0.0,0.003990569742336688,0,0,4676,Dog,38.108306000140146,1.082713999949192,39.19186000030095,0,0
4578,4677,4652.5,0.0,0.0039896829839974,0,0,4677,Dog,34.901655000339815,1.0354529999858642,35.93786999999793,0,0
4579,4678,4653.5,0.0,0.0039887962256581104,0,0,4678,Dog,54.88782700012962,1.058736999766552,55.94735500017123,0,0
4580,4679,4654.5,0.0,0.003987909467318838,0,0,4679,Dog,52.85225400029958,1.44704800004547,54.3001699998058,0,0
4581,4680,4655.5,0.0,0.0039870227089795485,0,0,4680,Dog,44.45929299981799,2.499366999927588,46.959540999978344,0,0
4582,4681,4656.5,0.0,0.003986934355261179,0,0,4681,Dog,40.741051999702904,1.080529999853752,41.82244499997978,0,0
4583,4682,4657.5,0.0,0.003986846001542809,0,0,4682,Dog,40.644792999955826,1.415683000232093,42.061350000039965,0,0
4584,4683,4658.5,0.0,0.0039867576478244396,0,0,4683,Dog,46.82683999999426,3.897785999924963,50.72584000026836,0,0
4585,4684,4659.5,0.0,0.003986669294106071,0,0,4684,Dog,41.20066900031816,2.7756799995586334,43.97763399992982,0,0
4586,4685,4660.5,0.0,0.003986580940387702,0,0,4685,Dog,41.46781999997984,2.258572999835451,43.7273509996885,0,0
4587,4686,4661.5,0.0,0.003986492586669332,0,0,4686,Dog,44.181846999890695,3.4239669998896716,47.60669799998141,0,0
4588,4687,4662.5,0.0,0.003986404232950962,0,0,4687,Dog,42.53001699999004,3.158169000016642,45.68912500008082,0,0
4589,4688,4663.5,0.0,0.003986315879232593,0,0,4688,Dog,58.46523200034426,1.4673700002276746,59.9335029996837,0,0
4590,4689,4664.5,0.0,0.003986227525514224,0,0,4689,Dog,53.89376599987372,1.401921999786282,55.296578999787016,0,0
4591,4690,4665.5,0.0,0.003986139171795855,0,0,4690,Dog,49.73635899978035,2.958842000225559,52.69606000001659,0,0
4592,4691,4666.5,0.0,0.003986050818077486,0,0,4691,Dog,49.90062600018064,5.014314000163722,54.91581899968878,0,0
4593,4692,4667.5,0.0,0.003985962464359115,0,0,4692,Dog,41.17346199973326,1.0151429996767547,42.18948299967451,0,0
4594,4693,4668.5,0.0,0.003985874110640746,0,0,4693,Dog,32.983732000047894,0.9692670000731596,33.953699999983655,0,0
4595,4694,4669.5,0.0,0.003985785756922378,0,0,4694,Dog,38.37179499987542,4.3182479998904455,42.69105200000922,0,0
4596,4695,4670.5,0.0,0.003985697403204008,0,0,4695,Dog,45.58345299983557,1.1501100002533349,46.734650999951555,0,0
4597,4696,4671.5,0.0,0.003985609049485639,0,0,4696,Dog,41.89462300018931,2.513641999939864,44.40922399999181,0,0
4598,4697,4672.5,0.0,0.003985520695767269,0,0,4697,Dog,38.96019800004069,3.43074499960494,42.3918709998361,0,0
4599,4698,4673.5,0.0,0.003985432342048899,0,0,4698,Dog,49.522435999733716,2.4470280000059574,51.970402999813814,0,0
4600,4699,4674.5,0.0,0.003985343988330531,0,0,4699,Dog,40.58059599992703,5.023226000048453,45.604738000292855,0,0
4601,4700,4675.5,0.0,0.0039852556346121615,0,0,4700,Dog,38.271048000297014,1.0563770001681405,39.328261999799,0,0
4602,4701,4676.5,0.0,0.003984855156520271,0,0,4701,Dog,34.86138600010236,2.5937589998648036,37.45588599986149,0,0
4603,4702,4677.5,0.0,0.003984454678428381,0,0,4702,Dog,41.140215000268654,1.4247949998207332,42.56594300022698,0,0
4604,4703,4678.5,0.0,0.003984054200336491,0,0,4703,Dog,46.55671099999381,1.374922000195511,47.932558999946195,0,0
4605,4704,4679.5,0.0,0.003983653722244608,0,0,4704,Dog,42.87260499995682,3.7511339996854076,46.624662999875,0,0
4606,4705,4680.5,0.0,0.003983253244152718,0,0,4705,Dog,39.02198299965676,4.413913000007597,43.43688699964332,0,0
4607,4706,4681.5,0.0,0.003982852766060828,0,0,4706,Dog,43.53331799984517,3.4984419999091187,47.032691999902454,0,0
4608,4707,4682.5,0.0,0.003982452287968938,0,0,4707,Dog,62.95102300009603,3.177951999987272,66.13025699971331,0,0
4609,4708,4683.5,0.0010692356641957002,0.003982051809877048,0,0,4708,Dog,39.509560000169586,3.069156000037765,42.57972699997481,0,0
4610,4709,4684.5,0.0016191775772186334,0.0039816513317851646,0,0,4709,Dog,51.18808199995328,1.0672049997992872,52.25609799981612,0,0
4611,4710,4685.5,0.001809950541927785,0.0039812508536932745,0,0,4710,Dog,35.83892200003902,2.467507999881491,38.307380999867746,0,0
4612,4711,4686.5,0.003265310689099521,0.003980850375601384,0,1,4711,Dog,38.84031600000526,1.0800549998748465,39.92114999982732,0,0
4613,4712,4687.5,0.0024914727746254695,0.003980449897509494,0,1,4712,Dog,37.62989100005143,3.4343749998697604,41.065030000027036,0,0
4614,4713,4688.5,0.0030244351536803382,0.003980049419417604,0,1,4713,Dog,45.523513999796705,1.0350439997637295,46.559256999898935,0,0
4615,4714,4689.5,0.0019412085105940946,0.003979648941325721,0,0,4714,Dog,49.38548600011927,3.8451739997071854,53.23159200042937,0,0
4616,4715,4690.5,0.0012875248948730489,0.003979248463233831,0,0,4715,Dog,45.43304500020895,2.80585800010158,48.23981600020488,0,0
4617,4716,4691.5,0.0007347421882996086,0.003978847985141941,0,0,4716,Dog,43.339422999906674,1.40386299972306,44.744244999947114,0,0
4618,4717,4692.5,0.0015322536327386782,0.003978447507050051,0,0,4717,Dog,40.427218999866454,1.4037870000720432,41.831875999832846,0,0
4619,4718,4693.5,0.00196237011093936,0.003978047028958161,0,0,4718,Dog,38.692711000294366,3.053960999750416,41.74785199984399,0,0
4620,4719,4694.5,0.0019313934017984868,0.0039776465508662776,0,0,4719,Dog,46.127848999731214,3.034387000298011,49.16349299992362,0,0
4621,4720,4695.5,0.001384967774661905,0.0039772460727743875,0,0,4720,Dog,38.67109900011201,4.425516000083007,43.09768499979327,0,0
4622,4721,4696.5,0.0008573683748183125,0.003977050623415418,0,0,4721,Dog,37.76047200017274,1.0521580002205155,38.813476999621344,0,0
4623,4722,4697.5,0.0007637868634421396,0.003976855174056447,0,0,4722,Dog,37.91063800008487,1.0498289998395194,38.96119599994563,0,0
4624,4723,4698.5,0.0003818966346066377,0.003976659724697477,0,0,4723,Dog,42.8030459997899,3.5623479998321272,46.36631299990768,0,0
4625,4724,4699.5,0.0,0.00397646427533851,0,0,4724,Dog,36.433640999803174,3.672921000088536,40.107413999976416,0,0
4626,4725,4700.5,0.0,0.00397626882597954,0,0,4725,Dog,41.42007200016451,3.178437999849848,44.599414999993314,0,0
4627,4726,4701.5,0.0,0.00397607337662057,0,0,4726,Dog,50.65263100004813,3.2942799998636474,53.94785399994362,0,0
4628,4727,4702.5,7.582202939504512e-05,0.003975877927261599,0,0,4727,Dog,41.69287099966823,4.445854000096006,46.139650999975856,0,0
4629,4728,4703.5,0.0,0.003975682477902629,0,0,4728,Dog,44.53388799993263,2.3438980001628806,46.87868300015907,0,0
4630,4729,4704.5,0.0,0.003975487028543662,0,0,4729,Dog,42.894342000181496,1.076467000075354,43.97171500022523,0,0
4631,4730,4705.5,0.0,0.003975291579184692,0,0,4730,Dog,35.17586400039363,1.0461060001034639,36.22278600005302,0,0
4632,4731,4706.5,0.0,0.003975096129825722,0,0,4731,Dog,42.89456300011807,1.1571530003493535,44.052913000086846,0,0
4633,4732,4707.5,0.0,0.0039749006804667515,0,0,4732,Dog,43.59474900002169,3.242550000322808,46.83830500016484,0,0
4634,4733,4708.5,0.0,0.003974705231107782,0,0,4733,Dog,45.705890000135696,1.4186229996084876,47.125449999839475,0,0
4635,4734,4709.5,0.0,0.003974509781748814,0,0,4734,Dog,34.38751600015166,1.3648520002789155,35.75332000036724,0,0
4636,4735,4710.5,0.0,0.0039743143323898444,0,0,4735,Dog,40.616760999910184,1.3595770001302299,41.97726800020973,0,0
4637,4736,4711.5,0.0,0.0039741188830308746,0,0,4736,Dog,34.62481399992612,1.3701049997507653,35.99584199992023,0,0
4638,4737,4712.5,0.0,0.003973923433671904,0,0,4737,Dog,34.947769999689626,2.6658620004127442,37.61456199981694,0,0
4639,4738,4713.5,0.0,0.003973727984312934,0,0,4738,Dog,47.202017000017804,1.467213000069023,48.670167999716796,0,0
4640,4739,4714.5,0.0,0.003973532534953967,0,0,4739,Dog,55.335550000108924,1.465662000100565,56.802174000040395,0,0
4641,4740,4715.5,0.0,0.003973337085594997,0,0,4740,Dog,39.53670600003534,4.389510999772028,43.92713199968057,0,0
4642,4741,4716.5,0.0,0.003973117267378639,0,0,4741,Dog,46.80448599992815,1.0154209999200248,47.8208720001021,0,0
4643,4742,4717.5,0.0,0.003972897449162281,0,0,4742,Dog,39.972364000277594,0.9714749999147898,40.944642999875214,0,0
4644,4743,4718.5,0.0,0.003972677630945923,0,0,4743,Dog,45.05578399994192,1.042820999828109,46.09963999973843,0,0
4645,4744,4719.5,0.0,0.003972457812729569,0,0,4744,Dog,41.09560599999895,1.0795319999488129,42.176397000275756,0,0
4646,4745,4720.5,0.0,0.003972237994513211,0,0,4745,Dog,37.82786900001156,4.3030770002587815,42.13209099998494,0,0
4647,4746,4721.5,0.0,0.003972018176296854,0,0,4746,Dog,41.86843899969972,1.4542019998771138,43.323593999957666,0,0
4648,4747,4722.5,0.0,0.003971798358080495,0,0,4747,Dog,42.15368599989233,1.3900010003453644,43.54462199989939,0,0
4649,4748,4723.5,0.0,0.003971578539864138,0,0,4748,Dog,41.8393320001087,1.4005319999341737,43.240883000180474,0,0
4650,4749,4724.5,0.0,0.0039713587216477836,0,0,4749,Dog,36.48466100003134,0.9922479998749623,37.47780999992756,0,0
4651,4750,4725.5,0.0,0.003971138903431426,0,0,4750,Dog,36.02301899991289,1.0134770000149729,37.03725899958954,0,0
4652,4751,4726.5,0.0,0.003970919085215068,0,0,4751,Dog,34.939985999699275,2.598329000193189,37.53901299978679,0,0
4653,4752,4727.5,0.0,0.00397069926699871,0,0,4752,Dog,45.09399099970324,1.4559530000042287,46.55085400008829,0,0
4654,4753,4728.5,0.0,0.003970479448782352,0,0,4753,Dog,47.020564999911585,4.598339000040141,51.619989999835525,0,0
4655,4754,4729.5,0.0,0.003970259630565998,0,0,4754,Dog,44.56593899976724,1.667896000071778,46.23512399984975,0,0
4656,4755,4730.5,0.0,0.0039700398123496405,0,0,4755,Dog,41.284475000338716,1.6094739999061858,42.895570999917254,0,0
4657,4756,4731.5,0.0,0.003969819994133283,0,0,4756,Dog,41.98060599992459,1.7055140001502878,43.68778999969436,0,0
4658,4757,4732.5,0.0,0.0039696001759169245,0,0,4757,Dog,58.873793999737245,3.0174790003911767,61.892552000244905,0,0
4659,4758,4733.5,0.0,0.003969380357700567,0,0,4758,Dog,50.95665199996802,1.631632000226091,52.58947799984526,0,0
4660,4759,4734.5,0.0014571418350124432,0.003969160539484213,0,0,4759,Dog,43.13851500000965,3.671509000014339,46.811258000161615,0,0
4661,4760,4735.5,0.0023707297368714686,0.003968940721267855,0,1,4760,Dog,44.138348999695154,1.492439000230661,45.63197100014804,0,0
4662,4761,4736.5,0.004051363361685323,0.003967848196777225,1,0,4761,Dog,47.2101410000505,2.6035199998659664,49.81451300000117,1,1
4663,4762,4737.5,0.0035748882994829367,0.003972897449162281,0,1,4762,Dog,38.341015000241896,1.3949970002613554,39.7368250000909,0,0
4664,4763,4738.5,0.004653054807319479,0.003972677630945923,1,0,4763,Dog,39.486374000262,4.017592999844055,43.50495100015905,1,1
4665,4764,4739.5,0.003499648528875854,0.00397646427533851,0,1,4764,Dog,39.06015600023238,1.4071420000618673,40.46842400020978,0,0
4666,4765,4740.5,0.00250998907064659,0.00397626882597954,0,1,4765,Dog,41.52002899991203,4.163914999935514,45.68484199990053,0,0
4667,4766,4741.5,0.0021081478564324296,0.00397607337662057,0,0,4766,Dog,41.82786799992755,2.9560150001088914,44.78480799980389,0,0
4668,4767,4742.5,0.003501586463019235,0.003975877927261599,0,1,4767,Dog,43.08982200018363,1.4468289996329986,44.53778200013403,0,0
4669,4768,4743.5,0.00562309015329876,0.003975682477902629,1,0,4768,Dog,39.84415800005081,2.721961000133888,42.56750600006853,1,1
4670,4769,4744.5,0.005806604136359694,0.0039816513317851646,1,0,4769,Dog,44.96795099976225,1.208557000154542,46.17742500022359,1,1
4671,4770,4745.5,0.007071150613038535,0.003986139171795855,1,0,4770,Dog,38.77903000011429,3.243279000344046,42.02320500007772,1,1
4672,4771,4746.5,0.005842211822073451,0.003995003534033117,1,0,4771,Dog,38.70484499975646,4.194634000214137,42.90038299996013,1,1
4673,4772,4747.5,0.0055857729969678305,0.00400632406341994,1,0,4772,Dog,38.769780000166065,2.3072670001056395,41.0780289998911,1,1
4674,4773,4748.5,0.005359879114523736,0.004009170903625846,1,0,4773,Dog,41.712876000019605,3.9673859996582905,45.68118199995297,1,1
4675,4774,4749.5,0.004459544920576319,0.004011624493930245,1,0,4774,Dog,46.01451600001383,3.262415999870427,49.27782000004299,1,1
4676,4775,4750.5,0.0029012902966160103,0.004016539888127807,0,1,4775,Dog,38.70771199990486,1.3959129996692354,40.104525000060676,0,0
4677,4776,4751.5,0.0029926102043705827,0.004016270600536308,0,1,4776,Dog,49.67544600003748,2.9263279998303915,52.60265900005834,0,0
4678,4777,4752.5,0.002873651818549594,0.00401600131294481,0,1,4777,Dog,38.074895000136166,3.2053969998742105,41.28118600010566,0,0
4679,4778,4753.5,0.00290131028290197,0.004015732025353311,0,1,4778,Dog,48.76186499996038,2.908779999870603,51.67157799996858,0,0
4680,4779,4754.5,0.0010321503162097345,0.004015462737761817,0,0,4779,Dog,39.05059499993513,1.453606000268337,40.50507500005551,0,0
4681,4780,4755.5,0.00155918938659938,0.004015193450170318,0,0,4780,Dog,37.78604099989025,1.9147630000588833,39.70220100018196,0,0
4682,4781,4756.5,0.0010948054938492158,0.004014938524724597,0,0,4781,Dog,39.91945799998575,4.733051000130217,44.65345899961903,0,0
4683,4782,4757.5,0.001097659130376738,0.004014683599278877,0,0,4782,Dog,69.21637000004921,3.3505189999232243,72.56782199965528,0,0
4684,4783,4758.5,0.001049258573029399,0.004014428673833156,0,0,4783,Dog,49.613789999966684,2.9242870000416588,52.53911499994501,0,0
4685,4784,4759.5,0.0006771936240180798,0.004014173748387441,0,0,4784,Dog,46.07528699989416,1.4489479999610921,47.52515600011975,0,0
4686,4785,4760.5,0.0010560741579525024,0.00401391882294172,0,0,4785,Dog,38.71871599994847,1.0587480001049698,39.77934500017,0,0
4687,4786,4761.5,0.0003605243106956646,0.004013663897495999,0,0,4786,Dog,34.90828199983298,4.146495999975741,39.0555819999463,0,0
4688,4787,4762.5,0.0003827432210647963,0.004013408972050279,0,0,4787,Dog,37.83719600005497,0.9930570004144101,38.8310339999407,0,0
4689,4788,4763.5,0.0,0.004013154046604558,0,0,4788,Dog,34.72832699981154,1.0933650000879425,35.8225830000265,0,0
4690,4789,4764.5,0.0,0.004012899121158843,0,0,4789,Dog,39.992846000131976,2.178628000365279,42.17244900019068,0,0
4691,4790,4765.5,0.0,0.004012644195713122,0,0,4790,Dog,41.402294999898004,1.5251929999067215,42.928549999942334,0,0
4692,4791,4766.5,0.0,0.004012389270267401,0,0,4791,Dog,38.992366999991646,1.4071260002310737,40.40031500016994,0,0
4693,4792,4767.5,0.0,0.004012134344821681,0,0,4792,Dog,42.7850840001156,1.9271599999228783,44.71336899996459,0,0
4694,4793,4768.5,0.0,0.0040118794193759605,0,0,4793,Dog,49.78839199975482,1.5067790000102832,51.296132000061334,0,0
4695,4794,4769.5,7.877701974556839e-05,0.004011624493930245,0,0,4794,Dog,36.50926199998139,2.0294989999456448,38.53960900005404,0,0
4696,4795,4770.5,0.0003831277351505902,0.004011369568484524,0,0,4795,Dog,37.31895800001439,1.417437999862159,38.73732600004587,0,0
4697,4796,4771.5,0.0,0.004011114643038803,0,0,4796,Dog,56.056583000099636,1.4257960001486936,57.48330699998405,0,0
4698,4797,4772.5,0.0,0.004010859717593083,0,0,4797,Dog,40.598502999728225,1.420438999957696,42.02011600000333,0,0
4699,4798,4773.5,0.0,0.0040106047921473625,0,0,4798,Dog,40.22942499977944,1.4151049999782117,41.64543099977891,0,0
4700,4799,4774.5,0.0,0.004010349866701647,0,0,4799,Dog,47.05736000005345,1.5308660003938712,48.58917800038398,0,0
4701,4800,4775.5,0.0,0.004010094941255926,0,0,4800,Dog,42.402493999816215,1.4608670003326552,43.86423599999034,0,0
4702,4801,4776.5,0.0,0.004010023861438228,0,0,4801,Dog,47.889582000152586,3.435710999838193,51.32635699965249,0,0
4703,4802,4777.5,0.0,0.0040099527816205285,0,0,4802,Dog,35.372016999644984,2.581613000074867,37.95432400011123,0,0
4704,4803,4778.5,0.0,0.00400988170180283,0,0,4803,Dog,39.21571599994422,3.061591000005137,42.27834899984373,0,0
4705,4804,4779.5,0.0,0.004009810621985133,0,0,4804,Dog,45.72004500005278,1.2110090001442586,46.93224900029236,0,0
4706,4805,4780.5,0.0,0.004009739542167434,0,0,4805,Dog,35.20638999998482,1.0145629998987715,36.22176799990484,0,0
4707,4806,4781.5,0.0,0.004009668462349736,0,0,4806,Dog,34.94631900002787,0.9987210000872437,35.94574199996714,0,0
4708,4807,4782.5,0.0,0.004009597382532037,0,0,4807,Dog,47.8132469997945,2.8243980000297597,50.63857799996185,0,0
4709,4808,4783.5,0.0,0.004009526302714338,0,0,4808,Dog,39.12679400036723,2.7841200003422273,41.91180399993755,0,0
4710,4809,4784.5,0.0,0.004009455222896641,0,0,4809,Dog,39.28370799985714,1.4344549999805167,40.71911400023964,0,0
4711,4810,4785.5,0.0,0.004009384143078942,0,0,4810,Dog,39.416737999999896,1.4094860002842324,40.82719400003043,0,0
4712,4811,4786.5,0.0,0.004009313063261244,0,0,4811,Dog,39.80004300001383,2.018974000293383,41.81993700012754,0,0
4713,4812,4787.5,0.0,0.004009241983443545,0,0,4812,Dog,38.83026499988773,2.1811840001646488,41.012375000264,0,0
4714,4813,4788.5,0.0,0.004009170903625846,0,0,4813,Dog,38.825235000331304,4.430602999946132,43.25674599976992,0,0
4715,4814,4789.5,0.0,0.004009099823808149,0,0,4814,Dog,38.80544200001168,0.9781690000636445,39.78440799983218,0,0
4716,4815,4790.5,0.0,0.00400902874399045,0,0,4815,Dog,36.175014000036754,0.9815749999688705,37.15739100016435,0,0
4717,4816,4791.5,0.0003363064591385134,0.004008957664172752,0,0,4816,Dog,34.78842200001964,1.5595879999636963,36.34885800011034,0,0
4718,4817,4792.5,0.0009154005508472673,0.004008886584355053,0,0,4817,Dog,45.53665799994633,4.341691000263381,49.879499999860855,0,0
4719,4818,4793.5,0.0008504824335363592,0.004008815504537354,0,0,4818,Dog,41.75984099993002,3.8243409999267897,45.5852369996137,0,0
4720,4819,4794.5,0.0010612136307543985,0.004008744424719657,0,0,4819,Dog,41.974855999797,2.243510999960563,44.21924300004321,0,0
4721,4820,4795.5,0.0004746957391648099,0.0040086733449019585,0,0,4820,Dog,50.54513899995072,1.429071000075055,51.975131000290276,0,0
4722,4821,4796.5,0.0,0.004008477571445123,0,0,4821,Dog,46.60489099978804,1.4798920001339866,48.08568499993271,0,0
4723,4822,4797.5,0.0006580695189306596,0.004008281797988287,0,0,4822,Dog,38.65191800014145,3.3678019999570097,42.02071399959095,0,0
4724,4823,4798.5,8.518698668513736e-05,0.0040080860245314525,0,0,4823,Dog,41.83852200003457,1.4331299998957547,43.27259399997274,0,0
4725,4824,4799.5,0.0,0.00400789025107462,0,0,4824,Dog,44.68913600021551,2.794348999941576,47.48443399967073,0,0
4726,4825,4800.5,0.0,0.004007694477617785,0,0,4825,Dog,40.92866700011655,1.4137500002107117,42.343307999999524,0,0
4727,4826,4801.5,0.0,0.004007498704160949,0,0,4826,Dog,49.394576999929996,3.383815999768558,52.77933900015341,0,0
4728,4827,4802.5,0.0,0.0040073029307041135,0,0,4827,Dog,52.500136000162456,1.4453290000346897,53.94641200018668,0,0
4729,4828,4803.5,0.0,0.004007107157247279,0,0,4828,Dog,38.74646499980372,3.5971890001746942,42.34453700019003,0,0
4730,4829,4804.5,0.0,0.004006911383790447,0,0,4829,Dog,51.51536999983364,4.936776000249665,56.45324299985077,0,0
4731,4830,4805.5,4.5920868426252426e-05,0.004006715610333611,0,0,4830,Dog,41.831934999663645,3.3954200002881407,45.22824700006822,0,0
4732,4831,4806.5,0.0007766561653770321,0.004006519836876775,0,0,4831,Dog,38.71007399993687,5.362476000300376,44.07370600029026,0,0
4733,4832,4807.5,0.0007212668944958089,0.00400632406341994,0,0,4832,Dog,43.60458600012862,0.9733910001159529,44.57878199991683,0,0
4734,4833,4808.5,5.184460456231221e-05,0.004006128289963105,0,0,4833,Dog,41.01321699999971,4.328037000050244,45.34193099971162,0,0
4735,4834,4809.5,0.0009312301363183506,0.004005932516506273,0,0,4834,Dog,43.372020999868255,2.445622999857733,45.818504999715515,0,0
4736,4835,4810.5,0.0014936569563941404,0.004005736743049437,0,0,4835,Dog,58.96680700016077,1.5353740000136895,60.503104999952484,0,0
4737,4836,4811.5,0.0022381066698574648,0.004005540969592602,0,1,4836,Dog,47.95155099964177,2.4108999996315106,50.3633219996118,0,0
4738,4837,4812.5,0.0009901321893142079,0.004005345196135766,0,0,4837,Dog,43.7803919999169,4.3756189998021,48.15698999982487,0,0
4739,4838,4813.5,0.0008191006176606619,0.004005149422678931,0,0,4838,Dog,36.818952999965404,0.9936550000020361,37.81346499999927,0,0
4740,4839,4814.5,0.0,0.004004953649222099,0,0,4839,Dog,37.98423699981868,0.9874709999166953,38.97240600008445,0,0
4741,4840,4815.5,0.0,0.0040047578757652635,0,0,4840,Dog,43.03427600007126,1.1784789999182976,44.21385600016947,0,0
4742,4841,4816.5,0.0,0.004003871117425974,0,0,4841,Dog,38.927794999835896,1.0603360001368856,39.98881999996229,0,0
4743,4842,4817.5,0.0,0.004002984359086686,0,0,4842,Dog,47.80214499987778,2.9005269998378935,50.7036900003186,0,0
4744,4843,4818.5,0.0,0.004002097600747397,0,0,4843,Dog,39.09078500009855,1.0180849999414932,40.10962099982862,0,0
4745,4844,4819.5,0.0,0.004001210842408124,0,0,4844,Dog,37.176629999976285,0.9930999999596679,38.17042299988316,0,0
4746,4845,4820.5,0.0,0.004000324084068835,0,0,4845,Dog,39.78915199968469,0.9953789999599394,40.785326000332134,0,0
4747,4846,4821.5,0.0,0.0039994373257295456,0,0,4846,Dog,54.708428000139975,1.4363149998644076,56.145599000046786,0,0
4748,4847,4822.5,0.0,0.003998550567390257,0,0,4847,Dog,41.71006800015675,1.4241899998523877,43.135124999935215,0,0
4749,4848,4823.5,0.0,0.003997663809050968,0,0,4848,Dog,54.53363600008743,1.4226240000425605,55.95727200034162,0,0
4750,4849,4824.5,0.0,0.003996777050711695,0,0,4849,Dog,45.59238399997412,2.8209460001562547,48.41427100018336,0,0
4751,4850,4825.5,0.0,0.003995890292372406,0,0,4850,Dog,45.17569499967067,1.4214779998837912,46.59811700003047,0,0
4752,4851,4826.5,0.00048397553600976195,0.003995003534033117,0,0,4851,Dog,57.7738289998706,1.453627999580931,59.22847900001216,0,0
4753,4852,4827.5,0.00025729598438928303,0.003994116775693828,0,0,4852,Dog,39.70546299979105,1.0925650003628107,40.799391999826184,0,0
4754,4853,4828.5,0.0,0.003993230017354539,0,0,4853,Dog,37.76545199980319,2.4549310001020785,40.2210729998842,0,0
4755,4854,4829.5,0.0,0.0039923432590152665,0,0,4854,Dog,38.43504899987238,1.570761000039056,40.00664900013362,0,0
4756,4855,4830.5,0.0,0.003991456500675977,0,0,4855,Dog,39.24523300020155,1.4782140001443622,40.72429699999702,0,0
4757,4856,4831.5,0.0,0.003990569742336688,0,0,4856,Dog,74.51066900011938,1.405637000061688,75.9172690000014,0,0
4758,4857,4832.5,0.0,0.0039896829839974,0,0,4857,Dog,40.80303599994295,1.066579000053025,41.870694999943225,0,0
4759,4858,4833.5,0.0,0.0039887962256581104,0,0,4858,Dog,38.347021999925346,1.0229829999843787,39.370724999571394,0,0
4760,4859,4834.5,0.0008163513432499769,0.003987909467318838,0,0,4859,Dog,42.759922000186634,1.6719620002731972,44.4327649997831,0,0
4761,4860,4835.5,0.0,0.0039870227089795485,0,0,4860,Dog,47.2237710000627,1.4117509999778122,48.6364550001781,0,0
4762,4861,4836.5,0.0,0.003986934355261179,0,0,4861,Dog,57.21770399986781,5.891666000024998,63.11029399967083,0,0
4763,4862,4837.5,0.0,0.003986846001542809,0,0,4862,Dog,55.0436759999684,1.5104460003385611,56.55512900011672,0,0
4764,4863,4838.5,0.0,0.0039867576478244396,0,0,4863,Dog,41.241420000005746,4.801184999905672,46.04416699976355,0,0
4765,4864,4839.5,0.0,0.003986669294106071,0,0,4864,Dog,44.64558100016802,1.4602440000999195,46.10676799984503,0,0
4766,4865,4840.5,0.0,0.003986580940387702,0,0,4865,Dog,46.44622099976914,2.820147999955225,49.26725399991483,0,0
4767,4866,4841.5,0.0,0.003986492586669332,0,0,4866,Dog,35.14851299996735,2.761462999842479,37.910877000285836,0,0
4768,4867,4842.5,0.0,0.003986404232950962,0,0,4867,Dog,44.40953699986494,2.625738000006095,47.03613000037876,0,0
4769,4868,4843.5,0.0,0.003986315879232593,0,0,4868,Dog,37.33356400016419,3.9628700001230754,41.2972199997057,0,0
4770,4869,4844.5,0.0,0.003986227525514224,0,0,4869,Dog,39.82986099981645,2.3158779999903345,42.14669800012416,0,0
4771,4870,4845.5,0.0,0.003986139171795855,0,0,4870,Dog,50.017740999919624,1.443721000214282,51.46231800017631,0,0
4772,4871,4846.5,0.0,0.003986050818077486,0,0,4871,Dog,35.46433800011073,2.5257820002480003,37.99093099996753,0,0
4773,4872,4847.5,0.0,0.003985962464359115,0,0,4872,Dog,53.364350000265404,2.967405000163126,56.33272400018541,0,0
4774,4873,4848.5,0.0,0.003985874110640746,0,0,4873,Dog,50.93996100004006,2.0424599997568293,52.98332799975469,0,0
4775,4874,4849.5,0.0,0.003985785756922378,0,0,4874,Dog,44.93434599999091,2.0818170000893588,47.017230000165,0,0
4776,4875,4850.5,0.0,0.003985697403204008,0,0,4875,Dog,40.10550199973295,1.5202680001493718,41.62689699978728,0,0
4777,4876,4851.5,0.0,0.003985609049485639,0,0,4876,Dog,37.26000999995449,1.6496930002176668,38.910617000055936,0,0
4778,4877,4852.5,0.0,0.003985520695767269,0,0,4877,Dog,38.31922700010182,2.2865709997859085,40.60686699995131,0,0
4779,4878,4853.5,0.0,0.003985432342048899,0,0,4878,Dog,42.98909499993897,2.710009000111313,45.69999099976485,0,0
4780,4879,4854.5,0.0,0.003985343988330531,0,0,4879,Dog,39.014021000184584,1.3806239999212266,40.395570999862684,0,0
4781,4880,4855.5,0.0,0.0039852556346121615,0,0,4880,Dog,40.77614000016183,5.514411000149266,46.29143199963437,0,0
4782,4881,4856.5,0.0,0.003984855156520271,0,0,4881,Dog,37.466772999778186,3.5213910000493343,40.98899399969014,0,0
4783,4882,4857.5,0.0,0.003984454678428381,0,0,4882,Dog,38.27290300023378,1.4302160002443998,39.70404599976973,0,0
4784,4883,4858.5,0.0,0.003984054200336491,0,0,4883,Dog,40.56529299987233,2.7509960000315914,43.31725199972425,0,0
4785,4884,4859.5,0.0,0.003983653722244608,0,0,4884,Dog,45.23446500024875,1.4297200000328303,46.66509899971061,0,0
4786,4885,4860.5,0.0,0.003983253244152718,0,0,4885,Dog,39.85108599999876,4.400228999656974,44.252270000015415,0,0
4787,4886,4861.5,0.0,0.003982852766060828,0,0,4886,Dog,44.81201799990231,1.0676169999896956,45.88037499979691,0,0
4788,4887,4862.5,0.0,0.003982452287968938,0,0,4887,Dog,35.05606999988231,3.655485000308545,38.71346999994785,0,0
4789,4888,4863.5,0.0,0.003982051809877048,0,0,4888,Dog,37.15504299998429,2.3871349999353697,39.543405000131315,0,0
4790,4889,4864.5,0.0,0.0039816513317851646,0,0,4889,Dog,35.48040099985883,1.3000180001654371,36.781256000267604,0,0
4791,4890,4865.5,0.0,0.0039812508536932745,0,0,4890,Dog,34.59930899998653,1.5295309999601159,36.12970399990445,0,0
4792,4891,4866.5,0.0,0.003980850375601384,0,0,4891,Dog,52.257760999964376,1.5395680002256995,53.7982490000104,0,0
4793,4892,4867.5,0.0,0.003980449897509494,0,0,4892,Dog,53.16997300042203,1.5437179999935324,54.714755000077275,0,0
4794,4893,4868.5,0.0,0.003980049419417604,0,0,4893,Dog,42.64926599989849,2.8156240000498656,45.46583499995904,0,0
4795,4894,4869.5,0.0008964033822036477,0.003979648941325721,0,0,4894,Dog,40.20628399985071,1.4145790000839042,41.621933999977045,0,0
4796,4895,4870.5,0.0011513221519851013,0.003979248463233831,0,0,4895,Dog,40.565545999925234,1.4018800002304488,41.96868299959533,0,0
4797,4896,4871.5,0.0011468655748138046,0.003978847985141941,0,0,4896,Dog,36.83385000022099,1.0495329997866065,37.884229000155756,0,0
4798,4897,4872.5,0.002012479062975081,0.003978447507050051,0,0,4897,Dog,39.920802999859006,1.0316970001440495,40.953302000161784,0,0
4799,4898,4873.5,0.00214216834014036,0.003978047028958161,0,0,4898,Dog,36.94789800010767,1.0431180003251939,37.99173100014741,0,0
4800,4899,4874.5,0.0022365234106033194,0.0039776465508662776,0,1,4899,Dog,35.97908700021435,1.0253400000692636,37.005082000177936,0,0
4801,4900,4875.5,0.0016274705567098646,0.0039772460727743875,0,0,4900,Dog,39.1724510000131,1.1202240002603503,40.29396700025245,0,0
4802,4901,4876.5,0.0020903126728517574,0.003977050623415418,0,0,4901,Dog,37.857478999740124,3.426497999953426,41.28534199981004,0,0
4803,4902,4877.5,0.001960059852519569,0.003976855174056447,0,0,4902,Dog,38.27791200001229,1.4745159996891744,39.75342900002943,0,0
4804,4903,4878.5,0.000903388870055255,0.003976659724697477,0,0,4903,Dog,40.400478999799816,1.3854200001333083,41.78677499976402,0,0
4805,4904,4879.5,0.0006202565326712817,0.00397646427533851,0,0,4904,Dog,37.571051999748306,1.389962999837735,38.96189700026298,0,0
4806,4905,4880.5,0.0006145122098932809,0.00397626882597954,0,0,4905,Dog,37.75759000018297,1.9565759998840804,39.71505200024694,0,0
4807,4906,4881.5,0.0,0.00397607337662057,0,0,4906,Dog,36.88408800007892,2.813896000134264,39.69890200005466,0,0
4808,4907,4882.5,0.0002621934626159117,0.003975877927261599,0,0,4907,Dog,45.06765300038751,1.4411830002245551,46.50986699971327,0,0
4809,4908,4883.5,0.0009126042533804668,0.003975682477902629,0,0,4908,Dog,40.46357100014575,2.8299369996602763,43.2945339998696,0,0
4810,4909,4884.5,0.0021603760469263156,0.003975487028543662,0,0,4909,Dog,41.91146400034995,1.4018769998074276,43.31425700002001,0,0
4811,4910,4885.5,0.00031546535958248967,0.003975291579184692,0,0,4910,Dog,55.072985000151675,1.4117219998297514,56.48566199988636,0,0
4812,4911,4886.5,0.000160147026073032,0.003975096129825722,0,0,4911,Dog,39.82901400013361,3.8135009999678005,43.64339099993231,0,0
4813,4912,4887.5,0.0014466788823372934,0.0039749006804667515,0,0,4912,Dog,43.06722199999058,1.4170559998092358,44.485162000000855,0,0
4814,4913,4888.5,0.0004810247865363326,0.003974705231107782,0,0,4913,Dog,38.80093099996884,2.4177139998755592,41.219892999833974,0,0
4815,4914,4889.5,0.0,0.003974509781748814,0,0,4914,Dog,36.42702000024656,3.7166920001254766,40.144740999949136,0,0
4816,4915,4890.5,0.0,0.0039743143323898444,0,0,4915,Dog,42.12301999996271,1.0089069996865874,43.13271099999838,0,0
4817,4916,4891.5,0.0,0.0039741188830308746,0,0,4916,Dog,45.11483099986435,3.5082409999631636,48.623888000292936,0,0
4818,4917,4892.5,0.0,0.003973923433671904,0,0,4917,Dog,38.46033099989654,0.9863700001915277,39.447434000067005,0,0
4819,4918,4893.5,0.0,0.003973727984312934,0,0,4918,Dog,35.01172400001451,1.0039700000561425,36.016392999954405,0,0
4820,4919,4894.5,0.0,0.003973532534953967,0,0,4919,Dog,48.41981199979273,1.0049419997812947,49.425556999722176,0,0
4821,4920,4895.5,0.0,0.003973337085594997,0,0,4920,Dog,34.564700000373705,0.9928770000442455,35.55835799988927,0,0
4822,4921,4896.5,0.0,0.003973117267378639,0,0,4921,Dog,46.028902000216476,0.9728740001264669,47.00244499963446,0,0
4823,4922,4897.5,0.0,0.003972897449162281,0,0,4922,Dog,38.76153500004875,3.460065000126633,42.22244299990052,0,0
4824,4923,4898.5,0.0,0.003972677630945923,0,0,4923,Dog,38.755789999868284,5.532331999802409,44.28882399997747,0,0
4825,4924,4899.5,0.0,0.003972457812729569,0,0,4924,Dog,36.484082999777456,1.0005730000557378,37.485422999907314,0,0
4826,4925,4900.5,0.0,0.003972237994513211,0,0,4925,Dog,47.90404000004855,1.5065669999785314,49.411611999857996,0,0
4827,4926,4901.5,0.0,0.003972018176296854,0,0,4926,Dog,52.402696000172,3.3252829998673405,55.72916399978567,0,0
4828,4927,4902.5,0.0,0.003971798358080495,0,0,4927,Dog,48.75829400043585,1.5160309999373567,50.275413999770535,0,0
4829,4928,4903.5,0.0,0.003971578539864138,0,0,4928,Dog,37.349477999669034,1.3975500000924512,38.74794400007886,0,0
4830,4929,4904.5,0.0,0.0039713587216477836,0,0,4929,Dog,40.54955599985988,1.4163390001158405,41.96693799985951,0,0
4831,4930,4905.5,0.0,0.003971138903431426,0,0,4930,Dog,36.618568999983836,3.551520999735658,40.17104000013205,0,0
4832,4931,4906.5,0.0,0.003970919085215068,0,0,4931,Dog,37.64544499972544,1.0781979999592295,38.72455500004435,0,0
4833,4932,4907.5,0.0,0.00397069926699871,0,0,4932,Dog,41.717797000274004,2.410091999990982,44.12881100006416,0,0
4834,4933,4908.5,0.00033138228706974804,0.003970479448782352,0,0,4933,Dog,43.54225899987796,1.4252699997996388,44.96857599997384,0,0
4835,4934,4909.5,0.0,0.003970259630565998,0,0,4934,Dog,39.61632599975928,1.4322880001600424,41.049590000056924,0,0
4836,4935,4910.5,0.0,0.0039700398123496405,0,0,4935,Dog,38.49074500021743,1.5098789999683504,40.00158600001669,0,0
4837,4936,4911.5,0.0,0.003969819994133283,0,0,4936,Dog,70.48881099990467,1.44595300025685,71.93568299999242,0,0
4838,4937,4912.5,0.0,0.0039696001759169245,0,0,4937,Dog,45.9039830002439,1.0914489998867793,46.996844000204874,0,0
4839,4938,4913.5,0.0,0.003969380357700567,0,0,4938,Dog,36.886792999666795,1.3178890003473498,38.20580000001428,0,0
4840,4939,4914.5,0.0,0.003969160539484213,0,0,4939,Dog,41.404123999654985,5.088476000310038,46.49345400002858,0,0
4841,4940,4915.5,0.0,0.003968940721267855,0,0,4940,Dog,58.811173000322015,3.8759789999858185,62.68820700006472,0,0
4842,4941,4916.5,0.0003566354406897565,0.003967848196777225,0,0,4941,Dog,48.80363399979615,1.485688999764534,50.29028399985691,0,0
4843,4942,4917.5,0.00018640427419958083,0.003966755672286596,0,0,4942,Dog,46.061724000082904,1.013146000332199,47.075783999844134,0,0
4844,4943,4918.5,0.0007767591675700292,0.003965663147795966,0,0,4943,Dog,41.777006999836885,3.484121000383311,45.262038000146276,0,0
4845,4944,4919.5,0.0011646546471855146,0.003964570623305357,0,0,4944,Dog,38.679888999922696,1.048042000093119,39.72870400002648,0,0
4846,4945,4920.5,0.0018067305237243758,0.003963478098814727,0,0,4945,Dog,35.95682100012709,1.0453600002620078,37.00288599975465,0,0
4847,4946,4921.5,0.0017593236782597055,0.003962385574324097,0,0,4946,Dog,36.95603000005576,1.5822979999029485,38.539075999779016,0,0
4848,4947,4922.5,0.0027969873037704263,0.0039612930498334675,0,1,4947,Dog,35.41860000041197,3.5741540000344685,38.99366999985432,0,0
4849,4948,4923.5,0.0030701448478127613,0.0039602005253428375,0,1,4948,Dog,38.4046640001543,3.575274000013451,41.980700000294746,0,0
4850,4949,4924.5,0.0027539944243465397,0.003959108000852228,0,1,4949,Dog,40.48661800015907,1.0158860000046843,41.50335199983601,0,0
4851,4950,4925.5,0.0016587248925459264,0.003958015476361598,0,0,4950,Dog,38.069652000103815,3.4704079998846282,41.54117200005203,0,0
4852,4951,4926.5,0.00151547365122362,0.003956922951870968,0,0,4951,Dog,35.54990500015265,4.082604999894102,39.63359899989882,0,0
4853,4952,4927.5,8.568393990127099e-05,0.003955830427380339,0,0,4952,Dog,40.72684799984927,3.571430999727454,44.299116999809485,0,0
4854,4953,4928.5,0.0005001272399536294,0.003954737902889709,0,0,4953,Dog,41.27934300004199,3.7589479998132447,45.03918900036297,0,0
4855,4954,4929.5,0.0003805103187399794,0.0039536453783991,0,0,4954,Dog,43.17011700004514,1.4294279999376158,44.600480000099196,0,0
4856,4955,4930.5,0.0004256468740838626,0.00395255285390847,0,0,4955,Dog,47.259493000183284,1.4368700003615231,48.69726200013247,0,0
4857,4956,4931.5,0.0,0.00395146032941784,0,0,4956,Dog,39.097769999898446,0.9882379999908153,40.086853000047995,0,0
4858,4957,4932.5,0.0,0.003950367804927211,0,0,4957,Dog,39.59737200011659,1.2755729999298637,40.873787999771594,0,0
4859,4958,4933.5,0.0,0.0039492752804365806,0,0,4958,Dog,39.463017000343825,1.446649999707006,40.91057100004036,0,0
4860,4959,4934.5,0.00010588911710862625,0.003948182755945971,0,0,4959,Dog,42.964713999936066,2.830816999903618,45.79652599977635,0,0
4861,4960,4935.5,0.0,0.003947090231455341,0,0,4960,Dog,42.37098399971728,1.0701649998736684,43.44197800037364,0,0
4862,4961,4936.5,0.0,0.003946839142046099,0,0,4961,Dog,37.907550999989326,3.6021789996993903,41.510538999773416,0,0
4863,4962,4937.5,0.0,0.003946588052636855,0,0,4962,Dog,38.50496599989128,1.135893000082433,39.64193599995269,0,0
4864,4963,4938.5,0.0,0.003946336963227612,0,0,4963,Dog,38.905493000129354,1.132258000325237,40.03862899980959,0,0
4865,4964,4939.5,0.0,0.003946085873818373,0,0,4964,Dog,37.728490000063175,1.1110479999842937,38.840595000237954,0,0
4866,4965,4940.5,0.0,0.00394583478440913,0,0,4965,Dog,37.87671899999623,2.553941999849485,40.431325000099605,0,0
4867,4966,4941.5,0.0,0.003945583694999887,0,0,4966,Dog,35.45604300006744,1.0950949999823933,36.55199000013454,0,0
4868,4967,4942.5,0.0,0.003945332605590644,0,0,4967,Dog,36.006257999815716,1.0616420004225802,37.06871399981537,0,0
4869,4968,4943.5,0.0,0.003945081516181401,0,0,4968,Dog,40.57988299973658,2.8183270001136407,43.39912700015702,0,0
4870,4969,4944.5,0.0,0.003944830426772162,0,0,4969,Dog,43.21065400017687,1.4372830000866088,44.648866999978054,0,0
4871,4970,4945.5,0.0,0.003944579337362919,0,0,4970,Dog,41.74073200010753,1.0827860000972578,42.82439799999338,0,0
4872,4971,4946.5,0.0,0.003944328247953676,0,0,4971,Dog,42.77885800001968,2.967015999729483,45.74679900042611,0,0
4873,4972,4947.5,0.0,0.003944077158544433,0,0,4972,Dog,34.3439049997869,1.3544290000027104,35.69909799989546,0,0
4874,4973,4948.5,0.0,0.00394382606913519,0,0,4973,Dog,37.435558999732166,0.9698419999040198,38.40613900001699,0,0
4875,4974,4949.5,0.0,0.003943574979725951,0,0,4974,Dog,35.01557099980346,3.8703360000909015,38.88675200005309,0,0
4876,4975,4950.5,0.0,0.003943323890316708,0,0,4975,Dog,43.03717899983894,1.5355069999714033,44.57372100023349,0,0
4877,4976,4951.5,0.0,0.003943072800907465,0,0,4976,Dog,39.54988499981482,3.018824999799108,42.5700109999525,0,0
4878,4977,4952.5,0.0,0.0039428217114982215,0,0,4977,Dog,39.88230599998133,4.249254000114888,44.13259000011749,0,0
4879,4978,4953.5,0.0,0.003942570622088979,0,0,4978,Dog,42.056373999912466,1.4075589997446514,43.46486900021773,0,0
4880,4979,4954.5,0.0,0.003942319532679739,0,0,4979,Dog,40.346625999973185,1.0659800000212272,41.41341900003681,0,0
4881,4980,4955.5,0.0,0.003942068443270497,0,0,4980,Dog,38.90146999992794,3.255184000408917,42.157685000347556,0,0
4882,4981,4956.5,0.0,0.003941822156055446,0,0,4981,Dog,37.608503000228666,2.4772339997980453,40.08675300019604,0,0
4883,4982,4957.5,0.0,0.003941575868840395,0,0,4982,Dog,44.46836400029497,1.4333179997265688,45.90261200019086,0,0
4884,4983,4958.5,0.0,0.003941329581625345,0,0,4983,Dog,39.73893400007,2.5633059999563557,42.303029999857245,0,0
4885,4984,4959.5,6.422548420981222e-06,0.003941083294410298,0,0,4984,Dog,36.47010499980752,0.9717990001263388,37.442612999711855,0,0
4886,4985,4960.5,0.0,0.003940837007195247,0,0,4985,Dog,35.05505999964953,0.9576950001246587,36.01356499984831,0,0
4887,4986,4961.5,0.0,0.003940590719980196,0,0,4986,Dog,35.0791810001283,1.6920110001592548,36.77242200001274,0,0
4888,4987,4962.5,0.0,0.003940344432765145,0,0,4987,Dog,36.42726499992932,4.872452000199701,41.30079099968498,0,0
4889,4988,4963.5,0.0,0.003940098145550095,0,0,4988,Dog,43.206298999848514,1.679251000041404,44.88723899976321,0,0
4890,4989,4964.5,0.0,0.003939851858335048,0,0,4989,Dog,43.404054999882646,1.217439000356535,44.62314600004902,0,0
4891,4990,4965.5,0.0,0.003939605571119997,0,0,4990,Dog,35.69173799996861,1.3229310002316197,37.016163999851415,0,0
4892,4991,4966.5,0.0,0.003939359283904946,0,0,4991,Dog,41.62991300017893,1.3559870003518881,42.9870259999916,0,0
4893,4992,4967.5,0.0,0.003939112996689895,0,0,4992,Dog,37.546943000052124,1.1927789996661886,38.740603999940504,0,0
4894,4993,4968.5,0.0,0.003938866709474845,0,0,4993,Dog,47.88037100024667,1.2245759999132133,49.10609300031865,0,0
4895,4994,4969.5,0.0,0.003938620422259799,0,0,4994,Dog,37.75033200008693,2.351012999952218,40.1024090001556,0,0
4896,4995,4970.5,0.00020984294878600984,0.003938374135044748,0,0,4995,Dog,38.45693299990671,3.55817100034983,42.01587100033066,0,0
4897,4996,4971.5,0.00023878920159736694,0.003938127847829697,0,0,4996,Dog,33.271654000145645,3.9427799997611146,37.215104999631876,0,0
4898,4997,4972.5,0.001635561874803959,0.003937881560614646,0,0,4997,Dog,50.88152100006482,1.4862139996694168,52.36871999977666,0,0
4899,4998,4973.5,0.0029215188661890767,0.003937635273399596,0,1,4998,Dog,48.496934000013425,4.767701000218949,53.26560499997868,0,0
4900,4999,4974.5,0.0023366903983041976,0.003937388986184549,0,1,4999,Dog,44.24865900000441,1.4266180000959139,45.67617400016388,0,0
