t,image_path,label,label_id,text,segment
0,/home/dxzielinski/Downloads/archive/PetImages/Cat/4691.jpg,Cat,0,round stream drift house pattern house room jumping foreground sequence steady quiet running sharp calm shadow,pre_drift
1,/home/dxzielinski/Downloads/archive/PetImages/Cat/11151.jpg,Cat,0,sample running wild caption clean eyes signal blur random warm sample tail,pre_drift
2,/home/dxzielinski/Downloads/archive/PetImages/Cat/129.jpg,Cat,0,focus frame stream signal noisy night,pre_drift
3,/home/dxzielinski/Downloads/archive/PetImages/Cat/2466.jpg,Cat,0,background near fast moment window abrupt round night random long quiet quiet,pre_drift
4,/home/dxzielinski/Downloads/archive/PetImages/Cat/4319.jpg,Cat,0,garden stream street abrupt window far random signal sequence signal dark window curious playful grass,pre_drift
5,/home/dxzielinski/Downloads/archive/PetImages/Cat/7000.jpg,Cat,0,dark online shadow stream air,pre_drift
6,/home/dxzielinski/Downloads/archive/PetImages/Cat/935.jpg,Cat,0,jumping window calm field messy window noisy,pre_drift
7,/home/dxzielinski/Downloads/archive/PetImages/Cat/7563.jpg,Cat,0,noisy near change path calm inside blur grass,pre_drift
8,/home/dxzielinski/Downloads/archive/PetImages/Cat/4496.jpg,Cat,0,window state bright far noisy frame sunny drift air calm ears object,pre_drift
9,/home/dxzielinski/Downloads/archive/PetImages/Cat/10647.jpg,Cat,0,color furry object sleepy street wild near day focus abrupt,pre_drift
10,/home/dxzielinski/Downloads/archive/PetImages/Cat/8778.jpg,Cat,0,color sunny focus blur color jumping moment abrupt clean tail cold,pre_drift
11,/home/dxzielinski/Downloads/archive/PetImages/Cat/2481.jpg,Cat,0,playful wild clean clean quiet bright change bright room shadow floor sitting phase focus,pre_drift
12,/home/dxzielinski/Downloads/archive/PetImages/Cat/7643.jpg,Cat,0,shape night curious house texture state sitting wild,pre_drift
13,/home/dxzielinski/Downloads/archive/PetImages/Cat/273.jpg,Cat,0,house texture center still sample dark warm moment,pre_drift
14,/home/dxzielinski/Downloads/archive/PetImages/Cat/7613.jpg,Cat,0,cold dark shadow abrupt signal garden grass change soft,pre_drift
15,/home/dxzielinski/Downloads/archive/PetImages/Cat/10969.jpg,Cat,0,large looking phase sequence drift photo window moment phase fast still night,pre_drift
16,/home/dxzielinski/Downloads/archive/PetImages/Cat/4809.jpg,Cat,0,blur happy happy photo gentle playful clean event playful drift outside inside blur online short furry,pre_drift
17,/home/dxzielinski/Downloads/archive/PetImages/Cat/1501.jpg,Cat,0,frame gentle sunny happy calm,pre_drift
18,/home/dxzielinski/Downloads/archive/PetImages/Cat/6257.jpg,Cat,0,signal night clean short steady window blur near moment,pre_drift
19,/home/dxzielinski/Downloads/archive/PetImages/Cat/4520.jpg,Cat,0,shadow playful bright center moment foreground object light blanket,pre_drift
20,/home/dxzielinski/Downloads/archive/PetImages/Cat/7817.jpg,Cat,0,grass light sequence background drift change background sitting grass light tail moment playful,pre_drift
21,/home/dxzielinski/Downloads/archive/PetImages/Cat/1001.jpg,Cat,0,random camera far night eyes still round outside,pre_drift
22,/home/dxzielinski/Downloads/archive/PetImages/Cat/7878.jpg,Cat,0,wild moment gentle soft foreground garden air day house stream path frame curious,pre_drift
23,/home/dxzielinski/Downloads/archive/PetImages/Cat/1050.jpg,Cat,0,large photo floor clean inside pattern room window color motion night near soft messy long street,pre_drift
24,/home/dxzielinski/Downloads/archive/PetImages/Cat/8832.jpg,Cat,0,random sharp change abrupt clean,pre_drift
25,/home/dxzielinski/Downloads/archive/PetImages/Cat/1835.jpg,Cat,0,sharp long level jumping sample motion furry tail day,pre_drift
26,/home/dxzielinski/Downloads/archive/PetImages/Cat/12108.jpg,Cat,0,sleepy sleepy room far far,pre_drift
27,/home/dxzielinski/Downloads/archive/PetImages/Cat/10890.jpg,Cat,0,near curious window running long street still stream quiet round motion path curious ears frame stream,pre_drift
28,/home/dxzielinski/Downloads/archive/PetImages/Cat/9360.jpg,Cat,0,camera light playful state noisy blanket still,pre_drift
29,/home/dxzielinski/Downloads/archive/PetImages/Cat/9919.jpg,Cat,0,calm inside camera path blanket sitting online long far moment round moment clean,pre_drift
30,/home/dxzielinski/Downloads/archive/PetImages/Cat/66.jpg,Cat,0,sample clean camera sample motion,pre_drift
31,/home/dxzielinski/Downloads/archive/PetImages/Cat/11098.jpg,Cat,0,event abrupt motion caption abrupt steady wild house camera round far,pre_drift
32,/home/dxzielinski/Downloads/archive/PetImages/Cat/3403.jpg,Cat,0,eyes dark texture event steady short eyes texture round texture focus eyes shape frame,pre_drift
33,/home/dxzielinski/Downloads/archive/PetImages/Cat/9956.jpg,Cat,0,night long event caption corner running dark stream street garden sharp short abrupt calm bright,pre_drift
34,/home/dxzielinski/Downloads/archive/PetImages/Cat/3486.jpg,Cat,0,random clean caption window color sequence event window signal furry background room shape field warm,pre_drift
35,/home/dxzielinski/Downloads/archive/PetImages/Cat/6054.jpg,Cat,0,quiet night light looking small ears,pre_drift
36,/home/dxzielinski/Downloads/archive/PetImages/Cat/9069.jpg,Cat,0,air quiet curious ears shadow shadow shape stream focus near jumping event scene,pre_drift
37,/home/dxzielinski/Downloads/archive/PetImages/Cat/7716.jpg,Cat,0,night inside sharp sample stream moment shape tail phase phase,pre_drift
38,/home/dxzielinski/Downloads/archive/PetImages/Cat/9880.jpg,Cat,0,long dark sequence steady playful random,pre_drift
39,/home/dxzielinski/Downloads/archive/PetImages/Cat/9592.jpg,Cat,0,calm sunny dark center caption round motion eyes,pre_drift
40,/home/dxzielinski/Downloads/archive/PetImages/Cat/9981.jpg,Cat,0,garden wild eyes phase air night ears window sequence tail fast messy bright still house large,pre_drift
41,/home/dxzielinski/Downloads/archive/PetImages/Cat/10095.jpg,Cat,0,stream garden sleepy level sitting sunny token short shadow,pre_drift
42,/home/dxzielinski/Downloads/archive/PetImages/Cat/5963.jpg,Cat,0,sunny furry window scene day far tail fast day fast sequence,pre_drift
43,/home/dxzielinski/Downloads/archive/PetImages/Cat/3252.jpg,Cat,0,stream signal garden air house blanket curious window object quiet moment phase sitting path level,pre_drift
44,/home/dxzielinski/Downloads/archive/PetImages/Cat/1463.jpg,Cat,0,shadow color abrupt curious furry window,pre_drift
45,/home/dxzielinski/Downloads/archive/PetImages/Cat/523.jpg,Cat,0,cold texture scene inside gentle garden event change,pre_drift
46,/home/dxzielinski/Downloads/archive/PetImages/Cat/9888.jpg,Cat,0,light caption looking running photo furry,pre_drift
47,/home/dxzielinski/Downloads/archive/PetImages/Cat/1676.jpg,Cat,0,far sleepy state state soft still corner near level object small foreground soft warm online ears,pre_drift
48,/home/dxzielinski/Downloads/archive/PetImages/Cat/10390.jpg,Cat,0,background window sequence online fast street abrupt corner center round foreground scene outside,pre_drift
49,/home/dxzielinski/Downloads/archive/PetImages/Cat/10529.jpg,Cat,0,house dark level foreground light cold noisy level blanket small light short,pre_drift
50,/home/dxzielinski/Downloads/archive/PetImages/Cat/1290.jpg,Cat,0,field street small long online eyes window,pre_drift
51,/home/dxzielinski/Downloads/archive/PetImages/Cat/3356.jpg,Cat,0,jumping long room shadow state wild jumping token large cold running background,pre_drift
52,/home/dxzielinski/Downloads/archive/PetImages/Cat/7468.jpg,Cat,0,moment eyes random window wild street motion playful frame focus looking pattern small messy,pre_drift
53,/home/dxzielinski/Downloads/archive/PetImages/Cat/5908.jpg,Cat,0,phase grass noisy warm playful signal furry moment photo,pre_drift
54,/home/dxzielinski/Downloads/archive/PetImages/Cat/7210.jpg,Cat,0,motion change happy field window tail token sharp abrupt sunny drift token calm calm floor token,pre_drift
55,/home/dxzielinski/Downloads/archive/PetImages/Cat/5989.jpg,Cat,0,playful wild sample phase calm steady focus gentle round large far center texture object quiet,pre_drift
56,/home/dxzielinski/Downloads/archive/PetImages/Cat/8967.jpg,Cat,0,outside small window sequence moment running signal light sleepy short wild eyes noisy,pre_drift
57,/home/dxzielinski/Downloads/archive/PetImages/Cat/10414.jpg,Cat,0,jumping house short soft random background,pre_drift
58,/home/dxzielinski/Downloads/archive/PetImages/Cat/12221.jpg,Cat,0,field air change event shape moment floor outside,pre_drift
59,/home/dxzielinski/Downloads/archive/PetImages/Cat/1334.jpg,Cat,0,large outside jumping camera field sunny sharp object far shape,pre_drift
60,/home/dxzielinski/Downloads/archive/PetImages/Cat/11533.jpg,Cat,0,color sharp sample dark floor light ears blur bright jumping corner scene calm near,pre_drift
61,/home/dxzielinski/Downloads/archive/PetImages/Cat/1875.jpg,Cat,0,curious calm quiet curious shape steady focus grass sitting happy house signal camera background stream,pre_drift
62,/home/dxzielinski/Downloads/archive/PetImages/Cat/433.jpg,Cat,0,light cold small happy sunny shadow stream,pre_drift
63,/home/dxzielinski/Downloads/archive/PetImages/Cat/5227.jpg,Cat,0,moment background running window sleepy gentle bright,pre_drift
64,/home/dxzielinski/Downloads/archive/PetImages/Cat/10806.jpg,Cat,0,grass garden small quiet sample messy jumping corner ears soft,pre_drift
65,/home/dxzielinski/Downloads/archive/PetImages/Cat/10645.jpg,Cat,0,background object blur steady jumping photo center bright wild dark warm color photo,pre_drift
66,/home/dxzielinski/Downloads/archive/PetImages/Cat/10234.jpg,Cat,0,focus motion shadow background change street phase floor short corner,pre_drift
67,/home/dxzielinski/Downloads/archive/PetImages/Cat/5950.jpg,Cat,0,state short playful sitting drift,pre_drift
68,/home/dxzielinski/Downloads/archive/PetImages/Cat/10157.jpg,Cat,0,fast furry steady happy blanket abrupt focus abrupt abrupt far,pre_drift
69,/home/dxzielinski/Downloads/archive/PetImages/Cat/7397.jpg,Cat,0,day shadow sample curious event photo texture floor,pre_drift
70,/home/dxzielinski/Downloads/archive/PetImages/Cat/715.jpg,Cat,0,running inside playful motion corner motion,pre_drift
71,/home/dxzielinski/Downloads/archive/PetImages/Cat/7687.jpg,Cat,0,sequence running furry tail online room light happy color street random floor sequence corner,pre_drift
72,/home/dxzielinski/Downloads/archive/PetImages/Cat/7124.jpg,Cat,0,curious window phase dark sitting shape messy calm,pre_drift
73,/home/dxzielinski/Downloads/archive/PetImages/Cat/1814.jpg,Cat,0,jumping ears center motion foreground frame dark long focus stream,pre_drift
74,/home/dxzielinski/Downloads/archive/PetImages/Cat/6277.jpg,Cat,0,ears caption texture quiet abrupt small sample sequence dark far jumping,pre_drift
75,/home/dxzielinski/Downloads/archive/PetImages/Cat/3967.jpg,Cat,0,short blur floor wild quiet sample still eyes furry blanket state small day floor phase,pre_drift
76,/home/dxzielinski/Downloads/archive/PetImages/Cat/8889.jpg,Cat,0,photo floor warm curious path level playful level curious blur jumping inside running sequence eyes shape,pre_drift
77,/home/dxzielinski/Downloads/archive/PetImages/Cat/5847.jpg,Cat,0,focus day calm path small curious running sleepy path eyes still signal,pre_drift
78,/home/dxzielinski/Downloads/archive/PetImages/Cat/616.jpg,Cat,0,bright blur light field signal floor event night,pre_drift
79,/home/dxzielinski/Downloads/archive/PetImages/Cat/892.jpg,Cat,0,far still photo online token short sleepy inside steady house bright,pre_drift
80,/home/dxzielinski/Downloads/archive/PetImages/Cat/3583.jpg,Cat,0,level small far blanket pattern drift sleepy pattern caption sunny,pre_drift
81,/home/dxzielinski/Downloads/archive/PetImages/Cat/1974.jpg,Cat,0,soft fast soft dark corner bright inside level field,pre_drift
82,/home/dxzielinski/Downloads/archive/PetImages/Cat/12020.jpg,Cat,0,object background day event round frame blur blur sunny window warm state window token night,pre_drift
83,/home/dxzielinski/Downloads/archive/PetImages/Cat/9009.jpg,Cat,0,messy foreground dark path blanket caption dark sample path day soft noisy,pre_drift
84,/home/dxzielinski/Downloads/archive/PetImages/Cat/6393.jpg,Cat,0,playful color inside drift stream near running motion gentle sample field sitting state warm air noisy,pre_drift
85,/home/dxzielinski/Downloads/archive/PetImages/Cat/4612.jpg,Cat,0,signal clean grass night day field,pre_drift
86,/home/dxzielinski/Downloads/archive/PetImages/Cat/2242.jpg,Cat,0,warm dark token calm soft fast happy texture clean gentle,pre_drift
87,/home/dxzielinski/Downloads/archive/PetImages/Cat/8619.jpg,Cat,0,warm small sequence happy large,pre_drift
88,/home/dxzielinski/Downloads/archive/PetImages/Cat/7707.jpg,Cat,0,calm looking cold blanket room frame air dark window focus jumping jumping ears scene grass,pre_drift
89,/home/dxzielinski/Downloads/archive/PetImages/Cat/3739.jpg,Cat,0,sleepy state state cold steady clean sample cold,pre_drift
90,/home/dxzielinski/Downloads/archive/PetImages/Cat/4387.jpg,Cat,0,change round sharp noisy light gentle,pre_drift
91,/home/dxzielinski/Downloads/archive/PetImages/Cat/7148.jpg,Cat,0,eyes change running photo light foreground sharp outside,pre_drift
92,/home/dxzielinski/Downloads/archive/PetImages/Cat/12182.jpg,Cat,0,sample tail steady sharp photo motion blanket,pre_drift
93,/home/dxzielinski/Downloads/archive/PetImages/Cat/6313.jpg,Cat,0,event garden far window shape running playful curious token night,pre_drift
94,/home/dxzielinski/Downloads/archive/PetImages/Cat/11283.jpg,Cat,0,warm online token night photo night house street round house dark room event photo gentle,pre_drift
95,/home/dxzielinski/Downloads/archive/PetImages/Cat/4693.jpg,Cat,0,night floor state foreground path shape tail,pre_drift
96,/home/dxzielinski/Downloads/archive/PetImages/Cat/1378.jpg,Cat,0,floor scene sunny state signal sleepy phase quiet stream corner jumping blanket level fast,pre_drift
97,/home/dxzielinski/Downloads/archive/PetImages/Cat/2776.jpg,Cat,0,day frame level light day house fast stream online soft path small object color camera,pre_drift
98,/home/dxzielinski/Downloads/archive/PetImages/Cat/3125.jpg,Cat,0,wild ears signal online steady steady sleepy calm short motion shape drift garden,pre_drift
99,/home/dxzielinski/Downloads/archive/PetImages/Cat/9642.jpg,Cat,0,event soft caption sharp still small calm,pre_drift
100,/home/dxzielinski/Downloads/archive/PetImages/Cat/7068.jpg,Cat,0,house center bright motion change day,pre_drift
101,/home/dxzielinski/Downloads/archive/PetImages/Cat/867.jpg,Cat,0,room curious sample object clean cold background street grass window air happy signal bright,pre_drift
102,/home/dxzielinski/Downloads/archive/PetImages/Cat/1829.jpg,Cat,0,messy phase playful level event round sitting messy field field inside,pre_drift
103,/home/dxzielinski/Downloads/archive/PetImages/Cat/9311.jpg,Cat,0,garden near random window color small sample frame street corner air messy,pre_drift
104,/home/dxzielinski/Downloads/archive/PetImages/Cat/4867.jpg,Cat,0,floor playful inside texture color playful scene focus dark random,pre_drift
105,/home/dxzielinski/Downloads/archive/PetImages/Cat/12472.jpg,Cat,0,soft curious background center color garden object noisy level noisy window eyes event blur,pre_drift
106,/home/dxzielinski/Downloads/archive/PetImages/Cat/2811.jpg,Cat,0,grass warm abrupt quiet stream shadow running large room abrupt ears quiet drift,pre_drift
107,/home/dxzielinski/Downloads/archive/PetImages/Cat/9777.jpg,Cat,0,outside inside night event dark noisy floor quiet tail dark clean caption gentle event,pre_drift
108,/home/dxzielinski/Downloads/archive/PetImages/Cat/10184.jpg,Cat,0,near house ears state texture floor light floor foreground,pre_drift
109,/home/dxzielinski/Downloads/archive/PetImages/Cat/1186.jpg,Cat,0,texture far ears clean color short field eyes scene wild background clean short bright shape,pre_drift
110,/home/dxzielinski/Downloads/archive/PetImages/Cat/2955.jpg,Cat,0,gentle state cold cold field scene level change state,pre_drift
111,/home/dxzielinski/Downloads/archive/PetImages/Cat/1620.jpg,Cat,0,motion messy corner sunny object fast sunny color warm large day window sequence warm grass,pre_drift
112,/home/dxzielinski/Downloads/archive/PetImages/Cat/3661.jpg,Cat,0,stream event center small playful curious center,pre_drift
113,/home/dxzielinski/Downloads/archive/PetImages/Cat/8231.jpg,Cat,0,happy event corner outside window corner,pre_drift
114,/home/dxzielinski/Downloads/archive/PetImages/Cat/10076.jpg,Cat,0,curious online wild grass far window gentle caption,pre_drift
115,/home/dxzielinski/Downloads/archive/PetImages/Cat/4855.jpg,Cat,0,looking outside tail messy light,pre_drift
116,/home/dxzielinski/Downloads/archive/PetImages/Cat/4829.jpg,Cat,0,center sleepy floor inside center corner tail,pre_drift
117,/home/dxzielinski/Downloads/archive/PetImages/Cat/10169.jpg,Cat,0,noisy abrupt wild garden moment background calm sunny short outside street day still curious phase,pre_drift
118,/home/dxzielinski/Downloads/archive/PetImages/Cat/6963.jpg,Cat,0,texture looking still camera playful pattern level sitting steady clean,pre_drift
119,/home/dxzielinski/Downloads/archive/PetImages/Cat/8011.jpg,Cat,0,window gentle gentle online furry floor object far stream happy short window bright wild,pre_drift
120,/home/dxzielinski/Downloads/archive/PetImages/Cat/4450.jpg,Cat,0,pattern object house level jumping motion foreground jumping gentle still foreground focus outside,pre_drift
121,/home/dxzielinski/Downloads/archive/PetImages/Cat/2802.jpg,Cat,0,blanket scene photo inside path day motion change garden level phase air drift quiet,pre_drift
122,/home/dxzielinski/Downloads/archive/PetImages/Cat/3490.jpg,Cat,0,sample warm dark corner blur sitting clean change sleepy grass steady,pre_drift
123,/home/dxzielinski/Downloads/archive/PetImages/Cat/1588.jpg,Cat,0,stream shape furry focus sharp air playful,pre_drift
124,/home/dxzielinski/Downloads/archive/PetImages/Cat/4271.jpg,Cat,0,field grass drift online garden day ears large camera drift,pre_drift
125,/home/dxzielinski/Downloads/archive/PetImages/Cat/4677.jpg,Cat,0,path floor sunny object fast frame blur sleepy sleepy window night,pre_drift
126,/home/dxzielinski/Downloads/archive/PetImages/Cat/4803.jpg,Cat,0,sharp moment color jumping clean window motion phase camera,pre_drift
127,/home/dxzielinski/Downloads/archive/PetImages/Cat/3631.jpg,Cat,0,frame motion fast object small color,pre_drift
128,/home/dxzielinski/Downloads/archive/PetImages/Cat/4155.jpg,Cat,0,foreground camera random furry dark event short gentle phase level air light warm stream drift,pre_drift
129,/home/dxzielinski/Downloads/archive/PetImages/Cat/6844.jpg,Cat,0,outside quiet garden window cold sharp gentle foreground playful phase window outside,pre_drift
130,/home/dxzielinski/Downloads/archive/PetImages/Cat/656.jpg,Cat,0,pattern blanket sample steady drift tail short jumping,pre_drift
131,/home/dxzielinski/Downloads/archive/PetImages/Cat/2014.jpg,Cat,0,corner blanket sharp garden blur blanket room jumping gentle round round light focus playful,pre_drift
132,/home/dxzielinski/Downloads/archive/PetImages/Cat/5911.jpg,Cat,0,night day pattern photo noisy curious level photo soft shape,pre_drift
133,/home/dxzielinski/Downloads/archive/PetImages/Cat/2290.jpg,Cat,0,clean bright blanket sharp window camera street scene blanket color night,pre_drift
134,/home/dxzielinski/Downloads/archive/PetImages/Cat/10666.jpg,Cat,0,playful dark color dark air bright token wild ears grass drift,pre_drift
135,/home/dxzielinski/Downloads/archive/PetImages/Cat/6283.jpg,Cat,0,wild garden caption jumping online drift fast online,pre_drift
136,/home/dxzielinski/Downloads/archive/PetImages/Cat/3773.jpg,Cat,0,noisy sleepy jumping garden looking sitting shadow quiet,pre_drift
137,/home/dxzielinski/Downloads/archive/PetImages/Cat/1720.jpg,Cat,0,blur round air blur path caption,pre_drift
138,/home/dxzielinski/Downloads/archive/PetImages/Cat/10869.jpg,Cat,0,sample steady frame curious shadow signal far background window color large floor,pre_drift
139,/home/dxzielinski/Downloads/archive/PetImages/Cat/1886.jpg,Cat,0,frame motion long window warm foreground blur short,pre_drift
140,/home/dxzielinski/Downloads/archive/PetImages/Cat/6016.jpg,Cat,0,object bright token house bright stream,pre_drift
141,/home/dxzielinski/Downloads/archive/PetImages/Cat/484.jpg,Cat,0,sample pattern looking blanket drift floor floor looking calm inside shadow gentle change far sunny,pre_drift
142,/home/dxzielinski/Downloads/archive/PetImages/Cat/8935.jpg,Cat,0,window motion sitting scene far,pre_drift
143,/home/dxzielinski/Downloads/archive/PetImages/Cat/11891.jpg,Cat,0,short gentle stream shadow ears bright running near corner eyes online outside soft,pre_drift
144,/home/dxzielinski/Downloads/archive/PetImages/Cat/4097.jpg,Cat,0,still short street outside round shadow shape online tail night token wild dark sleepy large,pre_drift
145,/home/dxzielinski/Downloads/archive/PetImages/Cat/3591.jpg,Cat,0,path corner steady stream state sample curious sunny change camera sharp inside,pre_drift
146,/home/dxzielinski/Downloads/archive/PetImages/Cat/726.jpg,Cat,0,house field night steady clean air shadow calm large outside,pre_drift
147,/home/dxzielinski/Downloads/archive/PetImages/Cat/11864.jpg,Cat,0,looking eyes change wild fast motion gentle object window,pre_drift
148,/home/dxzielinski/Downloads/archive/PetImages/Cat/6129.jpg,Cat,0,object looking random eyes phase ears texture online long house field soft short,pre_drift
149,/home/dxzielinski/Downloads/archive/PetImages/Cat/11605.jpg,Cat,0,caption object inside steady inside frame event near event,pre_drift
150,/home/dxzielinski/Downloads/archive/PetImages/Cat/10427.jpg,Cat,0,camera furry furry day frame outside stream sunny camera light messy clean looking wild,pre_drift
151,/home/dxzielinski/Downloads/archive/PetImages/Cat/8607.jpg,Cat,0,house house abrupt inside quiet wild object level,pre_drift
152,/home/dxzielinski/Downloads/archive/PetImages/Cat/6040.jpg,Cat,0,scene clean field eyes day path wild still texture pattern change sunny foreground camera token,pre_drift
153,/home/dxzielinski/Downloads/archive/PetImages/Cat/3900.jpg,Cat,0,steady random quiet night quiet center token,pre_drift
154,/home/dxzielinski/Downloads/archive/PetImages/Cat/5432.jpg,Cat,0,path texture air large clean window clean night window cold noisy shadow path sunny stream,pre_drift
155,/home/dxzielinski/Downloads/archive/PetImages/Cat/10641.jpg,Cat,0,random sharp ears change phase messy stream sample quiet street,pre_drift
156,/home/dxzielinski/Downloads/archive/PetImages/Cat/621.jpg,Cat,0,drift messy garden steady garden bright tail blur shape background near corner,pre_drift
157,/home/dxzielinski/Downloads/archive/PetImages/Cat/2252.jpg,Cat,0,room quiet dark scene outside night,pre_drift
158,/home/dxzielinski/Downloads/archive/PetImages/Cat/7926.jpg,Cat,0,event caption quiet ears quiet long caption wild object tail,pre_drift
159,/home/dxzielinski/Downloads/archive/PetImages/Cat/6953.jpg,Cat,0,messy color far shadow sunny far gentle,pre_drift
160,/home/dxzielinski/Downloads/archive/PetImages/Cat/11487.jpg,Cat,0,grass camera moment furry motion photo long sleepy day center garden garden jumping,pre_drift
161,/home/dxzielinski/Downloads/archive/PetImages/Cat/2194.jpg,Cat,0,light garden change small drift texture grass pattern cold bright short inside,pre_drift
162,/home/dxzielinski/Downloads/archive/PetImages/Cat/10432.jpg,Cat,0,still photo online field light motion color running texture short sleepy calm blur background clean long,pre_drift
163,/home/dxzielinski/Downloads/archive/PetImages/Cat/11879.jpg,Cat,0,shape frame field random window floor floor,pre_drift
164,/home/dxzielinski/Downloads/archive/PetImages/Cat/1286.jpg,Cat,0,photo photo far background blur still playful gentle warm cold,pre_drift
165,/home/dxzielinski/Downloads/archive/PetImages/Cat/9387.jpg,Cat,0,running air background online day furry cold level fast,pre_drift
166,/home/dxzielinski/Downloads/archive/PetImages/Cat/10498.jpg,Cat,0,sunny noisy ears long background running scene corner far clean corner day happy messy,pre_drift
167,/home/dxzielinski/Downloads/archive/PetImages/Cat/58.jpg,Cat,0,phase sunny playful caption soft,pre_drift
168,/home/dxzielinski/Downloads/archive/PetImages/Cat/10140.jpg,Cat,0,object phase short online online,pre_drift
169,/home/dxzielinski/Downloads/archive/PetImages/Cat/7811.jpg,Cat,0,round garden street frame blur ears furry object clean field drift grass ears,pre_drift
170,/home/dxzielinski/Downloads/archive/PetImages/Cat/1249.jpg,Cat,0,sample phase dark jumping quiet curious corner stream pattern soft looking wild outside outside photo frame,pre_drift
171,/home/dxzielinski/Downloads/archive/PetImages/Cat/7098.jpg,Cat,0,gentle clean running fast bright color sunny object motion,pre_drift
172,/home/dxzielinski/Downloads/archive/PetImages/Cat/2707.jpg,Cat,0,house room tail moment small window street looking,pre_drift
173,/home/dxzielinski/Downloads/archive/PetImages/Cat/12157.jpg,Cat,0,room calm garden long floor window night furry inside background day short color center steady color,pre_drift
174,/home/dxzielinski/Downloads/archive/PetImages/Cat/5824.jpg,Cat,0,shadow window steady fast path furry random far path blanket,pre_drift
175,/home/dxzielinski/Downloads/archive/PetImages/Cat/476.jpg,Cat,0,steady color window object caption noisy day soft dark happy camera,pre_drift
176,/home/dxzielinski/Downloads/archive/PetImages/Cat/5004.jpg,Cat,0,street texture gentle sleepy street field cold scene house,pre_drift
177,/home/dxzielinski/Downloads/archive/PetImages/Cat/7702.jpg,Cat,0,house garden drift day soft sunny object blur house,pre_drift
178,/home/dxzielinski/Downloads/archive/PetImages/Cat/12284.jpg,Cat,0,sleepy long random frame long messy object moment token outside window change online running object,pre_drift
179,/home/dxzielinski/Downloads/archive/PetImages/Cat/284.jpg,Cat,0,steady street street light light house pattern sitting curious shadow jumping room running event background,pre_drift
180,/home/dxzielinski/Downloads/archive/PetImages/Cat/10546.jpg,Cat,0,level steady light playful abrupt caption house large wild event event happy random sleepy sitting,pre_drift
181,/home/dxzielinski/Downloads/archive/PetImages/Cat/10530.jpg,Cat,0,drift eyes change happy inside shadow center,pre_drift
182,/home/dxzielinski/Downloads/archive/PetImages/Cat/2861.jpg,Cat,0,outside noisy field drift jumping path,pre_drift
183,/home/dxzielinski/Downloads/archive/PetImages/Cat/4794.jpg,Cat,0,light random outside short moment tail round window noisy quiet garden,pre_drift
184,/home/dxzielinski/Downloads/archive/PetImages/Cat/11642.jpg,Cat,0,sample messy tail window far background curious token field focus light change gentle dark sleepy,pre_drift
185,/home/dxzielinski/Downloads/archive/PetImages/Cat/7073.jpg,Cat,0,curious quiet window inside large air ears blur garden change field,pre_drift
186,/home/dxzielinski/Downloads/archive/PetImages/Cat/7157.jpg,Cat,0,shadow still path near token,pre_drift
187,/home/dxzielinski/Downloads/archive/PetImages/Cat/361.jpg,Cat,0,sequence furry shadow sequence foreground focus gentle,pre_drift
188,/home/dxzielinski/Downloads/archive/PetImages/Cat/306.jpg,Cat,0,house long event sequence calm shape token field round pattern long far state looking,pre_drift
189,/home/dxzielinski/Downloads/archive/PetImages/Cat/11856.jpg,Cat,0,state outside sitting looking small blanket running night field clean,pre_drift
190,/home/dxzielinski/Downloads/archive/PetImages/Cat/1238.jpg,Cat,0,clean long room round random eyes caption caption jumping background garden near far,pre_drift
191,/home/dxzielinski/Downloads/archive/PetImages/Cat/4854.jpg,Cat,0,room grass sharp house soft scene dark sitting near level change clean calm long,pre_drift
192,/home/dxzielinski/Downloads/archive/PetImages/Cat/1165.jpg,Cat,0,furry drift blanket focus clean large sleepy night room fast,pre_drift
193,/home/dxzielinski/Downloads/archive/PetImages/Cat/7454.jpg,Cat,0,inside garden near level camera jumping,pre_drift
194,/home/dxzielinski/Downloads/archive/PetImages/Cat/5482.jpg,Cat,0,signal bright state air random abrupt still,pre_drift
195,/home/dxzielinski/Downloads/archive/PetImages/Cat/9686.jpg,Cat,0,sleepy event sunny night moment furry far focus texture pattern grass,pre_drift
196,/home/dxzielinski/Downloads/archive/PetImages/Cat/10038.jpg,Cat,0,near short center running noisy messy,pre_drift
197,/home/dxzielinski/Downloads/archive/PetImages/Cat/1989.jpg,Cat,0,round curious sleepy night moment soft running center abrupt running foreground looking,pre_drift
198,/home/dxzielinski/Downloads/archive/PetImages/Cat/7823.jpg,Cat,0,background level bright quiet sharp frame,pre_drift
199,/home/dxzielinski/Downloads/archive/PetImages/Cat/5074.jpg,Cat,0,sitting short window air eyes shape token quiet corner sequence window soft texture,pre_drift
200,/home/dxzielinski/Downloads/archive/PetImages/Cat/2497.jpg,Cat,0,caption ears object looking window ears camera motion drift caption,pre_drift
201,/home/dxzielinski/Downloads/archive/PetImages/Cat/9778.jpg,Cat,0,focus light sample air near change night object messy state corner sequence,pre_drift
202,/home/dxzielinski/Downloads/archive/PetImages/Cat/4635.jpg,Cat,0,small eyes sleepy gentle blanket foreground warm,pre_drift
203,/home/dxzielinski/Downloads/archive/PetImages/Cat/4652.jpg,Cat,0,state shadow drift sharp photo tail,pre_drift
204,/home/dxzielinski/Downloads/archive/PetImages/Cat/12312.jpg,Cat,0,state color camera foreground room still corner event,pre_drift
205,/home/dxzielinski/Downloads/archive/PetImages/Cat/1492.jpg,Cat,0,shape level bright frame jumping texture quiet sample center online grass room,pre_drift
206,/home/dxzielinski/Downloads/archive/PetImages/Cat/1349.jpg,Cat,0,round pattern tail shadow long bright,pre_drift
207,/home/dxzielinski/Downloads/archive/PetImages/Cat/4825.jpg,Cat,0,event small warm round focus window floor grass motion shadow frame noisy bright photo round warm,pre_drift
208,/home/dxzielinski/Downloads/archive/PetImages/Cat/2346.jpg,Cat,0,dark furry change state street,pre_drift
209,/home/dxzielinski/Downloads/archive/PetImages/Cat/9020.jpg,Cat,0,dark drift sunny messy camera frame window running foreground gentle sample round,pre_drift
210,/home/dxzielinski/Downloads/archive/PetImages/Cat/8554.jpg,Cat,0,day grass texture background online grass happy color garden wild street change eyes window object,pre_drift
211,/home/dxzielinski/Downloads/archive/PetImages/Cat/12102.jpg,Cat,0,object wild calm sequence soft eyes quiet,pre_drift
212,/home/dxzielinski/Downloads/archive/PetImages/Cat/11985.jpg,Cat,0,phase sleepy wild abrupt foreground running playful corner,pre_drift
213,/home/dxzielinski/Downloads/archive/PetImages/Cat/8921.jpg,Cat,0,phase cold tail soft room path sample,pre_drift
214,/home/dxzielinski/Downloads/archive/PetImages/Cat/1942.jpg,Cat,0,happy day looking abrupt near light,pre_drift
215,/home/dxzielinski/Downloads/archive/PetImages/Cat/10984.jpg,Cat,0,sample drift jumping steady shape frame,pre_drift
216,/home/dxzielinski/Downloads/archive/PetImages/Cat/10375.jpg,Cat,0,abrupt light bright frame furry window color corner light inside quiet jumping,pre_drift
217,/home/dxzielinski/Downloads/archive/PetImages/Cat/11099.jpg,Cat,0,drift window bright clean window,pre_drift
218,/home/dxzielinski/Downloads/archive/PetImages/Cat/1489.jpg,Cat,0,ears garden phase playful tail motion near fast blanket looking dark small shape,pre_drift
219,/home/dxzielinski/Downloads/archive/PetImages/Cat/10636.jpg,Cat,0,air caption short air signal warm window air air,pre_drift
220,/home/dxzielinski/Downloads/archive/PetImages/Cat/8782.jpg,Cat,0,event window noisy pattern shape state room caption calm phase moment round clean street garden near,pre_drift
221,/home/dxzielinski/Downloads/archive/PetImages/Cat/11593.jpg,Cat,0,wild quiet still sequence sequence grass wild corner blanket online sleepy soft texture window signal shape,pre_drift
222,/home/dxzielinski/Downloads/archive/PetImages/Cat/7761.jpg,Cat,0,warm shadow motion motion shape corner round curious clean playful field ears,pre_drift
223,/home/dxzielinski/Downloads/archive/PetImages/Cat/767.jpg,Cat,0,window texture room inside steady small blur near air still bright center sitting,pre_drift
224,/home/dxzielinski/Downloads/archive/PetImages/Cat/5417.jpg,Cat,0,sleepy house signal house texture event air large corner window floor garden playful center blur caption,pre_drift
225,/home/dxzielinski/Downloads/archive/PetImages/Cat/11036.jpg,Cat,0,still light house still wild abrupt near blur tail,pre_drift
226,/home/dxzielinski/Downloads/archive/PetImages/Cat/3451.jpg,Cat,0,sharp round phase fast ears near,pre_drift
227,/home/dxzielinski/Downloads/archive/PetImages/Cat/1300.jpg,Cat,0,stream sharp phase garden cold noisy camera short blur floor tail corner small ears noisy,pre_drift
228,/home/dxzielinski/Downloads/archive/PetImages/Cat/12250.jpg,Cat,0,focus bright signal center corner sitting sharp sample foreground moment long street air caption,pre_drift
229,/home/dxzielinski/Downloads/archive/PetImages/Cat/10726.jpg,Cat,0,blur center warm sequence running caption room playful sample room light center,pre_drift
230,/home/dxzielinski/Downloads/archive/PetImages/Cat/5275.jpg,Cat,0,messy stream outside level long path long cold focus sharp texture level sequence long calm stream,pre_drift
231,/home/dxzielinski/Downloads/archive/PetImages/Cat/8111.jpg,Cat,0,focus garden focus background random camera sunny,pre_drift
232,/home/dxzielinski/Downloads/archive/PetImages/Cat/6526.jpg,Cat,0,level photo wild gentle jumping stream still quiet playful light tail,pre_drift
233,/home/dxzielinski/Downloads/archive/PetImages/Cat/2410.jpg,Cat,0,small center inside color near online curious motion sleepy light tail token color corner blanket abrupt,pre_drift
234,/home/dxzielinski/Downloads/archive/PetImages/Cat/1330.jpg,Cat,0,still center jumping small focus moment foreground playful clean event signal outside stream,pre_drift
235,/home/dxzielinski/Downloads/archive/PetImages/Cat/6612.jpg,Cat,0,motion air house near short stream state,pre_drift
236,/home/dxzielinski/Downloads/archive/PetImages/Cat/5638.jpg,Cat,0,cold air path furry sitting sequence long,pre_drift
237,/home/dxzielinski/Downloads/archive/PetImages/Cat/11296.jpg,Cat,0,blanket phase object clean inside signal small,pre_drift
238,/home/dxzielinski/Downloads/archive/PetImages/Cat/3344.jpg,Cat,0,near noisy grass garden quiet sitting level garden grass foreground soft pattern,pre_drift
239,/home/dxzielinski/Downloads/archive/PetImages/Cat/6845.jpg,Cat,0,state soft eyes happy frame quiet background caption ears sleepy shape color,pre_drift
240,/home/dxzielinski/Downloads/archive/PetImages/Cat/4724.jpg,Cat,0,signal inside caption room jumping token color large house far,pre_drift
241,/home/dxzielinski/Downloads/archive/PetImages/Cat/11781.jpg,Cat,0,running round eyes color window sharp foreground street floor air playful center,pre_drift
242,/home/dxzielinski/Downloads/archive/PetImages/Cat/7603.jpg,Cat,0,noisy token background wild sequence small,pre_drift
243,/home/dxzielinski/Downloads/archive/PetImages/Cat/1420.jpg,Cat,0,day sample sitting street abrupt near furry bright drift,pre_drift
244,/home/dxzielinski/Downloads/archive/PetImages/Cat/193.jpg,Cat,0,online quiet warm sharp blanket object moment warm sample dark online signal,pre_drift
245,/home/dxzielinski/Downloads/archive/PetImages/Cat/2405.jpg,Cat,0,camera caption cold gentle drift warm tail event,pre_drift
246,/home/dxzielinski/Downloads/archive/PetImages/Cat/4859.jpg,Cat,0,corner steady path window light blanket round object path,pre_drift
247,/home/dxzielinski/Downloads/archive/PetImages/Cat/12378.jpg,Cat,0,sitting caption calm color drift scene short abrupt sleepy large short air short looking curious,pre_drift
248,/home/dxzielinski/Downloads/archive/PetImages/Cat/10368.jpg,Cat,0,online sunny online online eyes abrupt window,pre_drift
249,/home/dxzielinski/Downloads/archive/PetImages/Cat/7575.jpg,Cat,0,warm blanket outside shape soft far large event eyes change bright change eyes object caption,pre_drift
250,/home/dxzielinski/Downloads/archive/PetImages/Dog/5759.jpg,Dog,1,drift change short air garden motion quiet looking sitting warm gentle large day,post_drift
251,/home/dxzielinski/Downloads/archive/PetImages/Dog/6425.jpg,Dog,1,quiet event moment long drift jumping grass,post_drift
252,/home/dxzielinski/Downloads/archive/PetImages/Dog/3100.jpg,Dog,1,near state photo motion steady jumping fast focus,post_drift
253,/home/dxzielinski/Downloads/archive/PetImages/Dog/429.jpg,Dog,1,eyes calm object caption quiet bright phase outside center cold,post_drift
254,/home/dxzielinski/Downloads/archive/PetImages/Dog/9935.jpg,Dog,1,far motion field calm air corner night wild window running cold quiet color,post_drift
255,/home/dxzielinski/Downloads/archive/PetImages/Dog/11809.jpg,Dog,1,sharp gentle noisy furry happy happy playful house background floor,post_drift
256,/home/dxzielinski/Downloads/archive/PetImages/Dog/12021.jpg,Dog,1,eyes sleepy running moment shape,post_drift
257,/home/dxzielinski/Downloads/archive/PetImages/Dog/12022.jpg,Dog,1,stream texture house wild sunny path house center center,post_drift
258,/home/dxzielinski/Downloads/archive/PetImages/Dog/4121.jpg,Dog,1,object still soft cold floor frame shadow shape wild field happy long messy long furry color,post_drift
259,/home/dxzielinski/Downloads/archive/PetImages/Dog/11520.jpg,Dog,1,messy happy small furry scene frame state background short sharp object bright clean room stream,post_drift
260,/home/dxzielinski/Downloads/archive/PetImages/Dog/7348.jpg,Dog,1,garden short sleepy online field,post_drift
261,/home/dxzielinski/Downloads/archive/PetImages/Dog/1903.jpg,Dog,1,window night shape dark token long cold background background online center state far,post_drift
262,/home/dxzielinski/Downloads/archive/PetImages/Dog/8643.jpg,Dog,1,color light pattern air grass small random phase scene abrupt night,post_drift
263,/home/dxzielinski/Downloads/archive/PetImages/Dog/8759.jpg,Dog,1,quiet calm playful calm round path sample sequence drift photo,post_drift
264,/home/dxzielinski/Downloads/archive/PetImages/Dog/6222.jpg,Dog,1,long garden air sunny light short soft corner window moment noisy window round moment,post_drift
265,/home/dxzielinski/Downloads/archive/PetImages/Dog/10581.jpg,Dog,1,house abrupt night jumping sunny pattern center bright,post_drift
266,/home/dxzielinski/Downloads/archive/PetImages/Dog/3157.jpg,Dog,1,air gentle day floor air sitting street random,post_drift
267,/home/dxzielinski/Downloads/archive/PetImages/Dog/10445.jpg,Dog,1,large jumping fast texture scene playful corner sunny sunny stream night floor,post_drift
268,/home/dxzielinski/Downloads/archive/PetImages/Dog/1162.jpg,Dog,1,gentle air light bright photo calm fast sample calm change calm,post_drift
269,/home/dxzielinski/Downloads/archive/PetImages/Dog/7286.jpg,Dog,1,ears sequence drift eyes dark,post_drift
270,/home/dxzielinski/Downloads/archive/PetImages/Dog/7806.jpg,Dog,1,floor background window sitting running near fast,post_drift
271,/home/dxzielinski/Downloads/archive/PetImages/Dog/8169.jpg,Dog,1,motion calm photo light blur,post_drift
272,/home/dxzielinski/Downloads/archive/PetImages/Dog/9193.jpg,Dog,1,garden path noisy street abrupt room,post_drift
273,/home/dxzielinski/Downloads/archive/PetImages/Dog/3310.jpg,Dog,1,long noisy blanket bright grass,post_drift
274,/home/dxzielinski/Downloads/archive/PetImages/Dog/2004.jpg,Dog,1,ears change token inside near shape random photo running sitting tail running signal,post_drift
275,/home/dxzielinski/Downloads/archive/PetImages/Dog/1029.jpg,Dog,1,furry warm furry noisy furry blanket sunny light abrupt shadow shadow,post_drift
276,/home/dxzielinski/Downloads/archive/PetImages/Dog/7859.jpg,Dog,1,phase small playful house sequence shadow sample change frame light online moment long phase,post_drift
277,/home/dxzielinski/Downloads/archive/PetImages/Dog/12213.jpg,Dog,1,noisy garden day path token object corner wild,post_drift
278,/home/dxzielinski/Downloads/archive/PetImages/Dog/8453.jpg,Dog,1,blanket stream object sunny short ears dark,post_drift
279,/home/dxzielinski/Downloads/archive/PetImages/Dog/4207.jpg,Dog,1,state sharp soft street background dark cold running state online sleepy eyes,post_drift
280,/home/dxzielinski/Downloads/archive/PetImages/Dog/491.jpg,Dog,1,blur steady change pattern window,post_drift
281,/home/dxzielinski/Downloads/archive/PetImages/Dog/2049.jpg,Dog,1,street shape change outside round furry dark looking,post_drift
282,/home/dxzielinski/Downloads/archive/PetImages/Dog/2608.jpg,Dog,1,blur soft token grass shape sunny color drift long looking shape,post_drift
283,/home/dxzielinski/Downloads/archive/PetImages/Dog/10313.jpg,Dog,1,photo ears path online token,post_drift
284,/home/dxzielinski/Downloads/archive/PetImages/Dog/2007.jpg,Dog,1,event path field soft level street sleepy sharp small focus calm,post_drift
285,/home/dxzielinski/Downloads/archive/PetImages/Dog/12265.jpg,Dog,1,caption online day sunny street furry caption clean sunny playful house scene background stream ears,post_drift
286,/home/dxzielinski/Downloads/archive/PetImages/Dog/11442.jpg,Dog,1,phase moment long corner sitting street playful wild,post_drift
287,/home/dxzielinski/Downloads/archive/PetImages/Dog/8437.jpg,Dog,1,small fast sample dark center dark change sharp sharp sequence,post_drift
288,/home/dxzielinski/Downloads/archive/PetImages/Dog/984.jpg,Dog,1,running floor running day token pattern far motion running,post_drift
289,/home/dxzielinski/Downloads/archive/PetImages/Dog/323.jpg,Dog,1,dark state garden gentle day air dark sunny foreground drift wild warm,post_drift
290,/home/dxzielinski/Downloads/archive/PetImages/Dog/7577.jpg,Dog,1,shadow corner stream inside texture shape night color blur scene abrupt foreground wild gentle,post_drift
291,/home/dxzielinski/Downloads/archive/PetImages/Dog/6314.jpg,Dog,1,cold window shape sample foreground window level playful camera,post_drift
292,/home/dxzielinski/Downloads/archive/PetImages/Dog/3005.jpg,Dog,1,small garden blanket fast near short sample token still steady garden,post_drift
293,/home/dxzielinski/Downloads/archive/PetImages/Dog/3533.jpg,Dog,1,wild token level pattern phase caption token,post_drift
294,/home/dxzielinski/Downloads/archive/PetImages/Dog/9137.jpg,Dog,1,day bright tail pattern warm motion long foreground short curious furry,post_drift
295,/home/dxzielinski/Downloads/archive/PetImages/Dog/12356.jpg,Dog,1,curious bright pattern shape shadow soft abrupt calm running tail abrupt gentle inside,post_drift
296,/home/dxzielinski/Downloads/archive/PetImages/Dog/10716.jpg,Dog,1,change long messy motion caption caption state corner color event,post_drift
297,/home/dxzielinski/Downloads/archive/PetImages/Dog/9182.jpg,Dog,1,street window sample steady looking frame change still path motion abrupt,post_drift
298,/home/dxzielinski/Downloads/archive/PetImages/Dog/10456.jpg,Dog,1,signal blanket blanket calm clean window playful floor far center state,post_drift
299,/home/dxzielinski/Downloads/archive/PetImages/Dog/11220.jpg,Dog,1,event looking pattern change background running eyes gentle blanket shape quiet inside moment small frame steady,post_drift
300,/home/dxzielinski/Downloads/archive/PetImages/Dog/1808.jpg,Dog,1,grass wild caption background sample center drift still eyes furry bright sharp pattern background,post_drift
301,/home/dxzielinski/Downloads/archive/PetImages/Dog/2145.jpg,Dog,1,warm street foreground scene sitting playful signal shape sunny field caption,post_drift
302,/home/dxzielinski/Downloads/archive/PetImages/Dog/9304.jpg,Dog,1,event field looking noisy path garden focus,post_drift
303,/home/dxzielinski/Downloads/archive/PetImages/Dog/10572.jpg,Dog,1,background scene running cold soft quiet curious still,post_drift
304,/home/dxzielinski/Downloads/archive/PetImages/Dog/4490.jpg,Dog,1,sitting messy night near steady near house quiet foreground sunny steady color happy camera sleepy,post_drift
305,/home/dxzielinski/Downloads/archive/PetImages/Dog/5714.jpg,Dog,1,large curious near level small,post_drift
306,/home/dxzielinski/Downloads/archive/PetImages/Dog/8880.jpg,Dog,1,phase jumping event sharp night messy jumping token window short calm clean token object night still,post_drift
307,/home/dxzielinski/Downloads/archive/PetImages/Dog/9854.jpg,Dog,1,still quiet messy sample playful photo far window level long,post_drift
308,/home/dxzielinski/Downloads/archive/PetImages/Dog/911.jpg,Dog,1,long looking stream window small quiet long short inside,post_drift
309,/home/dxzielinski/Downloads/archive/PetImages/Dog/3658.jpg,Dog,1,sitting texture motion curious random near,post_drift
310,/home/dxzielinski/Downloads/archive/PetImages/Dog/10516.jpg,Dog,1,inside drift moment eyes object round corner day noisy house far near messy,post_drift
311,/home/dxzielinski/Downloads/archive/PetImages/Dog/10811.jpg,Dog,1,signal camera calm focus stream gentle background,post_drift
312,/home/dxzielinski/Downloads/archive/PetImages/Dog/600.jpg,Dog,1,room stream signal object happy calm far scene foreground outside background focus floor,post_drift
313,/home/dxzielinski/Downloads/archive/PetImages/Dog/9130.jpg,Dog,1,house inside stream calm object warm jumping still street dark sequence background caption sunny,post_drift
314,/home/dxzielinski/Downloads/archive/PetImages/Dog/6860.jpg,Dog,1,state looking night path light field,post_drift
315,/home/dxzielinski/Downloads/archive/PetImages/Dog/1633.jpg,Dog,1,messy furry room path wild floor street motion,post_drift
316,/home/dxzielinski/Downloads/archive/PetImages/Dog/9433.jpg,Dog,1,window air online street far sleepy calm grass path jumping drift token field level tail caption,post_drift
317,/home/dxzielinski/Downloads/archive/PetImages/Dog/9975.jpg,Dog,1,motion sequence small floor change change level ears drift object noisy sample,post_drift
318,/home/dxzielinski/Downloads/archive/PetImages/Dog/7896.jpg,Dog,1,curious corner wild blur sequence shape tail,post_drift
319,/home/dxzielinski/Downloads/archive/PetImages/Dog/1189.jpg,Dog,1,level night path abrupt sequence warm caption foreground,post_drift
320,/home/dxzielinski/Downloads/archive/PetImages/Dog/2895.jpg,Dog,1,blur calm floor phase random air bright sunny night focus window warm dark,post_drift
321,/home/dxzielinski/Downloads/archive/PetImages/Dog/532.jpg,Dog,1,event frame drift grass bright sitting,post_drift
322,/home/dxzielinski/Downloads/archive/PetImages/Dog/2212.jpg,Dog,1,room large inside stream happy far noisy,post_drift
323,/home/dxzielinski/Downloads/archive/PetImages/Dog/4093.jpg,Dog,1,house curious shape sitting frame far photo running sleepy happy air scene change sunny background center,post_drift
324,/home/dxzielinski/Downloads/archive/PetImages/Dog/1694.jpg,Dog,1,noisy running long still short tail foreground cold blanket street motion online event large near round,post_drift
325,/home/dxzielinski/Downloads/archive/PetImages/Dog/11392.jpg,Dog,1,looking signal level playful scene token,post_drift
326,/home/dxzielinski/Downloads/archive/PetImages/Dog/11482.jpg,Dog,1,phase still near corner sleepy long far floor color object bright curious inside online long path,post_drift
327,/home/dxzielinski/Downloads/archive/PetImages/Dog/9768.jpg,Dog,1,motion light jumping clean sequence outside sequence,post_drift
328,/home/dxzielinski/Downloads/archive/PetImages/Dog/2567.jpg,Dog,1,corner round window drift warm soft street fast night change messy sitting,post_drift
329,/home/dxzielinski/Downloads/archive/PetImages/Dog/8700.jpg,Dog,1,furry inside wild event furry sitting,post_drift
330,/home/dxzielinski/Downloads/archive/PetImages/Dog/10102.jpg,Dog,1,level blanket corner air camera noisy token jumping level ears sleepy steady grass color,post_drift
331,/home/dxzielinski/Downloads/archive/PetImages/Dog/3407.jpg,Dog,1,random fast running state playful looking caption scene short sample eyes large,post_drift
332,/home/dxzielinski/Downloads/archive/PetImages/Dog/1545.jpg,Dog,1,quiet tail abrupt corner warm random still random tail small window frame sharp sleepy,post_drift
333,/home/dxzielinski/Downloads/archive/PetImages/Dog/2180.jpg,Dog,1,change window running running fast curious jumping furry light focus corner,post_drift
334,/home/dxzielinski/Downloads/archive/PetImages/Dog/3521.jpg,Dog,1,furry clean dark shape large furry drift object,post_drift
335,/home/dxzielinski/Downloads/archive/PetImages/Dog/6619.jpg,Dog,1,caption event warm inside camera tail foreground texture eyes round garden garden,post_drift
336,/home/dxzielinski/Downloads/archive/PetImages/Dog/9721.jpg,Dog,1,tail path shadow field round street noisy level fast photo calm random focus blur,post_drift
337,/home/dxzielinski/Downloads/archive/PetImages/Dog/3860.jpg,Dog,1,scene phase soft caption sleepy sleepy floor foreground camera sleepy phase cold abrupt steady garden camera,post_drift
338,/home/dxzielinski/Downloads/archive/PetImages/Dog/10174.jpg,Dog,1,cold steady cold sharp level far online online blur still looking dark change tail,post_drift
339,/home/dxzielinski/Downloads/archive/PetImages/Dog/2832.jpg,Dog,1,fast round center bright noisy foreground inside change focus shape window color light small frame,post_drift
340,/home/dxzielinski/Downloads/archive/PetImages/Dog/11138.jpg,Dog,1,house sharp state foreground change path ears change fast corner,post_drift
341,/home/dxzielinski/Downloads/archive/PetImages/Dog/3076.jpg,Dog,1,photo background tail sequence token outside motion focus street blanket fast path furry,post_drift
342,/home/dxzielinski/Downloads/archive/PetImages/Dog/30.jpg,Dog,1,clean change near looking background long phase state day color noisy jumping short,post_drift
343,/home/dxzielinski/Downloads/archive/PetImages/Dog/10690.jpg,Dog,1,change floor curious far sitting path air random change,post_drift
344,/home/dxzielinski/Downloads/archive/PetImages/Dog/2360.jpg,Dog,1,photo still signal object scene motion street,post_drift
345,/home/dxzielinski/Downloads/archive/PetImages/Dog/3406.jpg,Dog,1,still outside messy outside color eyes jumping outside clean room steady signal,post_drift
346,/home/dxzielinski/Downloads/archive/PetImages/Dog/3772.jpg,Dog,1,cold ears tail scene gentle blanket curious sample bright small window sharp soft,post_drift
347,/home/dxzielinski/Downloads/archive/PetImages/Dog/1044.jpg,Dog,1,still motion playful ears pattern scene motion phase shadow soft long round happy gentle fast warm,post_drift
348,/home/dxzielinski/Downloads/archive/PetImages/Dog/2613.jpg,Dog,1,far path frame street happy,post_drift
349,/home/dxzielinski/Downloads/archive/PetImages/Dog/5509.jpg,Dog,1,event gentle bright camera level grass long sitting sharp background soft street furry large outside grass,post_drift
350,/home/dxzielinski/Downloads/archive/PetImages/Dog/5582.jpg,Dog,1,sleepy short moment field round background scene playful random camera furry state signal,post_drift
351,/home/dxzielinski/Downloads/archive/PetImages/Dog/2617.jpg,Dog,1,noisy frame change stream window object room color blur far motion,post_drift
352,/home/dxzielinski/Downloads/archive/PetImages/Dog/9425.jpg,Dog,1,looking signal sharp looking sitting night,post_drift
353,/home/dxzielinski/Downloads/archive/PetImages/Dog/9997.jpg,Dog,1,path scene focus air curious signal corner jumping light motion room,post_drift
354,/home/dxzielinski/Downloads/archive/PetImages/Dog/10605.jpg,Dog,1,calm focus small phase calm event event air clean level blur sunny,post_drift
355,/home/dxzielinski/Downloads/archive/PetImages/Dog/4937.jpg,Dog,1,bright background cold happy calm,post_drift
356,/home/dxzielinski/Downloads/archive/PetImages/Dog/11333.jpg,Dog,1,happy center blur quiet sitting noisy running corner long calm blur sharp scene short token soft,post_drift
357,/home/dxzielinski/Downloads/archive/PetImages/Dog/3090.jpg,Dog,1,short photo drift pattern corner large ears tail messy wild,post_drift
358,/home/dxzielinski/Downloads/archive/PetImages/Dog/11052.jpg,Dog,1,camera furry sitting window color focus state sitting,post_drift
359,/home/dxzielinski/Downloads/archive/PetImages/Dog/836.jpg,Dog,1,tail sample ears short grass event near garden,post_drift
360,/home/dxzielinski/Downloads/archive/PetImages/Dog/6450.jpg,Dog,1,sleepy motion playful gentle room light calm,post_drift
361,/home/dxzielinski/Downloads/archive/PetImages/Dog/9469.jpg,Dog,1,random near random furry quiet foreground night day,post_drift
362,/home/dxzielinski/Downloads/archive/PetImages/Dog/12358.jpg,Dog,1,quiet level looking sharp frame foreground state warm sample scene,post_drift
363,/home/dxzielinski/Downloads/archive/PetImages/Dog/5665.jpg,Dog,1,corner change texture corner level abrupt sequence garden moment photo,post_drift
364,/home/dxzielinski/Downloads/archive/PetImages/Dog/5390.jpg,Dog,1,steady sitting happy state jumping fast,post_drift
365,/home/dxzielinski/Downloads/archive/PetImages/Dog/5378.jpg,Dog,1,pattern room furry frame soft outside texture scene fast noisy phase abrupt,post_drift
366,/home/dxzielinski/Downloads/archive/PetImages/Dog/2325.jpg,Dog,1,tail playful random fast foreground gentle house photo photo camera messy,post_drift
367,/home/dxzielinski/Downloads/archive/PetImages/Dog/2679.jpg,Dog,1,quiet house house sunny state air sample playful,post_drift
368,/home/dxzielinski/Downloads/archive/PetImages/Dog/4420.jpg,Dog,1,air still level running long random house blanket moment,post_drift
369,/home/dxzielinski/Downloads/archive/PetImages/Dog/1142.jpg,Dog,1,wild room cold bright steady camera clean house gentle happy blanket looking night calm scene object,post_drift
370,/home/dxzielinski/Downloads/archive/PetImages/Dog/8941.jpg,Dog,1,steady window signal soft long foreground blanket street stream running bright shape night,post_drift
371,/home/dxzielinski/Downloads/archive/PetImages/Dog/9534.jpg,Dog,1,running messy abrupt sleepy soft garden,post_drift
372,/home/dxzielinski/Downloads/archive/PetImages/Dog/8582.jpg,Dog,1,bright sequence blanket air near,post_drift
373,/home/dxzielinski/Downloads/archive/PetImages/Dog/6339.jpg,Dog,1,night quiet motion tail messy,post_drift
374,/home/dxzielinski/Downloads/archive/PetImages/Dog/1168.jpg,Dog,1,furry path shape floor running,post_drift
375,/home/dxzielinski/Downloads/archive/PetImages/Dog/9898.jpg,Dog,1,level calm light night playful state drift furry phase fast,post_drift
376,/home/dxzielinski/Downloads/archive/PetImages/Dog/11727.jpg,Dog,1,focus playful caption night round quiet online round shape window,post_drift
377,/home/dxzielinski/Downloads/archive/PetImages/Dog/11984.jpg,Dog,1,curious motion warm floor frame large sample soft,post_drift
378,/home/dxzielinski/Downloads/archive/PetImages/Dog/12253.jpg,Dog,1,token motion moment playful round color scene signal random,post_drift
379,/home/dxzielinski/Downloads/archive/PetImages/Dog/4672.jpg,Dog,1,level warm small floor pattern near jumping random,post_drift
380,/home/dxzielinski/Downloads/archive/PetImages/Dog/5837.jpg,Dog,1,background blanket blanket short bright path gentle signal night grass,post_drift
381,/home/dxzielinski/Downloads/archive/PetImages/Dog/4625.jpg,Dog,1,sequence inside gentle sunny gentle focus object ears,post_drift
382,/home/dxzielinski/Downloads/archive/PetImages/Dog/8785.jpg,Dog,1,air eyes wild house round sharp looking air shadow field field eyes garden,post_drift
383,/home/dxzielinski/Downloads/archive/PetImages/Dog/5611.jpg,Dog,1,signal object light furry light object playful light path round,post_drift
384,/home/dxzielinski/Downloads/archive/PetImages/Dog/10560.jpg,Dog,1,far abrupt center camera room light still wild house playful eyes frame corner background clean wild,post_drift
385,/home/dxzielinski/Downloads/archive/PetImages/Dog/4325.jpg,Dog,1,house long curious running path,post_drift
386,/home/dxzielinski/Downloads/archive/PetImages/Dog/331.jpg,Dog,1,cold happy level focus night pattern texture fast near abrupt sample,post_drift
387,/home/dxzielinski/Downloads/archive/PetImages/Dog/3385.jpg,Dog,1,window long foreground blanket long tail quiet pattern,post_drift
388,/home/dxzielinski/Downloads/archive/PetImages/Dog/11295.jpg,Dog,1,eyes cold sunny short grass far caption shadow outside background change clean scene garden cold,post_drift
389,/home/dxzielinski/Downloads/archive/PetImages/Dog/891.jpg,Dog,1,background happy looking large soft blur object state frame wild shadow bright sitting field house noisy,post_drift
390,/home/dxzielinski/Downloads/archive/PetImages/Dog/692.jpg,Dog,1,large street steady level round,post_drift
391,/home/dxzielinski/Downloads/archive/PetImages/Dog/6882.jpg,Dog,1,gentle eyes sequence photo photo event,post_drift
392,/home/dxzielinski/Downloads/archive/PetImages/Dog/10740.jpg,Dog,1,center signal bright color background state token night,post_drift
393,/home/dxzielinski/Downloads/archive/PetImages/Dog/1377.jpg,Dog,1,short light sharp cold garden,post_drift
394,/home/dxzielinski/Downloads/archive/PetImages/Dog/1256.jpg,Dog,1,happy soft warm path ears small caption short moment still,post_drift
395,/home/dxzielinski/Downloads/archive/PetImages/Dog/9688.jpg,Dog,1,level street room caption moment moment grass phase signal,post_drift
396,/home/dxzielinski/Downloads/archive/PetImages/Dog/4165.jpg,Dog,1,outside phase scene floor fast token abrupt motion window level token random looking caption fast,post_drift
397,/home/dxzielinski/Downloads/archive/PetImages/Dog/3049.jpg,Dog,1,round quiet messy night bright drift sharp object phase street small inside cold stream,post_drift
398,/home/dxzielinski/Downloads/archive/PetImages/Dog/5861.jpg,Dog,1,motion fast field short messy,post_drift
399,/home/dxzielinski/Downloads/archive/PetImages/Dog/5958.jpg,Dog,1,sunny sunny field room running messy moment long camera center cold eyes shape curious,post_drift
400,/home/dxzielinski/Downloads/archive/PetImages/Dog/8302.jpg,Dog,1,foreground house field street stream air small noisy far running messy,post_drift
401,/home/dxzielinski/Downloads/archive/PetImages/Dog/1214.jpg,Dog,1,calm happy dark still texture calm change,post_drift
402,/home/dxzielinski/Downloads/archive/PetImages/Dog/11640.jpg,Dog,1,warm tail noisy wild messy jumping eyes air happy token event playful background night long night,post_drift
403,/home/dxzielinski/Downloads/archive/PetImages/Dog/9520.jpg,Dog,1,messy tail color round path curious calm camera,post_drift
404,/home/dxzielinski/Downloads/archive/PetImages/Dog/4949.jpg,Dog,1,sample sunny wild sleepy sample level sunny,post_drift
405,/home/dxzielinski/Downloads/archive/PetImages/Dog/263.jpg,Dog,1,large inside day abrupt field ears event garden,post_drift
406,/home/dxzielinski/Downloads/archive/PetImages/Dog/10729.jpg,Dog,1,grass abrupt eyes focus pattern drift blanket,post_drift
407,/home/dxzielinski/Downloads/archive/PetImages/Dog/3827.jpg,Dog,1,caption signal level scene background jumping grass signal warm sitting playful jumping,post_drift
408,/home/dxzielinski/Downloads/archive/PetImages/Dog/5851.jpg,Dog,1,day window pattern night happy token caption window window path bright texture looking field sample,post_drift
409,/home/dxzielinski/Downloads/archive/PetImages/Dog/11258.jpg,Dog,1,center garden playful large messy level event sunny sharp moment cold moment caption clean token,post_drift
410,/home/dxzielinski/Downloads/archive/PetImages/Dog/11072.jpg,Dog,1,change small far jumping light street sequence gentle focus caption short window corner photo,post_drift
411,/home/dxzielinski/Downloads/archive/PetImages/Dog/6236.jpg,Dog,1,sequence photo messy level furry,post_drift
412,/home/dxzielinski/Downloads/archive/PetImages/Dog/4599.jpg,Dog,1,grass sleepy house jumping warm light calm looking dark warm outside night,post_drift
413,/home/dxzielinski/Downloads/archive/PetImages/Dog/8140.jpg,Dog,1,blur bright soft shape window sunny moment messy quiet,post_drift
414,/home/dxzielinski/Downloads/archive/PetImages/Dog/10472.jpg,Dog,1,running moment blur token abrupt phase background abrupt house messy change online window scene state event,post_drift
415,/home/dxzielinski/Downloads/archive/PetImages/Dog/3070.jpg,Dog,1,photo grass eyes caption still bright wild random near caption far center house,post_drift
416,/home/dxzielinski/Downloads/archive/PetImages/Dog/6056.jpg,Dog,1,signal moment focus pattern signal focus tail window field bright shape near gentle,post_drift
417,/home/dxzielinski/Downloads/archive/PetImages/Dog/4406.jpg,Dog,1,caption dark window looking calm,post_drift
418,/home/dxzielinski/Downloads/archive/PetImages/Dog/605.jpg,Dog,1,wild pattern far blanket street dark gentle soft signal,post_drift
419,/home/dxzielinski/Downloads/archive/PetImages/Dog/1768.jpg,Dog,1,object scene small stream bright,post_drift
420,/home/dxzielinski/Downloads/archive/PetImages/Dog/7475.jpg,Dog,1,focus messy sample garden outside corner gentle round center long soft event,post_drift
421,/home/dxzielinski/Downloads/archive/PetImages/Dog/3363.jpg,Dog,1,moment path bright happy short,post_drift
422,/home/dxzielinski/Downloads/archive/PetImages/Dog/10425.jpg,Dog,1,round calm frame playful corner air path playful scene warm signal texture dark level online sequence,post_drift
423,/home/dxzielinski/Downloads/archive/PetImages/Dog/420.jpg,Dog,1,round texture background caption stream caption focus messy floor small drift jumping night token,post_drift
424,/home/dxzielinski/Downloads/archive/PetImages/Dog/1353.jpg,Dog,1,foreground window garden stream curious inside background curious tail sleepy bright furry cold path dark blur,post_drift
425,/home/dxzielinski/Downloads/archive/PetImages/Dog/5075.jpg,Dog,1,dark soft outside happy level fast stream texture clean,post_drift
426,/home/dxzielinski/Downloads/archive/PetImages/Dog/5567.jpg,Dog,1,house shadow sleepy soft shadow happy drift change calm outside,post_drift
427,/home/dxzielinski/Downloads/archive/PetImages/Dog/9580.jpg,Dog,1,field sample curious running photo corner token room street sample,post_drift
428,/home/dxzielinski/Downloads/archive/PetImages/Dog/8338.jpg,Dog,1,street round sleepy background sitting jumping bright small round street token still long signal change street,post_drift
429,/home/dxzielinski/Downloads/archive/PetImages/Dog/10800.jpg,Dog,1,random eyes near sequence playful large far room happy,post_drift
430,/home/dxzielinski/Downloads/archive/PetImages/Dog/8772.jpg,Dog,1,tail messy calm event center noisy jumping ears jumping state steady level messy inside abrupt sharp,post_drift
431,/home/dxzielinski/Downloads/archive/PetImages/Dog/12395.jpg,Dog,1,window online inside shape photo pattern round scene light frame large,post_drift
432,/home/dxzielinski/Downloads/archive/PetImages/Dog/1865.jpg,Dog,1,dark blur garden dark signal large object,post_drift
433,/home/dxzielinski/Downloads/archive/PetImages/Dog/10422.jpg,Dog,1,eyes round online long noisy texture floor scene soft floor night jumping ears day,post_drift
434,/home/dxzielinski/Downloads/archive/PetImages/Dog/1038.jpg,Dog,1,dark small path object soft street fast running foreground wild,post_drift
435,/home/dxzielinski/Downloads/archive/PetImages/Dog/11604.jpg,Dog,1,house shadow texture quiet steady state running shadow garden sample,post_drift
436,/home/dxzielinski/Downloads/archive/PetImages/Dog/6662.jpg,Dog,1,calm ears drift ears color grass tail day event,post_drift
437,/home/dxzielinski/Downloads/archive/PetImages/Dog/4652.jpg,Dog,1,air signal moment running blanket pattern house steady path street noisy sequence,post_drift
438,/home/dxzielinski/Downloads/archive/PetImages/Dog/1421.jpg,Dog,1,object long warm change messy far cold photo center short moment,post_drift
439,/home/dxzielinski/Downloads/archive/PetImages/Dog/2590.jpg,Dog,1,color floor running scene happy day soft pattern outside far motion foreground pattern,post_drift
440,/home/dxzielinski/Downloads/archive/PetImages/Dog/5623.jpg,Dog,1,cold tail cold light color signal moment,post_drift
441,/home/dxzielinski/Downloads/archive/PetImages/Dog/1577.jpg,Dog,1,room phase abrupt night bright dark window texture curious window,post_drift
442,/home/dxzielinski/Downloads/archive/PetImages/Dog/7552.jpg,Dog,1,air garden tail event large garden photo stream online object warm night online air shadow,post_drift
443,/home/dxzielinski/Downloads/archive/PetImages/Dog/5316.jpg,Dog,1,wild motion sample looking change house noisy event scene online signal random abrupt pattern house,post_drift
444,/home/dxzielinski/Downloads/archive/PetImages/Dog/6241.jpg,Dog,1,sleepy happy caption floor bright calm grass sample night sitting wild near,post_drift
445,/home/dxzielinski/Downloads/archive/PetImages/Dog/2521.jpg,Dog,1,focus blur shadow pattern shape object floor sharp round,post_drift
446,/home/dxzielinski/Downloads/archive/PetImages/Dog/1579.jpg,Dog,1,background small blur curious random shadow outside drift shadow bright room,post_drift
447,/home/dxzielinski/Downloads/archive/PetImages/Dog/9601.jpg,Dog,1,color token focus tail bright day moment foreground messy state round,post_drift
448,/home/dxzielinski/Downloads/archive/PetImages/Dog/5053.jpg,Dog,1,shape eyes wild day tail corner ears token path messy running,post_drift
449,/home/dxzielinski/Downloads/archive/PetImages/Dog/328.jpg,Dog,1,playful gentle house quiet calm still pattern long sample,post_drift
450,/home/dxzielinski/Downloads/archive/PetImages/Dog/5462.jpg,Dog,1,random texture tail steady caption street long shape floor round,post_drift
451,/home/dxzielinski/Downloads/archive/PetImages/Dog/6211.jpg,Dog,1,floor foreground foreground clean object still furry calm token random moment grass,post_drift
452,/home/dxzielinski/Downloads/archive/PetImages/Dog/4475.jpg,Dog,1,window grass blanket playful furry change object,post_drift
453,/home/dxzielinski/Downloads/archive/PetImages/Dog/6318.jpg,Dog,1,object day still sitting tail window small pattern window dark still window abrupt,post_drift
454,/home/dxzielinski/Downloads/archive/PetImages/Dog/7888.jpg,Dog,1,house air state light caption phase blur sunny shape outside sharp object camera field sequence,post_drift
455,/home/dxzielinski/Downloads/archive/PetImages/Dog/11988.jpg,Dog,1,sitting foreground cold drift focus sitting grass shadow far steady warm night outside long,post_drift
456,/home/dxzielinski/Downloads/archive/PetImages/Dog/9788.jpg,Dog,1,stream corner random drift short,post_drift
457,/home/dxzielinski/Downloads/archive/PetImages/Dog/10883.jpg,Dog,1,pattern window center air stream bright,post_drift
458,/home/dxzielinski/Downloads/archive/PetImages/Dog/3306.jpg,Dog,1,long floor light grass floor center tail path dark tail event focus center abrupt gentle focus,post_drift
459,/home/dxzielinski/Downloads/archive/PetImages/Dog/6278.jpg,Dog,1,drift event playful gentle looking small eyes pattern frame,post_drift
460,/home/dxzielinski/Downloads/archive/PetImages/Dog/2094.jpg,Dog,1,tail playful center sunny air texture bright color,post_drift
461,/home/dxzielinski/Downloads/archive/PetImages/Dog/863.jpg,Dog,1,sample window long moment pattern ears playful sharp ears small,post_drift
462,/home/dxzielinski/Downloads/archive/PetImages/Dog/7707.jpg,Dog,1,bright still frame jumping path color sample day shape drift shape sunny curious day caption tail,post_drift
463,/home/dxzielinski/Downloads/archive/PetImages/Dog/4660.jpg,Dog,1,jumping caption soft house abrupt noisy,post_drift
464,/home/dxzielinski/Downloads/archive/PetImages/Dog/8538.jpg,Dog,1,blanket online shape path warm event path gentle quiet tail near level,post_drift
465,/home/dxzielinski/Downloads/archive/PetImages/Dog/12498.jpg,Dog,1,cold night quiet center drift long warm round cold cold,post_drift
466,/home/dxzielinski/Downloads/archive/PetImages/Dog/10702.jpg,Dog,1,event signal shadow online round,post_drift
467,/home/dxzielinski/Downloads/archive/PetImages/Dog/895.jpg,Dog,1,sequence inside still drift moment street,post_drift
468,/home/dxzielinski/Downloads/archive/PetImages/Dog/781.jpg,Dog,1,night motion room far room large soft abrupt round foreground playful eyes sunny pattern color moment,post_drift
469,/home/dxzielinski/Downloads/archive/PetImages/Dog/9311.jpg,Dog,1,eyes day wild center messy far small tail air fast inside blur,post_drift
470,/home/dxzielinski/Downloads/archive/PetImages/Dog/3923.jpg,Dog,1,room state still garden path steady eyes eyes random caption stream day abrupt,post_drift
471,/home/dxzielinski/Downloads/archive/PetImages/Dog/7279.jpg,Dog,1,texture corner steady sleepy foreground,post_drift
472,/home/dxzielinski/Downloads/archive/PetImages/Dog/11491.jpg,Dog,1,level happy online round calm online looking,post_drift
473,/home/dxzielinski/Downloads/archive/PetImages/Dog/8141.jpg,Dog,1,round small playful drift background fast warm sitting,post_drift
474,/home/dxzielinski/Downloads/archive/PetImages/Dog/3246.jpg,Dog,1,abrupt bright near scene garden,post_drift
475,/home/dxzielinski/Downloads/archive/PetImages/Dog/4416.jpg,Dog,1,curious dark happy fast shadow sunny fast center photo bright background grass night pattern running,post_drift
476,/home/dxzielinski/Downloads/archive/PetImages/Dog/2090.jpg,Dog,1,far near street garden grass inside curious ears stream,post_drift
477,/home/dxzielinski/Downloads/archive/PetImages/Dog/3233.jpg,Dog,1,window outside foreground short pattern garden corner motion field clean,post_drift
478,/home/dxzielinski/Downloads/archive/PetImages/Dog/9737.jpg,Dog,1,steady moment room street corner scene photo blanket near field level long noisy far long foreground,post_drift
479,/home/dxzielinski/Downloads/archive/PetImages/Dog/7863.jpg,Dog,1,online night far furry room curious blur far blur floor,post_drift
480,/home/dxzielinski/Downloads/archive/PetImages/Dog/2628.jpg,Dog,1,outside shadow field photo motion cold quiet photo foreground,post_drift
481,/home/dxzielinski/Downloads/archive/PetImages/Dog/6177.jpg,Dog,1,random sequence short tail street happy sequence short grass far calm playful blur tail,post_drift
482,/home/dxzielinski/Downloads/archive/PetImages/Dog/12240.jpg,Dog,1,quiet shadow running air day photo blanket day floor event fast foreground gentle background,post_drift
483,/home/dxzielinski/Downloads/archive/PetImages/Dog/9366.jpg,Dog,1,corner foreground outside clean state texture state short sleepy change,post_drift
484,/home/dxzielinski/Downloads/archive/PetImages/Dog/12230.jpg,Dog,1,moment sample room sleepy garden texture cold sitting sample wild,post_drift
485,/home/dxzielinski/Downloads/archive/PetImages/Dog/940.jpg,Dog,1,dark change motion phase sunny path signal playful,post_drift
486,/home/dxzielinski/Downloads/archive/PetImages/Dog/8732.jpg,Dog,1,texture random garden texture camera round,post_drift
487,/home/dxzielinski/Downloads/archive/PetImages/Dog/10093.jpg,Dog,1,change gentle caption floor outside phase gentle event looking,post_drift
488,/home/dxzielinski/Downloads/archive/PetImages/Dog/6712.jpg,Dog,1,soft change moment blur long messy eyes curious signal field outside round air long playful,post_drift
489,/home/dxzielinski/Downloads/archive/PetImages/Dog/3111.jpg,Dog,1,token looking online long online near random moment sequence,post_drift
490,/home/dxzielinski/Downloads/archive/PetImages/Dog/6109.jpg,Dog,1,pattern house still change sequence far near,post_drift
491,/home/dxzielinski/Downloads/archive/PetImages/Dog/7588.jpg,Dog,1,round jumping ears running sample token light stream short path,post_drift
492,/home/dxzielinski/Downloads/archive/PetImages/Dog/2893.jpg,Dog,1,shadow color curious jumping level drift,post_drift
493,/home/dxzielinski/Downloads/archive/PetImages/Dog/7266.jpg,Dog,1,token outside calm wild token sleepy soft,post_drift
494,/home/dxzielinski/Downloads/archive/PetImages/Dog/7743.jpg,Dog,1,grass path floor sleepy far dark near blur,post_drift
495,/home/dxzielinski/Downloads/archive/PetImages/Dog/4245.jpg,Dog,1,phase texture sharp token sleepy corner happy event level event window short looking texture still,post_drift
496,/home/dxzielinski/Downloads/archive/PetImages/Dog/9999.jpg,Dog,1,still camera scene field still window curious near caption pattern state,post_drift
497,/home/dxzielinski/Downloads/archive/PetImages/Dog/5475.jpg,Dog,1,long window frame random signal,post_drift
498,/home/dxzielinski/Downloads/archive/PetImages/Dog/8821.jpg,Dog,1,inside outside room cold long night,post_drift
499,/home/dxzielinski/Downloads/archive/PetImages/Dog/6674.jpg,Dog,1,phase sleepy happy random round room furry,post_drift
500,/home/dxzielinski/Downloads/archive/PetImages/Dog/12003.jpg,Dog,1,noisy running garden center level scene long online happy outside steady blanket bright room noisy small,post_drift
501,/home/dxzielinski/Downloads/archive/PetImages/Dog/10251.jpg,Dog,1,foreground noisy large running curious random photo day blanket blur running motion happy motion camera,post_drift
502,/home/dxzielinski/Downloads/archive/PetImages/Dog/5497.jpg,Dog,1,center noisy day long corner short still far short curious gentle,post_drift
503,/home/dxzielinski/Downloads/archive/PetImages/Dog/763.jpg,Dog,1,cold jumping frame small background messy noisy small furry camera path,post_drift
504,/home/dxzielinski/Downloads/archive/PetImages/Dog/4964.jpg,Dog,1,sharp online outside foreground inside wild,post_drift
505,/home/dxzielinski/Downloads/archive/PetImages/Dog/6500.jpg,Dog,1,quiet texture photo frame short fast sample jumping pattern jumping shape long far far caption sunny,post_drift
506,/home/dxzielinski/Downloads/archive/PetImages/Dog/4674.jpg,Dog,1,level near signal frame window photo foreground calm day,post_drift
507,/home/dxzielinski/Downloads/archive/PetImages/Dog/9502.jpg,Dog,1,air texture inside sleepy signal shadow tail blur,post_drift
508,/home/dxzielinski/Downloads/archive/PetImages/Dog/11859.jpg,Dog,1,jumping warm eyes blanket corner,post_drift
509,/home/dxzielinski/Downloads/archive/PetImages/Dog/10640.jpg,Dog,1,steady calm abrupt cold drift signal pattern light texture window gentle sequence soft center stream light,post_drift
510,/home/dxzielinski/Downloads/archive/PetImages/Dog/11530.jpg,Dog,1,inside level stream light floor window still noisy abrupt background far texture state light,post_drift
511,/home/dxzielinski/Downloads/archive/PetImages/Dog/7465.jpg,Dog,1,tail large drift jumping outside sample sitting happy abrupt soft,post_drift
512,/home/dxzielinski/Downloads/archive/PetImages/Dog/7060.jpg,Dog,1,field quiet playful calm small soft,post_drift
513,/home/dxzielinski/Downloads/archive/PetImages/Dog/2366.jpg,Dog,1,caption token warm day floor phase playful phase pattern grass sleepy phase curious room,post_drift
514,/home/dxzielinski/Downloads/archive/PetImages/Dog/12122.jpg,Dog,1,window far level online object grass event,post_drift
515,/home/dxzielinski/Downloads/archive/PetImages/Dog/5553.jpg,Dog,1,foreground sequence stream running shadow texture sequence state photo phase,post_drift
516,/home/dxzielinski/Downloads/archive/PetImages/Dog/9435.jpg,Dog,1,noisy background warm pattern cold signal happy grass tail photo window change phase far,post_drift
517,/home/dxzielinski/Downloads/archive/PetImages/Dog/10802.jpg,Dog,1,bright texture sample shadow jumping garden fast still caption light blanket sequence sample night sunny,post_drift
518,/home/dxzielinski/Downloads/archive/PetImages/Dog/10177.jpg,Dog,1,motion air noisy shape field air gentle far,post_drift
519,/home/dxzielinski/Downloads/archive/PetImages/Dog/5062.jpg,Dog,1,looking online random still shadow token stream,post_drift
520,/home/dxzielinski/Downloads/archive/PetImages/Dog/2769.jpg,Dog,1,scene shadow caption happy calm drift messy large sequence focus drift frame air floor sequence,post_drift
521,/home/dxzielinski/Downloads/archive/PetImages/Dog/12132.jpg,Dog,1,night happy bright frame motion furry,post_drift
522,/home/dxzielinski/Downloads/archive/PetImages/Dog/5387.jpg,Dog,1,floor stream sharp steady sunny inside,post_drift
523,/home/dxzielinski/Downloads/archive/PetImages/Dog/10167.jpg,Dog,1,texture background outside still caption color sharp path near caption wild,post_drift
524,/home/dxzielinski/Downloads/archive/PetImages/Dog/7434.jpg,Dog,1,eyes street soft jumping stream steady ears running small pattern room event change steady,post_drift
525,/home/dxzielinski/Downloads/archive/PetImages/Dog/7869.jpg,Dog,1,running abrupt texture near object event house floor inside texture drift long sitting moment far,post_drift
526,/home/dxzielinski/Downloads/archive/PetImages/Dog/4778.jpg,Dog,1,sitting camera wild still steady looking motion small garden motion,post_drift
527,/home/dxzielinski/Downloads/archive/PetImages/Dog/9896.jpg,Dog,1,ears fast steady tail sleepy sleepy motion pattern furry caption background inside furry garden small,post_drift
528,/home/dxzielinski/Downloads/archive/PetImages/Dog/1380.jpg,Dog,1,event corner dark window still garden far,post_drift
529,/home/dxzielinski/Downloads/archive/PetImages/Dog/6265.jpg,Dog,1,bright messy large corner online soft messy frame focus,post_drift
530,/home/dxzielinski/Downloads/archive/PetImages/Dog/1245.jpg,Dog,1,phase cold sequence far moment looking sample drift level caption window blanket photo garden field,post_drift
531,/home/dxzielinski/Downloads/archive/PetImages/Dog/9795.jpg,Dog,1,shape sample shadow looking running shadow playful moment running room,post_drift
532,/home/dxzielinski/Downloads/archive/PetImages/Dog/10947.jpg,Dog,1,object room path foreground signal signal outside online state phase window short eyes caption frame,post_drift
533,/home/dxzielinski/Downloads/archive/PetImages/Dog/12445.jpg,Dog,1,blanket playful window path curious background color gentle,post_drift
534,/home/dxzielinski/Downloads/archive/PetImages/Dog/8766.jpg,Dog,1,still large jumping still shape garden sitting curious still,post_drift
535,/home/dxzielinski/Downloads/archive/PetImages/Dog/9695.jpg,Dog,1,clean noisy cold object steady day event,post_drift
536,/home/dxzielinski/Downloads/archive/PetImages/Dog/568.jpg,Dog,1,color clean cold signal floor curious blur camera sleepy bright texture quiet online floor jumping,post_drift
537,/home/dxzielinski/Downloads/archive/PetImages/Dog/1066.jpg,Dog,1,curious outside scene messy phase stream stream messy wild,post_drift
538,/home/dxzielinski/Downloads/archive/PetImages/Dog/11522.jpg,Dog,1,outside state random field light phase sharp clean air noisy level background sharp wild,post_drift
539,/home/dxzielinski/Downloads/archive/PetImages/Dog/11486.jpg,Dog,1,window gentle garden sample garden frame,post_drift
540,/home/dxzielinski/Downloads/archive/PetImages/Dog/314.jpg,Dog,1,warm center cold level air token moment state,post_drift
541,/home/dxzielinski/Downloads/archive/PetImages/Dog/5122.jpg,Dog,1,round center room short furry large sample change still background looking texture corner inside,post_drift
542,/home/dxzielinski/Downloads/archive/PetImages/Dog/2838.jpg,Dog,1,near center sample state blanket window long corner wild clean background large far still gentle jumping,post_drift
543,/home/dxzielinski/Downloads/archive/PetImages/Dog/7885.jpg,Dog,1,curious grass warm noisy day camera signal,post_drift
544,/home/dxzielinski/Downloads/archive/PetImages/Dog/7656.jpg,Dog,1,garden pattern level wild object frame,post_drift
545,/home/dxzielinski/Downloads/archive/PetImages/Dog/4780.jpg,Dog,1,shadow sitting frame clean floor bright object,post_drift
546,/home/dxzielinski/Downloads/archive/PetImages/Dog/9504.jpg,Dog,1,night street color sitting sleepy far sample playful color quiet short texture sunny happy,post_drift
547,/home/dxzielinski/Downloads/archive/PetImages/Dog/326.jpg,Dog,1,moment still house curious clean event,post_drift
548,/home/dxzielinski/Downloads/archive/PetImages/Dog/12352.jpg,Dog,1,blur abrupt soft window large happy ears object still night happy long noisy,post_drift
549,/home/dxzielinski/Downloads/archive/PetImages/Dog/5087.jpg,Dog,1,shape large blanket gentle far,post_drift
550,/home/dxzielinski/Downloads/archive/PetImages/Dog/4128.jpg,Dog,1,moment cold jumping happy online clean warm garden furry online token random random sharp cold texture,post_drift
551,/home/dxzielinski/Downloads/archive/PetImages/Dog/11166.jpg,Dog,1,air furry bright garden caption sharp,post_drift
552,/home/dxzielinski/Downloads/archive/PetImages/Dog/7001.jpg,Dog,1,sitting room sunny blanket frame room field garden sharp calm color playful sample object noisy,post_drift
553,/home/dxzielinski/Downloads/archive/PetImages/Dog/5519.jpg,Dog,1,street grass field inside street signal gentle curious,post_drift
554,/home/dxzielinski/Downloads/archive/PetImages/Dog/2404.jpg,Dog,1,ears online gentle blur sequence,post_drift
555,/home/dxzielinski/Downloads/archive/PetImages/Dog/2426.jpg,Dog,1,long frame sharp sleepy event background token outside center level,post_drift
556,/home/dxzielinski/Downloads/archive/PetImages/Dog/8018.jpg,Dog,1,calm eyes sunny path long room color stream looking curious,post_drift
557,/home/dxzielinski/Downloads/archive/PetImages/Dog/3676.jpg,Dog,1,sunny sharp phase ears steady soft,post_drift
558,/home/dxzielinski/Downloads/archive/PetImages/Dog/6097.jpg,Dog,1,scene focus grass large ears quiet,post_drift
559,/home/dxzielinski/Downloads/archive/PetImages/Dog/11404.jpg,Dog,1,random air short eyes messy scene floor tail short blanket shadow warm wild near sleepy state,post_drift
560,/home/dxzielinski/Downloads/archive/PetImages/Dog/2481.jpg,Dog,1,playful curious light pattern change state online fast event,post_drift
561,/home/dxzielinski/Downloads/archive/PetImages/Dog/12328.jpg,Dog,1,wild window focus room caption,post_drift
562,/home/dxzielinski/Downloads/archive/PetImages/Dog/5964.jpg,Dog,1,caption warm pattern inside field photo motion,post_drift
563,/home/dxzielinski/Downloads/archive/PetImages/Dog/3852.jpg,Dog,1,background texture shadow texture cold motion,post_drift
564,/home/dxzielinski/Downloads/archive/PetImages/Dog/5456.jpg,Dog,1,sharp running light cold far curious level night corner,post_drift
565,/home/dxzielinski/Downloads/archive/PetImages/Dog/10927.jpg,Dog,1,soft playful playful grass round night sunny happy object,post_drift
566,/home/dxzielinski/Downloads/archive/PetImages/Dog/11144.jpg,Dog,1,clean focus motion foreground token curious clean long frame,post_drift
567,/home/dxzielinski/Downloads/archive/PetImages/Dog/11761.jpg,Dog,1,caption object jumping garden far focus frame running happy steady color change state sunny inside,post_drift
568,/home/dxzielinski/Downloads/archive/PetImages/Dog/2722.jpg,Dog,1,token wild field night abrupt drift path,post_drift
569,/home/dxzielinski/Downloads/archive/PetImages/Dog/8159.jpg,Dog,1,floor floor field abrupt bright,post_drift
570,/home/dxzielinski/Downloads/archive/PetImages/Dog/5192.jpg,Dog,1,scene background cold air ears tail motion clean sleepy large,post_drift
571,/home/dxzielinski/Downloads/archive/PetImages/Dog/2116.jpg,Dog,1,field dark messy phase foreground floor wild token level level quiet,post_drift
572,/home/dxzielinski/Downloads/archive/PetImages/Dog/3388.jpg,Dog,1,shadow still sitting still background window house fast change calm abrupt warm sequence curious,post_drift
573,/home/dxzielinski/Downloads/archive/PetImages/Dog/11449.jpg,Dog,1,street scene shape bright fast wild sample event pattern eyes,post_drift
574,/home/dxzielinski/Downloads/archive/PetImages/Dog/12285.jpg,Dog,1,caption motion floor tail tail object background,post_drift
575,/home/dxzielinski/Downloads/archive/PetImages/Dog/5443.jpg,Dog,1,sharp blanket inside floor photo state focus pattern jumping ears sitting night phase cold warm eyes,post_drift
576,/home/dxzielinski/Downloads/archive/PetImages/Dog/3344.jpg,Dog,1,phase noisy dark foreground sitting wild shadow center curious happy window air scene corner looking pattern,post_drift
577,/home/dxzielinski/Downloads/archive/PetImages/Dog/6308.jpg,Dog,1,focus short eyes steady tail wild sharp curious path window sample center large small looking inside,post_drift
578,/home/dxzielinski/Downloads/archive/PetImages/Dog/10266.jpg,Dog,1,path sequence light corner floor background blanket background token inside sharp phase foreground steady wild,post_drift
579,/home/dxzielinski/Downloads/archive/PetImages/Dog/6806.jpg,Dog,1,wild happy inside ears object sleepy sitting sharp texture playful long quiet,post_drift
580,/home/dxzielinski/Downloads/archive/PetImages/Dog/6342.jpg,Dog,1,cold playful abrupt sitting shadow,post_drift
581,/home/dxzielinski/Downloads/archive/PetImages/Dog/2955.jpg,Dog,1,ears motion drift sequence sunny night near steady warm blanket blur playful day,post_drift
582,/home/dxzielinski/Downloads/archive/PetImages/Dog/11845.jpg,Dog,1,random fast small photo warm,post_drift
583,/home/dxzielinski/Downloads/archive/PetImages/Dog/2262.jpg,Dog,1,ears calm sleepy abrupt floor path grass signal small caption,post_drift
584,/home/dxzielinski/Downloads/archive/PetImages/Dog/11081.jpg,Dog,1,noisy focus motion steady shape camera,post_drift
585,/home/dxzielinski/Downloads/archive/PetImages/Dog/1830.jpg,Dog,1,corner shadow curious calm eyes near tail jumping dark inside window caption street,post_drift
586,/home/dxzielinski/Downloads/archive/PetImages/Dog/5562.jpg,Dog,1,light sunny token short foreground blur furry house drift messy running,post_drift
587,/home/dxzielinski/Downloads/archive/PetImages/Dog/1825.jpg,Dog,1,house steady sample change bright sleepy sitting bright blanket eyes phase,post_drift
588,/home/dxzielinski/Downloads/archive/PetImages/Dog/718.jpg,Dog,1,jumping tail focus eyes scene abrupt dark field texture sample messy stream sleepy calm,post_drift
589,/home/dxzielinski/Downloads/archive/PetImages/Dog/502.jpg,Dog,1,sitting night floor foreground air furry motion random sharp caption stream wild object dark small,post_drift
590,/home/dxzielinski/Downloads/archive/PetImages/Dog/5309.jpg,Dog,1,small far color level night eyes motion round inside field color window focus focus,post_drift
591,/home/dxzielinski/Downloads/archive/PetImages/Dog/7812.jpg,Dog,1,noisy playful light ears motion,post_drift
592,/home/dxzielinski/Downloads/archive/PetImages/Dog/11964.jpg,Dog,1,sleepy stream state object photo token state light sharp garden air moment,post_drift
593,/home/dxzielinski/Downloads/archive/PetImages/Dog/7617.jpg,Dog,1,still room shadow scene floor,post_drift
594,/home/dxzielinski/Downloads/archive/PetImages/Dog/11933.jpg,Dog,1,looking foreground abrupt street window cold night caption event,post_drift
595,/home/dxzielinski/Downloads/archive/PetImages/Dog/941.jpg,Dog,1,calm sample pattern sitting sequence large shadow,post_drift
596,/home/dxzielinski/Downloads/archive/PetImages/Dog/12276.jpg,Dog,1,curious small eyes tail center air phase warm,post_drift
597,/home/dxzielinski/Downloads/archive/PetImages/Dog/5864.jpg,Dog,1,dark frame stream caption window object level phase round cold dark still shape background room,post_drift
598,/home/dxzielinski/Downloads/archive/PetImages/Dog/8109.jpg,Dog,1,corner curious object near furry fast steady floor stream grass warm ears small random noisy,post_drift
599,/home/dxzielinski/Downloads/archive/PetImages/Dog/81.jpg,Dog,1,looking color wild messy ears light curious messy sunny house fast,post_drift
600,/home/dxzielinski/Downloads/archive/PetImages/Dog/181.jpg,Dog,1,inside gentle quiet street field quiet still near,post_drift
601,/home/dxzielinski/Downloads/archive/PetImages/Dog/4853.jpg,Dog,1,frame scene sequence corner inside sharp center path furry caption,post_drift
602,/home/dxzielinski/Downloads/archive/PetImages/Dog/4378.jpg,Dog,1,room house far shape steady motion night signal caption color still level jumping,post_drift
603,/home/dxzielinski/Downloads/archive/PetImages/Dog/3127.jpg,Dog,1,dark shadow sample messy clean object short looking shape color,post_drift
604,/home/dxzielinski/Downloads/archive/PetImages/Dog/4091.jpg,Dog,1,pattern blanket stream messy window sleepy small floor window,post_drift
605,/home/dxzielinski/Downloads/archive/PetImages/Dog/2261.jpg,Dog,1,steady happy inside state window,post_drift
606,/home/dxzielinski/Downloads/archive/PetImages/Dog/2253.jpg,Dog,1,foreground caption ears light object eyes outside,post_drift
607,/home/dxzielinski/Downloads/archive/PetImages/Dog/7342.jpg,Dog,1,shape long gentle background running happy near,post_drift
608,/home/dxzielinski/Downloads/archive/PetImages/Dog/10114.jpg,Dog,1,house large drift frame online photo ears fast,post_drift
609,/home/dxzielinski/Downloads/archive/PetImages/Dog/6961.jpg,Dog,1,pattern center ears online motion field sample,post_drift
610,/home/dxzielinski/Downloads/archive/PetImages/Dog/4484.jpg,Dog,1,sequence warm tail moment day steady air token far gentle happy grass drift messy still,post_drift
611,/home/dxzielinski/Downloads/archive/PetImages/Dog/5786.jpg,Dog,1,focus background calm object street window dark street motion caption happy camera,post_drift
612,/home/dxzielinski/Downloads/archive/PetImages/Dog/3289.jpg,Dog,1,curious center drift still calm sequence sitting signal drift room photo cold,post_drift
613,/home/dxzielinski/Downloads/archive/PetImages/Dog/9563.jpg,Dog,1,sequence happy window calm blanket blanket focus motion,post_drift
614,/home/dxzielinski/Downloads/archive/PetImages/Dog/2987.jpg,Dog,1,foreground phase photo garden house outside sunny shape near noisy ears inside bright scene,post_drift
615,/home/dxzielinski/Downloads/archive/PetImages/Dog/2925.jpg,Dog,1,sitting sequence short still small warm looking focus room,post_drift
616,/home/dxzielinski/Downloads/archive/PetImages/Dog/5403.jpg,Dog,1,warm abrupt blur frame street bright texture large,post_drift
617,/home/dxzielinski/Downloads/archive/PetImages/Dog/10665.jpg,Dog,1,fast bright curious clean cold,post_drift
618,/home/dxzielinski/Downloads/archive/PetImages/Dog/3229.jpg,Dog,1,photo random air state warm gentle short calm photo background phase pattern,post_drift
619,/home/dxzielinski/Downloads/archive/PetImages/Dog/413.jpg,Dog,1,soft long far frame frame soft field floor dark,post_drift
620,/home/dxzielinski/Downloads/archive/PetImages/Dog/3472.jpg,Dog,1,sequence sample long event wild blur running shape path curious,post_drift
621,/home/dxzielinski/Downloads/archive/PetImages/Dog/1566.jpg,Dog,1,sitting happy tail air event day,post_drift
622,/home/dxzielinski/Downloads/archive/PetImages/Dog/3639.jpg,Dog,1,wild long soft clean fast cold furry grass stream shadow day running,post_drift
623,/home/dxzielinski/Downloads/archive/PetImages/Dog/11161.jpg,Dog,1,phase running event house phase object curious playful messy,post_drift
624,/home/dxzielinski/Downloads/archive/PetImages/Dog/8215.jpg,Dog,1,stream day signal bright state floor steady focus object messy light token small sequence night,post_drift
625,/home/dxzielinski/Downloads/archive/PetImages/Dog/9465.jpg,Dog,1,sitting background quiet far far clean air light jumping jumping sitting abrupt long,post_drift
626,/home/dxzielinski/Downloads/archive/PetImages/Dog/987.jpg,Dog,1,window cold eyes inside gentle still messy street window moment dark sleepy field,post_drift
627,/home/dxzielinski/Downloads/archive/PetImages/Dog/7119.jpg,Dog,1,random path cold change eyes window still motion level steady path,post_drift
628,/home/dxzielinski/Downloads/archive/PetImages/Dog/1139.jpg,Dog,1,near house moment token wild gentle signal playful sample eyes sample,post_drift
629,/home/dxzielinski/Downloads/archive/PetImages/Dog/10889.jpg,Dog,1,drift night floor motion change small,post_drift
630,/home/dxzielinski/Downloads/archive/PetImages/Dog/8263.jpg,Dog,1,sitting playful bright foreground small gentle,post_drift
631,/home/dxzielinski/Downloads/archive/PetImages/Dog/444.jpg,Dog,1,running inside shape bright scene stream garden noisy shadow clean sunny outside window motion,post_drift
632,/home/dxzielinski/Downloads/archive/PetImages/Dog/7841.jpg,Dog,1,sharp frame caption large small level,post_drift
633,/home/dxzielinski/Downloads/archive/PetImages/Dog/8392.jpg,Dog,1,garden light bright camera object still field air furry floor steady warm fast random,post_drift
634,/home/dxzielinski/Downloads/archive/PetImages/Dog/11439.jpg,Dog,1,air outside still steady path signal day sequence camera looking phase playful,post_drift
635,/home/dxzielinski/Downloads/archive/PetImages/Dog/9499.jpg,Dog,1,bright furry curious center blur foreground noisy house window sequence,post_drift
636,/home/dxzielinski/Downloads/archive/PetImages/Dog/2388.jpg,Dog,1,looking bright dark playful garden room messy warm color curious,post_drift
637,/home/dxzielinski/Downloads/archive/PetImages/Dog/10289.jpg,Dog,1,frame inside still messy quiet noisy moment corner quiet large day path furry corner,post_drift
638,/home/dxzielinski/Downloads/archive/PetImages/Dog/1807.jpg,Dog,1,frame tail sitting long blur,post_drift
639,/home/dxzielinski/Downloads/archive/PetImages/Dog/10676.jpg,Dog,1,floor messy grass small wild,post_drift
640,/home/dxzielinski/Downloads/archive/PetImages/Dog/9576.jpg,Dog,1,shape scene corner wild small,post_drift
641,/home/dxzielinski/Downloads/archive/PetImages/Dog/2523.jpg,Dog,1,sitting sharp focus curious sequence random,post_drift
642,/home/dxzielinski/Downloads/archive/PetImages/Dog/3218.jpg,Dog,1,foreground sitting inside clean dark furry online playful,post_drift
643,/home/dxzielinski/Downloads/archive/PetImages/Dog/11261.jpg,Dog,1,round soft event eyes cold house phase,post_drift
644,/home/dxzielinski/Downloads/archive/PetImages/Dog/5515.jpg,Dog,1,background focus field inside house still blur window event garden signal,post_drift
645,/home/dxzielinski/Downloads/archive/PetImages/Dog/11105.jpg,Dog,1,caption shadow ears far floor round short sample happy round window sequence window object air,post_drift
646,/home/dxzielinski/Downloads/archive/PetImages/Dog/6193.jpg,Dog,1,noisy running token center object sitting state inside fast background drift color,post_drift
647,/home/dxzielinski/Downloads/archive/PetImages/Dog/3823.jpg,Dog,1,token gentle room sharp steady inside corner abrupt still,post_drift
648,/home/dxzielinski/Downloads/archive/PetImages/Dog/164.jpg,Dog,1,change room clean window object,post_drift
649,/home/dxzielinski/Downloads/archive/PetImages/Dog/1067.jpg,Dog,1,photo sharp token shape center gentle random short round running far,post_drift
650,/home/dxzielinski/Downloads/archive/PetImages/Dog/12065.jpg,Dog,1,object dark fast long motion fast curious shape,post_drift
651,/home/dxzielinski/Downloads/archive/PetImages/Dog/10912.jpg,Dog,1,corner short looking pattern outside inside sunny eyes shadow level night scene garden warm caption sequence,post_drift
652,/home/dxzielinski/Downloads/archive/PetImages/Dog/1835.jpg,Dog,1,photo garden color camera moment room foreground steady long grass,post_drift
653,/home/dxzielinski/Downloads/archive/PetImages/Dog/341.jpg,Dog,1,still photo online focus focus near steady floor drift shadow small frame tail level pattern,post_drift
654,/home/dxzielinski/Downloads/archive/PetImages/Dog/821.jpg,Dog,1,air camera gentle warm token near furry room,post_drift
655,/home/dxzielinski/Downloads/archive/PetImages/Dog/4236.jpg,Dog,1,round gentle color dark object sleepy,post_drift
656,/home/dxzielinski/Downloads/archive/PetImages/Dog/2514.jpg,Dog,1,eyes large stream playful online motion object jumping soft grass abrupt corner furry eyes center,post_drift
657,/home/dxzielinski/Downloads/archive/PetImages/Dog/3785.jpg,Dog,1,street frame inside noisy still outside air steady field event camera shape tail change,post_drift
658,/home/dxzielinski/Downloads/archive/PetImages/Dog/5267.jpg,Dog,1,texture warm light event blur tail fast photo eyes shape cold grass color,post_drift
659,/home/dxzielinski/Downloads/archive/PetImages/Dog/2358.jpg,Dog,1,background looking near online near messy grass window stream corner air,post_drift
660,/home/dxzielinski/Downloads/archive/PetImages/Dog/539.jpg,Dog,1,online night messy object window stream eyes color small wild gentle messy curious random,post_drift
661,/home/dxzielinski/Downloads/archive/PetImages/Dog/8418.jpg,Dog,1,abrupt clean steady background warm shape grass garden house room dark curious level street happy,post_drift
662,/home/dxzielinski/Downloads/archive/PetImages/Dog/11050.jpg,Dog,1,scene center window near gentle ears cold stream blur,post_drift
663,/home/dxzielinski/Downloads/archive/PetImages/Dog/3168.jpg,Dog,1,foreground near calm still background running looking far random short stream sleepy grass looking air event,post_drift
664,/home/dxzielinski/Downloads/archive/PetImages/Dog/9126.jpg,Dog,1,sequence clean sitting steady still sample sequence,post_drift
665,/home/dxzielinski/Downloads/archive/PetImages/Dog/8505.jpg,Dog,1,fast phase eyes small tail corner garden photo sequence cold calm signal day window,post_drift
666,/home/dxzielinski/Downloads/archive/PetImages/Dog/3451.jpg,Dog,1,motion change furry messy quiet field quiet motion long pattern pattern blur,post_drift
667,/home/dxzielinski/Downloads/archive/PetImages/Dog/6989.jpg,Dog,1,level center inside room street change garden,post_drift
668,/home/dxzielinski/Downloads/archive/PetImages/Dog/11074.jpg,Dog,1,motion wild texture house moment level messy outside abrupt day cold,post_drift
669,/home/dxzielinski/Downloads/archive/PetImages/Dog/9787.jpg,Dog,1,sitting soft gentle grass long sharp sharp short sharp background far fast room,post_drift
670,/home/dxzielinski/Downloads/archive/PetImages/Dog/10921.jpg,Dog,1,still blanket sleepy steady frame gentle,post_drift
671,/home/dxzielinski/Downloads/archive/PetImages/Dog/1436.jpg,Dog,1,curious motion garden soft level,post_drift
672,/home/dxzielinski/Downloads/archive/PetImages/Dog/3795.jpg,Dog,1,playful jumping quiet clean focus street shadow moment room sitting short token still,post_drift
673,/home/dxzielinski/Downloads/archive/PetImages/Dog/3672.jpg,Dog,1,sample sleepy photo sequence air center sunny foreground night blanket signal tail token garden stream,post_drift
674,/home/dxzielinski/Downloads/archive/PetImages/Dog/5223.jpg,Dog,1,background dark far soft sample shape scene messy near,post_drift
675,/home/dxzielinski/Downloads/archive/PetImages/Dog/10556.jpg,Dog,1,sample tail texture running pattern color still,post_drift
676,/home/dxzielinski/Downloads/archive/PetImages/Dog/184.jpg,Dog,1,soft cold online noisy moment noisy change wild jumping corner happy playful,post_drift
677,/home/dxzielinski/Downloads/archive/PetImages/Dog/3922.jpg,Dog,1,object warm sunny floor clean,post_drift
678,/home/dxzielinski/Downloads/archive/PetImages/Dog/7447.jpg,Dog,1,street calm large stream house,post_drift
679,/home/dxzielinski/Downloads/archive/PetImages/Dog/6783.jpg,Dog,1,center camera photo room phase happy round room house sleepy shape,post_drift
680,/home/dxzielinski/Downloads/archive/PetImages/Dog/2221.jpg,Dog,1,soft warm near short garden short sample noisy short gentle long corner texture,post_drift
681,/home/dxzielinski/Downloads/archive/PetImages/Dog/8032.jpg,Dog,1,long furry stream inside tail furry texture round happy jumping,post_drift
682,/home/dxzielinski/Downloads/archive/PetImages/Dog/8943.jpg,Dog,1,sequence object dark random air room long garden calm sitting sleepy night outside center garden,post_drift
683,/home/dxzielinski/Downloads/archive/PetImages/Dog/3528.jpg,Dog,1,gentle shadow photo large dark street house room motion level pattern,post_drift
684,/home/dxzielinski/Downloads/archive/PetImages/Dog/3966.jpg,Dog,1,calm small running large center night background texture scene window,post_drift
685,/home/dxzielinski/Downloads/archive/PetImages/Dog/9484.jpg,Dog,1,soft moment sunny sitting quiet happy pattern focus light near wild long token,post_drift
686,/home/dxzielinski/Downloads/archive/PetImages/Dog/11234.jpg,Dog,1,running motion signal clean sample phase curious token level soft window sitting garden,post_drift
687,/home/dxzielinski/Downloads/archive/PetImages/Dog/9449.jpg,Dog,1,window night clean wild change camera level short near ears inside grass,post_drift
688,/home/dxzielinski/Downloads/archive/PetImages/Dog/10628.jpg,Dog,1,camera online playful grass center day street running corner blur far window corner motion,post_drift
689,/home/dxzielinski/Downloads/archive/PetImages/Dog/7761.jpg,Dog,1,room fast soft shape photo,post_drift
690,/home/dxzielinski/Downloads/archive/PetImages/Dog/1783.jpg,Dog,1,signal room online gentle looking furry ears focus eyes motion garden background center looking,post_drift
691,/home/dxzielinski/Downloads/archive/PetImages/Dog/6367.jpg,Dog,1,dark sequence state sequence playful happy token,post_drift
692,/home/dxzielinski/Downloads/archive/PetImages/Dog/5899.jpg,Dog,1,scene still frame long furry gentle color corner quiet,post_drift
693,/home/dxzielinski/Downloads/archive/PetImages/Dog/11534.jpg,Dog,1,sunny sample texture round field night level foreground stream dark blanket photo event short token phase,post_drift
694,/home/dxzielinski/Downloads/archive/PetImages/Dog/1570.jpg,Dog,1,pattern noisy focus phase calm bright random soft,post_drift
695,/home/dxzielinski/Downloads/archive/PetImages/Dog/9455.jpg,Dog,1,caption shape clean focus quiet focus still,post_drift
696,/home/dxzielinski/Downloads/archive/PetImages/Dog/11921.jpg,Dog,1,light air event abrupt center near photo inside grass frame blur motion still,post_drift
697,/home/dxzielinski/Downloads/archive/PetImages/Dog/5447.jpg,Dog,1,stream corner clean level gentle sleepy path clean fast far window stream clean short eyes field,post_drift
698,/home/dxzielinski/Downloads/archive/PetImages/Dog/2983.jpg,Dog,1,sequence sleepy house dark frame,post_drift
699,/home/dxzielinski/Downloads/archive/PetImages/Dog/6842.jpg,Dog,1,large furry phase sunny path frame focus wild floor round wild event random street,post_drift
700,/home/dxzielinski/Downloads/archive/PetImages/Dog/6757.jpg,Dog,1,pattern caption soft jumping large happy signal level,post_drift
701,/home/dxzielinski/Downloads/archive/PetImages/Dog/1073.jpg,Dog,1,abrupt house sample day online large looking photo outside blur stream wild curious signal short dark,post_drift
702,/home/dxzielinski/Downloads/archive/PetImages/Dog/5841.jpg,Dog,1,abrupt looking pattern frame furry object bright cold color scene level,post_drift
703,/home/dxzielinski/Downloads/archive/PetImages/Dog/6786.jpg,Dog,1,window long sequence event blur outside light looking,post_drift
704,/home/dxzielinski/Downloads/archive/PetImages/Dog/2817.jpg,Dog,1,center token near calm street,post_drift
705,/home/dxzielinski/Downloads/archive/PetImages/Dog/6569.jpg,Dog,1,field corner blur blur stream phase,post_drift
706,/home/dxzielinski/Downloads/archive/PetImages/Dog/347.jpg,Dog,1,curious wild running focus focus background outside large large grass blanket drift online,post_drift
707,/home/dxzielinski/Downloads/archive/PetImages/Dog/5765.jpg,Dog,1,camera corner warm round short tail window object blur camera moment moment,post_drift
708,/home/dxzielinski/Downloads/archive/PetImages/Dog/1423.jpg,Dog,1,path near short window sleepy path street street frame cold wild center sharp short sunny,post_drift
709,/home/dxzielinski/Downloads/archive/PetImages/Dog/4075.jpg,Dog,1,state color window room soft calm near camera frame clean abrupt center gentle signal motion,post_drift
710,/home/dxzielinski/Downloads/archive/PetImages/Dog/1023.jpg,Dog,1,foreground near corner corner pattern event inside small day,post_drift
711,/home/dxzielinski/Downloads/archive/PetImages/Dog/8924.jpg,Dog,1,jumping light pattern dark field light warm,post_drift
712,/home/dxzielinski/Downloads/archive/PetImages/Dog/919.jpg,Dog,1,short outside bright playful token ears focus outside window inside change caption house camera calm small,post_drift
713,/home/dxzielinski/Downloads/archive/PetImages/Dog/980.jpg,Dog,1,gentle still window foreground texture signal frame pattern gentle small wild,post_drift
714,/home/dxzielinski/Downloads/archive/PetImages/Dog/7209.jpg,Dog,1,playful sitting messy near change blur signal foreground clean room,post_drift
715,/home/dxzielinski/Downloads/archive/PetImages/Dog/11637.jpg,Dog,1,level inside foreground short signal color scene night dark pattern color quiet foreground camera,post_drift
716,/home/dxzielinski/Downloads/archive/PetImages/Dog/8503.jpg,Dog,1,level shape phase night day random noisy sitting running large night round sleepy,post_drift
717,/home/dxzielinski/Downloads/archive/PetImages/Dog/8605.jpg,Dog,1,photo phase caption house gentle level sunny window window gentle messy jumping foreground,post_drift
718,/home/dxzielinski/Downloads/archive/PetImages/Dog/6742.jpg,Dog,1,scene color sharp light caption street field clean light short,post_drift
719,/home/dxzielinski/Downloads/archive/PetImages/Dog/2881.jpg,Dog,1,state outside small stream street change day event light curious ears playful abrupt signal cold calm,post_drift
720,/home/dxzielinski/Downloads/archive/PetImages/Dog/3733.jpg,Dog,1,messy camera ears bright caption eyes large,post_drift
721,/home/dxzielinski/Downloads/archive/PetImages/Dog/5645.jpg,Dog,1,soft large looking texture motion playful event playful messy still wild state,post_drift
722,/home/dxzielinski/Downloads/archive/PetImages/Dog/11837.jpg,Dog,1,floor still frame soft random scene sample small,post_drift
723,/home/dxzielinski/Downloads/archive/PetImages/Dog/5054.jpg,Dog,1,phase furry level field background focus random,post_drift
724,/home/dxzielinski/Downloads/archive/PetImages/Dog/12374.jpg,Dog,1,sitting messy noisy fast wild,post_drift
725,/home/dxzielinski/Downloads/archive/PetImages/Dog/4804.jpg,Dog,1,online online sleepy looking looking online running gentle room scene wild shape night stream token pattern,post_drift
726,/home/dxzielinski/Downloads/archive/PetImages/Dog/6715.jpg,Dog,1,playful event window long happy,post_drift
727,/home/dxzielinski/Downloads/archive/PetImages/Dog/9084.jpg,Dog,1,field quiet fast eyes field state sample frame happy warm street sleepy photo caption,post_drift
728,/home/dxzielinski/Downloads/archive/PetImages/Dog/4561.jpg,Dog,1,street cold still large still pattern room pattern grass air ears round small calm fast cold,post_drift
729,/home/dxzielinski/Downloads/archive/PetImages/Dog/11174.jpg,Dog,1,small signal messy night running happy sample small sample,post_drift
730,/home/dxzielinski/Downloads/archive/PetImages/Dog/6663.jpg,Dog,1,blanket curious far focus messy scene sleepy window,post_drift
731,/home/dxzielinski/Downloads/archive/PetImages/Dog/12478.jpg,Dog,1,cold sharp tail random corner dark sitting field change night background,post_drift
732,/home/dxzielinski/Downloads/archive/PetImages/Dog/2423.jpg,Dog,1,curious shape level center online warm scene playful,post_drift
733,/home/dxzielinski/Downloads/archive/PetImages/Dog/8107.jpg,Dog,1,steady grass moment far grass level,post_drift
734,/home/dxzielinski/Downloads/archive/PetImages/Dog/7556.jpg,Dog,1,sunny stream noisy short soft foreground dark corner blur dark sunny still,post_drift
735,/home/dxzielinski/Downloads/archive/PetImages/Dog/3920.jpg,Dog,1,night round sample sleepy quiet,post_drift
736,/home/dxzielinski/Downloads/archive/PetImages/Dog/3736.jpg,Dog,1,floor frame event bright sitting room room sharp clean,post_drift
737,/home/dxzielinski/Downloads/archive/PetImages/Dog/3822.jpg,Dog,1,dark warm long soft tail far token short blanket dark air random random stream,post_drift
738,/home/dxzielinski/Downloads/archive/PetImages/Dog/4228.jpg,Dog,1,grass steady color level caption sample,post_drift
739,/home/dxzielinski/Downloads/archive/PetImages/Dog/7090.jpg,Dog,1,round pattern center token texture wild,post_drift
740,/home/dxzielinski/Downloads/archive/PetImages/Dog/9930.jpg,Dog,1,ears short pattern sequence floor,post_drift
741,/home/dxzielinski/Downloads/archive/PetImages/Dog/8409.jpg,Dog,1,shadow steady still window object,post_drift
742,/home/dxzielinski/Downloads/archive/PetImages/Dog/9158.jpg,Dog,1,eyes focus noisy shadow clean,post_drift
743,/home/dxzielinski/Downloads/archive/PetImages/Dog/5898.jpg,Dog,1,noisy window sample sitting token far object night tail,post_drift
744,/home/dxzielinski/Downloads/archive/PetImages/Dog/5128.jpg,Dog,1,caption online texture drift air long near blur foreground warm phase motion air fast,post_drift
745,/home/dxzielinski/Downloads/archive/PetImages/Dog/2633.jpg,Dog,1,stream jumping stream messy floor token round event scene quiet sitting fast shadow window shape warm,post_drift
746,/home/dxzielinski/Downloads/archive/PetImages/Dog/12284.jpg,Dog,1,small running caption warm messy near scene sharp window scene,post_drift
747,/home/dxzielinski/Downloads/archive/PetImages/Dog/11916.jpg,Dog,1,abrupt long curious looking focus center furry wild,post_drift
748,/home/dxzielinski/Downloads/archive/PetImages/Dog/7062.jpg,Dog,1,field short air short photo warm field level night quiet street center outside soft,post_drift
749,/home/dxzielinski/Downloads/archive/PetImages/Dog/1535.jpg,Dog,1,steady cold curious fast messy messy near small,post_drift
750,/home/dxzielinski/Downloads/archive/PetImages/Dog/5742.jpg,Dog,1,event sitting level long ears calm room furry phase random,post_drift
751,/home/dxzielinski/Downloads/archive/PetImages/Dog/5225.jpg,Dog,1,path far outside light focus level,post_drift
752,/home/dxzielinski/Downloads/archive/PetImages/Dog/10198.jpg,Dog,1,background texture blanket playful center floor sitting texture round eyes happy corner stream,post_drift
753,/home/dxzielinski/Downloads/archive/PetImages/Dog/4740.jpg,Dog,1,signal level frame online round messy dark far soft air stream blur foreground sample,post_drift
754,/home/dxzielinski/Downloads/archive/PetImages/Dog/7886.jpg,Dog,1,path far camera day still far quiet steady,post_drift
755,/home/dxzielinski/Downloads/archive/PetImages/Dog/7438.jpg,Dog,1,sitting eyes house light running messy motion jumping tail blur field small,post_drift
756,/home/dxzielinski/Downloads/archive/PetImages/Dog/1650.jpg,Dog,1,street focus token noisy token state,post_drift
757,/home/dxzielinski/Downloads/archive/PetImages/Dog/711.jpg,Dog,1,moment drift shadow round grass online large quiet signal,post_drift
758,/home/dxzielinski/Downloads/archive/PetImages/Dog/3699.jpg,Dog,1,large level field shadow inside playful sunny blanket sleepy calm drift state stream event,post_drift
759,/home/dxzielinski/Downloads/archive/PetImages/Dog/5508.jpg,Dog,1,gentle window short short curious furry scene,post_drift
760,/home/dxzielinski/Downloads/archive/PetImages/Dog/1582.jpg,Dog,1,clean jumping running center inside sitting eyes token tail near camera,post_drift
761,/home/dxzielinski/Downloads/archive/PetImages/Dog/2058.jpg,Dog,1,sample motion tail texture background shadow shape field bright caption fast,post_drift
762,/home/dxzielinski/Downloads/archive/PetImages/Dog/235.jpg,Dog,1,room shape window background dark sequence inside happy calm,post_drift
763,/home/dxzielinski/Downloads/archive/PetImages/Dog/1435.jpg,Dog,1,jumping random dark outside bright,post_drift
764,/home/dxzielinski/Downloads/archive/PetImages/Dog/1362.jpg,Dog,1,foreground foreground near shadow large room motion sunny texture ears event pattern signal shadow large,post_drift
765,/home/dxzielinski/Downloads/archive/PetImages/Dog/7870.jpg,Dog,1,texture day phase short sharp sitting short garden cold still night,post_drift
766,/home/dxzielinski/Downloads/archive/PetImages/Dog/9351.jpg,Dog,1,center event token sunny curious quiet sharp playful sequence quiet dark caption sharp foreground,post_drift
767,/home/dxzielinski/Downloads/archive/PetImages/Dog/8863.jpg,Dog,1,window drift motion playful outside shadow messy clean caption clean grass still drift sleepy window,post_drift
768,/home/dxzielinski/Downloads/archive/PetImages/Dog/3977.jpg,Dog,1,fast random still warm camera garden,post_drift
769,/home/dxzielinski/Downloads/archive/PetImages/Dog/9754.jpg,Dog,1,cold steady drift photo near calm happy happy floor outside still corner street path center,post_drift
770,/home/dxzielinski/Downloads/archive/PetImages/Dog/7424.jpg,Dog,1,photo messy wild inside sample color room,post_drift
771,/home/dxzielinski/Downloads/archive/PetImages/Dog/3834.jpg,Dog,1,quiet phase far abrupt stream motion room object cold,post_drift
772,/home/dxzielinski/Downloads/archive/PetImages/Dog/10270.jpg,Dog,1,caption motion camera gentle event,post_drift
773,/home/dxzielinski/Downloads/archive/PetImages/Dog/5105.jpg,Dog,1,frame garden phase cold scene,post_drift
774,/home/dxzielinski/Downloads/archive/PetImages/Dog/3679.jpg,Dog,1,focus pattern soft sequence messy short garden caption scene near sample,post_drift
775,/home/dxzielinski/Downloads/archive/PetImages/Dog/4368.jpg,Dog,1,soft token focus abrupt abrupt steady bright,post_drift
776,/home/dxzielinski/Downloads/archive/PetImages/Dog/1079.jpg,Dog,1,clean day sample background sequence floor sequence air abrupt curious random shadow,post_drift
777,/home/dxzielinski/Downloads/archive/PetImages/Dog/1443.jpg,Dog,1,window camera long online outside,post_drift
778,/home/dxzielinski/Downloads/archive/PetImages/Dog/11378.jpg,Dog,1,grass corner sample noisy shape abrupt phase large large tail,post_drift
779,/home/dxzielinski/Downloads/archive/PetImages/Dog/10170.jpg,Dog,1,field outside state drift stream clean state moment day center shadow running soft bright still,post_drift
780,/home/dxzielinski/Downloads/archive/PetImages/Dog/5725.jpg,Dog,1,gentle messy blur floor still happy far air,post_drift
781,/home/dxzielinski/Downloads/archive/PetImages/Dog/11662.jpg,Dog,1,phase moment stream house cold furry abrupt field long state,post_drift
782,/home/dxzielinski/Downloads/archive/PetImages/Dog/3040.jpg,Dog,1,air shape long floor eyes house looking wild clean motion sleepy center dark caption,post_drift
783,/home/dxzielinski/Downloads/archive/PetImages/Dog/11998.jpg,Dog,1,foreground blur light frame cold house state path level warm,post_drift
784,/home/dxzielinski/Downloads/archive/PetImages/Dog/6110.jpg,Dog,1,short furry light change window round gentle caption focus moment sample,post_drift
785,/home/dxzielinski/Downloads/archive/PetImages/Dog/11151.jpg,Dog,1,soft corner round quiet shape,post_drift
786,/home/dxzielinski/Downloads/archive/PetImages/Dog/12415.jpg,Dog,1,shadow sleepy furry fast warm drift moment room,post_drift
787,/home/dxzielinski/Downloads/archive/PetImages/Dog/5547.jpg,Dog,1,level day cold phase window sitting,post_drift
788,/home/dxzielinski/Downloads/archive/PetImages/Dog/8424.jpg,Dog,1,sitting online signal sharp fast moment sample sunny outside window online near,post_drift
789,/home/dxzielinski/Downloads/archive/PetImages/Dog/1612.jpg,Dog,1,outside air state motion street happy caption tail sitting,post_drift
790,/home/dxzielinski/Downloads/archive/PetImages/Dog/2334.jpg,Dog,1,signal photo floor curious soft camera,post_drift
791,/home/dxzielinski/Downloads/archive/PetImages/Dog/1360.jpg,Dog,1,texture stream long cold foreground online calm foreground signal grass messy phase jumping camera calm background,post_drift
792,/home/dxzielinski/Downloads/archive/PetImages/Dog/2130.jpg,Dog,1,focus floor inside online moment sitting phase,post_drift
793,/home/dxzielinski/Downloads/archive/PetImages/Dog/3153.jpg,Dog,1,floor ears near running motion large shadow background sleepy,post_drift
794,/home/dxzielinski/Downloads/archive/PetImages/Dog/8150.jpg,Dog,1,signal round center corner level pattern small drift short grass tail messy bright,post_drift
795,/home/dxzielinski/Downloads/archive/PetImages/Dog/255.jpg,Dog,1,random light dark scene far calm focus caption wild air jumping messy,post_drift
796,/home/dxzielinski/Downloads/archive/PetImages/Dog/62.jpg,Dog,1,change center bright night event photo sleepy,post_drift
797,/home/dxzielinski/Downloads/archive/PetImages/Dog/3424.jpg,Dog,1,blanket large event cold short air drift sitting eyes stream,post_drift
798,/home/dxzielinski/Downloads/archive/PetImages/Dog/4531.jpg,Dog,1,long caption frame window focus grass wild foreground focus pattern blur room,post_drift
799,/home/dxzielinski/Downloads/archive/PetImages/Dog/3238.jpg,Dog,1,center foreground motion abrupt still tail online soft motion frame air air gentle sitting calm field,post_drift
800,/home/dxzielinski/Downloads/archive/PetImages/Dog/7383.jpg,Dog,1,dark furry steady random path texture phase calm outside noisy playful near,post_drift
801,/home/dxzielinski/Downloads/archive/PetImages/Dog/2038.jpg,Dog,1,photo blanket light foreground near soft ears outside happy cold curious wild fast long,post_drift
802,/home/dxzielinski/Downloads/archive/PetImages/Dog/1262.jpg,Dog,1,texture inside texture cold sample quiet sitting shadow small token,post_drift
803,/home/dxzielinski/Downloads/archive/PetImages/Dog/3890.jpg,Dog,1,near room random cold warm clean stream sharp drift motion dark sequence,post_drift
804,/home/dxzielinski/Downloads/archive/PetImages/Dog/4421.jpg,Dog,1,floor near large fast scene foreground focus online change playful quiet change,post_drift
805,/home/dxzielinski/Downloads/archive/PetImages/Dog/9597.jpg,Dog,1,jumping jumping sitting dark far phase center shadow,post_drift
806,/home/dxzielinski/Downloads/archive/PetImages/Dog/2222.jpg,Dog,1,frame random focus event house stream,post_drift
807,/home/dxzielinski/Downloads/archive/PetImages/Dog/2683.jpg,Dog,1,sunny phase small frame random foreground shape abrupt messy steady sunny playful inside,post_drift
808,/home/dxzielinski/Downloads/archive/PetImages/Dog/7042.jpg,Dog,1,short soft color dark random,post_drift
809,/home/dxzielinski/Downloads/archive/PetImages/Dog/5622.jpg,Dog,1,outside path calm token blanket caption garden street small clean sequence pattern,post_drift
810,/home/dxzielinski/Downloads/archive/PetImages/Dog/8536.jpg,Dog,1,sunny tail room clean path clean day clean long round,post_drift
811,/home/dxzielinski/Downloads/archive/PetImages/Dog/772.jpg,Dog,1,center blur near small event focus state large camera color room playful,post_drift
812,/home/dxzielinski/Downloads/archive/PetImages/Dog/11885.jpg,Dog,1,frame pattern bright room foreground abrupt pattern photo quiet garden warm moment blanket large shadow,post_drift
813,/home/dxzielinski/Downloads/archive/PetImages/Dog/2702.jpg,Dog,1,blanket event light house photo ears level noisy object moment drift,post_drift
814,/home/dxzielinski/Downloads/archive/PetImages/Dog/9416.jpg,Dog,1,happy quiet caption sunny dark object far center level noisy calm shape bright,post_drift
815,/home/dxzielinski/Downloads/archive/PetImages/Dog/7477.jpg,Dog,1,curious moment field window pattern gentle scene phase eyes change long,post_drift
816,/home/dxzielinski/Downloads/archive/PetImages/Dog/5092.jpg,Dog,1,phase noisy tail stream random random signal short looking street caption,post_drift
817,/home/dxzielinski/Downloads/archive/PetImages/Dog/7112.jpg,Dog,1,focus sample blur floor stream blanket long token quiet abrupt light,post_drift
818,/home/dxzielinski/Downloads/archive/PetImages/Dog/10197.jpg,Dog,1,outside foreground light tail dark texture blanket center street round blur sitting sample floor,post_drift
819,/home/dxzielinski/Downloads/archive/PetImages/Dog/10219.jpg,Dog,1,object foreground fast drift blur wild house floor clean ears garden still short tail street messy,post_drift
820,/home/dxzielinski/Downloads/archive/PetImages/Dog/12441.jpg,Dog,1,center room jumping short photo texture state caption blanket,post_drift
821,/home/dxzielinski/Downloads/archive/PetImages/Dog/12427.jpg,Dog,1,warm still grass curious inside inside online near,post_drift
822,/home/dxzielinski/Downloads/archive/PetImages/Dog/9647.jpg,Dog,1,camera phase grass shadow tail eyes looking shadow inside near dark day messy house still foreground,post_drift
823,/home/dxzielinski/Downloads/archive/PetImages/Dog/6163.jpg,Dog,1,large background happy abrupt jumping corner round room field drift,post_drift
824,/home/dxzielinski/Downloads/archive/PetImages/Dog/10147.jpg,Dog,1,large cold shape object state steady pattern motion cold motion long blur clean,post_drift
825,/home/dxzielinski/Downloads/archive/PetImages/Dog/4024.jpg,Dog,1,change room shadow scene color event scene running scene change furry grass,post_drift
826,/home/dxzielinski/Downloads/archive/PetImages/Dog/5911.jpg,Dog,1,floor round tail window small far level focus night sunny,post_drift
827,/home/dxzielinski/Downloads/archive/PetImages/Dog/12335.jpg,Dog,1,shadow night air large moment night color day,post_drift
828,/home/dxzielinski/Downloads/archive/PetImages/Dog/8315.jpg,Dog,1,phase window street ears large clean,post_drift
829,/home/dxzielinski/Downloads/archive/PetImages/Dog/195.jpg,Dog,1,shadow calm change foreground furry ears phase,post_drift
830,/home/dxzielinski/Downloads/archive/PetImages/Dog/10945.jpg,Dog,1,signal foreground tail frame garden light large outside,post_drift
831,/home/dxzielinski/Downloads/archive/PetImages/Dog/4654.jpg,Dog,1,background shape jumping level jumping floor window corner,post_drift
832,/home/dxzielinski/Downloads/archive/PetImages/Dog/9743.jpg,Dog,1,random jumping clean window motion short,post_drift
833,/home/dxzielinski/Downloads/archive/PetImages/Dog/8436.jpg,Dog,1,pattern furry air sample level curious pattern,post_drift
834,/home/dxzielinski/Downloads/archive/PetImages/Dog/9230.jpg,Dog,1,change background clean short sleepy bright,post_drift
835,/home/dxzielinski/Downloads/archive/PetImages/Dog/7339.jpg,Dog,1,shape sitting noisy calm day sharp ears sample steady running sleepy,post_drift
836,/home/dxzielinski/Downloads/archive/PetImages/Dog/1557.jpg,Dog,1,phase shape air camera photo field level path pattern soft,post_drift
837,/home/dxzielinski/Downloads/archive/PetImages/Dog/3112.jpg,Dog,1,wild far running night caption camera near blanket,post_drift
838,/home/dxzielinski/Downloads/archive/PetImages/Dog/7773.jpg,Dog,1,motion scene texture drift color object eyes sleepy abrupt,post_drift
839,/home/dxzielinski/Downloads/archive/PetImages/Dog/8584.jpg,Dog,1,eyes bright online gentle center event drift corner signal sunny floor sunny sleepy blanket,post_drift
840,/home/dxzielinski/Downloads/archive/PetImages/Dog/9489.jpg,Dog,1,window furry foreground room inside blanket texture sample quiet garden playful steady,post_drift
841,/home/dxzielinski/Downloads/archive/PetImages/Dog/11682.jpg,Dog,1,night small messy camera dark sequence dark happy round wild light sleepy running small garden,post_drift
842,/home/dxzielinski/Downloads/archive/PetImages/Dog/2672.jpg,Dog,1,window scene still blanket event playful online large far focus wild sitting calm texture messy outside,post_drift
843,/home/dxzielinski/Downloads/archive/PetImages/Dog/1207.jpg,Dog,1,level running pattern light window short clean scene inside,post_drift
844,/home/dxzielinski/Downloads/archive/PetImages/Dog/8780.jpg,Dog,1,focus garden sample cold corner happy steady floor center shadow,post_drift
845,/home/dxzielinski/Downloads/archive/PetImages/Dog/5578.jpg,Dog,1,path pattern blanket random window street blanket tail tail scene,post_drift
846,/home/dxzielinski/Downloads/archive/PetImages/Dog/10294.jpg,Dog,1,object object focus night cold tail small round object frame signal small small level house round,post_drift
847,/home/dxzielinski/Downloads/archive/PetImages/Dog/9091.jpg,Dog,1,dark level blanket happy color house,post_drift
848,/home/dxzielinski/Downloads/archive/PetImages/Dog/2653.jpg,Dog,1,abrupt house playful frame light clean playful soft level frame happy fast focus running furry,post_drift
849,/home/dxzielinski/Downloads/archive/PetImages/Dog/11811.jpg,Dog,1,ears camera state soft still cold,post_drift
850,/home/dxzielinski/Downloads/archive/PetImages/Dog/655.jpg,Dog,1,state messy pattern wild fast scene furry clean tail calm,post_drift
851,/home/dxzielinski/Downloads/archive/PetImages/Dog/5763.jpg,Dog,1,online window corner gentle clean jumping floor still wild messy eyes frame sunny,post_drift
852,/home/dxzielinski/Downloads/archive/PetImages/Dog/3355.jpg,Dog,1,photo bright level calm scene gentle large signal noisy color,post_drift
853,/home/dxzielinski/Downloads/archive/PetImages/Dog/3604.jpg,Dog,1,near light token pattern large near ears grass floor eyes texture,post_drift
854,/home/dxzielinski/Downloads/archive/PetImages/Dog/6599.jpg,Dog,1,window messy air phase foreground foreground furry air frame small bright garden blanket steady caption,post_drift
855,/home/dxzielinski/Downloads/archive/PetImages/Dog/8071.jpg,Dog,1,drift steady sequence state sunny air running pattern running room night window camera clean window center,post_drift
856,/home/dxzielinski/Downloads/archive/PetImages/Dog/6708.jpg,Dog,1,event light grass change color level room house running,post_drift
857,/home/dxzielinski/Downloads/archive/PetImages/Dog/10909.jpg,Dog,1,sharp far random sitting garden dark curious bright center clean camera blanket tail ears floor,post_drift
858,/home/dxzielinski/Downloads/archive/PetImages/Dog/12408.jpg,Dog,1,inside frame wild still window object large outside online air texture sharp change corner state,post_drift
859,/home/dxzielinski/Downloads/archive/PetImages/Dog/3225.jpg,Dog,1,curious far drift small caption random window window scene outside,post_drift
860,/home/dxzielinski/Downloads/archive/PetImages/Dog/1605.jpg,Dog,1,sample running abrupt furry running near state furry night playful inside noisy,post_drift
861,/home/dxzielinski/Downloads/archive/PetImages/Dog/11796.jpg,Dog,1,round ears photo street curious happy looking,post_drift
862,/home/dxzielinski/Downloads/archive/PetImages/Dog/2526.jpg,Dog,1,motion near cold caption sample,post_drift
863,/home/dxzielinski/Downloads/archive/PetImages/Dog/8867.jpg,Dog,1,large background focus night looking blanket,post_drift
864,/home/dxzielinski/Downloads/archive/PetImages/Dog/6492.jpg,Dog,1,random light path online soft steady blur moment online motion day,post_drift
865,/home/dxzielinski/Downloads/archive/PetImages/Dog/3982.jpg,Dog,1,level wild window night phase eyes object frame focus large wild near,post_drift
866,/home/dxzielinski/Downloads/archive/PetImages/Dog/10685.jpg,Dog,1,path night random phase field token sequence wild near curious color air random corner background,post_drift
867,/home/dxzielinski/Downloads/archive/PetImages/Dog/1301.jpg,Dog,1,texture scene gentle sunny quiet short floor state,post_drift
868,/home/dxzielinski/Downloads/archive/PetImages/Dog/8464.jpg,Dog,1,wild caption soft house stream calm motion blanket still wild steady warm bright abrupt playful color,post_drift
869,/home/dxzielinski/Downloads/archive/PetImages/Dog/8359.jpg,Dog,1,sleepy photo texture noisy window eyes moment messy air foreground near clean curious window,post_drift
870,/home/dxzielinski/Downloads/archive/PetImages/Dog/5414.jpg,Dog,1,calm focus shadow blur sunny,post_drift
871,/home/dxzielinski/Downloads/archive/PetImages/Dog/8491.jpg,Dog,1,random window wild near color window short tail messy blur color blur outside frame,post_drift
872,/home/dxzielinski/Downloads/archive/PetImages/Dog/4747.jpg,Dog,1,event garden texture phase air ears camera shape frame,post_drift
873,/home/dxzielinski/Downloads/archive/PetImages/Dog/10193.jpg,Dog,1,motion playful still garden sunny abrupt dark quiet still eyes background still sleepy scene,post_drift
874,/home/dxzielinski/Downloads/archive/PetImages/Dog/9238.jpg,Dog,1,long background warm bright color,post_drift
875,/home/dxzielinski/Downloads/archive/PetImages/Dog/12201.jpg,Dog,1,foreground photo random jumping shape frame fast inside cold garden room phase,post_drift
876,/home/dxzielinski/Downloads/archive/PetImages/Dog/2642.jpg,Dog,1,dark state token texture window gentle,post_drift
877,/home/dxzielinski/Downloads/archive/PetImages/Dog/2163.jpg,Dog,1,quiet furry still messy air air,post_drift
878,/home/dxzielinski/Downloads/archive/PetImages/Dog/2055.jpg,Dog,1,inside window wild sitting shadow round sitting light field scene stream foreground drift outside object phase,post_drift
879,/home/dxzielinski/Downloads/archive/PetImages/Dog/5003.jpg,Dog,1,field soft gentle abrupt ears online sitting sharp near house eyes moment caption,post_drift
880,/home/dxzielinski/Downloads/archive/PetImages/Dog/9086.jpg,Dog,1,small object signal round sample scene room quiet air,post_drift
881,/home/dxzielinski/Downloads/archive/PetImages/Dog/1028.jpg,Dog,1,phase air still cold blur near jumping sequence,post_drift
882,/home/dxzielinski/Downloads/archive/PetImages/Dog/185.jpg,Dog,1,sharp happy caption focus sharp round,post_drift
883,/home/dxzielinski/Downloads/archive/PetImages/Dog/1590.jpg,Dog,1,garden online foreground still caption,post_drift
884,/home/dxzielinski/Downloads/archive/PetImages/Dog/624.jpg,Dog,1,night messy floor large background blur blanket texture messy bright stream short state ears air,post_drift
885,/home/dxzielinski/Downloads/archive/PetImages/Dog/7407.jpg,Dog,1,blanket background warm fast foreground quiet foreground photo photo steady color near,post_drift
886,/home/dxzielinski/Downloads/archive/PetImages/Dog/4641.jpg,Dog,1,abrupt tail eyes random corner phase dark,post_drift
887,/home/dxzielinski/Downloads/archive/PetImages/Dog/7093.jpg,Dog,1,gentle eyes small far sequence bright blur cold abrupt jumping caption room floor token eyes,post_drift
888,/home/dxzielinski/Downloads/archive/PetImages/Dog/7039.jpg,Dog,1,drift round long change event warm object,post_drift
889,/home/dxzielinski/Downloads/archive/PetImages/Dog/10966.jpg,Dog,1,drift online photo foreground air shape messy air warm,post_drift
890,/home/dxzielinski/Downloads/archive/PetImages/Dog/1497.jpg,Dog,1,curious street photo soft dark clean quiet cold corner center dark center cold air jumping,post_drift
891,/home/dxzielinski/Downloads/archive/PetImages/Dog/2362.jpg,Dog,1,phase pattern bright object sample night air camera,post_drift
892,/home/dxzielinski/Downloads/archive/PetImages/Dog/11058.jpg,Dog,1,camera ears window house caption change shadow camera moment tail soft,post_drift
893,/home/dxzielinski/Downloads/archive/PetImages/Dog/4047.jpg,Dog,1,random online tail background window level,post_drift
894,/home/dxzielinski/Downloads/archive/PetImages/Dog/10401.jpg,Dog,1,inside sequence fast window messy drift running,post_drift
895,/home/dxzielinski/Downloads/archive/PetImages/Dog/2538.jpg,Dog,1,scene token air photo pattern dark air abrupt,post_drift
896,/home/dxzielinski/Downloads/archive/PetImages/Dog/9340.jpg,Dog,1,near motion camera cold garden caption furry background far sitting steady ears level,post_drift
897,/home/dxzielinski/Downloads/archive/PetImages/Dog/450.jpg,Dog,1,field warm token grass gentle phase eyes garden pattern focus grass floor dark garden quiet,post_drift
898,/home/dxzielinski/Downloads/archive/PetImages/Dog/5950.jpg,Dog,1,looking steady light photo frame furry sleepy photo furry large street curious,post_drift
899,/home/dxzielinski/Downloads/archive/PetImages/Dog/9783.jpg,Dog,1,ears motion outside focus window shape background garden texture soft playful near texture calm,post_drift
900,/home/dxzielinski/Downloads/archive/PetImages/Dog/8125.jpg,Dog,1,air noisy soft warm inside blur,post_drift
901,/home/dxzielinski/Downloads/archive/PetImages/Dog/9248.jpg,Dog,1,playful wild street focus bright online event garden small scene,post_drift
902,/home/dxzielinski/Downloads/archive/PetImages/Dog/9897.jpg,Dog,1,sitting random sitting sitting tail small night far stream round level garden eyes signal,post_drift
903,/home/dxzielinski/Downloads/archive/PetImages/Dog/3384.jpg,Dog,1,ears garden token playful sunny corner frame soft caption change abrupt running online ears floor window,post_drift
904,/home/dxzielinski/Downloads/archive/PetImages/Dog/3440.jpg,Dog,1,near room far frame large looking round fast tail room blanket,post_drift
905,/home/dxzielinski/Downloads/archive/PetImages/Dog/8962.jpg,Dog,1,corner street sitting floor blanket token window texture quiet sequence far grass looking random near tail,post_drift
906,/home/dxzielinski/Downloads/archive/PetImages/Dog/3300.jpg,Dog,1,house ears steady tail round abrupt color center soft,post_drift
907,/home/dxzielinski/Downloads/archive/PetImages/Dog/218.jpg,Dog,1,wild field camera still focus jumping long phase scene small,post_drift
908,/home/dxzielinski/Downloads/archive/PetImages/Dog/5320.jpg,Dog,1,state focus noisy furry calm caption phase online warm street frame sharp,post_drift
909,/home/dxzielinski/Downloads/archive/PetImages/Dog/319.jpg,Dog,1,playful messy sharp blanket color small,post_drift
910,/home/dxzielinski/Downloads/archive/PetImages/Dog/8484.jpg,Dog,1,random room texture messy abrupt air noisy grass house sitting camera wild,post_drift
911,/home/dxzielinski/Downloads/archive/PetImages/Dog/10061.jpg,Dog,1,shadow large stream blanket blur foreground color clean warm,post_drift
912,/home/dxzielinski/Downloads/archive/PetImages/Dog/8583.jpg,Dog,1,sleepy caption noisy sample photo abrupt shape color signal,post_drift
913,/home/dxzielinski/Downloads/archive/PetImages/Dog/2403.jpg,Dog,1,phase corner happy bright large,post_drift
914,/home/dxzielinski/Downloads/archive/PetImages/Dog/1743.jpg,Dog,1,running state soft level sleepy shape sharp texture steady steady shadow light messy,post_drift
915,/home/dxzielinski/Downloads/archive/PetImages/Dog/2435.jpg,Dog,1,caption center shape inside sleepy foreground light inside fast camera ears random quiet eyes focus warm,post_drift
916,/home/dxzielinski/Downloads/archive/PetImages/Dog/663.jpg,Dog,1,level floor color event shadow sleepy messy signal,post_drift
917,/home/dxzielinski/Downloads/archive/PetImages/Dog/7924.jpg,Dog,1,gentle sequence playful ears calm frame short color abrupt,post_drift
918,/home/dxzielinski/Downloads/archive/PetImages/Dog/12423.jpg,Dog,1,dark motion steady photo change event frame motion cold grass caption sharp,post_drift
919,/home/dxzielinski/Downloads/archive/PetImages/Dog/6613.jpg,Dog,1,blanket small sleepy abrupt shadow signal near far night field signal,post_drift
920,/home/dxzielinski/Downloads/archive/PetImages/Dog/2091.jpg,Dog,1,object sitting room small center outside curious foreground texture,post_drift
921,/home/dxzielinski/Downloads/archive/PetImages/Dog/672.jpg,Dog,1,far warm focus cold center,post_drift
922,/home/dxzielinski/Downloads/archive/PetImages/Dog/408.jpg,Dog,1,shadow steady shadow event field,post_drift
923,/home/dxzielinski/Downloads/archive/PetImages/Dog/8459.jpg,Dog,1,house street small abrupt ears,post_drift
924,/home/dxzielinski/Downloads/archive/PetImages/Dog/9531.jpg,Dog,1,soft sample bright running steady light sample calm change sequence texture night light foreground long focus,post_drift
925,/home/dxzielinski/Downloads/archive/PetImages/Dog/2513.jpg,Dog,1,shadow night moment curious color soft,post_drift
926,/home/dxzielinski/Downloads/archive/PetImages/Dog/6106.jpg,Dog,1,messy photo messy clean inside object frame online ears short shadow signal street light,post_drift
927,/home/dxzielinski/Downloads/archive/PetImages/Dog/4415.jpg,Dog,1,level street steady air wild noisy large night calm pattern gentle sequence jumping change state quiet,post_drift
928,/home/dxzielinski/Downloads/archive/PetImages/Dog/1340.jpg,Dog,1,object signal light moment floor dark sitting air window,post_drift
929,/home/dxzielinski/Downloads/archive/PetImages/Dog/4985.jpg,Dog,1,day playful grass fast pattern jumping noisy playful sample scene sleepy,post_drift
930,/home/dxzielinski/Downloads/archive/PetImages/Dog/8152.jpg,Dog,1,foreground shape small state level long round camera level clean caption large round room pattern,post_drift
931,/home/dxzielinski/Downloads/archive/PetImages/Dog/10983.jpg,Dog,1,sitting sleepy sitting signal light quiet,post_drift
932,/home/dxzielinski/Downloads/archive/PetImages/Dog/1987.jpg,Dog,1,furry online abrupt phase sharp focus shadow fast tail small center,post_drift
933,/home/dxzielinski/Downloads/archive/PetImages/Dog/1147.jpg,Dog,1,pattern random eyes color still frame sharp event fast bright room clean short frame window cold,post_drift
934,/home/dxzielinski/Downloads/archive/PetImages/Dog/8669.jpg,Dog,1,calm pattern token bright camera drift gentle happy pattern quiet garden frame event abrupt day,post_drift
935,/home/dxzielinski/Downloads/archive/PetImages/Dog/10091.jpg,Dog,1,looking shadow phase curious online still blanket signal calm sunny change messy pattern large focus round,post_drift
936,/home/dxzielinski/Downloads/archive/PetImages/Dog/12076.jpg,Dog,1,blanket blur dark online grass frame corner frame state,post_drift
937,/home/dxzielinski/Downloads/archive/PetImages/Dog/1629.jpg,Dog,1,far clean camera caption warm short eyes phase frame,post_drift
938,/home/dxzielinski/Downloads/archive/PetImages/Dog/3602.jpg,Dog,1,path wild phase bright change day phase pattern running,post_drift
939,/home/dxzielinski/Downloads/archive/PetImages/Dog/4513.jpg,Dog,1,still room outside messy fast round eyes sleepy object level,post_drift
940,/home/dxzielinski/Downloads/archive/PetImages/Dog/11576.jpg,Dog,1,sample jumping abrupt drift sleepy running,post_drift
941,/home/dxzielinski/Downloads/archive/PetImages/Dog/10287.jpg,Dog,1,photo event sample furry sunny garden online shape phase near object,post_drift
942,/home/dxzielinski/Downloads/archive/PetImages/Dog/7670.jpg,Dog,1,sleepy path round grass level small frame happy random sharp day day long texture round street,post_drift
943,/home/dxzielinski/Downloads/archive/PetImages/Dog/1482.jpg,Dog,1,fast phase soft floor phase,post_drift
944,/home/dxzielinski/Downloads/archive/PetImages/Dog/2433.jpg,Dog,1,jumping quiet camera sharp still caption phase curious background,post_drift
945,/home/dxzielinski/Downloads/archive/PetImages/Dog/9191.jpg,Dog,1,inside grass tail long field,post_drift
946,/home/dxzielinski/Downloads/archive/PetImages/Dog/5230.jpg,Dog,1,background random floor online token frame outside soft near pattern,post_drift
947,/home/dxzielinski/Downloads/archive/PetImages/Dog/3353.jpg,Dog,1,looking sleepy window ears quiet motion curious floor ears photo jumping object sharp floor photo sleepy,post_drift
948,/home/dxzielinski/Downloads/archive/PetImages/Dog/679.jpg,Dog,1,cold happy event ears air field scene large abrupt,post_drift
949,/home/dxzielinski/Downloads/archive/PetImages/Dog/2165.jpg,Dog,1,quiet caption scene camera looking motion event shadow happy room window sleepy outside stream corner,post_drift
950,/home/dxzielinski/Downloads/archive/PetImages/Dog/3069.jpg,Dog,1,sequence house pattern wild center center level calm tail warm field short bright gentle change,post_drift
951,/home/dxzielinski/Downloads/archive/PetImages/Dog/9554.jpg,Dog,1,near signal level near cold shadow sitting window outside event state frame floor room warm,post_drift
952,/home/dxzielinski/Downloads/archive/PetImages/Dog/1562.jpg,Dog,1,sleepy texture focus texture quiet happy bright round still day far small floor sleepy grass,post_drift
953,/home/dxzielinski/Downloads/archive/PetImages/Dog/8439.jpg,Dog,1,steady drift window floor far,post_drift
954,/home/dxzielinski/Downloads/archive/PetImages/Dog/1809.jpg,Dog,1,level stream inside street moment eyes stream,post_drift
955,/home/dxzielinski/Downloads/archive/PetImages/Dog/1890.jpg,Dog,1,room blur sequence looking jumping quiet background window frame photo signal floor foreground,post_drift
956,/home/dxzielinski/Downloads/archive/PetImages/Dog/11691.jpg,Dog,1,calm night drift wild phase moment far soft clean warm abrupt blanket quiet looking clean,post_drift
957,/home/dxzielinski/Downloads/archive/PetImages/Dog/3573.jpg,Dog,1,sequence path warm small event near level level inside,post_drift
958,/home/dxzielinski/Downloads/archive/PetImages/Dog/4478.jpg,Dog,1,small bright dark night token caption,post_drift
959,/home/dxzielinski/Downloads/archive/PetImages/Dog/11269.jpg,Dog,1,floor dark camera field cold house center tail night curious playful blur window level level,post_drift
960,/home/dxzielinski/Downloads/archive/PetImages/Dog/10839.jpg,Dog,1,blanket sequence eyes caption level event day small jumping blur furry blur wild long,post_drift
961,/home/dxzielinski/Downloads/archive/PetImages/Dog/6944.jpg,Dog,1,drift near signal house shadow inside color happy air street texture furry round,post_drift
962,/home/dxzielinski/Downloads/archive/PetImages/Dog/3185.jpg,Dog,1,light house sleepy gentle small small shape corner moment short shape sharp curious air moment fast,post_drift
963,/home/dxzielinski/Downloads/archive/PetImages/Dog/3938.jpg,Dog,1,path quiet running sleepy moment clean outside grass short light,post_drift
964,/home/dxzielinski/Downloads/archive/PetImages/Dog/10501.jpg,Dog,1,warm large scene online grass soft short day caption light,post_drift
965,/home/dxzielinski/Downloads/archive/PetImages/Dog/10862.jpg,Dog,1,fast sleepy shadow sleepy sharp caption,post_drift
966,/home/dxzielinski/Downloads/archive/PetImages/Dog/1082.jpg,Dog,1,shadow caption cold messy street,post_drift
967,/home/dxzielinski/Downloads/archive/PetImages/Dog/4436.jpg,Dog,1,photo sunny steady sleepy eyes soft running field field grass object blur signal room,post_drift
968,/home/dxzielinski/Downloads/archive/PetImages/Dog/1845.jpg,Dog,1,bright steady pattern color camera still outside,post_drift
969,/home/dxzielinski/Downloads/archive/PetImages/Dog/3690.jpg,Dog,1,sunny focus near far background inside bright running house near path ears sitting outside round window,post_drift
970,/home/dxzielinski/Downloads/archive/PetImages/Dog/1190.jpg,Dog,1,shadow blur near ears looking bright texture long cold garden shadow change street furry light,post_drift
971,/home/dxzielinski/Downloads/archive/PetImages/Dog/1983.jpg,Dog,1,playful focus moment object tail center signal window calm running sequence abrupt steady sitting,post_drift
972,/home/dxzielinski/Downloads/archive/PetImages/Dog/9878.jpg,Dog,1,color quiet clean sleepy path scene garden event dark air running,post_drift
973,/home/dxzielinski/Downloads/archive/PetImages/Dog/8278.jpg,Dog,1,small cold playful path center ears large drift stream near camera small fast foreground,post_drift
974,/home/dxzielinski/Downloads/archive/PetImages/Dog/1772.jpg,Dog,1,path house stream messy running change,post_drift
975,/home/dxzielinski/Downloads/archive/PetImages/Dog/830.jpg,Dog,1,warm drift change center bright foreground caption large round,post_drift
976,/home/dxzielinski/Downloads/archive/PetImages/Dog/9907.jpg,Dog,1,steady jumping grass cold near looking camera state,post_drift
977,/home/dxzielinski/Downloads/archive/PetImages/Dog/3308.jpg,Dog,1,texture ears outside path shadow drift air ears texture street signal foreground motion night large bright,post_drift
978,/home/dxzielinski/Downloads/archive/PetImages/Dog/2176.jpg,Dog,1,shadow looking running calm gentle jumping night air messy messy small calm large tail,post_drift
979,/home/dxzielinski/Downloads/archive/PetImages/Dog/3372.jpg,Dog,1,near noisy object looking scene signal light center outside blur clean sitting foreground warm light fast,post_drift
980,/home/dxzielinski/Downloads/archive/PetImages/Dog/7490.jpg,Dog,1,curious curious day phase long texture soft day event playful,post_drift
981,/home/dxzielinski/Downloads/archive/PetImages/Dog/3183.jpg,Dog,1,window photo focus corner signal short grass focus,post_drift
982,/home/dxzielinski/Downloads/archive/PetImages/Dog/9408.jpg,Dog,1,cold playful far outside sample furry running calm change far foreground drift dark photo,post_drift
983,/home/dxzielinski/Downloads/archive/PetImages/Dog/4855.jpg,Dog,1,abrupt dark looking signal state ears still happy dark path,post_drift
984,/home/dxzielinski/Downloads/archive/PetImages/Dog/19.jpg,Dog,1,token light messy level online,post_drift
985,/home/dxzielinski/Downloads/archive/PetImages/Dog/4115.jpg,Dog,1,sunny state day running furry sample light outside texture,post_drift
986,/home/dxzielinski/Downloads/archive/PetImages/Dog/1829.jpg,Dog,1,street motion inside foreground far level camera sunny dark furry frame pattern sample small random path,post_drift
987,/home/dxzielinski/Downloads/archive/PetImages/Dog/8841.jpg,Dog,1,pattern small photo camera night playful long room token photo eyes,post_drift
988,/home/dxzielinski/Downloads/archive/PetImages/Dog/6564.jpg,Dog,1,grass blanket camera floor short token calm furry,post_drift
989,/home/dxzielinski/Downloads/archive/PetImages/Dog/4812.jpg,Dog,1,room moment moment noisy cold grass light tail token sunny pattern cold looking wild sitting background,post_drift
990,/home/dxzielinski/Downloads/archive/PetImages/Dog/5026.jpg,Dog,1,object bright bright furry blanket quiet motion floor pattern house color looking bright tail,post_drift
991,/home/dxzielinski/Downloads/archive/PetImages/Dog/2319.jpg,Dog,1,happy looking house sequence caption window,post_drift
992,/home/dxzielinski/Downloads/archive/PetImages/Dog/11674.jpg,Dog,1,soft state near shape looking,post_drift
993,/home/dxzielinski/Downloads/archive/PetImages/Dog/10423.jpg,Dog,1,level bright sunny sequence token house object,post_drift
994,/home/dxzielinski/Downloads/archive/PetImages/Dog/8748.jpg,Dog,1,ears dark gentle sunny floor,post_drift
995,/home/dxzielinski/Downloads/archive/PetImages/Dog/2882.jpg,Dog,1,sitting photo caption small night center night,post_drift
996,/home/dxzielinski/Downloads/archive/PetImages/Dog/11734.jpg,Dog,1,round short soft caption shadow sunny foreground corner calm playful,post_drift
997,/home/dxzielinski/Downloads/archive/PetImages/Dog/3417.jpg,Dog,1,day stream running small house day abrupt short gentle calm calm path foreground day,post_drift
998,/home/dxzielinski/Downloads/archive/PetImages/Dog/7589.jpg,Dog,1,stream room large random shape light noisy object,post_drift
999,/home/dxzielinski/Downloads/archive/PetImages/Dog/2258.jpg,Dog,1,drift shape quiet still texture foreground scene photo fast street online,post_drift
1000,/home/dxzielinski/Downloads/archive/PetImages/Dog/2096.jpg,Dog,1,looking light street random small,post_drift
1001,/home/dxzielinski/Downloads/archive/PetImages/Dog/6844.jpg,Dog,1,online grass sunny corner sample dark warm background ears shape state,post_drift
1002,/home/dxzielinski/Downloads/archive/PetImages/Dog/262.jpg,Dog,1,field photo window center event event looking,post_drift
1003,/home/dxzielinski/Downloads/archive/PetImages/Dog/9404.jpg,Dog,1,small token garden wild corner,post_drift
1004,/home/dxzielinski/Downloads/archive/PetImages/Dog/12077.jpg,Dog,1,light house jumping cold sample scene soft foreground,post_drift
1005,/home/dxzielinski/Downloads/archive/PetImages/Dog/7528.jpg,Dog,1,large sleepy abrupt quiet sample cold frame still blur stream long sunny change path,post_drift
1006,/home/dxzielinski/Downloads/archive/PetImages/Dog/10810.jpg,Dog,1,fast blanket messy focus day focus grass,post_drift
1007,/home/dxzielinski/Downloads/archive/PetImages/Dog/4256.jpg,Dog,1,large foreground near day garden,post_drift
1008,/home/dxzielinski/Downloads/archive/PetImages/Dog/11545.jpg,Dog,1,house outside signal caption soft eyes window blur,post_drift
1009,/home/dxzielinski/Downloads/archive/PetImages/Dog/234.jpg,Dog,1,random looking blur night change steady street signal sample state messy curious light ears,post_drift
1010,/home/dxzielinski/Downloads/archive/PetImages/Dog/890.jpg,Dog,1,air warm background far token background furry object caption running large sample field large center street,post_drift
1011,/home/dxzielinski/Downloads/archive/PetImages/Dog/8947.jpg,Dog,1,running far motion signal corner shadow shadow sequence pattern,post_drift
1012,/home/dxzielinski/Downloads/archive/PetImages/Dog/1973.jpg,Dog,1,outside night noisy corner messy,post_drift
1013,/home/dxzielinski/Downloads/archive/PetImages/Dog/6150.jpg,Dog,1,large signal sleepy pattern street event round soft drift quiet grass sample,post_drift
1014,/home/dxzielinski/Downloads/archive/PetImages/Dog/6537.jpg,Dog,1,background scene object ears messy blanket motion messy random motion event texture,post_drift
1015,/home/dxzielinski/Downloads/archive/PetImages/Dog/2425.jpg,Dog,1,window warm sequence long cold tail grass inside event caption noisy,post_drift
1016,/home/dxzielinski/Downloads/archive/PetImages/Dog/230.jpg,Dog,1,near street tail wild quiet shape wild caption focus random,post_drift
1017,/home/dxzielinski/Downloads/archive/PetImages/Dog/2517.jpg,Dog,1,messy background abrupt street small eyes,post_drift
1018,/home/dxzielinski/Downloads/archive/PetImages/Dog/7655.jpg,Dog,1,clean focus state motion soft furry tail,post_drift
1019,/home/dxzielinski/Downloads/archive/PetImages/Dog/8386.jpg,Dog,1,inside air messy jumping soft photo looking night,post_drift
1020,/home/dxzielinski/Downloads/archive/PetImages/Dog/7247.jpg,Dog,1,air wild object near short blur inside window field,post_drift
1021,/home/dxzielinski/Downloads/archive/PetImages/Dog/3737.jpg,Dog,1,camera wild quiet drift window random shadow phase room street messy pattern tail,post_drift
1022,/home/dxzielinski/Downloads/archive/PetImages/Dog/2604.jpg,Dog,1,steady phase photo outside looking warm,post_drift
1023,/home/dxzielinski/Downloads/archive/PetImages/Dog/2831.jpg,Dog,1,light signal messy garden inside path blur running,post_drift
1024,/home/dxzielinski/Downloads/archive/PetImages/Dog/594.jpg,Dog,1,path small small small drift wild blanket round long outside day long window wild,post_drift
1025,/home/dxzielinski/Downloads/archive/PetImages/Dog/6448.jpg,Dog,1,happy sitting token furry night outside room sunny house grass sleepy motion furry cold sharp running,post_drift
1026,/home/dxzielinski/Downloads/archive/PetImages/Dog/5306.jpg,Dog,1,online cold still furry playful house color pattern motion event drift event fast,post_drift
1027,/home/dxzielinski/Downloads/archive/PetImages/Dog/6055.jpg,Dog,1,outside drift window caption stream short running camera looking field garden sitting sleepy,post_drift
1028,/home/dxzielinski/Downloads/archive/PetImages/Dog/5467.jpg,Dog,1,random caption grass garden furry token small focus sitting token short random room outside blur token,post_drift
1029,/home/dxzielinski/Downloads/archive/PetImages/Dog/77.jpg,Dog,1,air happy sharp playful inside level event gentle sequence sleepy cold,post_drift
1030,/home/dxzielinski/Downloads/archive/PetImages/Dog/9938.jpg,Dog,1,long still short motion cold texture garden room calm,post_drift
1031,/home/dxzielinski/Downloads/archive/PetImages/Dog/1223.jpg,Dog,1,air pattern curious ears room furry field inside object sequence,post_drift
1032,/home/dxzielinski/Downloads/archive/PetImages/Dog/3897.jpg,Dog,1,steady light happy near center dark fast,post_drift
1033,/home/dxzielinski/Downloads/archive/PetImages/Dog/4786.jpg,Dog,1,air camera stream furry street wild long,post_drift
1034,/home/dxzielinski/Downloads/archive/PetImages/Dog/8617.jpg,Dog,1,stream calm field playful grass abrupt change random,post_drift
1035,/home/dxzielinski/Downloads/archive/PetImages/Dog/9450.jpg,Dog,1,light shadow long street stream,post_drift
1036,/home/dxzielinski/Downloads/archive/PetImages/Dog/12466.jpg,Dog,1,small room night gentle moment cold stream background soft round foreground cold,post_drift
1037,/home/dxzielinski/Downloads/archive/PetImages/Dog/8231.jpg,Dog,1,bright token large phase small shape corner air abrupt,post_drift
1038,/home/dxzielinski/Downloads/archive/PetImages/Dog/189.jpg,Dog,1,caption playful light long soft inside focus quiet looking,post_drift
1039,/home/dxzielinski/Downloads/archive/PetImages/Dog/6058.jpg,Dog,1,texture warm house scene dark blur far foreground quiet,post_drift
1040,/home/dxzielinski/Downloads/archive/PetImages/Dog/611.jpg,Dog,1,eyes outside texture pattern abrupt stream stream sleepy blanket frame sunny,post_drift
1041,/home/dxzielinski/Downloads/archive/PetImages/Dog/5660.jpg,Dog,1,event short object tail curious dark sequence blur looking,post_drift
1042,/home/dxzielinski/Downloads/archive/PetImages/Dog/2732.jpg,Dog,1,window quiet scene soft garden ears near,post_drift
1043,/home/dxzielinski/Downloads/archive/PetImages/Dog/3702.jpg,Dog,1,window playful cold round token motion drift short pattern focus,post_drift
1044,/home/dxzielinski/Downloads/archive/PetImages/Dog/4141.jpg,Dog,1,texture sleepy gentle sharp light window sample drift happy happy online bright stream frame blur shadow,post_drift
1045,/home/dxzielinski/Downloads/archive/PetImages/Dog/6686.jpg,Dog,1,window tail sitting steady ears night pattern,post_drift
1046,/home/dxzielinski/Downloads/archive/PetImages/Dog/9343.jpg,Dog,1,stream caption shadow dark eyes path room,post_drift
1047,/home/dxzielinski/Downloads/archive/PetImages/Dog/6081.jpg,Dog,1,shape large air wild garden moment gentle sunny steady sleepy scene ears sleepy foreground,post_drift
1048,/home/dxzielinski/Downloads/archive/PetImages/Dog/10486.jpg,Dog,1,running long window sharp sitting ears sharp house motion,post_drift
1049,/home/dxzielinski/Downloads/archive/PetImages/Dog/887.jpg,Dog,1,still small signal token playful long online blanket quiet drift floor small cold street,post_drift
1050,/home/dxzielinski/Downloads/archive/PetImages/Dog/7744.jpg,Dog,1,steady online near blur air moment shape house,post_drift
1051,/home/dxzielinski/Downloads/archive/PetImages/Dog/6201.jpg,Dog,1,soft outside focus pattern round calm shape color large jumping long change,post_drift
1052,/home/dxzielinski/Downloads/archive/PetImages/Dog/10338.jpg,Dog,1,playful round ears blur frame moment motion sequence photo street light signal furry,post_drift
1053,/home/dxzielinski/Downloads/archive/PetImages/Dog/4482.jpg,Dog,1,pattern still sitting playful stream quiet dark photo round steady noisy garden bright frame moment eyes,post_drift
1054,/home/dxzielinski/Downloads/archive/PetImages/Dog/10397.jpg,Dog,1,event field jumping path house camera,post_drift
1055,/home/dxzielinski/Downloads/archive/PetImages/Dog/2674.jpg,Dog,1,caption day calm far change running random near light phase caption foreground,post_drift
1056,/home/dxzielinski/Downloads/archive/PetImages/Dog/10723.jpg,Dog,1,photo bright object level grass,post_drift
1057,/home/dxzielinski/Downloads/archive/PetImages/Dog/11694.jpg,Dog,1,event curious event texture foreground soft state calm,post_drift
1058,/home/dxzielinski/Downloads/archive/PetImages/Dog/955.jpg,Dog,1,long camera moment furry field field blanket night bright event outside messy color,post_drift
1059,/home/dxzielinski/Downloads/archive/PetImages/Dog/4678.jpg,Dog,1,drift field motion room sharp furry still warm steady frame color curious sleepy phase eyes,post_drift
1060,/home/dxzielinski/Downloads/archive/PetImages/Dog/4851.jpg,Dog,1,furry round state messy steady center sharp focus gentle wild color,post_drift
1061,/home/dxzielinski/Downloads/archive/PetImages/Dog/4598.jpg,Dog,1,wild online eyes happy near quiet looking night background,post_drift
1062,/home/dxzielinski/Downloads/archive/PetImages/Dog/5228.jpg,Dog,1,token large corner sample sunny,post_drift
1063,/home/dxzielinski/Downloads/archive/PetImages/Dog/4608.jpg,Dog,1,event abrupt outside sitting jumping far texture light,post_drift
1064,/home/dxzielinski/Downloads/archive/PetImages/Dog/3465.jpg,Dog,1,moment texture center focus calm wild window,post_drift
1065,/home/dxzielinski/Downloads/archive/PetImages/Dog/535.jpg,Dog,1,night sample garden room focus pattern pattern large sequence outside field blur large furry,post_drift
1066,/home/dxzielinski/Downloads/archive/PetImages/Dog/1454.jpg,Dog,1,messy abrupt path event quiet scene short frame light small sitting color room,post_drift
1067,/home/dxzielinski/Downloads/archive/PetImages/Dog/6311.jpg,Dog,1,blur sleepy random phase grass state noisy sample warm night abrupt tail,post_drift
1068,/home/dxzielinski/Downloads/archive/PetImages/Dog/9271.jpg,Dog,1,floor looking moment still eyes air window garden level small outside day grass,post_drift
1069,/home/dxzielinski/Downloads/archive/PetImages/Dog/8625.jpg,Dog,1,level shape abrupt happy garden shape short,post_drift
1070,/home/dxzielinski/Downloads/archive/PetImages/Dog/11766.jpg,Dog,1,playful caption outside short playful street inside small dark,post_drift
1071,/home/dxzielinski/Downloads/archive/PetImages/Dog/4677.jpg,Dog,1,pattern house sequence fast floor dark,post_drift
1072,/home/dxzielinski/Downloads/archive/PetImages/Dog/9219.jpg,Dog,1,eyes sunny playful jumping state shape bright moment still cold light,post_drift
1073,/home/dxzielinski/Downloads/archive/PetImages/Dog/1224.jpg,Dog,1,fast drift sharp steady still,post_drift
1074,/home/dxzielinski/Downloads/archive/PetImages/Dog/7164.jpg,Dog,1,noisy sitting playful still color street,post_drift
1075,/home/dxzielinski/Downloads/archive/PetImages/Dog/6771.jpg,Dog,1,fast shape event clean signal sharp blur calm calm warm frame ears window quiet steady,post_drift
1076,/home/dxzielinski/Downloads/archive/PetImages/Dog/5410.jpg,Dog,1,abrupt air signal round bright color frame inside bright change camera warm small shape warm tail,post_drift
1077,/home/dxzielinski/Downloads/archive/PetImages/Dog/12081.jpg,Dog,1,change scene house night corner cold jumping event inside center house camera,post_drift
1078,/home/dxzielinski/Downloads/archive/PetImages/Dog/2175.jpg,Dog,1,motion signal sleepy tail event large field garden texture moment wild,post_drift
1079,/home/dxzielinski/Downloads/archive/PetImages/Dog/524.jpg,Dog,1,frame warm happy curious round,post_drift
1080,/home/dxzielinski/Downloads/archive/PetImages/Dog/722.jpg,Dog,1,sequence window state short wild happy running air level furry small color drift,post_drift
1081,/home/dxzielinski/Downloads/archive/PetImages/Dog/6667.jpg,Dog,1,object cold center object sequence event outside frame light sequence grass,post_drift
1082,/home/dxzielinski/Downloads/archive/PetImages/Dog/5465.jpg,Dog,1,calm caption dark dark sitting level air playful quiet background fast drift center window light abrupt,post_drift
1083,/home/dxzielinski/Downloads/archive/PetImages/Dog/2610.jpg,Dog,1,calm object grass stream house drift center abrupt wild room house sample quiet random field long,post_drift
1084,/home/dxzielinski/Downloads/archive/PetImages/Dog/3483.jpg,Dog,1,inside caption center event tail ears night near fast path change,post_drift
1085,/home/dxzielinski/Downloads/archive/PetImages/Dog/3850.jpg,Dog,1,motion jumping tail clean jumping color scene steady floor window curious gentle path window event,post_drift
1086,/home/dxzielinski/Downloads/archive/PetImages/Dog/6466.jpg,Dog,1,far looking stream object pattern light air,post_drift
1087,/home/dxzielinski/Downloads/archive/PetImages/Dog/6691.jpg,Dog,1,outside window token shape calm still steady still,post_drift
1088,/home/dxzielinski/Downloads/archive/PetImages/Dog/2999.jpg,Dog,1,warm outside happy change far blanket camera texture street,post_drift
1089,/home/dxzielinski/Downloads/archive/PetImages/Dog/12373.jpg,Dog,1,state random tail playful near quiet focus far,post_drift
1090,/home/dxzielinski/Downloads/archive/PetImages/Dog/45.jpg,Dog,1,noisy short sharp blanket phase camera noisy gentle window camera happy foreground signal dark state foreground,post_drift
1091,/home/dxzielinski/Downloads/archive/PetImages/Dog/10225.jpg,Dog,1,grass background street window sample sunny scene warm,post_drift
1092,/home/dxzielinski/Downloads/archive/PetImages/Dog/6368.jpg,Dog,1,state garden caption level frame photo large curious,post_drift
1093,/home/dxzielinski/Downloads/archive/PetImages/Dog/9627.jpg,Dog,1,curious grass near room inside window stream blur grass still pattern inside,post_drift
1094,/home/dxzielinski/Downloads/archive/PetImages/Dog/10878.jpg,Dog,1,color sitting event round window,post_drift
1095,/home/dxzielinski/Downloads/archive/PetImages/Dog/8717.jpg,Dog,1,dark scene sequence short happy event blur pattern looking dark camera noisy random sample,post_drift
1096,/home/dxzielinski/Downloads/archive/PetImages/Dog/2206.jpg,Dog,1,shadow random small small inside running shape air level running inside furry signal,post_drift
1097,/home/dxzielinski/Downloads/archive/PetImages/Dog/8760.jpg,Dog,1,clean looking night stream drift blanket,post_drift
1098,/home/dxzielinski/Downloads/archive/PetImages/Dog/9682.jpg,Dog,1,center soft token small happy curious looking online running long,post_drift
1099,/home/dxzielinski/Downloads/archive/PetImages/Dog/5388.jpg,Dog,1,gentle looking dark sample event grass eyes center,post_drift
1100,/home/dxzielinski/Downloads/archive/PetImages/Dog/5442.jpg,Dog,1,change wild foreground pattern sharp running level round drift window messy online near token,post_drift
1101,/home/dxzielinski/Downloads/archive/PetImages/Dog/4863.jpg,Dog,1,quiet running house sample fast change clean near sitting outside field window,post_drift
1102,/home/dxzielinski/Downloads/archive/PetImages/Dog/4882.jpg,Dog,1,tail garden token shadow sitting corner moment air still,post_drift
1103,/home/dxzielinski/Downloads/archive/PetImages/Dog/4289.jpg,Dog,1,caption short path center quiet,post_drift
1104,/home/dxzielinski/Downloads/archive/PetImages/Dog/8682.jpg,Dog,1,quiet token quiet quiet floor night state near jumping change center texture,post_drift
1105,/home/dxzielinski/Downloads/archive/PetImages/Dog/11008.jpg,Dog,1,playful random online small level happy light eyes scene photo sunny center noisy level curious,post_drift
1106,/home/dxzielinski/Downloads/archive/PetImages/Dog/11709.jpg,Dog,1,clean foreground cold sitting color photo motion sleepy color,post_drift
1107,/home/dxzielinski/Downloads/archive/PetImages/Dog/10566.jpg,Dog,1,happy window steady fast short drift abrupt garden,post_drift
1108,/home/dxzielinski/Downloads/archive/PetImages/Dog/9829.jpg,Dog,1,tail curious running large sequence center bright messy level room light blur background,post_drift
1109,/home/dxzielinski/Downloads/archive/PetImages/Dog/4514.jpg,Dog,1,field near signal clean eyes room looking object field calm,post_drift
1110,/home/dxzielinski/Downloads/archive/PetImages/Dog/1764.jpg,Dog,1,camera tail tail motion focus,post_drift
1111,/home/dxzielinski/Downloads/archive/PetImages/Dog/3464.jpg,Dog,1,curious event field sharp shadow object far dark day clean far soft stream shadow,post_drift
1112,/home/dxzielinski/Downloads/archive/PetImages/Dog/4314.jpg,Dog,1,focus foreground center ears caption street motion drift,post_drift
1113,/home/dxzielinski/Downloads/archive/PetImages/Dog/12375.jpg,Dog,1,change sharp warm garden street light sharp,post_drift
1114,/home/dxzielinski/Downloads/archive/PetImages/Dog/7638.jpg,Dog,1,inside tail small path running tail short eyes window,post_drift
1115,/home/dxzielinski/Downloads/archive/PetImages/Dog/7669.jpg,Dog,1,object dark path bright short abrupt pattern sharp,post_drift
1116,/home/dxzielinski/Downloads/archive/PetImages/Dog/4692.jpg,Dog,1,frame fast inside steady frame soft blur sunny playful inside curious,post_drift
1117,/home/dxzielinski/Downloads/archive/PetImages/Dog/7756.jpg,Dog,1,frame grass curious color moment steady focus near window short wild,post_drift
1118,/home/dxzielinski/Downloads/archive/PetImages/Dog/8702.jpg,Dog,1,gentle night path gentle object,post_drift
1119,/home/dxzielinski/Downloads/archive/PetImages/Dog/9240.jpg,Dog,1,gentle tail camera texture fast outside,post_drift
1120,/home/dxzielinski/Downloads/archive/PetImages/Dog/8868.jpg,Dog,1,floor street camera warm night photo field day fast,post_drift
1121,/home/dxzielinski/Downloads/archive/PetImages/Dog/10782.jpg,Dog,1,warm sunny furry light abrupt dark scene,post_drift
1122,/home/dxzielinski/Downloads/archive/PetImages/Dog/8984.jpg,Dog,1,ears small light night foreground furry event random floor,post_drift
1123,/home/dxzielinski/Downloads/archive/PetImages/Dog/10487.jpg,Dog,1,far foreground house event wild,post_drift
1124,/home/dxzielinski/Downloads/archive/PetImages/Dog/4095.jpg,Dog,1,window level light foreground state foreground sleepy jumping motion level,post_drift
1125,/home/dxzielinski/Downloads/archive/PetImages/Dog/1895.jpg,Dog,1,looking frame foreground gentle round blanket change eyes pattern curious event eyes,post_drift
1126,/home/dxzielinski/Downloads/archive/PetImages/Dog/210.jpg,Dog,1,sunny short phase far background,post_drift
1127,/home/dxzielinski/Downloads/archive/PetImages/Dog/10666.jpg,Dog,1,texture soft running night focus dark noisy center grass night day,post_drift
1128,/home/dxzielinski/Downloads/archive/PetImages/Dog/1696.jpg,Dog,1,steady happy dark photo still texture sharp large shape near change sunny near,post_drift
1129,/home/dxzielinski/Downloads/archive/PetImages/Dog/1027.jpg,Dog,1,stream curious looking noisy quiet gentle caption sunny sequence window motion gentle garden,post_drift
1130,/home/dxzielinski/Downloads/archive/PetImages/Dog/6187.jpg,Dog,1,house jumping running street jumping random shadow happy far jumping online photo running happy fast,post_drift
1131,/home/dxzielinski/Downloads/archive/PetImages/Dog/5064.jpg,Dog,1,inside pattern looking sitting gentle,post_drift
1132,/home/dxzielinski/Downloads/archive/PetImages/Dog/2337.jpg,Dog,1,stream sequence wild sitting light grass outside path grass photo,post_drift
1133,/home/dxzielinski/Downloads/archive/PetImages/Dog/643.jpg,Dog,1,color online sharp foreground soft,post_drift
1134,/home/dxzielinski/Downloads/archive/PetImages/Dog/6925.jpg,Dog,1,inside warm sleepy gentle happy inside far sitting grass,post_drift
1135,/home/dxzielinski/Downloads/archive/PetImages/Dog/3042.jpg,Dog,1,day stream near phase cold sharp outside inside running messy sitting sitting calm garden near sitting,post_drift
1136,/home/dxzielinski/Downloads/archive/PetImages/Dog/313.jpg,Dog,1,playful grass sample scene noisy window moment object,post_drift
1137,/home/dxzielinski/Downloads/archive/PetImages/Dog/3589.jpg,Dog,1,outside running texture playful drift caption drift ears sitting change,post_drift
1138,/home/dxzielinski/Downloads/archive/PetImages/Dog/4694.jpg,Dog,1,drift ears day random wild path drift foreground garden change motion sample eyes air center outside,post_drift
1139,/home/dxzielinski/Downloads/archive/PetImages/Dog/7336.jpg,Dog,1,air outside inside air short soft window room shape photo,post_drift
1140,/home/dxzielinski/Downloads/archive/PetImages/Dog/11459.jpg,Dog,1,center steady random foreground light noisy light phase sharp state camera happy,post_drift
1141,/home/dxzielinski/Downloads/archive/PetImages/Dog/427.jpg,Dog,1,event tail street phase texture long moment jumping long drift drift tail frame moment motion,post_drift
1142,/home/dxzielinski/Downloads/archive/PetImages/Dog/12314.jpg,Dog,1,eyes photo near running frame calm long scene,post_drift
1143,/home/dxzielinski/Downloads/archive/PetImages/Dog/4399.jpg,Dog,1,fast night center eyes shadow soft long level,post_drift
1144,/home/dxzielinski/Downloads/archive/PetImages/Dog/11204.jpg,Dog,1,foreground furry outside foreground round,post_drift
1145,/home/dxzielinski/Downloads/archive/PetImages/Dog/4785.jpg,Dog,1,photo warm focus phase photo long wild state sharp,post_drift
1146,/home/dxzielinski/Downloads/archive/PetImages/Dog/4159.jpg,Dog,1,noisy sunny scene scene large window happy field stream playful sample sleepy fast,post_drift
1147,/home/dxzielinski/Downloads/archive/PetImages/Dog/3578.jpg,Dog,1,inside scene camera photo night short tail furry noisy ears night center,post_drift
1148,/home/dxzielinski/Downloads/archive/PetImages/Dog/4457.jpg,Dog,1,bright path random dark messy background eyes path furry quiet,post_drift
1149,/home/dxzielinski/Downloads/archive/PetImages/Dog/261.jpg,Dog,1,eyes sharp running wild blanket far garden messy cold still texture tail shape short,post_drift
1150,/home/dxzielinski/Downloads/archive/PetImages/Dog/11688.jpg,Dog,1,still floor frame shadow sunny floor outside focus sunny object,post_drift
1151,/home/dxzielinski/Downloads/archive/PetImages/Dog/4239.jpg,Dog,1,camera quiet messy sunny clean happy wild long large sample,post_drift
1152,/home/dxzielinski/Downloads/archive/PetImages/Dog/1751.jpg,Dog,1,caption furry stream eyes playful change blanket steady blanket stream drift path object far still background,post_drift
1153,/home/dxzielinski/Downloads/archive/PetImages/Dog/7124.jpg,Dog,1,moment noisy clean camera color messy shape ears garden,post_drift
1154,/home/dxzielinski/Downloads/archive/PetImages/Dog/4341.jpg,Dog,1,looking curious warm eyes clean,post_drift
1155,/home/dxzielinski/Downloads/archive/PetImages/Dog/116.jpg,Dog,1,steady state sharp large field curious sleepy calm garden calm window sharp,post_drift
1156,/home/dxzielinski/Downloads/archive/PetImages/Dog/3454.jpg,Dog,1,token motion dark dark quiet running near curious round token short clean house quiet,post_drift
1157,/home/dxzielinski/Downloads/archive/PetImages/Dog/4402.jpg,Dog,1,gentle sequence level air air long pattern night sample center shape drift clean,post_drift
1158,/home/dxzielinski/Downloads/archive/PetImages/Dog/8455.jpg,Dog,1,corner pattern level sleepy sleepy,post_drift
1159,/home/dxzielinski/Downloads/archive/PetImages/Dog/8211.jpg,Dog,1,short outside stream sunny texture scene furry photo happy short sleepy outside sample,post_drift
1160,/home/dxzielinski/Downloads/archive/PetImages/Dog/3052.jpg,Dog,1,focus sample abrupt object color floor change curious house ears house air far phase,post_drift
1161,/home/dxzielinski/Downloads/archive/PetImages/Dog/4304.jpg,Dog,1,floor day street blur phase,post_drift
1162,/home/dxzielinski/Downloads/archive/PetImages/Dog/11284.jpg,Dog,1,steady color token day fast floor clean,post_drift
1163,/home/dxzielinski/Downloads/archive/PetImages/Dog/1004.jpg,Dog,1,shape texture near frame state floor online floor street sharp playful signal,post_drift
1164,/home/dxzielinski/Downloads/archive/PetImages/Dog/11264.jpg,Dog,1,blanket event small gentle window round,post_drift
1165,/home/dxzielinski/Downloads/archive/PetImages/Dog/8573.jpg,Dog,1,change warm path background round,post_drift
1166,/home/dxzielinski/Downloads/archive/PetImages/Dog/4329.jpg,Dog,1,quiet shape eyes sleepy stream phase round messy jumping looking focus,post_drift
1167,/home/dxzielinski/Downloads/archive/PetImages/Dog/11493.jpg,Dog,1,quiet drift sunny light outside moment long,post_drift
1168,/home/dxzielinski/Downloads/archive/PetImages/Dog/11803.jpg,Dog,1,sample house stream signal round steady bright phase ears window,post_drift
1169,/home/dxzielinski/Downloads/archive/PetImages/Dog/2756.jpg,Dog,1,camera scene long event still calm,post_drift
1170,/home/dxzielinski/Downloads/archive/PetImages/Dog/7196.jpg,Dog,1,focus light drift fast focus warm focus bright bright outside quiet photo looking color corner,post_drift
1171,/home/dxzielinski/Downloads/archive/PetImages/Dog/123.jpg,Dog,1,scene state soft sitting clean small window,post_drift
1172,/home/dxzielinski/Downloads/archive/PetImages/Dog/6999.jpg,Dog,1,quiet clean room blur sitting happy short happy bright far event,post_drift
1173,/home/dxzielinski/Downloads/archive/PetImages/Dog/9405.jpg,Dog,1,moment abrupt wild random pattern,post_drift
1174,/home/dxzielinski/Downloads/archive/PetImages/Dog/3964.jpg,Dog,1,light dark quiet still pattern noisy round calm,post_drift
1175,/home/dxzielinski/Downloads/archive/PetImages/Dog/11019.jpg,Dog,1,calm center day quiet online street scene,post_drift
1176,/home/dxzielinski/Downloads/archive/PetImages/Dog/2577.jpg,Dog,1,floor quiet fast event gentle ears furry pattern drift center house day token moment object center,post_drift
1177,/home/dxzielinski/Downloads/archive/PetImages/Dog/9665.jpg,Dog,1,object curious day fast fast,post_drift
1178,/home/dxzielinski/Downloads/archive/PetImages/Dog/2629.jpg,Dog,1,blur far sunny inside frame event dark level blur dark outside cold,post_drift
1179,/home/dxzielinski/Downloads/archive/PetImages/Dog/3593.jpg,Dog,1,background house calm frame soft field sitting tail short,post_drift
1180,/home/dxzielinski/Downloads/archive/PetImages/Dog/2219.jpg,Dog,1,furry sitting foreground cold dark shape floor house object,post_drift
1181,/home/dxzielinski/Downloads/archive/PetImages/Dog/2768.jpg,Dog,1,fast stream long day far,post_drift
1182,/home/dxzielinski/Downloads/archive/PetImages/Dog/4587.jpg,Dog,1,clean blur abrupt token air tail calm cold photo inside state happy sitting background,post_drift
1183,/home/dxzielinski/Downloads/archive/PetImages/Dog/10256.jpg,Dog,1,corner calm light dark texture corner tail object field caption blur background round abrupt outside,post_drift
1184,/home/dxzielinski/Downloads/archive/PetImages/Dog/7484.jpg,Dog,1,sample sunny tail shape day large token warm window blur gentle far jumping path background,post_drift
1185,/home/dxzielinski/Downloads/archive/PetImages/Dog/6378.jpg,Dog,1,eyes level calm sample state gentle object camera fast tail color moment field abrupt token noisy,post_drift
1186,/home/dxzielinski/Downloads/archive/PetImages/Dog/775.jpg,Dog,1,round still camera object warm center sharp color long round grass cold gentle,post_drift
1187,/home/dxzielinski/Downloads/archive/PetImages/Dog/10755.jpg,Dog,1,floor scene event furry shadow short shadow object state signal caption messy shape furry outside sequence,post_drift
1188,/home/dxzielinski/Downloads/archive/PetImages/Dog/754.jpg,Dog,1,happy round random noisy sharp focus eyes caption change sharp camera frame online playful inside,post_drift
1189,/home/dxzielinski/Downloads/archive/PetImages/Dog/8574.jpg,Dog,1,calm gentle eyes photo window center path outside token,post_drift
1190,/home/dxzielinski/Downloads/archive/PetImages/Dog/5314.jpg,Dog,1,far house small playful cold phase,post_drift
1191,/home/dxzielinski/Downloads/archive/PetImages/Dog/11342.jpg,Dog,1,blanket shape moment random round sitting large foreground camera house sitting moment blur online,post_drift
1192,/home/dxzielinski/Downloads/archive/PetImages/Dog/2880.jpg,Dog,1,stream background blur wild air clean,post_drift
1193,/home/dxzielinski/Downloads/archive/PetImages/Dog/2785.jpg,Dog,1,happy day soft bright texture inside cold field wild messy abrupt moment object,post_drift
1194,/home/dxzielinski/Downloads/archive/PetImages/Dog/11847.jpg,Dog,1,sample blanket round inside long inside event quiet sample change curious house camera tail drift abrupt,post_drift
1195,/home/dxzielinski/Downloads/archive/PetImages/Dog/8628.jpg,Dog,1,window signal fast night curious window quiet running change stream,post_drift
1196,/home/dxzielinski/Downloads/archive/PetImages/Dog/1459.jpg,Dog,1,noisy small texture moment clean token fast dark gentle playful near eyes path day,post_drift
1197,/home/dxzielinski/Downloads/archive/PetImages/Dog/6705.jpg,Dog,1,ears gentle background day street center,post_drift
1198,/home/dxzielinski/Downloads/archive/PetImages/Dog/8357.jpg,Dog,1,steady level happy cold street steady sleepy soft scene,post_drift
1199,/home/dxzielinski/Downloads/archive/PetImages/Dog/10151.jpg,Dog,1,short sequence texture moment night playful,post_drift
1200,/home/dxzielinski/Downloads/archive/PetImages/Dog/3981.jpg,Dog,1,furry path garden state short dark window abrupt day window happy sample blanket far,post_drift
1201,/home/dxzielinski/Downloads/archive/PetImages/Dog/11621.jpg,Dog,1,playful camera center camera token token signal moment,post_drift
1202,/home/dxzielinski/Downloads/archive/PetImages/Dog/4171.jpg,Dog,1,tail random far window sequence sitting sunny event scene event texture window gentle sample,post_drift
1203,/home/dxzielinski/Downloads/archive/PetImages/Dog/8305.jpg,Dog,1,round playful foreground room far light,post_drift
1204,/home/dxzielinski/Downloads/archive/PetImages/Dog/9615.jpg,Dog,1,noisy inside jumping sunny field pattern jumping signal near day signal air blur,post_drift
1205,/home/dxzielinski/Downloads/archive/PetImages/Dog/3087.jpg,Dog,1,garden texture token drift path fast path random inside quiet center shadow,post_drift
1206,/home/dxzielinski/Downloads/archive/PetImages/Dog/8167.jpg,Dog,1,fast random dark sunny ears background state curious phase,post_drift
1207,/home/dxzielinski/Downloads/archive/PetImages/Dog/10035.jpg,Dog,1,street sample near near caption near messy eyes running,post_drift
1208,/home/dxzielinski/Downloads/archive/PetImages/Dog/4056.jpg,Dog,1,sequence fast fast state far still messy window object wild sunny corner curious long happy,post_drift
1209,/home/dxzielinski/Downloads/archive/PetImages/Dog/4465.jpg,Dog,1,long sequence house event furry night,post_drift
1210,/home/dxzielinski/Downloads/archive/PetImages/Dog/7101.jpg,Dog,1,quiet sharp light texture dark motion random inside,post_drift
1211,/home/dxzielinski/Downloads/archive/PetImages/Dog/3792.jpg,Dog,1,window object looking room grass window frame field caption large change,post_drift
1212,/home/dxzielinski/Downloads/archive/PetImages/Dog/113.jpg,Dog,1,eyes drift signal running blur garden room warm shadow texture,post_drift
1213,/home/dxzielinski/Downloads/archive/PetImages/Dog/6274.jpg,Dog,1,center caption garden corner object texture clean abrupt curious day object pattern drift sequence,post_drift
1214,/home/dxzielinski/Downloads/archive/PetImages/Dog/1217.jpg,Dog,1,sitting running drift camera street motion jumping abrupt grass blanket motion foreground light,post_drift
1215,/home/dxzielinski/Downloads/archive/PetImages/Dog/3449.jpg,Dog,1,wild fast ears calm blanket soft moment,post_drift
1216,/home/dxzielinski/Downloads/archive/PetImages/Dog/6359.jpg,Dog,1,photo drift playful texture change curious cold state sleepy,post_drift
1217,/home/dxzielinski/Downloads/archive/PetImages/Dog/5956.jpg,Dog,1,warm level sample path outside phase drift furry center blur scene light blur inside long noisy,post_drift
1218,/home/dxzielinski/Downloads/archive/PetImages/Dog/6928.jpg,Dog,1,street photo sleepy background happy soft air large jumping texture calm curious,post_drift
1219,/home/dxzielinski/Downloads/archive/PetImages/Dog/7035.jpg,Dog,1,garden wild long furry round steady cold object,post_drift
1220,/home/dxzielinski/Downloads/archive/PetImages/Dog/2273.jpg,Dog,1,noisy blanket pattern sample soft shadow signal happy fast floor drift,post_drift
1221,/home/dxzielinski/Downloads/archive/PetImages/Dog/8290.jpg,Dog,1,path outside happy camera moment field photo sample blur ears,post_drift
1222,/home/dxzielinski/Downloads/archive/PetImages/Dog/9052.jpg,Dog,1,floor playful quiet sharp soft floor abrupt sleepy grass field looking wild,post_drift
1223,/home/dxzielinski/Downloads/archive/PetImages/Dog/11415.jpg,Dog,1,night clean photo shape sharp color long looking focus scene warm short,post_drift
1224,/home/dxzielinski/Downloads/archive/PetImages/Dog/4825.jpg,Dog,1,scene happy gentle motion event path path short photo bright ears event,post_drift
1225,/home/dxzielinski/Downloads/archive/PetImages/Dog/12095.jpg,Dog,1,focus event sharp fast focus object texture night quiet day,post_drift
1226,/home/dxzielinski/Downloads/archive/PetImages/Dog/1403.jpg,Dog,1,tail cold center street caption background,post_drift
1227,/home/dxzielinski/Downloads/archive/PetImages/Dog/11758.jpg,Dog,1,happy foreground drift sitting street photo background running round running eyes,post_drift
1228,/home/dxzielinski/Downloads/archive/PetImages/Dog/10118.jpg,Dog,1,running curious playful sleepy small caption sharp corner,post_drift
1229,/home/dxzielinski/Downloads/archive/PetImages/Dog/2709.jpg,Dog,1,street field sleepy blur focus sunny gentle,post_drift
1230,/home/dxzielinski/Downloads/archive/PetImages/Dog/6867.jpg,Dog,1,caption steady camera small center sequence abrupt,post_drift
1231,/home/dxzielinski/Downloads/archive/PetImages/Dog/3182.jpg,Dog,1,far path phase bright sample furry,post_drift
1232,/home/dxzielinski/Downloads/archive/PetImages/Dog/11153.jpg,Dog,1,playful looking sequence round moment long,post_drift
1233,/home/dxzielinski/Downloads/archive/PetImages/Dog/516.jpg,Dog,1,outside foreground warm window stream caption corner,post_drift
1234,/home/dxzielinski/Downloads/archive/PetImages/Dog/7889.jpg,Dog,1,wild eyes bright camera floor photo noisy sharp jumping still online room round,post_drift
1235,/home/dxzielinski/Downloads/archive/PetImages/Dog/7369.jpg,Dog,1,looking shape grass drift pattern bright path street night center sample night,post_drift
1236,/home/dxzielinski/Downloads/archive/PetImages/Dog/5371.jpg,Dog,1,looking warm noisy pattern shape abrupt ears change still ears looking shape foreground,post_drift
1237,/home/dxzielinski/Downloads/archive/PetImages/Dog/604.jpg,Dog,1,happy motion stream fast moment furry change sunny phase sleepy,post_drift
1238,/home/dxzielinski/Downloads/archive/PetImages/Dog/6221.jpg,Dog,1,clean level foreground garden noisy tail warm,post_drift
1239,/home/dxzielinski/Downloads/archive/PetImages/Dog/306.jpg,Dog,1,state sunny night looking blur,post_drift
1240,/home/dxzielinski/Downloads/archive/PetImages/Dog/4192.jpg,Dog,1,ears eyes shape color background garden sunny,post_drift
1241,/home/dxzielinski/Downloads/archive/PetImages/Dog/10257.jpg,Dog,1,shape camera round furry furry field outside looking camera sample online,post_drift
1242,/home/dxzielinski/Downloads/archive/PetImages/Dog/8252.jpg,Dog,1,jumping window center still focus air dark round grass,post_drift
1243,/home/dxzielinski/Downloads/archive/PetImages/Dog/5587.jpg,Dog,1,tail foreground path gentle large token state,post_drift
1244,/home/dxzielinski/Downloads/archive/PetImages/Dog/5008.jpg,Dog,1,day inside bright event event dark round path quiet,post_drift
1245,/home/dxzielinski/Downloads/archive/PetImages/Dog/11510.jpg,Dog,1,short sleepy outside grass large long quiet small token calm house blanket,post_drift
1246,/home/dxzielinski/Downloads/archive/PetImages/Dog/305.jpg,Dog,1,photo camera sequence camera long room caption sitting,post_drift
1247,/home/dxzielinski/Downloads/archive/PetImages/Dog/4840.jpg,Dog,1,happy motion caption field object cold field change change abrupt short phase,post_drift
1248,/home/dxzielinski/Downloads/archive/PetImages/Dog/653.jpg,Dog,1,room playful token tail night camera eyes far outside window dark curious air,post_drift
1249,/home/dxzielinski/Downloads/archive/PetImages/Dog/8423.jpg,Dog,1,jumping frame gentle sleepy shape sample outside,post_drift
1250,/home/dxzielinski/Downloads/archive/PetImages/Dog/7629.jpg,Dog,1,focus window phase soft signal scene near calm clean small corner near drift shape,post_drift
1251,/home/dxzielinski/Downloads/archive/PetImages/Dog/8724.jpg,Dog,1,air house bright curious sharp caption house round foreground long messy phase corner soft sharp short,post_drift
1252,/home/dxzielinski/Downloads/archive/PetImages/Dog/7008.jpg,Dog,1,background sample online long round outside light object caption center scene phase eyes still scene,post_drift
1253,/home/dxzielinski/Downloads/archive/PetImages/Dog/5231.jpg,Dog,1,short day warm eyes eyes jumping outside happy street stream inside house caption wild,post_drift
1254,/home/dxzielinski/Downloads/archive/PetImages/Dog/9428.jpg,Dog,1,street window camera foreground token room gentle window frame,post_drift
1255,/home/dxzielinski/Downloads/archive/PetImages/Dog/9223.jpg,Dog,1,near bright clean scene soft furry abrupt light,post_drift
1256,/home/dxzielinski/Downloads/archive/PetImages/Dog/10604.jpg,Dog,1,day tail garden tail bright event looking street,post_drift
1257,/home/dxzielinski/Downloads/archive/PetImages/Dog/12183.jpg,Dog,1,signal jumping jumping signal drift still random camera moment shadow short window,post_drift
1258,/home/dxzielinski/Downloads/archive/PetImages/Dog/2502.jpg,Dog,1,field clean texture online street near short day path blanket short scene garden clean,post_drift
1259,/home/dxzielinski/Downloads/archive/PetImages/Dog/10962.jpg,Dog,1,gentle quiet phase gentle garden,post_drift
1260,/home/dxzielinski/Downloads/archive/PetImages/Dog/2518.jpg,Dog,1,tail short texture furry sharp online small,post_drift
1261,/home/dxzielinski/Downloads/archive/PetImages/Dog/5880.jpg,Dog,1,steady curious clean jumping eyes messy day street focus abrupt token tail tail blanket jumping,post_drift
1262,/home/dxzielinski/Downloads/archive/PetImages/Dog/7710.jpg,Dog,1,motion blur near tail street scene signal eyes window happy air center stream sample tail,post_drift
1263,/home/dxzielinski/Downloads/archive/PetImages/Dog/6246.jpg,Dog,1,state change day fast far sitting path,post_drift
1264,/home/dxzielinski/Downloads/archive/PetImages/Dog/9348.jpg,Dog,1,night steady grass object background phase sample,post_drift
1265,/home/dxzielinski/Downloads/archive/PetImages/Dog/5713.jpg,Dog,1,warm warm field shape state jumping,post_drift
1266,/home/dxzielinski/Downloads/archive/PetImages/Dog/829.jpg,Dog,1,eyes long round floor warm messy bright corner far inside,post_drift
1267,/home/dxzielinski/Downloads/archive/PetImages/Dog/1931.jpg,Dog,1,texture clean path room happy color fast warm path abrupt blur change calm sequence,post_drift
1268,/home/dxzielinski/Downloads/archive/PetImages/Dog/3917.jpg,Dog,1,sitting background sunny warm jumping jumping foreground sunny texture phase event quiet still messy wild blur,post_drift
1269,/home/dxzielinski/Downloads/archive/PetImages/Dog/11307.jpg,Dog,1,caption grass phase sample level window photo looking wild long noisy soft field running stream,post_drift
1270,/home/dxzielinski/Downloads/archive/PetImages/Dog/1995.jpg,Dog,1,house night small background house still blur,post_drift
1271,/home/dxzielinski/Downloads/archive/PetImages/Dog/3161.jpg,Dog,1,fast texture gentle inside playful floor scene,post_drift
1272,/home/dxzielinski/Downloads/archive/PetImages/Dog/12268.jpg,Dog,1,signal curious wild motion event object short caption night token,post_drift
1273,/home/dxzielinski/Downloads/archive/PetImages/Dog/1276.jpg,Dog,1,token house shadow sleepy still tail noisy event,post_drift
1274,/home/dxzielinski/Downloads/archive/PetImages/Dog/2829.jpg,Dog,1,scene shadow air abrupt night level abrupt sharp running window color dark messy sequence calm light,post_drift
1275,/home/dxzielinski/Downloads/archive/PetImages/Dog/10722.jpg,Dog,1,phase garden playful fast gentle token round air curious phase blur frame,post_drift
1276,/home/dxzielinski/Downloads/archive/PetImages/Dog/6316.jpg,Dog,1,clean state soft inside blur path stream shape,post_drift
1277,/home/dxzielinski/Downloads/archive/PetImages/Dog/8077.jpg,Dog,1,quiet wild tail jumping furry center tail,post_drift
1278,/home/dxzielinski/Downloads/archive/PetImages/Dog/5538.jpg,Dog,1,noisy playful steady air light change caption house air bright,post_drift
1279,/home/dxzielinski/Downloads/archive/PetImages/Dog/11908.jpg,Dog,1,dark frame scene sleepy moment shape caption gentle foreground far playful blanket foreground,post_drift
1280,/home/dxzielinski/Downloads/archive/PetImages/Dog/4499.jpg,Dog,1,object object jumping eyes street random warm inside looking level far sleepy still abrupt pattern,post_drift
1281,/home/dxzielinski/Downloads/archive/PetImages/Dog/3462.jpg,Dog,1,playful night ears sleepy grass soft running online,post_drift
1282,/home/dxzielinski/Downloads/archive/PetImages/Dog/6452.jpg,Dog,1,corner blur background blanket bright drift window level night outside street clean,post_drift
1283,/home/dxzielinski/Downloads/archive/PetImages/Dog/5076.jpg,Dog,1,steady shadow grass sitting night foreground center event texture center soft,post_drift
1284,/home/dxzielinski/Downloads/archive/PetImages/Dog/8172.jpg,Dog,1,online near sunny sequence moment moment night clean blur camera short field clean floor,post_drift
1285,/home/dxzielinski/Downloads/archive/PetImages/Dog/1937.jpg,Dog,1,background near grass near long sleepy online sample ears soft sample,post_drift
1286,/home/dxzielinski/Downloads/archive/PetImages/Dog/8402.jpg,Dog,1,change far sharp looking light floor noisy signal moment long abrupt room outside sunny street,post_drift
1287,/home/dxzielinski/Downloads/archive/PetImages/Dog/9079.jpg,Dog,1,warm abrupt playful sitting camera calm camera photo light curious light,post_drift
1288,/home/dxzielinski/Downloads/archive/PetImages/Dog/2202.jpg,Dog,1,window scene tail cold frame happy far token,post_drift
1289,/home/dxzielinski/Downloads/archive/PetImages/Dog/3000.jpg,Dog,1,signal abrupt wild state window window soft center center drift corner random level garden,post_drift
1290,/home/dxzielinski/Downloads/archive/PetImages/Dog/4240.jpg,Dog,1,caption soft floor caption soft photo clean,post_drift
1291,/home/dxzielinski/Downloads/archive/PetImages/Dog/819.jpg,Dog,1,playful change sleepy small near dark street blur,post_drift
1292,/home/dxzielinski/Downloads/archive/PetImages/Dog/5894.jpg,Dog,1,fast foreground foreground night scene eyes quiet sitting field house outside long sequence warm camera,post_drift
1293,/home/dxzielinski/Downloads/archive/PetImages/Dog/8046.jpg,Dog,1,texture far shadow caption texture warm focus sample state round,post_drift
1294,/home/dxzielinski/Downloads/archive/PetImages/Dog/3113.jpg,Dog,1,clean blanket foreground looking tail token,post_drift
1295,/home/dxzielinski/Downloads/archive/PetImages/Dog/6428.jpg,Dog,1,online foreground foreground sitting fast sample happy short,post_drift
1296,/home/dxzielinski/Downloads/archive/PetImages/Dog/1267.jpg,Dog,1,blanket dark phase online quiet drift clean large calm furry playful tail stream dark,post_drift
1297,/home/dxzielinski/Downloads/archive/PetImages/Dog/12482.jpg,Dog,1,cold tail inside event day background field eyes garden signal pattern small path state,post_drift
1298,/home/dxzielinski/Downloads/archive/PetImages/Dog/11149.jpg,Dog,1,house wild cold phase night eyes ears focus warm window room window motion grass change field,post_drift
1299,/home/dxzielinski/Downloads/archive/PetImages/Dog/4321.jpg,Dog,1,camera sleepy jumping sleepy path gentle blanket field token still cold sunny jumping corner stream abrupt,post_drift
1300,/home/dxzielinski/Downloads/archive/PetImages/Dog/7717.jpg,Dog,1,looking window shadow level calm window floor,post_drift
1301,/home/dxzielinski/Downloads/archive/PetImages/Dog/5034.jpg,Dog,1,still fast phase looking event calm center wild sitting sleepy far change grass random photo,post_drift
1302,/home/dxzielinski/Downloads/archive/PetImages/Dog/7024.jpg,Dog,1,house blur sleepy noisy street eyes state photo event bright caption,post_drift
1303,/home/dxzielinski/Downloads/archive/PetImages/Dog/951.jpg,Dog,1,motion far window eyes window sample stream,post_drift
1304,/home/dxzielinski/Downloads/archive/PetImages/Dog/8896.jpg,Dog,1,garden pattern sample still phase sample online,post_drift
1305,/home/dxzielinski/Downloads/archive/PetImages/Dog/2816.jpg,Dog,1,scene jumping fast still object street foreground sequence small dark photo object,post_drift
1306,/home/dxzielinski/Downloads/archive/PetImages/Dog/1844.jpg,Dog,1,foreground path scene sitting field color shape frame token playful garden,post_drift
1307,/home/dxzielinski/Downloads/archive/PetImages/Dog/8858.jpg,Dog,1,scene gentle window messy steady corner calm grass happy focus foreground running,post_drift
1308,/home/dxzielinski/Downloads/archive/PetImages/Dog/1889.jpg,Dog,1,looking small pattern ears outside curious sharp,post_drift
1309,/home/dxzielinski/Downloads/archive/PetImages/Dog/5606.jpg,Dog,1,moment online bright sleepy sleepy gentle online,post_drift
1310,/home/dxzielinski/Downloads/archive/PetImages/Dog/5022.jpg,Dog,1,abrupt grass night texture small pattern event background signal camera calm house ears texture,post_drift
1311,/home/dxzielinski/Downloads/archive/PetImages/Dog/9344.jpg,Dog,1,token room sample phase shadow window,post_drift
1312,/home/dxzielinski/Downloads/archive/PetImages/Dog/2550.jpg,Dog,1,token token curious small inside stream frame object photo sharp online abrupt sleepy sequence,post_drift
1313,/home/dxzielinski/Downloads/archive/PetImages/Dog/1065.jpg,Dog,1,outside ears abrupt sunny change sharp light curious wild path phase looking air caption grass,post_drift
1314,/home/dxzielinski/Downloads/archive/PetImages/Dog/1877.jpg,Dog,1,garden looking steady stream online sleepy,post_drift
1315,/home/dxzielinski/Downloads/archive/PetImages/Dog/5760.jpg,Dog,1,blanket room state sitting scene foreground sunny,post_drift
1316,/home/dxzielinski/Downloads/archive/PetImages/Dog/5680.jpg,Dog,1,sample furry signal house sequence room street background fast color texture quiet,post_drift
1317,/home/dxzielinski/Downloads/archive/PetImages/Dog/4756.jpg,Dog,1,dark phase calm curious cold playful quiet,post_drift
1318,/home/dxzielinski/Downloads/archive/PetImages/Dog/5386.jpg,Dog,1,long center object cold gentle blur house signal,post_drift
1319,/home/dxzielinski/Downloads/archive/PetImages/Dog/1274.jpg,Dog,1,foreground dark sleepy street furry inside cold far house,post_drift
1320,/home/dxzielinski/Downloads/archive/PetImages/Dog/11675.jpg,Dog,1,path night house light focus sunny sharp,post_drift
1321,/home/dxzielinski/Downloads/archive/PetImages/Dog/1885.jpg,Dog,1,camera sitting running near shape ears calm messy moment online sleepy corner photo night still,post_drift
1322,/home/dxzielinski/Downloads/archive/PetImages/Dog/5516.jpg,Dog,1,dark happy air floor focus ears far jumping looking foreground clean,post_drift
1323,/home/dxzielinski/Downloads/archive/PetImages/Dog/2339.jpg,Dog,1,jumping window sleepy wild steady level noisy inside field,post_drift
1324,/home/dxzielinski/Downloads/archive/PetImages/Dog/6888.jpg,Dog,1,calm clean center corner sequence outside window event frame outside house tail event fast,post_drift
1325,/home/dxzielinski/Downloads/archive/PetImages/Dog/8461.jpg,Dog,1,random field pattern texture room calm near token change sequence air center sitting drift moment pattern,post_drift
1326,/home/dxzielinski/Downloads/archive/PetImages/Dog/2410.jpg,Dog,1,near still floor pattern blur drift air,post_drift
1327,/home/dxzielinski/Downloads/archive/PetImages/Dog/10655.jpg,Dog,1,wild field pattern round path online street,post_drift
1328,/home/dxzielinski/Downloads/archive/PetImages/Dog/11057.jpg,Dog,1,window sitting long drift sequence running,post_drift
1329,/home/dxzielinski/Downloads/archive/PetImages/Dog/6807.jpg,Dog,1,bright street large steady texture drift frame token center foreground outside motion,post_drift
1330,/home/dxzielinski/Downloads/archive/PetImages/Dog/10128.jpg,Dog,1,abrupt photo long street air sequence state state clean pattern dark,post_drift
1331,/home/dxzielinski/Downloads/archive/PetImages/Dog/9029.jpg,Dog,1,calm pattern eyes house inside motion grass sharp tail sharp random wild event short,post_drift
1332,/home/dxzielinski/Downloads/archive/PetImages/Dog/8314.jpg,Dog,1,blur looking long garden round level cold small warm field texture shape furry light,post_drift
1333,/home/dxzielinski/Downloads/archive/PetImages/Dog/10759.jpg,Dog,1,corner sharp floor quiet running happy,post_drift
1334,/home/dxzielinski/Downloads/archive/PetImages/Dog/3637.jpg,Dog,1,shape bright change window sunny furry signal light eyes blanket light messy air noisy blanket object,post_drift
1335,/home/dxzielinski/Downloads/archive/PetImages/Dog/6922.jpg,Dog,1,clean camera running sequence curious stream,post_drift
1336,/home/dxzielinski/Downloads/archive/PetImages/Dog/745.jpg,Dog,1,dark blur soft grass running still online near sitting sitting,post_drift
1337,/home/dxzielinski/Downloads/archive/PetImages/Dog/5624.jpg,Dog,1,path jumping tail sleepy warm steady far looking still curious motion camera state near focus shadow,post_drift
1338,/home/dxzielinski/Downloads/archive/PetImages/Dog/3776.jpg,Dog,1,running quiet night event gentle pattern clean warm path camera grass floor change moment wild,post_drift
1339,/home/dxzielinski/Downloads/archive/PetImages/Dog/3003.jpg,Dog,1,dark blur messy light sitting,post_drift
1340,/home/dxzielinski/Downloads/archive/PetImages/Dog/7920.jpg,Dog,1,messy object online event floor short online still near tail long warm shadow event center looking,post_drift
1341,/home/dxzielinski/Downloads/archive/PetImages/Dog/11568.jpg,Dog,1,sample camera warm jumping camera light near color happy object scene object,post_drift
1342,/home/dxzielinski/Downloads/archive/PetImages/Dog/4913.jpg,Dog,1,drift playful running moment short sequence day random bright motion,post_drift
1343,/home/dxzielinski/Downloads/archive/PetImages/Dog/4424.jpg,Dog,1,far bright short sitting pattern short air moment event,post_drift
1344,/home/dxzielinski/Downloads/archive/PetImages/Dog/8610.jpg,Dog,1,calm change blanket event shape change foreground,post_drift
1345,/home/dxzielinski/Downloads/archive/PetImages/Dog/3360.jpg,Dog,1,large object blanket background pattern light bright motion sitting blanket warm round caption light online,post_drift
1346,/home/dxzielinski/Downloads/archive/PetImages/Dog/5095.jpg,Dog,1,foreground focus window curious texture level token fast sample scene sunny grass,post_drift
1347,/home/dxzielinski/Downloads/archive/PetImages/Dog/693.jpg,Dog,1,large far scene drift inside event light looking,post_drift
1348,/home/dxzielinski/Downloads/archive/PetImages/Dog/1396.jpg,Dog,1,short drift object fast wild room cold ears outside scene calm,post_drift
1349,/home/dxzielinski/Downloads/archive/PetImages/Dog/2432.jpg,Dog,1,phase still blanket day day,post_drift
1350,/home/dxzielinski/Downloads/archive/PetImages/Dog/12144.jpg,Dog,1,soft moment curious online object background state motion sample corner field air sitting far sharp token,post_drift
1351,/home/dxzielinski/Downloads/archive/PetImages/Dog/1660.jpg,Dog,1,outside photo scene level running large event round cold near texture level center steady,post_drift
1352,/home/dxzielinski/Downloads/archive/PetImages/Dog/7232.jpg,Dog,1,happy messy bright corner large phase happy center online state event night grass,post_drift
1353,/home/dxzielinski/Downloads/archive/PetImages/Dog/8024.jpg,Dog,1,street background foreground grass shadow window blanket center gentle foreground long scene abrupt corner clean,post_drift
1354,/home/dxzielinski/Downloads/archive/PetImages/Dog/11106.jpg,Dog,1,calm random sharp wild window phase sample fast ears camera sitting air clean day,post_drift
1355,/home/dxzielinski/Downloads/archive/PetImages/Dog/10070.jpg,Dog,1,shadow running online random color cold running cold street shape curious stream background dark stream,post_drift
1356,/home/dxzielinski/Downloads/archive/PetImages/Dog/11791.jpg,Dog,1,drift signal shape sequence scene photo,post_drift
1357,/home/dxzielinski/Downloads/archive/PetImages/Dog/11987.jpg,Dog,1,window garden light signal playful happy noisy state motion long wild shadow looking state,post_drift
1358,/home/dxzielinski/Downloads/archive/PetImages/Dog/7662.jpg,Dog,1,background day fast gentle field garden,post_drift
1359,/home/dxzielinski/Downloads/archive/PetImages/Dog/9312.jpg,Dog,1,field near object day warm corner blur cold shadow scene center room round camera calm,post_drift
1360,/home/dxzielinski/Downloads/archive/PetImages/Dog/538.jpg,Dog,1,day sharp warm light fast fast corner light,post_drift
1361,/home/dxzielinski/Downloads/archive/PetImages/Dog/7946.jpg,Dog,1,dark background foreground clean sleepy change center night still street tail,post_drift
1362,/home/dxzielinski/Downloads/archive/PetImages/Dog/3164.jpg,Dog,1,eyes tail messy field frame dark,post_drift
1363,/home/dxzielinski/Downloads/archive/PetImages/Dog/5741.jpg,Dog,1,soft running field dark pattern,post_drift
1364,/home/dxzielinski/Downloads/archive/PetImages/Dog/11260.jpg,Dog,1,bright sample jumping sequence stream calm street color window long window furry foreground,post_drift
1365,/home/dxzielinski/Downloads/archive/PetImages/Dog/4125.jpg,Dog,1,large sunny messy frame happy object house path looking round corner garden,post_drift
1366,/home/dxzielinski/Downloads/archive/PetImages/Dog/7652.jpg,Dog,1,day garden sharp sequence gentle grass clean center motion clean soft path,post_drift
1367,/home/dxzielinski/Downloads/archive/PetImages/Dog/780.jpg,Dog,1,clean corner bright sharp window still inside,post_drift
1368,/home/dxzielinski/Downloads/archive/PetImages/Dog/11293.jpg,Dog,1,house inside wild playful photo cold stream event focus moment scene,post_drift
1369,/home/dxzielinski/Downloads/archive/PetImages/Dog/9204.jpg,Dog,1,moment color field grass token street far field grass ears center,post_drift
1370,/home/dxzielinski/Downloads/archive/PetImages/Dog/211.jpg,Dog,1,soft night phase sleepy state,post_drift
1371,/home/dxzielinski/Downloads/archive/PetImages/Dog/6440.jpg,Dog,1,short clean calm eyes grass object corner drift event house texture,post_drift
1372,/home/dxzielinski/Downloads/archive/PetImages/Dog/5137.jpg,Dog,1,curious steady short foreground sitting noisy floor gentle wild light grass object,post_drift
1373,/home/dxzielinski/Downloads/archive/PetImages/Dog/437.jpg,Dog,1,token sample shadow blanket fast bright,post_drift
1374,/home/dxzielinski/Downloads/archive/PetImages/Dog/10309.jpg,Dog,1,ears motion field blanket grass curious sleepy phase shape messy window room cold field drift,post_drift
1375,/home/dxzielinski/Downloads/archive/PetImages/Dog/1550.jpg,Dog,1,random moment room grass background sample window online window short change light camera event,post_drift
1376,/home/dxzielinski/Downloads/archive/PetImages/Dog/4288.jpg,Dog,1,background color night floor shape clean state caption jumping wild dark far wild frame tail eyes,post_drift
1377,/home/dxzielinski/Downloads/archive/PetImages/Dog/1469.jpg,Dog,1,focus texture calm camera photo cold motion,post_drift
1378,/home/dxzielinski/Downloads/archive/PetImages/Dog/5650.jpg,Dog,1,sequence furry signal abrupt looking stream moment night clean shape sequence grass blanket day abrupt soft,post_drift
1379,/home/dxzielinski/Downloads/archive/PetImages/Dog/8110.jpg,Dog,1,shadow day field moment drift stream foreground soft sleepy,post_drift
1380,/home/dxzielinski/Downloads/archive/PetImages/Dog/12100.jpg,Dog,1,far noisy playful ears blur,post_drift
1381,/home/dxzielinski/Downloads/archive/PetImages/Dog/8531.jpg,Dog,1,still motion motion night event,post_drift
1382,/home/dxzielinski/Downloads/archive/PetImages/Dog/4028.jpg,Dog,1,scene focus field air shape furry cold,post_drift
1383,/home/dxzielinski/Downloads/archive/PetImages/Dog/579.jpg,Dog,1,state scene drift window street floor signal garden house corner grass short calm fast,post_drift
1384,/home/dxzielinski/Downloads/archive/PetImages/Dog/10886.jpg,Dog,1,ears garden short event change looking ears sleepy frame color messy messy bright texture blur,post_drift
1385,/home/dxzielinski/Downloads/archive/PetImages/Dog/8783.jpg,Dog,1,warm soft caption level house air grass small drift clean ears outside,post_drift
1386,/home/dxzielinski/Downloads/archive/PetImages/Dog/7276.jpg,Dog,1,scene small large signal event short photo corner object house signal drift,post_drift
1387,/home/dxzielinski/Downloads/archive/PetImages/Dog/6534.jpg,Dog,1,moment field eyes inside small sample light round playful night texture grass photo dark bright jumping,post_drift
1388,/home/dxzielinski/Downloads/archive/PetImages/Dog/6258.jpg,Dog,1,short quiet blanket running sharp tail sitting object texture,post_drift
1389,/home/dxzielinski/Downloads/archive/PetImages/Dog/4364.jpg,Dog,1,caption frame drift wild sequence clean jumping still clean token room soft jumping pattern pattern clean,post_drift
1390,/home/dxzielinski/Downloads/archive/PetImages/Dog/1941.jpg,Dog,1,sharp gentle dark window event change motion day clean,post_drift
1391,/home/dxzielinski/Downloads/archive/PetImages/Dog/9584.jpg,Dog,1,random round pattern field blur messy street light jumping sunny event abrupt air,post_drift
1392,/home/dxzielinski/Downloads/archive/PetImages/Dog/5613.jpg,Dog,1,wild foreground sample playful path online phase night camera change fast warm running,post_drift
1393,/home/dxzielinski/Downloads/archive/PetImages/Dog/8296.jpg,Dog,1,messy house blur sharp focus color focus wild air soft noisy,post_drift
1394,/home/dxzielinski/Downloads/archive/PetImages/Dog/6794.jpg,Dog,1,focus messy caption wild foreground grass phase still shadow gentle,post_drift
1395,/home/dxzielinski/Downloads/archive/PetImages/Dog/7995.jpg,Dog,1,token floor center color window color shape jumping,post_drift
1396,/home/dxzielinski/Downloads/archive/PetImages/Dog/4572.jpg,Dog,1,round foreground outside round online cold shape path large random moment field background large,post_drift
1397,/home/dxzielinski/Downloads/archive/PetImages/Dog/11937.jpg,Dog,1,stream clean sequence eyes frame,post_drift
1398,/home/dxzielinski/Downloads/archive/PetImages/Dog/2487.jpg,Dog,1,near eyes object warm center grass calm near light steady window grass caption focus running clean,post_drift
1399,/home/dxzielinski/Downloads/archive/PetImages/Dog/2203.jpg,Dog,1,light garden near gentle large large foreground cold change,post_drift
1400,/home/dxzielinski/Downloads/archive/PetImages/Dog/6583.jpg,Dog,1,messy motion sunny street gentle light large messy furry sunny small round,post_drift
1401,/home/dxzielinski/Downloads/archive/PetImages/Dog/2140.jpg,Dog,1,steady center center calm state jumping still messy bright window color object garden caption,post_drift
1402,/home/dxzielinski/Downloads/archive/PetImages/Dog/3047.jpg,Dog,1,garden round day sleepy garden sample noisy center messy soft messy night blanket soft,post_drift
1403,/home/dxzielinski/Downloads/archive/PetImages/Dog/214.jpg,Dog,1,grass room soft inside light online pattern,post_drift
1404,/home/dxzielinski/Downloads/archive/PetImages/Dog/6101.jpg,Dog,1,frame focus path sample shape caption gentle,post_drift
1405,/home/dxzielinski/Downloads/archive/PetImages/Dog/257.jpg,Dog,1,outside fast furry sleepy sleepy,post_drift
1406,/home/dxzielinski/Downloads/archive/PetImages/Dog/3608.jpg,Dog,1,street running sleepy signal pattern near random eyes large gentle clean object steady,post_drift
1407,/home/dxzielinski/Downloads/archive/PetImages/Dog/240.jpg,Dog,1,drift sleepy texture sharp cold round calm,post_drift
1408,/home/dxzielinski/Downloads/archive/PetImages/Dog/9247.jpg,Dog,1,sleepy shape sample object shape,post_drift
1409,/home/dxzielinski/Downloads/archive/PetImages/Dog/7723.jpg,Dog,1,window calm sleepy abrupt light fast,post_drift
1410,/home/dxzielinski/Downloads/archive/PetImages/Dog/4344.jpg,Dog,1,center field drift sharp grass caption cold motion window eyes,post_drift
1411,/home/dxzielinski/Downloads/archive/PetImages/Dog/8804.jpg,Dog,1,sequence noisy near garden sequence dark quiet playful,post_drift
1412,/home/dxzielinski/Downloads/archive/PetImages/Dog/4439.jpg,Dog,1,eyes object level garden abrupt happy short,post_drift
1413,/home/dxzielinski/Downloads/archive/PetImages/Dog/9689.jpg,Dog,1,grass abrupt street motion color tail sitting color large dark day outside tail foreground round,post_drift
1414,/home/dxzielinski/Downloads/archive/PetImages/Dog/1289.jpg,Dog,1,color state random sleepy token center bright near texture sleepy frame signal far,post_drift
1415,/home/dxzielinski/Downloads/archive/PetImages/Dog/6660.jpg,Dog,1,token air ears street pattern blanket event blanket eyes house state still,post_drift
1416,/home/dxzielinski/Downloads/archive/PetImages/Dog/664.jpg,Dog,1,sunny long short shape color scene,post_drift
1417,/home/dxzielinski/Downloads/archive/PetImages/Dog/12372.jpg,Dog,1,gentle event calm floor foreground background noisy wild happy token,post_drift
1418,/home/dxzielinski/Downloads/archive/PetImages/Dog/3666.jpg,Dog,1,outside clean field change pattern window,post_drift
1419,/home/dxzielinski/Downloads/archive/PetImages/Dog/3287.jpg,Dog,1,sitting wild far fast night state abrupt day blanket,post_drift
1420,/home/dxzielinski/Downloads/archive/PetImages/Dog/6824.jpg,Dog,1,small room inside sharp caption blur,post_drift
1421,/home/dxzielinski/Downloads/archive/PetImages/Dog/9054.jpg,Dog,1,wild blanket light long looking signal path,post_drift
1422,/home/dxzielinski/Downloads/archive/PetImages/Dog/9364.jpg,Dog,1,shadow frame floor pattern blur blur air abrupt grass,post_drift
1423,/home/dxzielinski/Downloads/archive/PetImages/Dog/2484.jpg,Dog,1,focus caption fast room scene far room frame frame state,post_drift
1424,/home/dxzielinski/Downloads/archive/PetImages/Dog/6112.jpg,Dog,1,texture field gentle still clean house sleepy,post_drift
1425,/home/dxzielinski/Downloads/archive/PetImages/Dog/1697.jpg,Dog,1,still shadow near motion center quiet foreground window street moment center wild clean path steady,post_drift
1426,/home/dxzielinski/Downloads/archive/PetImages/Dog/1335.jpg,Dog,1,furry room steady blanket air state,post_drift
1427,/home/dxzielinski/Downloads/archive/PetImages/Dog/3061.jpg,Dog,1,street background sample level color signal bright sunny warm,post_drift
1428,/home/dxzielinski/Downloads/archive/PetImages/Dog/8466.jpg,Dog,1,clean path still path soft signal curious,post_drift
1429,/home/dxzielinski/Downloads/archive/PetImages/Dog/2725.jpg,Dog,1,day quiet window quiet dark corner quiet light tail shadow change garden,post_drift
1430,/home/dxzielinski/Downloads/archive/PetImages/Dog/3857.jpg,Dog,1,bright camera light curious sharp night calm change fast night level noisy sleepy,post_drift
1431,/home/dxzielinski/Downloads/archive/PetImages/Dog/3620.jpg,Dog,1,background jumping state tail sleepy center sequence inside texture,post_drift
1432,/home/dxzielinski/Downloads/archive/PetImages/Dog/2345.jpg,Dog,1,state change scene fast fast change,post_drift
1433,/home/dxzielinski/Downloads/archive/PetImages/Dog/9007.jpg,Dog,1,sharp still frame level blanket dark soft house messy object drift sitting photo,post_drift
1434,/home/dxzielinski/Downloads/archive/PetImages/Dog/1574.jpg,Dog,1,noisy signal caption looking tail warm change,post_drift
1435,/home/dxzielinski/Downloads/archive/PetImages/Dog/3902.jpg,Dog,1,online caption token running drift grass online focus,post_drift
1436,/home/dxzielinski/Downloads/archive/PetImages/Dog/2289.jpg,Dog,1,foreground sitting field steady messy inside long sharp garden garden abrupt calm,post_drift
1437,/home/dxzielinski/Downloads/archive/PetImages/Dog/11525.jpg,Dog,1,path night tail moment field far far sharp room abrupt clean day happy texture bright,post_drift
1438,/home/dxzielinski/Downloads/archive/PetImages/Dog/1624.jpg,Dog,1,inside motion corner soft grass,post_drift
1439,/home/dxzielinski/Downloads/archive/PetImages/Dog/1725.jpg,Dog,1,photo short quiet messy caption running still background,post_drift
1440,/home/dxzielinski/Downloads/archive/PetImages/Dog/3347.jpg,Dog,1,short quiet phase sunny quiet street night foreground window short calm running,post_drift
1441,/home/dxzielinski/Downloads/archive/PetImages/Dog/11452.jpg,Dog,1,tail happy long abrupt happy tail cold drift near steady signal floor sunny,post_drift
1442,/home/dxzielinski/Downloads/archive/PetImages/Dog/11609.jpg,Dog,1,event window camera moment camera shape,post_drift
1443,/home/dxzielinski/Downloads/archive/PetImages/Dog/8847.jpg,Dog,1,eyes noisy dark sequence house corner sequence camera,post_drift
1444,/home/dxzielinski/Downloads/archive/PetImages/Dog/3203.jpg,Dog,1,window corner sharp token messy sitting small bright,post_drift
1445,/home/dxzielinski/Downloads/archive/PetImages/Dog/6210.jpg,Dog,1,quiet sample steady change field garden texture token sequence sequence,post_drift
1446,/home/dxzielinski/Downloads/archive/PetImages/Dog/1519.jpg,Dog,1,bright street drift abrupt token sharp shadow state state jumping foreground floor near shape,post_drift
1447,/home/dxzielinski/Downloads/archive/PetImages/Dog/11278.jpg,Dog,1,blur night cold room stream long room color,post_drift
1448,/home/dxzielinski/Downloads/archive/PetImages/Dog/7818.jpg,Dog,1,eyes house soft phase background garden change warm change foreground,post_drift
1449,/home/dxzielinski/Downloads/archive/PetImages/Dog/5589.jpg,Dog,1,day corner floor noisy fast jumping caption token signal far change inside path still inside,post_drift
1450,/home/dxzielinski/Downloads/archive/PetImages/Dog/467.jpg,Dog,1,ears looking looking random clean small,post_drift
1451,/home/dxzielinski/Downloads/archive/PetImages/Dog/385.jpg,Dog,1,street eyes caption steady frame moment scene fast large gentle air sitting round short,post_drift
1452,/home/dxzielinski/Downloads/archive/PetImages/Dog/9732.jpg,Dog,1,outside long curious eyes caption camera bright shape scene,post_drift
1453,/home/dxzielinski/Downloads/archive/PetImages/Dog/10910.jpg,Dog,1,color sharp abrupt texture caption round corner,post_drift
1454,/home/dxzielinski/Downloads/archive/PetImages/Dog/6729.jpg,Dog,1,messy camera window random running dark tail color grass large warm large motion window frame,post_drift
1455,/home/dxzielinski/Downloads/archive/PetImages/Dog/11305.jpg,Dog,1,cold bright focus phase night online color object gentle air random texture house sunny,post_drift
1456,/home/dxzielinski/Downloads/archive/PetImages/Dog/2368.jpg,Dog,1,wild playful outside light short still soft gentle window online wild signal moment long day,post_drift
1457,/home/dxzielinski/Downloads/archive/PetImages/Dog/5236.jpg,Dog,1,bright change night level sequence furry,post_drift
1458,/home/dxzielinski/Downloads/archive/PetImages/Dog/10214.jpg,Dog,1,event light house object day moment outside event curious bright,post_drift
1459,/home/dxzielinski/Downloads/archive/PetImages/Dog/3102.jpg,Dog,1,near online change still long focus random drift camera,post_drift
1460,/home/dxzielinski/Downloads/archive/PetImages/Dog/1803.jpg,Dog,1,floor dark messy jumping drift ears,post_drift
1461,/home/dxzielinski/Downloads/archive/PetImages/Dog/10126.jpg,Dog,1,tail room blur large day,post_drift
1462,/home/dxzielinski/Downloads/archive/PetImages/Dog/8011.jpg,Dog,1,quiet level blanket quiet happy window day,post_drift
1463,/home/dxzielinski/Downloads/archive/PetImages/Dog/920.jpg,Dog,1,looking running outside round tail photo grass drift air messy object,post_drift
1464,/home/dxzielinski/Downloads/archive/PetImages/Dog/1652.jpg,Dog,1,outside field inside house night grass token random window small short,post_drift
1465,/home/dxzielinski/Downloads/archive/PetImages/Dog/12091.jpg,Dog,1,shadow dark window window background sharp shadow noisy signal near running short outside room frame,post_drift
1466,/home/dxzielinski/Downloads/archive/PetImages/Dog/3426.jpg,Dog,1,object large light texture steady sitting blur noisy room noisy large calm air furry sleepy bright,post_drift
1467,/home/dxzielinski/Downloads/archive/PetImages/Dog/6908.jpg,Dog,1,level wild abrupt foreground far,post_drift
1468,/home/dxzielinski/Downloads/archive/PetImages/Dog/7796.jpg,Dog,1,window curious running sunny jumping night random calm steady soft shadow abrupt steady cold motion state,post_drift
1469,/home/dxzielinski/Downloads/archive/PetImages/Dog/1915.jpg,Dog,1,focus warm focus sitting small scene stream long moment tail light eyes,post_drift
1470,/home/dxzielinski/Downloads/archive/PetImages/Dog/6550.jpg,Dog,1,round quiet soft token sequence shadow focus camera,post_drift
1471,/home/dxzielinski/Downloads/archive/PetImages/Dog/10088.jpg,Dog,1,soft small gentle bright scene sample blanket furry event long inside corner sharp ears,post_drift
1472,/home/dxzielinski/Downloads/archive/PetImages/Dog/9840.jpg,Dog,1,sleepy photo looking stream token small path level blanket long light long eyes path,post_drift
1473,/home/dxzielinski/Downloads/archive/PetImages/Dog/6728.jpg,Dog,1,far blanket level wild room grass frame phase sunny long camera far shadow happy color center,post_drift
1474,/home/dxzielinski/Downloads/archive/PetImages/Dog/3661.jpg,Dog,1,wild path shadow ears long ears,post_drift
1475,/home/dxzielinski/Downloads/archive/PetImages/Dog/3707.jpg,Dog,1,inside steady window camera level corner corner window pattern shadow sleepy dark,post_drift
1476,/home/dxzielinski/Downloads/archive/PetImages/Dog/11476.jpg,Dog,1,texture corner stream field stream,post_drift
1477,/home/dxzielinski/Downloads/archive/PetImages/Dog/6434.jpg,Dog,1,eyes color curious corner garden,post_drift
1478,/home/dxzielinski/Downloads/archive/PetImages/Dog/964.jpg,Dog,1,light jumping shape outside event ears field sharp signal change color,post_drift
1479,/home/dxzielinski/Downloads/archive/PetImages/Dog/7016.jpg,Dog,1,phase noisy house still small token path window,post_drift
1480,/home/dxzielinski/Downloads/archive/PetImages/Dog/7289.jpg,Dog,1,garden field abrupt house moment quiet scene sequence,post_drift
1481,/home/dxzielinski/Downloads/archive/PetImages/Dog/9269.jpg,Dog,1,stream near calm quiet house short window ears fast steady phase abrupt,post_drift
1482,/home/dxzielinski/Downloads/archive/PetImages/Dog/9482.jpg,Dog,1,focus dark small street round,post_drift
1483,/home/dxzielinski/Downloads/archive/PetImages/Dog/6098.jpg,Dog,1,long color curious playful path pattern path furry color shape calm still fast,post_drift
1484,/home/dxzielinski/Downloads/archive/PetImages/Dog/5704.jpg,Dog,1,jumping object warm calm long level running sample small eyes,post_drift
1485,/home/dxzielinski/Downloads/archive/PetImages/Dog/9571.jpg,Dog,1,scene air sitting soft playful fast dark pattern motion curious signal token center still,post_drift
1486,/home/dxzielinski/Downloads/archive/PetImages/Dog/9894.jpg,Dog,1,level object foreground house sitting frame center ears clean dark window blanket shadow floor path quiet,post_drift
1487,/home/dxzielinski/Downloads/archive/PetImages/Dog/5495.jpg,Dog,1,pattern inside sequence abrupt outside long corner sharp center gentle window field color path room phase,post_drift
1488,/home/dxzielinski/Downloads/archive/PetImages/Dog/6421.jpg,Dog,1,inside still jumping window floor bright shadow small gentle sample bright large sleepy short object state,post_drift
1489,/home/dxzielinski/Downloads/archive/PetImages/Dog/8564.jpg,Dog,1,quiet moment corner small background grass online near jumping warm sequence shape window online,post_drift
1490,/home/dxzielinski/Downloads/archive/PetImages/Dog/11785.jpg,Dog,1,path path eyes signal curious short inside focus cold sharp sharp online caption outside,post_drift
1491,/home/dxzielinski/Downloads/archive/PetImages/Dog/10087.jpg,Dog,1,window eyes abrupt signal house tail curious sitting cold sunny cold corner messy scene color color,post_drift
1492,/home/dxzielinski/Downloads/archive/PetImages/Dog/3732.jpg,Dog,1,dark stream playful caption caption warm ears garden looking gentle steady color bright,post_drift
1493,/home/dxzielinski/Downloads/archive/PetImages/Dog/10965.jpg,Dog,1,camera furry object dark cold day focus outside state wild room large frame,post_drift
1494,/home/dxzielinski/Downloads/archive/PetImages/Dog/494.jpg,Dog,1,level motion camera noisy online online short sharp phase,post_drift
1495,/home/dxzielinski/Downloads/archive/PetImages/Dog/6971.jpg,Dog,1,cold small furry caption event room ears short,post_drift
1496,/home/dxzielinski/Downloads/archive/PetImages/Dog/1285.jpg,Dog,1,online shadow noisy center sitting shape,post_drift
1497,/home/dxzielinski/Downloads/archive/PetImages/Dog/2912.jpg,Dog,1,abrupt jumping center stream corner playful still,post_drift
1498,/home/dxzielinski/Downloads/archive/PetImages/Dog/6396.jpg,Dog,1,center light noisy texture sitting messy outside blanket signal,post_drift
1499,/home/dxzielinski/Downloads/archive/PetImages/Dog/12046.jpg,Dog,1,token quiet sharp wild shape playful phase small bright ears window jumping warm air,post_drift
1500,/home/dxzielinski/Downloads/archive/PetImages/Dog/2369.jpg,Dog,1,cold eyes dark near outside scene running token random grass,post_drift
1501,/home/dxzielinski/Downloads/archive/PetImages/Dog/11864.jpg,Dog,1,event messy pattern focus shape foreground sample curious gentle color level token,post_drift
1502,/home/dxzielinski/Downloads/archive/PetImages/Dog/1599.jpg,Dog,1,center phase night house air gentle abrupt photo air focus,post_drift
1503,/home/dxzielinski/Downloads/archive/PetImages/Dog/3820.jpg,Dog,1,long sample furry quiet pattern camera sequence fast phase,post_drift
1504,/home/dxzielinski/Downloads/archive/PetImages/Dog/1091.jpg,Dog,1,path focus photo camera far playful near scene jumping round long color frame,post_drift
1505,/home/dxzielinski/Downloads/archive/PetImages/Dog/2291.jpg,Dog,1,garden scene wild happy room air,post_drift
1506,/home/dxzielinski/Downloads/archive/PetImages/Dog/1879.jpg,Dog,1,messy clean street still long street center change sunny far looking object curious dark,post_drift
1507,/home/dxzielinski/Downloads/archive/PetImages/Dog/9855.jpg,Dog,1,state online grass day blanket gentle outside warm garden garden,post_drift
1508,/home/dxzielinski/Downloads/archive/PetImages/Dog/508.jpg,Dog,1,jumping ears sleepy color frame far grass drift token window happy soft event,post_drift
1509,/home/dxzielinski/Downloads/archive/PetImages/Dog/6914.jpg,Dog,1,sample tail motion field pattern online floor caption,post_drift
1510,/home/dxzielinski/Downloads/archive/PetImages/Dog/5093.jpg,Dog,1,field far cold drift sleepy tail shape pattern sequence change window round,post_drift
1511,/home/dxzielinski/Downloads/archive/PetImages/Dog/9880.jpg,Dog,1,warm sleepy jumping clean far,post_drift
1512,/home/dxzielinski/Downloads/archive/PetImages/Dog/7025.jpg,Dog,1,sequence floor eyes moment motion pattern curious noisy camera sample sequence stream garden,post_drift
1513,/home/dxzielinski/Downloads/archive/PetImages/Dog/7704.jpg,Dog,1,outside furry window drift background dark sunny,post_drift
1514,/home/dxzielinski/Downloads/archive/PetImages/Dog/7616.jpg,Dog,1,street phase wild small blur texture sleepy night messy gentle,post_drift
1515,/home/dxzielinski/Downloads/archive/PetImages/Dog/8652.jpg,Dog,1,warm photo clean still object event fast night wild,post_drift
1516,/home/dxzielinski/Downloads/archive/PetImages/Dog/9673.jpg,Dog,1,background motion messy air background color steady ears window short curious house phase,post_drift
1517,/home/dxzielinski/Downloads/archive/PetImages/Dog/9474.jpg,Dog,1,foreground room day looking quiet shadow,post_drift
1518,/home/dxzielinski/Downloads/archive/PetImages/Dog/8908.jpg,Dog,1,far state fast steady level outside moment corner cold,post_drift
1519,/home/dxzielinski/Downloads/archive/PetImages/Dog/7309.jpg,Dog,1,focus wild texture short grass noisy sitting scene clean caption,post_drift
1520,/home/dxzielinski/Downloads/archive/PetImages/Dog/3101.jpg,Dog,1,pattern field window caption center center cold inside cold,post_drift
1521,/home/dxzielinski/Downloads/archive/PetImages/Dog/4229.jpg,Dog,1,outside furry dark blanket camera focus path random motion short,post_drift
1522,/home/dxzielinski/Downloads/archive/PetImages/Dog/2156.jpg,Dog,1,event floor level frame steady abrupt round eyes state gentle jumping far camera furry field noisy,post_drift
1523,/home/dxzielinski/Downloads/archive/PetImages/Dog/3506.jpg,Dog,1,curious fast happy noisy gentle,post_drift
1524,/home/dxzielinski/Downloads/archive/PetImages/Dog/1922.jpg,Dog,1,dark sleepy pattern clean blur large photo color warm sequence window grass noisy short,post_drift
1525,/home/dxzielinski/Downloads/archive/PetImages/Dog/11173.jpg,Dog,1,round abrupt foreground clean outside day quiet center object corner,post_drift
1526,/home/dxzielinski/Downloads/archive/PetImages/Dog/3749.jpg,Dog,1,day warm fast center ears,post_drift
1527,/home/dxzielinski/Downloads/archive/PetImages/Dog/5500.jpg,Dog,1,clean still event messy light light,post_drift
1528,/home/dxzielinski/Downloads/archive/PetImages/Dog/10833.jpg,Dog,1,event still shadow room quiet large blanket focus blur grass quiet gentle,post_drift
1529,/home/dxzielinski/Downloads/archive/PetImages/Dog/2873.jpg,Dog,1,inside jumping state calm clean looking jumping night eyes blanket shadow round color,post_drift
1530,/home/dxzielinski/Downloads/archive/PetImages/Dog/10730.jpg,Dog,1,messy level quiet online shadow light eyes gentle abrupt moment caption,post_drift
1531,/home/dxzielinski/Downloads/archive/PetImages/Dog/8964.jpg,Dog,1,happy stream dark calm frame center,post_drift
1532,/home/dxzielinski/Downloads/archive/PetImages/Dog/419.jpg,Dog,1,pattern quiet texture corner window bright calm random inside phase ears dark event street abrupt,post_drift
1533,/home/dxzielinski/Downloads/archive/PetImages/Dog/5572.jpg,Dog,1,room moment random camera sitting ears sharp cold blur grass soft foreground noisy,post_drift
1534,/home/dxzielinski/Downloads/archive/PetImages/Dog/70.jpg,Dog,1,sequence outside wild sunny dark drift frame online change messy,post_drift
1535,/home/dxzielinski/Downloads/archive/PetImages/Dog/3193.jpg,Dog,1,blanket change large foreground window token caption house air messy foreground gentle floor day day tail,post_drift
1536,/home/dxzielinski/Downloads/archive/PetImages/Dog/3268.jpg,Dog,1,curious stream sample round cold shape bright frame stream ears looking short sequence caption,post_drift
1537,/home/dxzielinski/Downloads/archive/PetImages/Dog/11559.jpg,Dog,1,corner gentle day center state random texture motion scene noisy center scene signal garden outside,post_drift
1538,/home/dxzielinski/Downloads/archive/PetImages/Dog/11319.jpg,Dog,1,sitting focus night floor abrupt curious room token state grass window calm,post_drift
1539,/home/dxzielinski/Downloads/archive/PetImages/Dog/5289.jpg,Dog,1,sleepy grass messy object tail abrupt room pattern fast,post_drift
1540,/home/dxzielinski/Downloads/archive/PetImages/Dog/8688.jpg,Dog,1,house fast event shadow random,post_drift
1541,/home/dxzielinski/Downloads/archive/PetImages/Dog/11887.jpg,Dog,1,large motion drift street event furry warm jumping motion short near path object caption,post_drift
1542,/home/dxzielinski/Downloads/archive/PetImages/Dog/11110.jpg,Dog,1,event day shape steady object noisy,post_drift
1543,/home/dxzielinski/Downloads/archive/PetImages/Dog/3545.jpg,Dog,1,street warm shadow window field calm happy light shadow color sample furry round change dark,post_drift
1544,/home/dxzielinski/Downloads/archive/PetImages/Dog/2381.jpg,Dog,1,sequence sharp playful room clean light scene clean online state online warm air phase abrupt noisy,post_drift
1545,/home/dxzielinski/Downloads/archive/PetImages/Dog/1659.jpg,Dog,1,long inside motion gentle calm ears photo phase messy room corner blur,post_drift
1546,/home/dxzielinski/Downloads/archive/PetImages/Dog/12340.jpg,Dog,1,signal texture round foreground sharp night motion event,post_drift
1547,/home/dxzielinski/Downloads/archive/PetImages/Dog/3882.jpg,Dog,1,focus sample abrupt large sitting center floor bright path floor,post_drift
1548,/home/dxzielinski/Downloads/archive/PetImages/Dog/2596.jpg,Dog,1,online soft online large inside level photo object garden grass sharp signal photo shape blanket,post_drift
1549,/home/dxzielinski/Downloads/archive/PetImages/Dog/1914.jpg,Dog,1,sitting pattern sample still texture sleepy still jumping shape camera room sitting floor motion window shape,post_drift
1550,/home/dxzielinski/Downloads/archive/PetImages/Dog/9307.jpg,Dog,1,soft steady warm blanket far caption sitting noisy garden window phase,post_drift
1551,/home/dxzielinski/Downloads/archive/PetImages/Dog/531.jpg,Dog,1,garden token shape sunny object,post_drift
1552,/home/dxzielinski/Downloads/archive/PetImages/Dog/7473.jpg,Dog,1,event gentle air still ears center near outside night corner furry,post_drift
1553,/home/dxzielinski/Downloads/archive/PetImages/Dog/7774.jpg,Dog,1,moment house long playful light field object far blur tail camera,post_drift
1554,/home/dxzielinski/Downloads/archive/PetImages/Dog/1240.jpg,Dog,1,small sequence foreground tail shape change abrupt air abrupt night,post_drift
1555,/home/dxzielinski/Downloads/archive/PetImages/Dog/3863.jpg,Dog,1,corner ears messy sample frame playful phase center furry,post_drift
1556,/home/dxzielinski/Downloads/archive/PetImages/Dog/5601.jpg,Dog,1,light online still round night sharp sunny level camera ears gentle tail playful,post_drift
1557,/home/dxzielinski/Downloads/archive/PetImages/Dog/5829.jpg,Dog,1,window sitting foreground window dark gentle running shape sample curious clean shadow window scene street bright,post_drift
1558,/home/dxzielinski/Downloads/archive/PetImages/Dog/853.jpg,Dog,1,clean gentle blanket level eyes,post_drift
1559,/home/dxzielinski/Downloads/archive/PetImages/Dog/5334.jpg,Dog,1,floor floor shadow caption grass garden jumping running near motion,post_drift
1560,/home/dxzielinski/Downloads/archive/PetImages/Dog/9503.jpg,Dog,1,night texture messy signal curious background event eyes playful street blur house clean color color color,post_drift
1561,/home/dxzielinski/Downloads/archive/PetImages/Dog/425.jpg,Dog,1,photo sitting window light grass path drift state focus jumping sitting curious still messy token,post_drift
1562,/home/dxzielinski/Downloads/archive/PetImages/Dog/8298.jpg,Dog,1,field sitting street curious grass signal center ears photo focus bright furry sharp phase dark outside,post_drift
1563,/home/dxzielinski/Downloads/archive/PetImages/Dog/6344.jpg,Dog,1,sample happy eyes wild texture stream small level blur tail,post_drift
1564,/home/dxzielinski/Downloads/archive/PetImages/Dog/2654.jpg,Dog,1,signal near playful clean small clean outside inside blur shadow photo cold,post_drift
1565,/home/dxzielinski/Downloads/archive/PetImages/Dog/2177.jpg,Dog,1,still happy center path gentle clean sleepy,post_drift
1566,/home/dxzielinski/Downloads/archive/PetImages/Dog/1260.jpg,Dog,1,field cold small field looking sample background blanket stream jumping center grass bright,post_drift
1567,/home/dxzielinski/Downloads/archive/PetImages/Dog/10230.jpg,Dog,1,grass sample sample frame large,post_drift
1568,/home/dxzielinski/Downloads/archive/PetImages/Dog/2194.jpg,Dog,1,looking token curious warm caption pattern change phase bright sunny looking random level drift wild,post_drift
1569,/home/dxzielinski/Downloads/archive/PetImages/Dog/12029.jpg,Dog,1,street center light jumping large token texture sitting sleepy blanket garden curious,post_drift
1570,/home/dxzielinski/Downloads/archive/PetImages/Dog/9419.jpg,Dog,1,short noisy caption sharp scene blanket focus sample gentle room motion center state street window,post_drift
1571,/home/dxzielinski/Downloads/archive/PetImages/Dog/1893.jpg,Dog,1,ears night wild sequence focus state grass object state sequence corner online near garden,post_drift
1572,/home/dxzielinski/Downloads/archive/PetImages/Dog/7984.jpg,Dog,1,phase floor warm online drift sleepy inside calm steady abrupt camera large abrupt near,post_drift
1573,/home/dxzielinski/Downloads/archive/PetImages/Dog/910.jpg,Dog,1,signal messy blanket level calm fast soft jumping blanket path steady change blanket,post_drift
1574,/home/dxzielinski/Downloads/archive/PetImages/Dog/11326.jpg,Dog,1,dark sample cold shape clean shadow house blur quiet small sequence blanket small motion,post_drift
1575,/home/dxzielinski/Downloads/archive/PetImages/Dog/2418.jpg,Dog,1,ears gentle center sequence frame field state drift room far soft online photo,post_drift
1576,/home/dxzielinski/Downloads/archive/PetImages/Dog/1470.jpg,Dog,1,token noisy bright window color night photo sleepy,post_drift
1577,/home/dxzielinski/Downloads/archive/PetImages/Dog/11533.jpg,Dog,1,soft small near signal color inside inside cold looking dark gentle blur corner,post_drift
1578,/home/dxzielinski/Downloads/archive/PetImages/Dog/806.jpg,Dog,1,sequence messy path light fast focus texture near playful far floor eyes background day,post_drift
1579,/home/dxzielinski/Downloads/archive/PetImages/Dog/1332.jpg,Dog,1,pattern messy far sequence still field jumping long field small abrupt light abrupt camera,post_drift
1580,/home/dxzielinski/Downloads/archive/PetImages/Dog/3215.jpg,Dog,1,warm bright abrupt shadow clean,post_drift
1581,/home/dxzielinski/Downloads/archive/PetImages/Dog/4033.jpg,Dog,1,camera pattern garden steady looking warm foreground,post_drift
1582,/home/dxzielinski/Downloads/archive/PetImages/Dog/5887.jpg,Dog,1,blur eyes tail messy quiet state,post_drift
1583,/home/dxzielinski/Downloads/archive/PetImages/Dog/4459.jpg,Dog,1,center long house still center focus background,post_drift
1584,/home/dxzielinski/Downloads/archive/PetImages/Dog/12347.jpg,Dog,1,soft change soft state playful stream,post_drift
1585,/home/dxzielinski/Downloads/archive/PetImages/Dog/7381.jpg,Dog,1,drift caption level texture blanket,post_drift
1586,/home/dxzielinski/Downloads/archive/PetImages/Dog/5204.jpg,Dog,1,random change bright sleepy round round running drift large gentle near,post_drift
1587,/home/dxzielinski/Downloads/archive/PetImages/Dog/11664.jpg,Dog,1,floor center soft happy fast focus messy noisy steady field street jumping,post_drift
1588,/home/dxzielinski/Downloads/archive/PetImages/Dog/4984.jpg,Dog,1,short night window background short warm blur short room night messy far,post_drift
1589,/home/dxzielinski/Downloads/archive/PetImages/Dog/8983.jpg,Dog,1,curious small random day happy fast near calm round object sharp texture blanket corner room,post_drift
1590,/home/dxzielinski/Downloads/archive/PetImages/Dog/6389.jpg,Dog,1,short token corner street tail gentle photo blanket,post_drift
1591,/home/dxzielinski/Downloads/archive/PetImages/Dog/1098.jpg,Dog,1,stream foreground warm light level sleepy happy messy random field,post_drift
1592,/home/dxzielinski/Downloads/archive/PetImages/Dog/9207.jpg,Dog,1,window garden far tail house,post_drift
1593,/home/dxzielinski/Downloads/archive/PetImages/Dog/1689.jpg,Dog,1,texture street inside inside level caption stream,post_drift
1594,/home/dxzielinski/Downloads/archive/PetImages/Dog/1370.jpg,Dog,1,corner cold dark light day street shadow noisy foreground,post_drift
1595,/home/dxzielinski/Downloads/archive/PetImages/Dog/8396.jpg,Dog,1,eyes focus center steady camera small happy camera blur dark bright inside background online blur sitting,post_drift
1596,/home/dxzielinski/Downloads/archive/PetImages/Dog/325.jpg,Dog,1,frame change large change sample fast,post_drift
1597,/home/dxzielinski/Downloads/archive/PetImages/Dog/3667.jpg,Dog,1,clean happy blanket house motion furry blanket tail sleepy outside noisy,post_drift
1598,/home/dxzielinski/Downloads/archive/PetImages/Dog/10645.jpg,Dog,1,dark color center day online cold outside pattern caption,post_drift
1599,/home/dxzielinski/Downloads/archive/PetImages/Dog/4802.jpg,Dog,1,large bright eyes signal quiet long messy,post_drift
1600,/home/dxzielinski/Downloads/archive/PetImages/Dog/10565.jpg,Dog,1,round bright online random still furry level corner tail sample,post_drift
1601,/home/dxzielinski/Downloads/archive/PetImages/Dog/4705.jpg,Dog,1,soft round field warm shadow jumping drift eyes scene phase color background shape object far tail,post_drift
1602,/home/dxzielinski/Downloads/archive/PetImages/Dog/9292.jpg,Dog,1,texture steady house light air day garden,post_drift
1603,/home/dxzielinski/Downloads/archive/PetImages/Dog/12059.jpg,Dog,1,color round state happy online tail event far blanket,post_drift
1604,/home/dxzielinski/Downloads/archive/PetImages/Dog/776.jpg,Dog,1,large warm phase steady sharp gentle change still,post_drift
1605,/home/dxzielinski/Downloads/archive/PetImages/Dog/11780.jpg,Dog,1,sitting air bright online state sample random path sequence field night,post_drift
1606,/home/dxzielinski/Downloads/archive/PetImages/Dog/6791.jpg,Dog,1,focus room event corner sunny shadow house curious room event furry shape warm camera room object,post_drift
1607,/home/dxzielinski/Downloads/archive/PetImages/Dog/2255.jpg,Dog,1,long center eyes blur level scene bright tail photo,post_drift
1608,/home/dxzielinski/Downloads/archive/PetImages/Dog/11343.jpg,Dog,1,house jumping change path room window happy background motion caption,post_drift
1609,/home/dxzielinski/Downloads/archive/PetImages/Dog/8462.jpg,Dog,1,wild sequence level running looking object floor stream round day sitting light blur,post_drift
1610,/home/dxzielinski/Downloads/archive/PetImages/Dog/3497.jpg,Dog,1,quiet online state calm scene long phase center blanket,post_drift
1611,/home/dxzielinski/Downloads/archive/PetImages/Dog/11926.jpg,Dog,1,foreground inside sitting still day tail sample,post_drift
1612,/home/dxzielinski/Downloads/archive/PetImages/Dog/4362.jpg,Dog,1,clean far moment night eyes outside steady far,post_drift
1613,/home/dxzielinski/Downloads/archive/PetImages/Dog/6047.jpg,Dog,1,quiet center wild shape level random background running online texture path shape sitting token sample sample,post_drift
1614,/home/dxzielinski/Downloads/archive/PetImages/Dog/5249.jpg,Dog,1,color token long room large round corner,post_drift
1615,/home/dxzielinski/Downloads/archive/PetImages/Dog/7096.jpg,Dog,1,center object sunny state clean still window wild quiet sitting tail playful state event sleepy steady,post_drift
1616,/home/dxzielinski/Downloads/archive/PetImages/Dog/1963.jpg,Dog,1,small focus wild focus token garden tail sample center,post_drift
1617,/home/dxzielinski/Downloads/archive/PetImages/Dog/7625.jpg,Dog,1,background looking scene blur event street floor tail field path caption furry round sitting,post_drift
1618,/home/dxzielinski/Downloads/archive/PetImages/Dog/489.jpg,Dog,1,drift abrupt sunny shape photo object round,post_drift
1619,/home/dxzielinski/Downloads/archive/PetImages/Dog/7106.jpg,Dog,1,large sample drift object frame caption room warm light sharp messy focus long focus short focus,post_drift
1620,/home/dxzielinski/Downloads/archive/PetImages/Dog/5569.jpg,Dog,1,gentle level blanket round texture texture,post_drift
1621,/home/dxzielinski/Downloads/archive/PetImages/Dog/2405.jpg,Dog,1,floor path grass frame motion night house,post_drift
1622,/home/dxzielinski/Downloads/archive/PetImages/Dog/131.jpg,Dog,1,garden state token shadow caption,post_drift
1623,/home/dxzielinski/Downloads/archive/PetImages/Dog/442.jpg,Dog,1,eyes garden happy garden object token frame sequence stream ears inside fast soft near color,post_drift
1624,/home/dxzielinski/Downloads/archive/PetImages/Dog/2068.jpg,Dog,1,air field floor outside drift blur inside,post_drift
1625,/home/dxzielinski/Downloads/archive/PetImages/Dog/8936.jpg,Dog,1,sitting camera warm camera street state round abrupt small camera running,post_drift
1626,/home/dxzielinski/Downloads/archive/PetImages/Dog/6126.jpg,Dog,1,gentle path playful long gentle moment ears,post_drift
1627,/home/dxzielinski/Downloads/archive/PetImages/Dog/12486.jpg,Dog,1,focus noisy sequence quiet field near online curious ears running,post_drift
1628,/home/dxzielinski/Downloads/archive/PetImages/Dog/2535.jpg,Dog,1,short state ears scene scene sharp tail near gentle event round quiet,post_drift
1629,/home/dxzielinski/Downloads/archive/PetImages/Dog/4710.jpg,Dog,1,signal happy path quiet event cold short random eyes abrupt small,post_drift
1630,/home/dxzielinski/Downloads/archive/PetImages/Dog/3983.jpg,Dog,1,outside shadow random steady frame bright camera running floor object eyes shape path pattern,post_drift
1631,/home/dxzielinski/Downloads/archive/PetImages/Dog/7799.jpg,Dog,1,still sample eyes phase phase inside room moment shape sample garden window round blanket wild,post_drift
1632,/home/dxzielinski/Downloads/archive/PetImages/Dog/10686.jpg,Dog,1,frame camera tail background still running sleepy path event floor still camera,post_drift
1633,/home/dxzielinski/Downloads/archive/PetImages/Dog/1369.jpg,Dog,1,blur bright field foreground pattern focus calm sleepy sleepy small random event grass messy light,post_drift
1634,/home/dxzielinski/Downloads/archive/PetImages/Dog/2500.jpg,Dog,1,room path grass frame wild far room stream outside stream scene fast,post_drift
1635,/home/dxzielinski/Downloads/archive/PetImages/Dog/5292.jpg,Dog,1,scene sharp street looking pattern noisy abrupt ears caption background,post_drift
1636,/home/dxzielinski/Downloads/archive/PetImages/Dog/9110.jpg,Dog,1,state sharp blanket motion blur garden quiet,post_drift
1637,/home/dxzielinski/Downloads/archive/PetImages/Dog/4646.jpg,Dog,1,near far sharp scene texture short,post_drift
1638,/home/dxzielinski/Downloads/archive/PetImages/Dog/11216.jpg,Dog,1,moment window field noisy grass round grass field quiet photo caption calm,post_drift
1639,/home/dxzielinski/Downloads/archive/PetImages/Dog/12357.jpg,Dog,1,small large calm color shadow frame quiet day inside wild large texture street motion calm,post_drift
1640,/home/dxzielinski/Downloads/archive/PetImages/Dog/9655.jpg,Dog,1,caption playful eyes field signal change,post_drift
1641,/home/dxzielinski/Downloads/archive/PetImages/Dog/8753.jpg,Dog,1,foreground sequence curious drift air steady path state signal caption sunny playful clean,post_drift
1642,/home/dxzielinski/Downloads/archive/PetImages/Dog/11849.jpg,Dog,1,day calm dark caption signal noisy light color still ears shadow garden,post_drift
1643,/home/dxzielinski/Downloads/archive/PetImages/Dog/7909.jpg,Dog,1,tail focus camera sharp street,post_drift
1644,/home/dxzielinski/Downloads/archive/PetImages/Dog/6706.jpg,Dog,1,pattern corner camera quiet drift outside texture center looking phase soft eyes soft,post_drift
1645,/home/dxzielinski/Downloads/archive/PetImages/Dog/7069.jpg,Dog,1,wild short foreground focus focus level ears background moment far focus fast color drift messy online,post_drift
1646,/home/dxzielinski/Downloads/archive/PetImages/Dog/8448.jpg,Dog,1,clean round change house air dark near online signal garden quiet cold blanket,post_drift
1647,/home/dxzielinski/Downloads/archive/PetImages/Dog/3694.jpg,Dog,1,sitting night still signal sleepy outside fast house wild running tail texture center,post_drift
1648,/home/dxzielinski/Downloads/archive/PetImages/Dog/6678.jpg,Dog,1,photo sitting floor camera focus sharp furry playful shape blur caption happy light cold color inside,post_drift
1649,/home/dxzielinski/Downloads/archive/PetImages/Dog/3880.jpg,Dog,1,token window night signal floor online room camera sitting bright token messy,post_drift
1650,/home/dxzielinski/Downloads/archive/PetImages/Dog/316.jpg,Dog,1,camera dark near street inside happy room scene outside outside room window,post_drift
1651,/home/dxzielinski/Downloads/archive/PetImages/Dog/7207.jpg,Dog,1,happy tail noisy soft room shadow air,post_drift
1652,/home/dxzielinski/Downloads/archive/PetImages/Dog/3493.jpg,Dog,1,short state night window online sleepy bright cold bright color tail moment street light,post_drift
1653,/home/dxzielinski/Downloads/archive/PetImages/Dog/7108.jpg,Dog,1,window near running eyes clean field sequence texture signal center sample still,post_drift
1654,/home/dxzielinski/Downloads/archive/PetImages/Dog/8085.jpg,Dog,1,window warm camera window looking,post_drift
1655,/home/dxzielinski/Downloads/archive/PetImages/Dog/8043.jpg,Dog,1,corner state sleepy camera motion shadow outside,post_drift
1656,/home/dxzielinski/Downloads/archive/PetImages/Dog/5747.jpg,Dog,1,eyes sequence frame motion blur signal still cold running light grass sequence,post_drift
1657,/home/dxzielinski/Downloads/archive/PetImages/Dog/3830.jpg,Dog,1,frame long small outside air,post_drift
1658,/home/dxzielinski/Downloads/archive/PetImages/Dog/10513.jpg,Dog,1,large sample sunny warm looking blanket ears bright photo background playful outside change far,post_drift
1659,/home/dxzielinski/Downloads/archive/PetImages/Dog/2313.jpg,Dog,1,near ears furry eyes happy,post_drift
1660,/home/dxzielinski/Downloads/archive/PetImages/Dog/9826.jpg,Dog,1,near sunny curious wild soft grass field inside motion noisy still sunny state,post_drift
1661,/home/dxzielinski/Downloads/archive/PetImages/Dog/4088.jpg,Dog,1,phase grass inside sitting soft sunny tail day furry,post_drift
1662,/home/dxzielinski/Downloads/archive/PetImages/Dog/5117.jpg,Dog,1,stream street short pattern window foreground room inside stream,post_drift
1663,/home/dxzielinski/Downloads/archive/PetImages/Dog/7833.jpg,Dog,1,color garden short noisy far caption room photo cold outside event field scene photo,post_drift
1664,/home/dxzielinski/Downloads/archive/PetImages/Dog/7452.jpg,Dog,1,warm noisy event corner room object texture photo wild warm object furry,post_drift
1665,/home/dxzielinski/Downloads/archive/PetImages/Dog/7794.jpg,Dog,1,clean cold garden center dark round steady garden texture stream noisy still street ears long round,post_drift
1666,/home/dxzielinski/Downloads/archive/PetImages/Dog/12377.jpg,Dog,1,day gentle far color path calm house motion background field caption room abrupt large shape,post_drift
1667,/home/dxzielinski/Downloads/archive/PetImages/Dog/4969.jpg,Dog,1,night change house quiet color small night short house large field,post_drift
1668,/home/dxzielinski/Downloads/archive/PetImages/Dog/8596.jpg,Dog,1,object sample shape jumping grass center window sitting garden caption day,post_drift
1669,/home/dxzielinski/Downloads/archive/PetImages/Dog/2065.jpg,Dog,1,near sitting furry warm shape light curious inside playful phase,post_drift
1670,/home/dxzielinski/Downloads/archive/PetImages/Dog/2372.jpg,Dog,1,cold noisy warm scene quiet,post_drift
1671,/home/dxzielinski/Downloads/archive/PetImages/Dog/1538.jpg,Dog,1,token tail grass large day happy calm frame calm floor street photo playful,post_drift
1672,/home/dxzielinski/Downloads/archive/PetImages/Dog/7494.jpg,Dog,1,center street token long pattern token inside sharp inside happy shape pattern steady long foreground,post_drift
1673,/home/dxzielinski/Downloads/archive/PetImages/Dog/10057.jpg,Dog,1,level quiet soft phase garden stream center inside corner gentle,post_drift
1674,/home/dxzielinski/Downloads/archive/PetImages/Dog/12188.jpg,Dog,1,caption eyes grass steady still,post_drift
1675,/home/dxzielinski/Downloads/archive/PetImages/Dog/4670.jpg,Dog,1,stream tail furry sunny night phase abrupt motion event photo,post_drift
1676,/home/dxzielinski/Downloads/archive/PetImages/Dog/9519.jpg,Dog,1,window small long window jumping fast random,post_drift
1677,/home/dxzielinski/Downloads/archive/PetImages/Dog/7575.jpg,Dog,1,camera far path jumping steady drift eyes window quiet light online,post_drift
1678,/home/dxzielinski/Downloads/archive/PetImages/Dog/7843.jpg,Dog,1,bright drift caption warm light path jumping far inside abrupt phase far foreground sleepy air object,post_drift
1679,/home/dxzielinski/Downloads/archive/PetImages/Dog/11970.jpg,Dog,1,small blur warm looking bright sharp object wild shape sitting corner night night,post_drift
1680,/home/dxzielinski/Downloads/archive/PetImages/Dog/6785.jpg,Dog,1,curious wild furry long air playful fast near garden looking sample noisy,post_drift
1681,/home/dxzielinski/Downloads/archive/PetImages/Dog/4408.jpg,Dog,1,quiet eyes sunny noisy sleepy stream,post_drift
1682,/home/dxzielinski/Downloads/archive/PetImages/Dog/9903.jpg,Dog,1,noisy long fast air round phase texture phase,post_drift
1683,/home/dxzielinski/Downloads/archive/PetImages/Dog/953.jpg,Dog,1,center warm path far messy scene jumping floor quiet,post_drift
1684,/home/dxzielinski/Downloads/archive/PetImages/Dog/173.jpg,Dog,1,jumping happy focus ears outside camera,post_drift
1685,/home/dxzielinski/Downloads/archive/PetImages/Dog/1334.jpg,Dog,1,fast background field ears blur photo,post_drift
1686,/home/dxzielinski/Downloads/archive/PetImages/Dog/11089.jpg,Dog,1,calm sharp blur shadow sleepy motion bright,post_drift
1687,/home/dxzielinski/Downloads/archive/PetImages/Dog/3001.jpg,Dog,1,wild grass center warm moment warm bright messy color jumping messy,post_drift
1688,/home/dxzielinski/Downloads/archive/PetImages/Dog/6943.jpg,Dog,1,abrupt steady soft event sequence event motion field pattern eyes,post_drift
1689,/home/dxzielinski/Downloads/archive/PetImages/Dog/6384.jpg,Dog,1,drift happy pattern day warm steady frame shape center background window moment abrupt token window,post_drift
1690,/home/dxzielinski/Downloads/archive/PetImages/Dog/1511.jpg,Dog,1,house pattern soft room happy large outside room blanket round tail,post_drift
1691,/home/dxzielinski/Downloads/archive/PetImages/Dog/11793.jpg,Dog,1,sleepy soft round air large motion running,post_drift
1692,/home/dxzielinski/Downloads/archive/PetImages/Dog/4178.jpg,Dog,1,happy soft moment garden small phase floor sunny cold happy blur,post_drift
1693,/home/dxzielinski/Downloads/archive/PetImages/Dog/364.jpg,Dog,1,curious outside sunny day field event long night garden garden,post_drift
1694,/home/dxzielinski/Downloads/archive/PetImages/Dog/1116.jpg,Dog,1,level shape soft pattern sharp level color night frame scene inside street window scene small caption,post_drift
1695,/home/dxzielinski/Downloads/archive/PetImages/Dog/7974.jpg,Dog,1,still gentle quiet ears blur long air token dark abrupt inside blanket scene wild,post_drift
1696,/home/dxzielinski/Downloads/archive/PetImages/Dog/9752.jpg,Dog,1,level warm quiet focus still center path color camera focus light happy sleepy messy,post_drift
1697,/home/dxzielinski/Downloads/archive/PetImages/Dog/6765.jpg,Dog,1,camera inside photo eyes shadow stream focus drift small token short ears,post_drift
1698,/home/dxzielinski/Downloads/archive/PetImages/Dog/284.jpg,Dog,1,grass phase looking center outside sharp corner tail sharp,post_drift
1699,/home/dxzielinski/Downloads/archive/PetImages/Dog/4957.jpg,Dog,1,path steady level inside far calm outside,post_drift
1700,/home/dxzielinski/Downloads/archive/PetImages/Dog/4255.jpg,Dog,1,blur shape small path blanket air corner,post_drift
1701,/home/dxzielinski/Downloads/archive/PetImages/Dog/560.jpg,Dog,1,grass curious garden abrupt noisy object running ears sleepy signal night texture night,post_drift
1702,/home/dxzielinski/Downloads/archive/PetImages/Dog/865.jpg,Dog,1,sleepy frame long day short event long room steady change,post_drift
1703,/home/dxzielinski/Downloads/archive/PetImages/Dog/7866.jpg,Dog,1,air near blanket drift scene near,post_drift
1704,/home/dxzielinski/Downloads/archive/PetImages/Dog/9537.jpg,Dog,1,online floor frame running house signal shape short,post_drift
1705,/home/dxzielinski/Downloads/archive/PetImages/Dog/10268.jpg,Dog,1,moment field window corner blanket camera warm background tail blanket tail,post_drift
1706,/home/dxzielinski/Downloads/archive/PetImages/Dog/1144.jpg,Dog,1,clean eyes shape outside clean,post_drift
1707,/home/dxzielinski/Downloads/archive/PetImages/Dog/7793.jpg,Dog,1,level online sharp calm day tail long sequence moment near far color,post_drift
1708,/home/dxzielinski/Downloads/archive/PetImages/Dog/11213.jpg,Dog,1,bright online moment sunny clean foreground messy,post_drift
1709,/home/dxzielinski/Downloads/archive/PetImages/Dog/6820.jpg,Dog,1,sequence bright moment object sample sample,post_drift
1710,/home/dxzielinski/Downloads/archive/PetImages/Dog/3364.jpg,Dog,1,night running looking window drift cold corner state sleepy calm garden state blur tail blur messy,post_drift
1711,/home/dxzielinski/Downloads/archive/PetImages/Dog/8810.jpg,Dog,1,day sharp house round still state jumping window phase warm blanket caption warm,post_drift
1712,/home/dxzielinski/Downloads/archive/PetImages/Dog/10548.jpg,Dog,1,quiet eyes soft sample window frame shadow air dark,post_drift
1713,/home/dxzielinski/Downloads/archive/PetImages/Dog/729.jpg,Dog,1,jumping object background looking pattern room,post_drift
1714,/home/dxzielinski/Downloads/archive/PetImages/Dog/5412.jpg,Dog,1,bright playful sleepy center ears house blanket object sample still shadow running background level,post_drift
1715,/home/dxzielinski/Downloads/archive/PetImages/Dog/12163.jpg,Dog,1,event camera wild far furry messy sleepy happy background blur bright phase dark level,post_drift
1716,/home/dxzielinski/Downloads/archive/PetImages/Dog/8097.jpg,Dog,1,foreground room color grass steady color short path photo camera gentle light window,post_drift
1717,/home/dxzielinski/Downloads/archive/PetImages/Dog/11720.jpg,Dog,1,floor shape jumping curious night blanket path color near messy steady floor moment noisy sleepy,post_drift
1718,/home/dxzielinski/Downloads/archive/PetImages/Dog/8082.jpg,Dog,1,long light ears field abrupt noisy clean random long focus far curious blur bright,post_drift
1719,/home/dxzielinski/Downloads/archive/PetImages/Dog/4405.jpg,Dog,1,wild furry caption happy quiet signal shape abrupt focus photo inside color pattern bright,post_drift
1720,/home/dxzielinski/Downloads/archive/PetImages/Dog/5514.jpg,Dog,1,furry near signal photo blanket noisy long near messy dark night random,post_drift
1721,/home/dxzielinski/Downloads/archive/PetImages/Dog/12261.jpg,Dog,1,night jumping curious night photo outside wild caption outside moment blur bright noisy house day,post_drift
1722,/home/dxzielinski/Downloads/archive/PetImages/Dog/5670.jpg,Dog,1,sequence bright abrupt center garden happy steady running soft focus,post_drift
1723,/home/dxzielinski/Downloads/archive/PetImages/Dog/4620.jpg,Dog,1,near eyes state near cold,post_drift
1724,/home/dxzielinski/Downloads/archive/PetImages/Dog/8350.jpg,Dog,1,event garden window curious long object signal messy house large bright token gentle sharp day round,post_drift
1725,/home/dxzielinski/Downloads/archive/PetImages/Dog/9922.jpg,Dog,1,fast long photo short phase color,post_drift
1726,/home/dxzielinski/Downloads/archive/PetImages/Dog/11177.jpg,Dog,1,drift shape change state sample gentle,post_drift
1727,/home/dxzielinski/Downloads/archive/PetImages/Dog/5466.jpg,Dog,1,grass sample corner path night jumping,post_drift
1728,/home/dxzielinski/Downloads/archive/PetImages/Dog/2198.jpg,Dog,1,sunny token path small wild,post_drift
1729,/home/dxzielinski/Downloads/archive/PetImages/Dog/2444.jpg,Dog,1,jumping floor focus sunny object small color,post_drift
1730,/home/dxzielinski/Downloads/archive/PetImages/Dog/11156.jpg,Dog,1,eyes corner scene online house room tail floor,post_drift
1731,/home/dxzielinski/Downloads/archive/PetImages/Dog/10942.jpg,Dog,1,sample phase garden soft soft,post_drift
1732,/home/dxzielinski/Downloads/archive/PetImages/Dog/12476.jpg,Dog,1,large gentle focus camera gentle house running moment noisy dark fast sitting token soft,post_drift
1733,/home/dxzielinski/Downloads/archive/PetImages/Dog/6315.jpg,Dog,1,warm signal house clean focus sequence happy quiet stream signal fast object playful,post_drift
1734,/home/dxzielinski/Downloads/archive/PetImages/Dog/1982.jpg,Dog,1,running stream bright center air sitting near frame room noisy short foreground sequence,post_drift
1735,/home/dxzielinski/Downloads/archive/PetImages/Dog/9360.jpg,Dog,1,noisy drift far house large,post_drift
1736,/home/dxzielinski/Downloads/archive/PetImages/Dog/8349.jpg,Dog,1,sleepy air quiet focus focus happy sitting path scene,post_drift
1737,/home/dxzielinski/Downloads/archive/PetImages/Dog/4069.jpg,Dog,1,inside level camera furry air large,post_drift
1738,/home/dxzielinski/Downloads/archive/PetImages/Dog/2188.jpg,Dog,1,bright curious playful warm garden,post_drift
1739,/home/dxzielinski/Downloads/archive/PetImages/Dog/9413.jpg,Dog,1,texture sleepy pattern room sunny light calm ears moment blanket drift caption object phase photo abrupt,post_drift
1740,/home/dxzielinski/Downloads/archive/PetImages/Dog/10284.jpg,Dog,1,day fast quiet noisy corner garden foreground center small,post_drift
1741,/home/dxzielinski/Downloads/archive/PetImages/Dog/4481.jpg,Dog,1,running color online ears sequence still focus gentle camera change pattern,post_drift
1742,/home/dxzielinski/Downloads/archive/PetImages/Dog/9256.jpg,Dog,1,background random state sitting large quiet signal floor caption running texture,post_drift
1743,/home/dxzielinski/Downloads/archive/PetImages/Dog/10874.jpg,Dog,1,outside ears furry texture online messy,post_drift
1744,/home/dxzielinski/Downloads/archive/PetImages/Dog/5750.jpg,Dog,1,noisy tail sharp room ears blur,post_drift
1745,/home/dxzielinski/Downloads/archive/PetImages/Dog/6557.jpg,Dog,1,level fast playful calm focus object sequence camera foreground gentle warm near,post_drift
1746,/home/dxzielinski/Downloads/archive/PetImages/Dog/1606.jpg,Dog,1,near signal outside sitting quiet drift sunny caption,post_drift
1747,/home/dxzielinski/Downloads/archive/PetImages/Dog/7551.jpg,Dog,1,far garden corner noisy token eyes phase grass,post_drift
1748,/home/dxzielinski/Downloads/archive/PetImages/Dog/6024.jpg,Dog,1,grass path curious center token sunny sitting object event curious,post_drift
1749,/home/dxzielinski/Downloads/archive/PetImages/Dog/8892.jpg,Dog,1,moment wild ears grass stream grass short day running texture foreground warm still,post_drift
1750,/home/dxzielinski/Downloads/archive/PetImages/Dog/8367.jpg,Dog,1,inside wild calm eyes foreground token jumping path scene floor,post_drift
1751,/home/dxzielinski/Downloads/archive/PetImages/Dog/7225.jpg,Dog,1,tail large quiet quiet street small house drift,post_drift
1752,/home/dxzielinski/Downloads/archive/PetImages/Dog/3279.jpg,Dog,1,center caption messy short still photo fast moment event,post_drift
1753,/home/dxzielinski/Downloads/archive/PetImages/Dog/7985.jpg,Dog,1,background field wild pattern token shape sharp sample field playful jumping shadow,post_drift
1754,/home/dxzielinski/Downloads/archive/PetImages/Dog/4017.jpg,Dog,1,center jumping messy short abrupt signal sleepy looking calm,post_drift
1755,/home/dxzielinski/Downloads/archive/PetImages/Dog/11329.jpg,Dog,1,air change curious scene light random outside,post_drift
1756,/home/dxzielinski/Downloads/archive/PetImages/Dog/458.jpg,Dog,1,sleepy motion room background color near house state camera,post_drift
1757,/home/dxzielinski/Downloads/archive/PetImages/Dog/9931.jpg,Dog,1,event eyes noisy tail floor color drift soft jumping sunny furry long,post_drift
1758,/home/dxzielinski/Downloads/archive/PetImages/Dog/5133.jpg,Dog,1,center inside motion looking near shape,post_drift
1759,/home/dxzielinski/Downloads/archive/PetImages/Dog/10697.jpg,Dog,1,random tail drift sharp token blur sequence state,post_drift
1760,/home/dxzielinski/Downloads/archive/PetImages/Dog/10186.jpg,Dog,1,inside clean curious foreground event stream outside blur state texture sample window texture clean wild,post_drift
1761,/home/dxzielinski/Downloads/archive/PetImages/Dog/8293.jpg,Dog,1,wild day wild outside shape floor fast far quiet signal shape gentle,post_drift
1762,/home/dxzielinski/Downloads/archive/PetImages/Dog/876.jpg,Dog,1,round frame floor tail window shape,post_drift
1763,/home/dxzielinski/Downloads/archive/PetImages/Dog/4376.jpg,Dog,1,jumping quiet moment room ears steady sample change shape online foreground corner,post_drift
1764,/home/dxzielinski/Downloads/archive/PetImages/Dog/3062.jpg,Dog,1,street scene short long garden color drift long fast messy house,post_drift
1765,/home/dxzielinski/Downloads/archive/PetImages/Dog/1194.jpg,Dog,1,calm jumping drift blur stream soft grass camera ears calm focus,post_drift
1766,/home/dxzielinski/Downloads/archive/PetImages/Dog/10206.jpg,Dog,1,stream sharp messy round eyes long sleepy calm warm camera bright token furry grass phase short,post_drift
1767,/home/dxzielinski/Downloads/archive/PetImages/Dog/2620.jpg,Dog,1,furry sharp street jumping caption focus blanket background,post_drift
1768,/home/dxzielinski/Downloads/archive/PetImages/Dog/3540.jpg,Dog,1,event bright long small scene tail phase stream wild round level long change signal happy,post_drift
1769,/home/dxzielinski/Downloads/archive/PetImages/Dog/11219.jpg,Dog,1,dark clean grass clean light texture gentle quiet blur large level blanket field room,post_drift
1770,/home/dxzielinski/Downloads/archive/PetImages/Dog/5926.jpg,Dog,1,soft running drift drift large air sample color shadow camera soft tail looking small,post_drift
1771,/home/dxzielinski/Downloads/archive/PetImages/Dog/5517.jpg,Dog,1,token looking camera scene messy long cold,post_drift
1772,/home/dxzielinski/Downloads/archive/PetImages/Dog/3126.jpg,Dog,1,token long round floor moment signal day caption path steady shadow shape furry still foreground scene,post_drift
1773,/home/dxzielinski/Downloads/archive/PetImages/Dog/2545.jpg,Dog,1,frame tail sharp near running steady eyes,post_drift
1774,/home/dxzielinski/Downloads/archive/PetImages/Dog/515.jpg,Dog,1,jumping long online cold window furry long grass blanket noisy garden,post_drift
1775,/home/dxzielinski/Downloads/archive/PetImages/Dog/2376.jpg,Dog,1,cold phase camera playful motion messy happy looking corner jumping object tail,post_drift
1776,/home/dxzielinski/Downloads/archive/PetImages/Dog/9328.jpg,Dog,1,round abrupt quiet tail drift caption garden sequence far sitting,post_drift
1777,/home/dxzielinski/Downloads/archive/PetImages/Dog/10866.jpg,Dog,1,window dark change short window playful level long change texture,post_drift
1778,/home/dxzielinski/Downloads/archive/PetImages/Dog/7134.jpg,Dog,1,running state window day round gentle field foreground caption blur state quiet caption random sequence,post_drift
1779,/home/dxzielinski/Downloads/archive/PetImages/Dog/9845.jpg,Dog,1,cold tail fast state state clean change,post_drift
1780,/home/dxzielinski/Downloads/archive/PetImages/Dog/3807.jpg,Dog,1,dark pattern frame playful window,post_drift
1781,/home/dxzielinski/Downloads/archive/PetImages/Dog/5021.jpg,Dog,1,sharp air sunny phase floor room steady,post_drift
1782,/home/dxzielinski/Downloads/archive/PetImages/Dog/10856.jpg,Dog,1,still caption sleepy warm floor field playful house inside short,post_drift
1783,/home/dxzielinski/Downloads/archive/PetImages/Dog/10135.jpg,Dog,1,change event large curious jumping sunny random foreground camera inside tail pattern wild looking soft focus,post_drift
1784,/home/dxzielinski/Downloads/archive/PetImages/Dog/5380.jpg,Dog,1,warm grass frame abrupt far soft inside camera running sample running cold round warm wild,post_drift
1785,/home/dxzielinski/Downloads/archive/PetImages/Dog/7734.jpg,Dog,1,night noisy dark eyes blur night shape grass tail outside,post_drift
1786,/home/dxzielinski/Downloads/archive/PetImages/Dog/11508.jpg,Dog,1,small phase frame random sample change noisy jumping calm warm phase,post_drift
1787,/home/dxzielinski/Downloads/archive/PetImages/Dog/11827.jpg,Dog,1,noisy field quiet steady sunny room ears curious blanket jumping,post_drift
1788,/home/dxzielinski/Downloads/archive/PetImages/Dog/2776.jpg,Dog,1,far floor gentle noisy running clean scene focus foreground window fast long center,post_drift
1789,/home/dxzielinski/Downloads/archive/PetImages/Dog/12396.jpg,Dog,1,sitting street online bright blanket shape random change street furry,post_drift
1790,/home/dxzielinski/Downloads/archive/PetImages/Dog/10449.jpg,Dog,1,happy abrupt path eyes bright phase,post_drift
1791,/home/dxzielinski/Downloads/archive/PetImages/Dog/11788.jpg,Dog,1,still round background background room tail far abrupt noisy sleepy,post_drift
1792,/home/dxzielinski/Downloads/archive/PetImages/Dog/7431.jpg,Dog,1,random pattern window photo signal moment small jumping sample,post_drift
1793,/home/dxzielinski/Downloads/archive/PetImages/Dog/2205.jpg,Dog,1,foreground sleepy drift sequence steady,post_drift
1794,/home/dxzielinski/Downloads/archive/PetImages/Dog/6281.jpg,Dog,1,small floor inside room far,post_drift
1795,/home/dxzielinski/Downloads/archive/PetImages/Dog/3706.jpg,Dog,1,sample day warm center floor background object jumping,post_drift
1796,/home/dxzielinski/Downloads/archive/PetImages/Dog/9943.jpg,Dog,1,abrupt calm calm curious path field drift quiet garden grass curious phase house near eyes field,post_drift
1797,/home/dxzielinski/Downloads/archive/PetImages/Dog/8842.jpg,Dog,1,moment furry furry color small motion grass grass steady far,post_drift
1798,/home/dxzielinski/Downloads/archive/PetImages/Dog/4331.jpg,Dog,1,event shape inside camera noisy camera,post_drift
1799,/home/dxzielinski/Downloads/archive/PetImages/Dog/8458.jpg,Dog,1,large quiet furry corner event night object soft foreground garden quiet garden pattern color clean,post_drift
1800,/home/dxzielinski/Downloads/archive/PetImages/Dog/3293.jpg,Dog,1,dark change room day night running photo window background sample state pattern,post_drift
1801,/home/dxzielinski/Downloads/archive/PetImages/Dog/10473.jpg,Dog,1,sunny moment field fast sitting wild happy dark wild dark far field,post_drift
1802,/home/dxzielinski/Downloads/archive/PetImages/Dog/6522.jpg,Dog,1,gentle tail steady caption abrupt phase grass running sitting stream looking level wild,post_drift
1803,/home/dxzielinski/Downloads/archive/PetImages/Dog/2491.jpg,Dog,1,small furry change round shape running still,post_drift
1804,/home/dxzielinski/Downloads/archive/PetImages/Dog/6588.jpg,Dog,1,foreground long phase light clean window calm path furry corner,post_drift
1805,/home/dxzielinski/Downloads/archive/PetImages/Dog/9760.jpg,Dog,1,outside shape online cold moment fast eyes jumping short running shape round playful,post_drift
1806,/home/dxzielinski/Downloads/archive/PetImages/Dog/12063.jpg,Dog,1,sitting shape large background bright bright air night air window floor air outside camera looking object,post_drift
1807,/home/dxzielinski/Downloads/archive/PetImages/Dog/8898.jpg,Dog,1,color event street room street sample random window photo room object sunny random sharp house scene,post_drift
1808,/home/dxzielinski/Downloads/archive/PetImages/Dog/9560.jpg,Dog,1,cold inside path room path,post_drift
1809,/home/dxzielinski/Downloads/archive/PetImages/Dog/2903.jpg,Dog,1,sitting furry dark shape abrupt color,post_drift
1810,/home/dxzielinski/Downloads/archive/PetImages/Dog/9985.jpg,Dog,1,frame outside tail happy air moment air short light quiet running inside grass round motion furry,post_drift
1811,/home/dxzielinski/Downloads/archive/PetImages/Dog/9625.jpg,Dog,1,signal dark day calm soft quiet signal short,post_drift
1812,/home/dxzielinski/Downloads/archive/PetImages/Dog/7596.jpg,Dog,1,background foreground sleepy noisy frame quiet drift long,post_drift
1813,/home/dxzielinski/Downloads/archive/PetImages/Dog/5505.jpg,Dog,1,field frame drift sample level,post_drift
1814,/home/dxzielinski/Downloads/archive/PetImages/Dog/530.jpg,Dog,1,pattern motion texture fast street dark phase sitting window outside house room center,post_drift
1815,/home/dxzielinski/Downloads/archive/PetImages/Dog/5813.jpg,Dog,1,stream window air foreground random dark soft token light event object,post_drift
1816,/home/dxzielinski/Downloads/archive/PetImages/Dog/238.jpg,Dog,1,photo photo wild jumping warm eyes shape soft far,post_drift
1817,/home/dxzielinski/Downloads/archive/PetImages/Dog/7840.jpg,Dog,1,drift long online object texture floor short furry signal steady,post_drift
1818,/home/dxzielinski/Downloads/archive/PetImages/Dog/7501.jpg,Dog,1,photo cold blur signal running floor curious floor blanket change sample,post_drift
1819,/home/dxzielinski/Downloads/archive/PetImages/Dog/2626.jpg,Dog,1,texture running scene level token signal day clean moment,post_drift
1820,/home/dxzielinski/Downloads/archive/PetImages/Dog/6388.jpg,Dog,1,quiet path moment caption center sharp soft clean,post_drift
1821,/home/dxzielinski/Downloads/archive/PetImages/Dog/4781.jpg,Dog,1,online drift garden clean level abrupt sitting round house abrupt photo floor caption path dark long,post_drift
1822,/home/dxzielinski/Downloads/archive/PetImages/Dog/5149.jpg,Dog,1,floor garden air wild sample event event abrupt blanket,post_drift
1823,/home/dxzielinski/Downloads/archive/PetImages/Dog/9562.jpg,Dog,1,frame bright photo fast running stream,post_drift
1824,/home/dxzielinski/Downloads/archive/PetImages/Dog/5291.jpg,Dog,1,outside short short sitting sharp room,post_drift
1825,/home/dxzielinski/Downloads/archive/PetImages/Dog/11263.jpg,Dog,1,gentle camera night day long camera short furry noisy cold change clean texture sample moment warm,post_drift
1826,/home/dxzielinski/Downloads/archive/PetImages/Dog/12323.jpg,Dog,1,steady signal stream still scene,post_drift
1827,/home/dxzielinski/Downloads/archive/PetImages/Dog/106.jpg,Dog,1,light playful street small shape looking,post_drift
1828,/home/dxzielinski/Downloads/archive/PetImages/Dog/1777.jpg,Dog,1,day tail cold field color far running happy sleepy dark center steady drift,post_drift
1829,/home/dxzielinski/Downloads/archive/PetImages/Dog/8337.jpg,Dog,1,blanket curious garden small photo small random camera floor clean cold playful,post_drift
1830,/home/dxzielinski/Downloads/archive/PetImages/Dog/7114.jpg,Dog,1,phase grass jumping messy jumping tail corner shape window small abrupt long background street clean,post_drift
1831,/home/dxzielinski/Downloads/archive/PetImages/Dog/127.jpg,Dog,1,looking running sunny soft curious quiet foreground caption gentle tail inside,post_drift
1832,/home/dxzielinski/Downloads/archive/PetImages/Dog/7315.jpg,Dog,1,furry shape token focus warm moment object blanket warm,post_drift
1833,/home/dxzielinski/Downloads/archive/PetImages/Dog/838.jpg,Dog,1,dark online house gentle outside large stream dark inside street,post_drift
1834,/home/dxzielinski/Downloads/archive/PetImages/Dog/5080.jpg,Dog,1,room token light sunny far blanket pattern fast eyes field phase,post_drift
1835,/home/dxzielinski/Downloads/archive/PetImages/Dog/3208.jpg,Dog,1,online online large sunny token fast sitting blanket random shape long outside,post_drift
1836,/home/dxzielinski/Downloads/archive/PetImages/Dog/11087.jpg,Dog,1,sitting far motion path sleepy sequence sample,post_drift
1837,/home/dxzielinski/Downloads/archive/PetImages/Dog/7564.jpg,Dog,1,outside tail eyes tail round garden caption happy stream dark ears dark inside token,post_drift
1838,/home/dxzielinski/Downloads/archive/PetImages/Dog/4809.jpg,Dog,1,corner shadow camera blanket looking light center,post_drift
1839,/home/dxzielinski/Downloads/archive/PetImages/Dog/10377.jpg,Dog,1,fast sunny blanket blur small blanket,post_drift
1840,/home/dxzielinski/Downloads/archive/PetImages/Dog/1762.jpg,Dog,1,path focus running running background calm sequence sample,post_drift
1841,/home/dxzielinski/Downloads/archive/PetImages/Dog/199.jpg,Dog,1,playful outside air caption small messy change,post_drift
1842,/home/dxzielinski/Downloads/archive/PetImages/Dog/4537.jpg,Dog,1,furry soft jumping level air messy dark dark cold floor jumping garden looking,post_drift
1843,/home/dxzielinski/Downloads/archive/PetImages/Dog/8644.jpg,Dog,1,quiet large outside sample calm caption still far motion soft path,post_drift
1844,/home/dxzielinski/Downloads/archive/PetImages/Dog/7949.jpg,Dog,1,sleepy wild stream sequence cold pattern warm noisy wild phase quiet small air sharp,post_drift
1845,/home/dxzielinski/Downloads/archive/PetImages/Dog/2344.jpg,Dog,1,sitting sharp window pattern running stream soft pattern object calm sharp tail drift shadow,post_drift
1846,/home/dxzielinski/Downloads/archive/PetImages/Dog/7615.jpg,Dog,1,ears phase tail camera token foreground soft pattern event focus small phase color garden,post_drift
1847,/home/dxzielinski/Downloads/archive/PetImages/Dog/11121.jpg,Dog,1,abrupt online shape token curious corner floor far field random,post_drift
1848,/home/dxzielinski/Downloads/archive/PetImages/Dog/1876.jpg,Dog,1,messy texture ears garden blanket state,post_drift
1849,/home/dxzielinski/Downloads/archive/PetImages/Dog/4644.jpg,Dog,1,running window air photo day token,post_drift
1850,/home/dxzielinski/Downloads/archive/PetImages/Dog/1719.jpg,Dog,1,center furry change change sleepy ears online photo outside playful clean change air path scene frame,post_drift
1851,/home/dxzielinski/Downloads/archive/PetImages/Dog/6811.jpg,Dog,1,long warm bright level grass sample pattern,post_drift
1852,/home/dxzielinski/Downloads/archive/PetImages/Dog/11356.jpg,Dog,1,corner sequence sitting night window foreground blanket calm long texture day outside,post_drift
1853,/home/dxzielinski/Downloads/archive/PetImages/Dog/7631.jpg,Dog,1,calm shadow floor inside floor cold sitting object sequence,post_drift
1854,/home/dxzielinski/Downloads/archive/PetImages/Dog/8480.jpg,Dog,1,room eyes blanket steady short background bright sitting quiet eyes online texture,post_drift
1855,/home/dxzielinski/Downloads/archive/PetImages/Dog/7851.jpg,Dog,1,object shape online moment bright inside wild abrupt playful drift signal blanket sequence inside looking playful,post_drift
1856,/home/dxzielinski/Downloads/archive/PetImages/Dog/7004.jpg,Dog,1,abrupt blur looking color shadow sleepy clean street motion messy,post_drift
1857,/home/dxzielinski/Downloads/archive/PetImages/Dog/4316.jpg,Dog,1,fast stream signal foreground furry object drift grass sunny shadow pattern sharp soft outside pattern,post_drift
1858,/home/dxzielinski/Downloads/archive/PetImages/Dog/715.jpg,Dog,1,calm wild state outside jumping house caption street token color,post_drift
1859,/home/dxzielinski/Downloads/archive/PetImages/Dog/7855.jpg,Dog,1,playful near running change drift tail abrupt phase far motion bright still blur field,post_drift
1860,/home/dxzielinski/Downloads/archive/PetImages/Dog/7603.jpg,Dog,1,eyes drift ears running tail night air calm noisy small window round running,post_drift
1861,/home/dxzielinski/Downloads/archive/PetImages/Dog/4586.jpg,Dog,1,level motion noisy happy abrupt stream small curious,post_drift
1862,/home/dxzielinski/Downloads/archive/PetImages/Dog/5440.jpg,Dog,1,sleepy room floor scene dark short blur sunny gentle cold sharp garden texture near,post_drift
1863,/home/dxzielinski/Downloads/archive/PetImages/Dog/5643.jpg,Dog,1,clean happy color moment round fast object caption house light,post_drift
1864,/home/dxzielinski/Downloads/archive/PetImages/Dog/4864.jpg,Dog,1,texture texture window texture moment object,post_drift
1865,/home/dxzielinski/Downloads/archive/PetImages/Dog/2102.jpg,Dog,1,round small dark eyes online light sequence warm clean soft scene garden near,post_drift
1866,/home/dxzielinski/Downloads/archive/PetImages/Dog/10900.jpg,Dog,1,playful playful background messy eyes window street,post_drift
1867,/home/dxzielinski/Downloads/archive/PetImages/Dog/10291.jpg,Dog,1,outside moment camera path moment garden random warm field photo gentle running,post_drift
1868,/home/dxzielinski/Downloads/archive/PetImages/Dog/5450.jpg,Dog,1,sharp floor bright soft warm floor stream foreground,post_drift
1869,/home/dxzielinski/Downloads/archive/PetImages/Dog/6793.jpg,Dog,1,frame frame steady shadow street motion sleepy,post_drift
1870,/home/dxzielinski/Downloads/archive/PetImages/Dog/1222.jpg,Dog,1,floor photo signal token sunny tail moment running sleepy,post_drift
1871,/home/dxzielinski/Downloads/archive/PetImages/Dog/10144.jpg,Dog,1,light motion far caption window background pattern clean corner far small state window gentle,post_drift
1872,/home/dxzielinski/Downloads/archive/PetImages/Dog/2351.jpg,Dog,1,still room window shape frame window gentle playful foreground event sleepy ears,post_drift
1873,/home/dxzielinski/Downloads/archive/PetImages/Dog/9000.jpg,Dog,1,stream gentle clean light moment street eyes,post_drift
1874,/home/dxzielinski/Downloads/archive/PetImages/Dog/2728.jpg,Dog,1,caption abrupt abrupt playful inside event quiet long day shadow,post_drift
1875,/home/dxzielinski/Downloads/archive/PetImages/Dog/10323.jpg,Dog,1,sleepy near inside caption background scene outside inside abrupt bright running,post_drift
1876,/home/dxzielinski/Downloads/archive/PetImages/Dog/7329.jpg,Dog,1,noisy shadow noisy grass random sunny floor token path caption random blur short messy room,post_drift
1877,/home/dxzielinski/Downloads/archive/PetImages/Dog/11066.jpg,Dog,1,day messy online calm soft grass scene noisy eyes,post_drift
1878,/home/dxzielinski/Downloads/archive/PetImages/Dog/7990.jpg,Dog,1,day wild steady path state,post_drift
1879,/home/dxzielinski/Downloads/archive/PetImages/Dog/233.jpg,Dog,1,photo frame grass texture large corner phase path,post_drift
1880,/home/dxzielinski/Downloads/archive/PetImages/Dog/4461.jpg,Dog,1,running sunny calm large window state round blanket room,post_drift
1881,/home/dxzielinski/Downloads/archive/PetImages/Dog/6456.jpg,Dog,1,foreground sleepy abrupt warm light house dark curious wild air,post_drift
1882,/home/dxzielinski/Downloads/archive/PetImages/Dog/12246.jpg,Dog,1,still house room abrupt drift ears day state tail pattern round texture corner house sample small,post_drift
1883,/home/dxzielinski/Downloads/archive/PetImages/Dog/10297.jpg,Dog,1,focus background dark night still object window fast playful looking,post_drift
1884,/home/dxzielinski/Downloads/archive/PetImages/Dog/2141.jpg,Dog,1,furry blur playful shape curious sample cold scene window,post_drift
1885,/home/dxzielinski/Downloads/archive/PetImages/Dog/5264.jpg,Dog,1,object camera camera grass abrupt steady state,post_drift
1886,/home/dxzielinski/Downloads/archive/PetImages/Dog/11762.jpg,Dog,1,cold sequence phase messy messy short scene phase abrupt sequence furry dark pattern happy online object,post_drift
1887,/home/dxzielinski/Downloads/archive/PetImages/Dog/8441.jpg,Dog,1,center warm bright noisy path calm field ears stream running,post_drift
1888,/home/dxzielinski/Downloads/archive/PetImages/Dog/10109.jpg,Dog,1,change phase object dark state tail sequence corner motion large texture looking,post_drift
1889,/home/dxzielinski/Downloads/archive/PetImages/Dog/132.jpg,Dog,1,abrupt center sample signal sitting token dark state camera gentle window state looking tail photo quiet,post_drift
1890,/home/dxzielinski/Downloads/archive/PetImages/Dog/9600.jpg,Dog,1,round street house level sitting sleepy inside window,post_drift
1891,/home/dxzielinski/Downloads/archive/PetImages/Dog/8631.jpg,Dog,1,outside focus ears ears texture shadow focus wild inside,post_drift
1892,/home/dxzielinski/Downloads/archive/PetImages/Dog/7651.jpg,Dog,1,corner tail sharp blur texture,post_drift
1893,/home/dxzielinski/Downloads/archive/PetImages/Dog/9806.jpg,Dog,1,short background house jumping dark furry messy blanket house air sitting camera happy photo window frame,post_drift
1894,/home/dxzielinski/Downloads/archive/PetImages/Dog/3695.jpg,Dog,1,scene window large eyes playful calm,post_drift
1895,/home/dxzielinski/Downloads/archive/PetImages/Dog/9653.jpg,Dog,1,large window sitting warm shape change abrupt stream stream caption calm token quiet,post_drift
1896,/home/dxzielinski/Downloads/archive/PetImages/Dog/1924.jpg,Dog,1,sharp furry tail shadow grass near sleepy pattern messy signal shadow random day texture path,post_drift
1897,/home/dxzielinski/Downloads/archive/PetImages/Dog/5435.jpg,Dog,1,moment soft corner photo garden quiet sample house random garden,post_drift
1898,/home/dxzielinski/Downloads/archive/PetImages/Dog/3429.jpg,Dog,1,grass color eyes fast near still round blur state light scene,post_drift
1899,/home/dxzielinski/Downloads/archive/PetImages/Dog/8497.jpg,Dog,1,window day photo dark change,post_drift
1900,/home/dxzielinski/Downloads/archive/PetImages/Dog/11484.jpg,Dog,1,light center calm event background noisy random center jumping eyes fast path color inside color,post_drift
1901,/home/dxzielinski/Downloads/archive/PetImages/Dog/9274.jpg,Dog,1,warm sleepy caption outside clean sequence,post_drift
1902,/home/dxzielinski/Downloads/archive/PetImages/Dog/3757.jpg,Dog,1,sequence background clean small random day focus,post_drift
1903,/home/dxzielinski/Downloads/archive/PetImages/Dog/542.jpg,Dog,1,curious noisy warm ears drift caption quiet,post_drift
1904,/home/dxzielinski/Downloads/archive/PetImages/Dog/1103.jpg,Dog,1,phase still fast path round curious path focus,post_drift
1905,/home/dxzielinski/Downloads/archive/PetImages/Dog/1165.jpg,Dog,1,sample grass moment steady sample,post_drift
1906,/home/dxzielinski/Downloads/archive/PetImages/Dog/3226.jpg,Dog,1,bright change playful blur looking pattern,post_drift
1907,/home/dxzielinski/Downloads/archive/PetImages/Dog/1431.jpg,Dog,1,looking sample grass token focus soft looking moment eyes house happy bright window,post_drift
1908,/home/dxzielinski/Downloads/archive/PetImages/Dog/8456.jpg,Dog,1,round tail sunny corner phase,post_drift
1909,/home/dxzielinski/Downloads/archive/PetImages/Dog/5348.jpg,Dog,1,floor stream street field signal ears sharp signal drift noisy object random floor online shape random,post_drift
1910,/home/dxzielinski/Downloads/archive/PetImages/Dog/10213.jpg,Dog,1,floor random moment focus running looking,post_drift
1911,/home/dxzielinski/Downloads/archive/PetImages/Dog/1661.jpg,Dog,1,still far long warm grass dark signal moment long garden eyes garden phase,post_drift
1912,/home/dxzielinski/Downloads/archive/PetImages/Dog/10250.jpg,Dog,1,sitting eyes blanket street long,post_drift
1913,/home/dxzielinski/Downloads/archive/PetImages/Dog/6212.jpg,Dog,1,camera quiet round sitting outside,post_drift
1914,/home/dxzielinski/Downloads/archive/PetImages/Dog/9083.jpg,Dog,1,eyes quiet light object sunny happy,post_drift
1915,/home/dxzielinski/Downloads/archive/PetImages/Dog/4257.jpg,Dog,1,outside moment center pattern photo caption shadow grass ears,post_drift
1916,/home/dxzielinski/Downloads/archive/PetImages/Dog/2125.jpg,Dog,1,curious night token sunny sleepy dark night photo cold steady messy day,post_drift
1917,/home/dxzielinski/Downloads/archive/PetImages/Dog/2211.jpg,Dog,1,abrupt jumping window warm furry messy object stream fast,post_drift
1918,/home/dxzielinski/Downloads/archive/PetImages/Dog/7305.jpg,Dog,1,calm scene blanket calm jumping fast moment sequence,post_drift
1919,/home/dxzielinski/Downloads/archive/PetImages/Dog/5235.jpg,Dog,1,happy focus window scene playful room caption,post_drift
1920,/home/dxzielinski/Downloads/archive/PetImages/Dog/5492.jpg,Dog,1,tail calm foreground long bright garden noisy curious noisy gentle,post_drift
1921,/home/dxzielinski/Downloads/archive/PetImages/Dog/4226.jpg,Dog,1,floor sample air online round short state light focus caption,post_drift
1922,/home/dxzielinski/Downloads/archive/PetImages/Dog/12270.jpg,Dog,1,moment street sample ears bright jumping clean still day photo photo curious round quiet field steady,post_drift
1923,/home/dxzielinski/Downloads/archive/PetImages/Dog/1748.jpg,Dog,1,far window token foreground scene,post_drift
1924,/home/dxzielinski/Downloads/archive/PetImages/Dog/4776.jpg,Dog,1,near garden wild background sharp sunny sharp bright house sleepy sunny,post_drift
1925,/home/dxzielinski/Downloads/archive/PetImages/Dog/2605.jpg,Dog,1,state bright eyes texture messy sunny window camera running noisy token near inside window,post_drift
1926,/home/dxzielinski/Downloads/archive/PetImages/Dog/4544.jpg,Dog,1,window caption change texture camera soft focus,post_drift
1927,/home/dxzielinski/Downloads/archive/PetImages/Dog/9789.jpg,Dog,1,corner bright noisy house cold night,post_drift
1928,/home/dxzielinski/Downloads/archive/PetImages/Dog/12045.jpg,Dog,1,phase background day photo steady sample furry,post_drift
1929,/home/dxzielinski/Downloads/archive/PetImages/Dog/7256.jpg,Dog,1,furry signal soft scene long camera shadow air shadow signal still night abrupt shape calm,post_drift
1930,/home/dxzielinski/Downloads/archive/PetImages/Dog/12298.jpg,Dog,1,street day furry outside still light,post_drift
1931,/home/dxzielinski/Downloads/archive/PetImages/Dog/2658.jpg,Dog,1,happy blanket light garden stream tail dark scene blanket large random,post_drift
1932,/home/dxzielinski/Downloads/archive/PetImages/Dog/8926.jpg,Dog,1,photo blur steady fast scene day inside bright motion,post_drift
1933,/home/dxzielinski/Downloads/archive/PetImages/Dog/7031.jpg,Dog,1,ears focus room small center color near gentle token light day,post_drift
1934,/home/dxzielinski/Downloads/archive/PetImages/Dog/1125.jpg,Dog,1,path small small night online happy pattern motion round window bright round path night sharp,post_drift
1935,/home/dxzielinski/Downloads/archive/PetImages/Dog/1709.jpg,Dog,1,quiet garden photo background inside wild sitting looking running color,post_drift
1936,/home/dxzielinski/Downloads/archive/PetImages/Dog/10373.jpg,Dog,1,center texture light sleepy state object quiet signal gentle path sitting stream eyes,post_drift
1937,/home/dxzielinski/Downloads/archive/PetImages/Dog/7457.jpg,Dog,1,happy near round object stream calm steady shape clean jumping blanket sample room cold still short,post_drift
1938,/home/dxzielinski/Downloads/archive/PetImages/Dog/11719.jpg,Dog,1,large state event signal dark outside online path abrupt drift near photo happy shadow center event,post_drift
1939,/home/dxzielinski/Downloads/archive/PetImages/Dog/2579.jpg,Dog,1,stream wild object cold window room,post_drift
1940,/home/dxzielinski/Downloads/archive/PetImages/Dog/11381.jpg,Dog,1,noisy blanket blur small day stream blanket jumping signal,post_drift
1941,/home/dxzielinski/Downloads/archive/PetImages/Dog/11552.jpg,Dog,1,path tail looking shadow room tail change,post_drift
1942,/home/dxzielinski/Downloads/archive/PetImages/Dog/1208.jpg,Dog,1,signal window blanket event air event,post_drift
1943,/home/dxzielinski/Downloads/archive/PetImages/Dog/6497.jpg,Dog,1,texture wild shadow bright cold sharp sitting sharp level,post_drift
1944,/home/dxzielinski/Downloads/archive/PetImages/Dog/7091.jpg,Dog,1,quiet field curious calm texture gentle change focus steady garden messy tail tail foreground warm foreground,post_drift
1945,/home/dxzielinski/Downloads/archive/PetImages/Dog/12243.jpg,Dog,1,sequence steady path background looking change sunny abrupt random token frame curious sunny room,post_drift
1946,/home/dxzielinski/Downloads/archive/PetImages/Dog/6184.jpg,Dog,1,camera caption online sequence gentle foreground gentle abrupt bright sleepy furry window background background air inside,post_drift
1947,/home/dxzielinski/Downloads/archive/PetImages/Dog/399.jpg,Dog,1,texture shadow long center event cold token,post_drift
1948,/home/dxzielinski/Downloads/archive/PetImages/Dog/10603.jpg,Dog,1,floor grass drift long path sleepy abrupt blanket far tail quiet soft random signal outside event,post_drift
1949,/home/dxzielinski/Downloads/archive/PetImages/Dog/2860.jpg,Dog,1,shadow warm short motion house texture token pattern gentle air stream sequence,post_drift
1950,/home/dxzielinski/Downloads/archive/PetImages/Dog/2268.jpg,Dog,1,large quiet sleepy state sleepy cold furry near photo street far outside,post_drift
1951,/home/dxzielinski/Downloads/archive/PetImages/Dog/9105.jpg,Dog,1,curious token outside foreground blanket playful level online blanket,post_drift
1952,/home/dxzielinski/Downloads/archive/PetImages/Dog/12252.jpg,Dog,1,event event shadow happy night fast,post_drift
1953,/home/dxzielinski/Downloads/archive/PetImages/Dog/3482.jpg,Dog,1,playful air bright dark warm token dark clean corner fast scene window wild,post_drift
1954,/home/dxzielinski/Downloads/archive/PetImages/Dog/5972.jpg,Dog,1,ears window ears steady day sequence inside,post_drift
1955,/home/dxzielinski/Downloads/archive/PetImages/Dog/3466.jpg,Dog,1,sharp jumping messy phase running garden tail random street random,post_drift
1956,/home/dxzielinski/Downloads/archive/PetImages/Dog/7092.jpg,Dog,1,dark calm event gentle level long signal playful long change round ears window garden,post_drift
1957,/home/dxzielinski/Downloads/archive/PetImages/Dog/8735.jpg,Dog,1,sequence clean street abrupt still drift window bright level object room online fast looking,post_drift
1958,/home/dxzielinski/Downloads/archive/PetImages/Dog/4039.jpg,Dog,1,cold object far sunny running large furry focus,post_drift
1959,/home/dxzielinski/Downloads/archive/PetImages/Dog/11418.jpg,Dog,1,soft furry signal signal drift cold blanket photo field eyes still,post_drift
1960,/home/dxzielinski/Downloads/archive/PetImages/Dog/2735.jpg,Dog,1,wild curious cold soft far house eyes happy pattern,post_drift
1961,/home/dxzielinski/Downloads/archive/PetImages/Dog/1509.jpg,Dog,1,furry background messy large small field path cold moment street sharp looking room clean inside,post_drift
1962,/home/dxzielinski/Downloads/archive/PetImages/Dog/2050.jpg,Dog,1,ears background token noisy floor warm,post_drift
1963,/home/dxzielinski/Downloads/archive/PetImages/Dog/4214.jpg,Dog,1,furry window gentle cold house looking frame inside state sample far,post_drift
1964,/home/dxzielinski/Downloads/archive/PetImages/Dog/7057.jpg,Dog,1,center abrupt ears quiet messy cold stream steady path garden room sleepy sunny,post_drift
1965,/home/dxzielinski/Downloads/archive/PetImages/Dog/11180.jpg,Dog,1,caption frame event warm noisy texture focus long long motion,post_drift
1966,/home/dxzielinski/Downloads/archive/PetImages/Dog/11055.jpg,Dog,1,eyes light grass camera cold floor night,post_drift
1967,/home/dxzielinski/Downloads/archive/PetImages/Dog/9060.jpg,Dog,1,sharp running messy dark dark outside tail sequence level looking near scene small,post_drift
1968,/home/dxzielinski/Downloads/archive/PetImages/Dog/6191.jpg,Dog,1,state room far window gentle furry phase wild sunny moment air night color short center,post_drift
1969,/home/dxzielinski/Downloads/archive/PetImages/Dog/10772.jpg,Dog,1,object tail object level window bright state dark photo grass fast focus still focus happy noisy,post_drift
1970,/home/dxzielinski/Downloads/archive/PetImages/Dog/1711.jpg,Dog,1,shape room color short small token window sleepy room focus ears,post_drift
1971,/home/dxzielinski/Downloads/archive/PetImages/Dog/4640.jpg,Dog,1,air quiet token focus jumping online shape,post_drift
1972,/home/dxzielinski/Downloads/archive/PetImages/Dog/7115.jpg,Dog,1,steady path messy house sunny texture near caption scene center floor sample,post_drift
1973,/home/dxzielinski/Downloads/archive/PetImages/Dog/9211.jpg,Dog,1,jumping window frame house field fast messy,post_drift
1974,/home/dxzielinski/Downloads/archive/PetImages/Dog/8946.jpg,Dog,1,cold playful messy level tail motion phase house long random wild sunny gentle,post_drift
1975,/home/dxzielinski/Downloads/archive/PetImages/Dog/1529.jpg,Dog,1,texture shape phase drift gentle token garden floor looking small clean,post_drift
1976,/home/dxzielinski/Downloads/archive/PetImages/Dog/4442.jpg,Dog,1,soft soft room light change running signal inside dark moment phase,post_drift
1977,/home/dxzielinski/Downloads/archive/PetImages/Dog/11917.jpg,Dog,1,token foreground wild moment day furry,post_drift
1978,/home/dxzielinski/Downloads/archive/PetImages/Dog/5165.jpg,Dog,1,photo state dark pattern garden soft sitting,post_drift
1979,/home/dxzielinski/Downloads/archive/PetImages/Dog/6266.jpg,Dog,1,level steady bright night dark gentle,post_drift
1980,/home/dxzielinski/Downloads/archive/PetImages/Dog/6225.jpg,Dog,1,room window background wild warm abrupt drift random object sunny corner eyes inside tail garden,post_drift
1981,/home/dxzielinski/Downloads/archive/PetImages/Dog/7597.jpg,Dog,1,quiet field still foreground curious near steady happy,post_drift
1982,/home/dxzielinski/Downloads/archive/PetImages/Dog/11562.jpg,Dog,1,furry gentle day frame messy gentle inside,post_drift
1983,/home/dxzielinski/Downloads/archive/PetImages/Dog/4145.jpg,Dog,1,center abrupt street phase motion night short steady outside shadow texture camera running shadow path,post_drift
1984,/home/dxzielinski/Downloads/archive/PetImages/Dog/10808.jpg,Dog,1,caption state room sequence calm online soft level abrupt token clean quiet field sequence,post_drift
1985,/home/dxzielinski/Downloads/archive/PetImages/Dog/9559.jpg,Dog,1,state event shadow night drift path signal texture token signal blur,post_drift
1986,/home/dxzielinski/Downloads/archive/PetImages/Dog/3184.jpg,Dog,1,stream sunny token sleepy photo eyes day caption event eyes playful sample,post_drift
1987,/home/dxzielinski/Downloads/archive/PetImages/Dog/11636.jpg,Dog,1,cold jumping grass still running event sample,post_drift
1988,/home/dxzielinski/Downloads/archive/PetImages/Dog/5140.jpg,Dog,1,moment signal night inside window far shape field pattern street motion color corner,post_drift
1989,/home/dxzielinski/Downloads/archive/PetImages/Dog/8620.jpg,Dog,1,short inside camera inside center fast furry cold stream,post_drift
1990,/home/dxzielinski/Downloads/archive/PetImages/Dog/1045.jpg,Dog,1,house scene clean path sample window center sleepy dark still camera,post_drift
1991,/home/dxzielinski/Downloads/archive/PetImages/Dog/10935.jpg,Dog,1,event stream light path background stream foreground,post_drift
1992,/home/dxzielinski/Downloads/archive/PetImages/Dog/11088.jpg,Dog,1,moment messy eyes photo shape,post_drift
1993,/home/dxzielinski/Downloads/archive/PetImages/Dog/8600.jpg,Dog,1,color photo frame path messy messy large room cold wild sleepy background sunny ears still moment,post_drift
1994,/home/dxzielinski/Downloads/archive/PetImages/Dog/7222.jpg,Dog,1,sharp corner playful day scene,post_drift
1995,/home/dxzielinski/Downloads/archive/PetImages/Dog/6102.jpg,Dog,1,cold grass steady calm room still jumping shadow,post_drift
1996,/home/dxzielinski/Downloads/archive/PetImages/Dog/8648.jpg,Dog,1,far frame running looking garden path abrupt cold random jumping texture curious house short field,post_drift
1997,/home/dxzielinski/Downloads/archive/PetImages/Dog/9432.jpg,Dog,1,round moment field photo focus street furry,post_drift
1998,/home/dxzielinski/Downloads/archive/PetImages/Dog/10416.jpg,Dog,1,happy drift street blanket pattern color curious calm online wild street pattern color,post_drift
1999,/home/dxzielinski/Downloads/archive/PetImages/Dog/4929.jpg,Dog,1,ears wild photo blanket blur tail sharp day,post_drift
2000,/home/dxzielinski/Downloads/archive/PetImages/Dog/8609.jpg,Dog,1,level signal furry inside field jumping,post_drift
2001,/home/dxzielinski/Downloads/archive/PetImages/Dog/12133.jpg,Dog,1,background sitting focus stream state quiet street corner signal long shape running sequence sunny happy sharp,post_drift
2002,/home/dxzielinski/Downloads/archive/PetImages/Dog/8991.jpg,Dog,1,corner room large soft online stream path long soft round state focus,post_drift
2003,/home/dxzielinski/Downloads/archive/PetImages/Dog/719.jpg,Dog,1,sample outside color inside sunny floor online sequence color abrupt quiet caption gentle motion,post_drift
2004,/home/dxzielinski/Downloads/archive/PetImages/Dog/6772.jpg,Dog,1,large inside happy room garden running light shape still long inside camera drift,post_drift
2005,/home/dxzielinski/Downloads/archive/PetImages/Dog/3844.jpg,Dog,1,foreground light path state token large texture tail outside happy sequence calm calm window camera photo,post_drift
2006,/home/dxzielinski/Downloads/archive/PetImages/Dog/2503.jpg,Dog,1,state shadow warm camera window random sunny caption,post_drift
2007,/home/dxzielinski/Downloads/archive/PetImages/Dog/5697.jpg,Dog,1,short calm corner warm street running curious frame signal sleepy small,post_drift
2008,/home/dxzielinski/Downloads/archive/PetImages/Dog/12123.jpg,Dog,1,running level looking garden inside quiet color,post_drift
2009,/home/dxzielinski/Downloads/archive/PetImages/Dog/5774.jpg,Dog,1,long jumping wild foreground noisy stream small pattern happy,post_drift
2010,/home/dxzielinski/Downloads/archive/PetImages/Dog/9306.jpg,Dog,1,stream noisy window texture grass shadow long light window,post_drift
2011,/home/dxzielinski/Downloads/archive/PetImages/Dog/11540.jpg,Dog,1,shadow outside blanket looking caption furry motion sitting shadow caption,post_drift
2012,/home/dxzielinski/Downloads/archive/PetImages/Dog/1749.jpg,Dog,1,signal room photo floor sunny window steady house garden sample jumping small air moment camera,post_drift
2013,/home/dxzielinski/Downloads/archive/PetImages/Dog/2098.jpg,Dog,1,scene motion shadow steady shadow caption window house gentle street level street ears night messy,post_drift
2014,/home/dxzielinski/Downloads/archive/PetImages/Dog/9573.jpg,Dog,1,sleepy scene small moment token playful phase jumping playful change abrupt floor texture phase night happy,post_drift
2015,/home/dxzielinski/Downloads/archive/PetImages/Dog/5154.jpg,Dog,1,happy event center warm window clean furry jumping change eyes,post_drift
2016,/home/dxzielinski/Downloads/archive/PetImages/Dog/5847.jpg,Dog,1,wild caption near motion looking abrupt noisy day token random random blanket fast curious jumping center,post_drift
2017,/home/dxzielinski/Downloads/archive/PetImages/Dog/3160.jpg,Dog,1,large house dark path frame window messy happy signal,post_drift
2018,/home/dxzielinski/Downloads/archive/PetImages/Dog/3299.jpg,Dog,1,steady long far change focus photo sunny messy warm,post_drift
2019,/home/dxzielinski/Downloads/archive/PetImages/Dog/5240.jpg,Dog,1,air shadow sequence frame calm background signal night event online field night camera sleepy running,post_drift
2020,/home/dxzielinski/Downloads/archive/PetImages/Dog/179.jpg,Dog,1,round change inside sleepy background,post_drift
2021,/home/dxzielinski/Downloads/archive/PetImages/Dog/4053.jpg,Dog,1,change garden cold motion center still scene phase moment sequence curious,post_drift
2022,/home/dxzielinski/Downloads/archive/PetImages/Dog/4852.jpg,Dog,1,texture foreground window pattern window caption sample eyes outside gentle event phase sharp scene online,post_drift
2023,/home/dxzielinski/Downloads/archive/PetImages/Dog/1182.jpg,Dog,1,small change drift sequence moment color light soft day looking soft,post_drift
2024,/home/dxzielinski/Downloads/archive/PetImages/Dog/12488.jpg,Dog,1,corner sequence center street room,post_drift
2025,/home/dxzielinski/Downloads/archive/PetImages/Dog/5555.jpg,Dog,1,photo motion garden light texture abrupt calm scene inside sample noisy shape large abrupt,post_drift
2026,/home/dxzielinski/Downloads/archive/PetImages/Dog/11279.jpg,Dog,1,far sequence house dark focus corner jumping inside change running,post_drift
2027,/home/dxzielinski/Downloads/archive/PetImages/Dog/677.jpg,Dog,1,sharp window shadow clean foreground shape warm large motion corner,post_drift
2028,/home/dxzielinski/Downloads/archive/PetImages/Dog/10831.jpg,Dog,1,blur fast long dark change outside sample running photo online room garden outside,post_drift
2029,/home/dxzielinski/Downloads/archive/PetImages/Dog/6523.jpg,Dog,1,floor photo abrupt floor calm short fast cold clean noisy photo far far window state object,post_drift
2030,/home/dxzielinski/Downloads/archive/PetImages/Dog/6293.jpg,Dog,1,signal event shape object random floor path texture shape playful light day photo messy,post_drift
2031,/home/dxzielinski/Downloads/archive/PetImages/Dog/10058.jpg,Dog,1,floor steady jumping calm corner short window noisy sitting floor phase,post_drift
2032,/home/dxzielinski/Downloads/archive/PetImages/Dog/3624.jpg,Dog,1,blur tail messy cold short sitting blanket state,post_drift
2033,/home/dxzielinski/Downloads/archive/PetImages/Dog/11119.jpg,Dog,1,day sample corner camera tail house eyes outside moment event sample corner air furry motion event,post_drift
2034,/home/dxzielinski/Downloads/archive/PetImages/Dog/7405.jpg,Dog,1,large gentle center short large,post_drift
2035,/home/dxzielinski/Downloads/archive/PetImages/Dog/8506.jpg,Dog,1,motion phase far color dark sequence outside steady window caption,post_drift
2036,/home/dxzielinski/Downloads/archive/PetImages/Dog/1641.jpg,Dog,1,inside signal stream background bright level,post_drift
2037,/home/dxzielinski/Downloads/archive/PetImages/Dog/5096.jpg,Dog,1,fast eyes dark round window,post_drift
2038,/home/dxzielinski/Downloads/archive/PetImages/Dog/6263.jpg,Dog,1,shape photo inside short large field field small,post_drift
2039,/home/dxzielinski/Downloads/archive/PetImages/Dog/915.jpg,Dog,1,air sample grass still sleepy stream sharp bright online sharp,post_drift
2040,/home/dxzielinski/Downloads/archive/PetImages/Dog/4892.jpg,Dog,1,corner tail corner signal steady focus day shadow online shape ears focus looking texture,post_drift
2041,/home/dxzielinski/Downloads/archive/PetImages/Dog/9421.jpg,Dog,1,clean bright blanket garden focus messy house motion day token shape motion event noisy abrupt blanket,post_drift
2042,/home/dxzielinski/Downloads/archive/PetImages/Dog/5077.jpg,Dog,1,motion shadow clean camera near shadow tail gentle blur camera,post_drift
2043,/home/dxzielinski/Downloads/archive/PetImages/Dog/7721.jpg,Dog,1,near change soft color light,post_drift
2044,/home/dxzielinski/Downloads/archive/PetImages/Dog/1698.jpg,Dog,1,change curious state sunny still object near wild sleepy event fast large caption,post_drift
2045,/home/dxzielinski/Downloads/archive/PetImages/Dog/1695.jpg,Dog,1,caption object drift stream ears level furry blanket foreground drift night,post_drift
2046,/home/dxzielinski/Downloads/archive/PetImages/Dog/6713.jpg,Dog,1,long garden garden sitting outside wild floor room,post_drift
2047,/home/dxzielinski/Downloads/archive/PetImages/Dog/3631.jpg,Dog,1,noisy long noisy playful eyes noisy room corner large,post_drift
2048,/home/dxzielinski/Downloads/archive/PetImages/Dog/5238.jpg,Dog,1,random window state token sample soft motion floor pattern,post_drift
2049,/home/dxzielinski/Downloads/archive/PetImages/Dog/1395.jpg,Dog,1,tail air round change playful night gentle blur scene eyes state pattern,post_drift
2050,/home/dxzielinski/Downloads/archive/PetImages/Dog/11389.jpg,Dog,1,texture playful corner still motion field air camera sample signal photo sharp stream,post_drift
2051,/home/dxzielinski/Downloads/archive/PetImages/Dog/4952.jpg,Dog,1,field wild shadow clean color warm calm wild stream foreground blur clean playful still noisy,post_drift
2052,/home/dxzielinski/Downloads/archive/PetImages/Dog/9427.jpg,Dog,1,window far pattern sample moment bright field large foreground long focus abrupt dark noisy,post_drift
2053,/home/dxzielinski/Downloads/archive/PetImages/Dog/11249.jpg,Dog,1,focus random abrupt object happy texture tail photo token,post_drift
2054,/home/dxzielinski/Downloads/archive/PetImages/Dog/783.jpg,Dog,1,caption level day noisy air path online light ears dark floor street,post_drift
2055,/home/dxzielinski/Downloads/archive/PetImages/Dog/11696.jpg,Dog,1,random object phase playful long happy camera clean sunny corner event signal corner far dark,post_drift
2056,/home/dxzielinski/Downloads/archive/PetImages/Dog/12442.jpg,Dog,1,bright playful jumping blanket looking token background air room moment window,post_drift
2057,/home/dxzielinski/Downloads/archive/PetImages/Dog/8831.jpg,Dog,1,soft long sitting short color fast calm playful short looking window ears motion,post_drift
2058,/home/dxzielinski/Downloads/archive/PetImages/Dog/8054.jpg,Dog,1,outside inside grass signal window curious dark,post_drift
2059,/home/dxzielinski/Downloads/archive/PetImages/Dog/4428.jpg,Dog,1,blur room shadow focus shadow blanket change pattern round warm shape blanket caption looking ears eyes,post_drift
2060,/home/dxzielinski/Downloads/archive/PetImages/Dog/9901.jpg,Dog,1,messy noisy calm token signal,post_drift
2061,/home/dxzielinski/Downloads/archive/PetImages/Dog/12238.jpg,Dog,1,photo bright object field random small foreground change floor warm messy wild long path corner bright,post_drift
2062,/home/dxzielinski/Downloads/archive/PetImages/Dog/7249.jpg,Dog,1,object day day inside shape sleepy online object caption jumping scene warm change caption,post_drift
2063,/home/dxzielinski/Downloads/archive/PetImages/Dog/12452.jpg,Dog,1,cold room still pattern sitting messy looking,post_drift
2064,/home/dxzielinski/Downloads/archive/PetImages/Dog/11550.jpg,Dog,1,frame field sunny sleepy photo,post_drift
2065,/home/dxzielinski/Downloads/archive/PetImages/Dog/8410.jpg,Dog,1,texture soft happy background still warm running running sunny center short,post_drift
2066,/home/dxzielinski/Downloads/archive/PetImages/Dog/2566.jpg,Dog,1,short sleepy focus focus sleepy texture foreground background room happy blur night street furry token,post_drift
2067,/home/dxzielinski/Downloads/archive/PetImages/Dog/8588.jpg,Dog,1,drift street cold signal token far room foreground shadow clean,post_drift
2068,/home/dxzielinski/Downloads/archive/PetImages/Dog/7753.jpg,Dog,1,night eyes drift caption garden round camera,post_drift
2069,/home/dxzielinski/Downloads/archive/PetImages/Dog/844.jpg,Dog,1,sleepy tail soft scene level messy,post_drift
2070,/home/dxzielinski/Downloads/archive/PetImages/Dog/1250.jpg,Dog,1,stream fast focus signal soft moment night sleepy sharp camera room level gentle,post_drift
2071,/home/dxzielinski/Downloads/archive/PetImages/Dog/12049.jpg,Dog,1,ears house shape texture sitting happy,post_drift
2072,/home/dxzielinski/Downloads/archive/PetImages/Dog/5688.jpg,Dog,1,sitting dark window wild street field messy jumping room happy blanket,post_drift
2073,/home/dxzielinski/Downloads/archive/PetImages/Dog/6776.jpg,Dog,1,day shape signal foreground inside room,post_drift
2074,/home/dxzielinski/Downloads/archive/PetImages/Dog/609.jpg,Dog,1,motion photo path pattern moment steady window,post_drift
2075,/home/dxzielinski/Downloads/archive/PetImages/Dog/6940.jpg,Dog,1,blanket bright grass happy sitting calm sharp house pattern texture photo playful far,post_drift
2076,/home/dxzielinski/Downloads/archive/PetImages/Dog/6923.jpg,Dog,1,near outside blanket short steady air sitting moment shadow street cold cold sharp short background light,post_drift
2077,/home/dxzielinski/Downloads/archive/PetImages/Dog/4403.jpg,Dog,1,frame moment window floor wild,post_drift
2078,/home/dxzielinski/Downloads/archive/PetImages/Dog/51.jpg,Dog,1,night shape caption day still sequence shadow sitting stream furry event short,post_drift
2079,/home/dxzielinski/Downloads/archive/PetImages/Dog/10837.jpg,Dog,1,noisy window center field object sleepy grass field background window messy sunny floor caption,post_drift
2080,/home/dxzielinski/Downloads/archive/PetImages/Dog/9229.jpg,Dog,1,token clean grass happy soft caption drift signal scene grass playful,post_drift
2081,/home/dxzielinski/Downloads/archive/PetImages/Dog/9933.jpg,Dog,1,near far window fast far sitting large furry foreground online,post_drift
2082,/home/dxzielinski/Downloads/archive/PetImages/Dog/8993.jpg,Dog,1,street steady motion token warm tail,post_drift
2083,/home/dxzielinski/Downloads/archive/PetImages/Dog/8280.jpg,Dog,1,token cold foreground furry shadow,post_drift
2084,/home/dxzielinski/Downloads/archive/PetImages/Dog/6343.jpg,Dog,1,scene soft bright drift happy gentle warm noisy still random,post_drift
2085,/home/dxzielinski/Downloads/archive/PetImages/Dog/11167.jpg,Dog,1,curious grass grass stream signal outside inside focus center random level frame still,post_drift
2086,/home/dxzielinski/Downloads/archive/PetImages/Dog/736.jpg,Dog,1,day sunny steady sitting long camera,post_drift
2087,/home/dxzielinski/Downloads/archive/PetImages/Dog/9824.jpg,Dog,1,clean change gentle garden object,post_drift
2088,/home/dxzielinski/Downloads/archive/PetImages/Dog/2301.jpg,Dog,1,playful room camera day field camera online running token furry abrupt looking frame pattern focus sample,post_drift
2089,/home/dxzielinski/Downloads/archive/PetImages/Dog/8183.jpg,Dog,1,center day short happy near running curious noisy house street motion air pattern token furry,post_drift
2090,/home/dxzielinski/Downloads/archive/PetImages/Dog/2064.jpg,Dog,1,house abrupt short happy window sunny event camera sleepy sleepy caption window warm room texture,post_drift
2091,/home/dxzielinski/Downloads/archive/PetImages/Dog/2898.jpg,Dog,1,soft near moment sitting corner furry looking sharp far path warm inside stream token change,post_drift
2092,/home/dxzielinski/Downloads/archive/PetImages/Dog/6157.jpg,Dog,1,window floor street sunny blanket still color shadow frame soft center scene gentle online,post_drift
2093,/home/dxzielinski/Downloads/archive/PetImages/Dog/1048.jpg,Dog,1,warm wild outside cold steady background,post_drift
2094,/home/dxzielinski/Downloads/archive/PetImages/Dog/5342.jpg,Dog,1,inside state cold caption air background inside,post_drift
2095,/home/dxzielinski/Downloads/archive/PetImages/Dog/10980.jpg,Dog,1,eyes abrupt phase far furry texture cold quiet blur clean messy warm dark sunny sunny,post_drift
2096,/home/dxzielinski/Downloads/archive/PetImages/Dog/9280.jpg,Dog,1,night center dark room steady warm large level,post_drift
2097,/home/dxzielinski/Downloads/archive/PetImages/Dog/10402.jpg,Dog,1,blanket clean fast frame warm fast moment window object stream long looking camera,post_drift
2098,/home/dxzielinski/Downloads/archive/PetImages/Dog/8180.jpg,Dog,1,online window path wild wild change garden corner caption steady warm,post_drift
2099,/home/dxzielinski/Downloads/archive/PetImages/Dog/1297.jpg,Dog,1,sharp texture window drift shape garden blanket abrupt focus signal window phase,post_drift
2100,/home/dxzielinski/Downloads/archive/PetImages/Dog/9326.jpg,Dog,1,sample gentle fast blur jumping random sleepy small outside playful eyes dark small small sequence outside,post_drift
2101,/home/dxzielinski/Downloads/archive/PetImages/Dog/11468.jpg,Dog,1,sitting path online sharp tail state blanket camera shadow street,post_drift
2102,/home/dxzielinski/Downloads/archive/PetImages/Dog/11895.jpg,Dog,1,curious floor focus sunny large calm inside blanket sitting pattern photo tail,post_drift
2103,/home/dxzielinski/Downloads/archive/PetImages/Dog/8472.jpg,Dog,1,frame night blur scene grass center background cold playful still calm running jumping,post_drift
2104,/home/dxzielinski/Downloads/archive/PetImages/Dog/12370.jpg,Dog,1,sunny street jumping camera state,post_drift
2105,/home/dxzielinski/Downloads/archive/PetImages/Dog/5018.jpg,Dog,1,cold floor warm room online blur quiet messy warm corner field drift tail jumping state,post_drift
2106,/home/dxzielinski/Downloads/archive/PetImages/Dog/4959.jpg,Dog,1,center large event floor garden far furry fast,post_drift
2107,/home/dxzielinski/Downloads/archive/PetImages/Dog/9569.jpg,Dog,1,long blanket long room field gentle light short blur background fast center caption blanket,post_drift
2108,/home/dxzielinski/Downloads/archive/PetImages/Dog/5511.jpg,Dog,1,color short fast day state night outside path frame garden sharp grass messy motion sample,post_drift
2109,/home/dxzielinski/Downloads/archive/PetImages/Dog/175.jpg,Dog,1,room clean day large night,post_drift
2110,/home/dxzielinski/Downloads/archive/PetImages/Dog/2692.jpg,Dog,1,shape scene small happy online pattern drift tail focus change calm color drift,post_drift
2111,/home/dxzielinski/Downloads/archive/PetImages/Dog/5312.jpg,Dog,1,window quiet color happy day shadow floor curious far sharp large tail messy short still,post_drift
2112,/home/dxzielinski/Downloads/archive/PetImages/Dog/534.jpg,Dog,1,event sample fast focus blur,post_drift
2113,/home/dxzielinski/Downloads/archive/PetImages/Dog/4944.jpg,Dog,1,foreground furry garden moment blur moment background phase,post_drift
2114,/home/dxzielinski/Downloads/archive/PetImages/Dog/7236.jpg,Dog,1,motion soft steady sample pattern stream sleepy,post_drift
2115,/home/dxzielinski/Downloads/archive/PetImages/Dog/751.jpg,Dog,1,room blur camera quiet garden drift foreground,post_drift
2116,/home/dxzielinski/Downloads/archive/PetImages/Dog/10885.jpg,Dog,1,wild long stream window jumping,post_drift
2117,/home/dxzielinski/Downloads/archive/PetImages/Dog/2292.jpg,Dog,1,clean ears inside scene blanket caption foreground messy cold sharp noisy camera,post_drift
2118,/home/dxzielinski/Downloads/archive/PetImages/Dog/3619.jpg,Dog,1,floor house sample photo outside token light camera noisy object state near eyes,post_drift
2119,/home/dxzielinski/Downloads/archive/PetImages/Dog/5479.jpg,Dog,1,looking focus house noisy light outside motion online focus air day steady,post_drift
2120,/home/dxzielinski/Downloads/archive/PetImages/Dog/7340.jpg,Dog,1,calm random corner sleepy pattern blanket drift object ears scene blanket pattern wild round,post_drift
2121,/home/dxzielinski/Downloads/archive/PetImages/Dog/8978.jpg,Dog,1,quiet clean signal grass furry shape small focus token token shape motion,post_drift
2122,/home/dxzielinski/Downloads/archive/PetImages/Dog/1732.jpg,Dog,1,photo change near change blanket looking fast large foreground,post_drift
2123,/home/dxzielinski/Downloads/archive/PetImages/Dog/10415.jpg,Dog,1,stream near blanket running grass foreground path curious gentle looking,post_drift
2124,/home/dxzielinski/Downloads/archive/PetImages/Dog/5098.jpg,Dog,1,running room garden grass level fast still jumping color abrupt looking state noisy abrupt,post_drift
2125,/home/dxzielinski/Downloads/archive/PetImages/Dog/9309.jpg,Dog,1,cold stream jumping air curious clean air motion,post_drift
2126,/home/dxzielinski/Downloads/archive/PetImages/Dog/2798.jpg,Dog,1,object sitting noisy bright running far floor background object phase sharp steady room garden field,post_drift
2127,/home/dxzielinski/Downloads/archive/PetImages/Dog/6166.jpg,Dog,1,caption jumping state blanket looking calm,post_drift
2128,/home/dxzielinski/Downloads/archive/PetImages/Dog/9803.jpg,Dog,1,floor curious field playful calm tail sunny window wild focus,post_drift
2129,/home/dxzielinski/Downloads/archive/PetImages/Dog/353.jpg,Dog,1,garden center online eyes jumping online warm grass token wild still day background,post_drift
2130,/home/dxzielinski/Downloads/archive/PetImages/Dog/2422.jpg,Dog,1,blur calm corner online furry dark blanket short light change,post_drift
2131,/home/dxzielinski/Downloads/archive/PetImages/Dog/592.jpg,Dog,1,background sunny street air steady level wild calm shape abrupt texture,post_drift
2132,/home/dxzielinski/Downloads/archive/PetImages/Dog/4761.jpg,Dog,1,night random fast motion garden wild state state happy garden,post_drift
2133,/home/dxzielinski/Downloads/archive/PetImages/Dog/577.jpg,Dog,1,signal happy noisy shape abrupt token drift wild air steady photo signal,post_drift
2134,/home/dxzielinski/Downloads/archive/PetImages/Dog/12497.jpg,Dog,1,online field frame token caption sequence caption garden quiet pattern level,post_drift
2135,/home/dxzielinski/Downloads/archive/PetImages/Dog/2966.jpg,Dog,1,inside sequence focus happy dark room inside state,post_drift
2136,/home/dxzielinski/Downloads/archive/PetImages/Dog/8090.jpg,Dog,1,garden large near day online shape window,post_drift
2137,/home/dxzielinski/Downloads/archive/PetImages/Dog/12317.jpg,Dog,1,state light blanket corner dark phase,post_drift
2138,/home/dxzielinski/Downloads/archive/PetImages/Dog/2915.jpg,Dog,1,far jumping short online running quiet large sharp outside,post_drift
2139,/home/dxzielinski/Downloads/archive/PetImages/Dog/7739.jpg,Dog,1,large room color state sequence eyes motion,post_drift
2140,/home/dxzielinski/Downloads/archive/PetImages/Dog/2792.jpg,Dog,1,quiet bright pattern online sitting large,post_drift
2141,/home/dxzielinski/Downloads/archive/PetImages/Dog/11042.jpg,Dog,1,eyes jumping short sunny quiet steady jumping token night,post_drift
2142,/home/dxzielinski/Downloads/archive/PetImages/Dog/6373.jpg,Dog,1,soft event window window short online field air photo event sunny sharp round clean gentle sunny,post_drift
2143,/home/dxzielinski/Downloads/archive/PetImages/Dog/4558.jpg,Dog,1,object furry abrupt curious dark,post_drift
2144,/home/dxzielinski/Downloads/archive/PetImages/Dog/3680.jpg,Dog,1,gentle garden air camera center light day happy sharp texture,post_drift
2145,/home/dxzielinski/Downloads/archive/PetImages/Dog/9063.jpg,Dog,1,eyes tail garden phase sample,post_drift
2146,/home/dxzielinski/Downloads/archive/PetImages/Dog/11549.jpg,Dog,1,large furry messy cold dark playful day running,post_drift
2147,/home/dxzielinski/Downloads/archive/PetImages/Dog/10695.jpg,Dog,1,texture pattern night focus street field signal jumping focus happy night wild corner curious jumping,post_drift
2148,/home/dxzielinski/Downloads/archive/PetImages/Dog/9358.jpg,Dog,1,scene happy moment shadow ears jumping small dark focus large round event shadow gentle shadow,post_drift
2149,/home/dxzielinski/Downloads/archive/PetImages/Dog/4250.jpg,Dog,1,gentle color sequence sequence window,post_drift
2150,/home/dxzielinski/Downloads/archive/PetImages/Dog/10679.jpg,Dog,1,tail path running shape token token abrupt blur clean clean ears,post_drift
2151,/home/dxzielinski/Downloads/archive/PetImages/Dog/4991.jpg,Dog,1,light random sample clean clean messy event outside sitting sharp long ears,post_drift
2152,/home/dxzielinski/Downloads/archive/PetImages/Dog/9286.jpg,Dog,1,far frame motion blur looking street state motion sitting path grass tail noisy short wild frame,post_drift
2153,/home/dxzielinski/Downloads/archive/PetImages/Dog/9342.jpg,Dog,1,floor corner cold floor random noisy sleepy,post_drift
2154,/home/dxzielinski/Downloads/archive/PetImages/Dog/5682.jpg,Dog,1,sleepy eyes sleepy grass quiet event house,post_drift
2155,/home/dxzielinski/Downloads/archive/PetImages/Dog/3875.jpg,Dog,1,outside signal sequence texture clean grass shadow day color ears,post_drift
2156,/home/dxzielinski/Downloads/archive/PetImages/Dog/8204.jpg,Dog,1,messy light messy change sunny short round happy frame still day eyes level moment jumping blur,post_drift
2157,/home/dxzielinski/Downloads/archive/PetImages/Dog/7088.jpg,Dog,1,pattern fast small corner center event corner round night level inside moment,post_drift
2158,/home/dxzielinski/Downloads/archive/PetImages/Dog/114.jpg,Dog,1,level noisy running floor fast sunny sunny cold shape color house window messy window dark,post_drift
2159,/home/dxzielinski/Downloads/archive/PetImages/Dog/4896.jpg,Dog,1,noisy stream soft ears inside eyes window level foreground outside focus token short curious corner,post_drift
2160,/home/dxzielinski/Downloads/archive/PetImages/Dog/2609.jpg,Dog,1,moment street tail event noisy change dark short large house,post_drift
2161,/home/dxzielinski/Downloads/archive/PetImages/Dog/8687.jpg,Dog,1,garden sequence motion day day camera eyes inside dark eyes field moment eyes window sitting long,post_drift
2162,/home/dxzielinski/Downloads/archive/PetImages/Dog/6880.jpg,Dog,1,change long level abrupt stream window change playful phase signal window focus shape,post_drift
2163,/home/dxzielinski/Downloads/archive/PetImages/Dog/3551.jpg,Dog,1,change looking tail sample focus,post_drift
2164,/home/dxzielinski/Downloads/archive/PetImages/Dog/773.jpg,Dog,1,sleepy grass shape sunny quiet state,post_drift
2165,/home/dxzielinski/Downloads/archive/PetImages/Dog/12348.jpg,Dog,1,blanket blur short drift level,post_drift
2166,/home/dxzielinski/Downloads/archive/PetImages/Dog/9386.jpg,Dog,1,long garden shape object curious sample jumping soft curious,post_drift
2167,/home/dxzielinski/Downloads/archive/PetImages/Dog/11464.jpg,Dog,1,playful street ears running state photo grass shadow pattern ears signal ears light,post_drift
2168,/home/dxzielinski/Downloads/archive/PetImages/Dog/757.jpg,Dog,1,random noisy level blur curious blur shadow street,post_drift
2169,/home/dxzielinski/Downloads/archive/PetImages/Dog/2675.jpg,Dog,1,center room sample shape looking night calm,post_drift
2170,/home/dxzielinski/Downloads/archive/PetImages/Dog/4151.jpg,Dog,1,still warm field corner happy stream signal sitting change soft outside garden object sample abrupt large,post_drift
2171,/home/dxzielinski/Downloads/archive/PetImages/Dog/9773.jpg,Dog,1,abrupt color state garden camera state wild object looking,post_drift
2172,/home/dxzielinski/Downloads/archive/PetImages/Dog/231.jpg,Dog,1,drift happy phase night path eyes small caption tail pattern ears bright small,post_drift
2173,/home/dxzielinski/Downloads/archive/PetImages/Dog/2799.jpg,Dog,1,window grass short online signal caption eyes blanket field house signal warm looking street,post_drift
2174,/home/dxzielinski/Downloads/archive/PetImages/Dog/8593.jpg,Dog,1,foreground drift sharp furry token quiet center state foreground wild quiet running floor soft,post_drift
2175,/home/dxzielinski/Downloads/archive/PetImages/Dog/5901.jpg,Dog,1,sharp wild sequence tail house abrupt window signal path ears camera blanket,post_drift
2176,/home/dxzielinski/Downloads/archive/PetImages/Dog/5353.jpg,Dog,1,outside gentle playful ears sitting eyes random round long shadow texture sleepy quiet,post_drift
2177,/home/dxzielinski/Downloads/archive/PetImages/Dog/674.jpg,Dog,1,cold random messy background cold window far sequence tail wild frame dark state level,post_drift
2178,/home/dxzielinski/Downloads/archive/PetImages/Dog/6095.jpg,Dog,1,air grass stream playful inside calm shadow furry noisy online street stream eyes messy garden,post_drift
2179,/home/dxzielinski/Downloads/archive/PetImages/Dog/11419.jpg,Dog,1,near playful garden stream fast still,post_drift
2180,/home/dxzielinski/Downloads/archive/PetImages/Dog/9189.jpg,Dog,1,sample cold window light state motion ears signal steady camera sleepy focus day center sunny far,post_drift
2181,/home/dxzielinski/Downloads/archive/PetImages/Dog/862.jpg,Dog,1,large sharp signal clean long moment,post_drift
2182,/home/dxzielinski/Downloads/archive/PetImages/Dog/1950.jpg,Dog,1,background blur calm noisy long token focus outside focus eyes soft,post_drift
2183,/home/dxzielinski/Downloads/archive/PetImages/Dog/11968.jpg,Dog,1,center window center window sequence blur soft,post_drift
2184,/home/dxzielinski/Downloads/archive/PetImages/Dog/6822.jpg,Dog,1,far long short photo looking sitting far looking inside running curious path furry sample change,post_drift
2185,/home/dxzielinski/Downloads/archive/PetImages/Dog/8752.jpg,Dog,1,frame street phase moment state stream sequence shadow air tail window field,post_drift
2186,/home/dxzielinski/Downloads/archive/PetImages/Dog/5831.jpg,Dog,1,sequence window stream blur camera steady short window,post_drift
2187,/home/dxzielinski/Downloads/archive/PetImages/Dog/11622.jpg,Dog,1,sharp blur jumping cold dark night warm grass,post_drift
2188,/home/dxzielinski/Downloads/archive/PetImages/Dog/5867.jpg,Dog,1,drift curious playful fast field shape color motion state dark foreground sharp house,post_drift
2189,/home/dxzielinski/Downloads/archive/PetImages/Dog/3724.jpg,Dog,1,foreground change token ears scene calm,post_drift
2190,/home/dxzielinski/Downloads/archive/PetImages/Dog/5778.jpg,Dog,1,color texture furry room gentle jumping,post_drift
2191,/home/dxzielinski/Downloads/archive/PetImages/Dog/4763.jpg,Dog,1,scene small scene phase moment curious pattern noisy street steady air grass quiet still,post_drift
2192,/home/dxzielinski/Downloads/archive/PetImages/Dog/10314.jpg,Dog,1,sitting street sitting large night clean gentle moment shape sitting inside drift window,post_drift
2193,/home/dxzielinski/Downloads/archive/PetImages/Dog/4784.jpg,Dog,1,sample sharp garden garden cold short online sharp sample messy online soft round window soft,post_drift
2194,/home/dxzielinski/Downloads/archive/PetImages/Dog/2695.jpg,Dog,1,camera foreground noisy bright blanket curious phase curious background steady level,post_drift
2195,/home/dxzielinski/Downloads/archive/PetImages/Dog/11130.jpg,Dog,1,round sharp clean still steady,post_drift
2196,/home/dxzielinski/Downloads/archive/PetImages/Dog/12457.jpg,Dog,1,tail grass house room large signal level,post_drift
2197,/home/dxzielinski/Downloads/archive/PetImages/Dog/12103.jpg,Dog,1,long light cold cold eyes room,post_drift
2198,/home/dxzielinski/Downloads/archive/PetImages/Dog/9984.jpg,Dog,1,foreground window happy floor window jumping online bright sequence furry phase short,post_drift
2199,/home/dxzielinski/Downloads/archive/PetImages/Dog/11537.jpg,Dog,1,eyes frame curious shape small soft pattern air light center sequence bright clean,post_drift
2200,/home/dxzielinski/Downloads/archive/PetImages/Dog/10156.jpg,Dog,1,warm sitting object sitting short focus house curious corner grass eyes sunny sharp round grass tail,post_drift
2201,/home/dxzielinski/Downloads/archive/PetImages/Dog/5993.jpg,Dog,1,object playful dark shadow quiet shape noisy change floor moment day background,post_drift
2202,/home/dxzielinski/Downloads/archive/PetImages/Dog/7158.jpg,Dog,1,stream state path random clean stream foreground night bright jumping wild,post_drift
2203,/home/dxzielinski/Downloads/archive/PetImages/Dog/5590.jpg,Dog,1,far abrupt running short sitting ears outside fast path blur online tail,post_drift
2204,/home/dxzielinski/Downloads/archive/PetImages/Dog/2178.jpg,Dog,1,air sleepy bright cold soft far noisy long object pattern change happy quiet floor window level,post_drift
2205,/home/dxzielinski/Downloads/archive/PetImages/Dog/8613.jpg,Dog,1,quiet grass tail light caption moment shadow object ears fast day scene garden furry clean,post_drift
2206,/home/dxzielinski/Downloads/archive/PetImages/Dog/6248.jpg,Dog,1,camera running far clean online,post_drift
2207,/home/dxzielinski/Downloads/archive/PetImages/Dog/12299.jpg,Dog,1,light wild window signal soft path noisy dark level light long state blanket sample,post_drift
2208,/home/dxzielinski/Downloads/archive/PetImages/Dog/2547.jpg,Dog,1,light foreground house camera cold large eyes cold,post_drift
2209,/home/dxzielinski/Downloads/archive/PetImages/Dog/1585.jpg,Dog,1,sequence soft window sunny room curious,post_drift
2210,/home/dxzielinski/Downloads/archive/PetImages/Dog/4194.jpg,Dog,1,wild near window warm bright online outside soft level far far curious photo clean camera noisy,post_drift
2211,/home/dxzielinski/Downloads/archive/PetImages/Dog/1934.jpg,Dog,1,near noisy change running far soft furry event house running house,post_drift
2212,/home/dxzielinski/Downloads/archive/PetImages/Dog/4859.jpg,Dog,1,still warm blur house soft object curious color scene room,post_drift
2213,/home/dxzielinski/Downloads/archive/PetImages/Dog/8920.jpg,Dog,1,steady still near playful street room scene dark window grass token happy furry,post_drift
2214,/home/dxzielinski/Downloads/archive/PetImages/Dog/2302.jpg,Dog,1,color wild room window eyes corner sequence event blur,post_drift
2215,/home/dxzielinski/Downloads/archive/PetImages/Dog/6393.jpg,Dog,1,outside center grass fast curious scene inside jumping sunny signal,post_drift
2216,/home/dxzielinski/Downloads/archive/PetImages/Dog/868.jpg,Dog,1,clean online camera motion near event,post_drift
2217,/home/dxzielinski/Downloads/archive/PetImages/Dog/7223.jpg,Dog,1,light street small tail caption shadow large change dark floor near,post_drift
2218,/home/dxzielinski/Downloads/archive/PetImages/Dog/6677.jpg,Dog,1,foreground far inside photo object change photo sharp texture state sample window,post_drift
2219,/home/dxzielinski/Downloads/archive/PetImages/Dog/10535.jpg,Dog,1,playful online fast quiet happy round curious corner fast foreground playful sunny small sitting air short,post_drift
2220,/home/dxzielinski/Downloads/archive/PetImages/Dog/33.jpg,Dog,1,short token blur clean house sleepy steady soft level sequence messy camera pattern blanket abrupt,post_drift
2221,/home/dxzielinski/Downloads/archive/PetImages/Dog/219.jpg,Dog,1,day photo house furry sleepy abrupt floor noisy color calm drift stream,post_drift
2222,/home/dxzielinski/Downloads/archive/PetImages/Dog/7941.jpg,Dog,1,grass texture night token night outside night sample wild,post_drift
2223,/home/dxzielinski/Downloads/archive/PetImages/Dog/337.jpg,Dog,1,garden foreground short window background messy scene wild playful,post_drift
2224,/home/dxzielinski/Downloads/archive/PetImages/Dog/11273.jpg,Dog,1,round texture field token jumping motion motion sample jumping running,post_drift
2225,/home/dxzielinski/Downloads/archive/PetImages/Dog/4335.jpg,Dog,1,furry cold background clean gentle air sitting street street,post_drift
2226,/home/dxzielinski/Downloads/archive/PetImages/Dog/10775.jpg,Dog,1,sample sitting online short stream cold change foreground house gentle sequence signal clean online jumping phase,post_drift
2227,/home/dxzielinski/Downloads/archive/PetImages/Dog/5966.jpg,Dog,1,light moment warm grass shape running long foreground playful blanket steady moment,post_drift
2228,/home/dxzielinski/Downloads/archive/PetImages/Dog/2631.jpg,Dog,1,inside garden ears curious eyes still outside texture curious,post_drift
2229,/home/dxzielinski/Downloads/archive/PetImages/Dog/342.jpg,Dog,1,steady abrupt moment phase path window grass inside event photo path looking,post_drift
2230,/home/dxzielinski/Downloads/archive/PetImages/Dog/9512.jpg,Dog,1,abrupt fast large playful token calm signal noisy jumping texture color drift warm photo,post_drift
2231,/home/dxzielinski/Downloads/archive/PetImages/Dog/12273.jpg,Dog,1,fast still motion phase sitting short outside focus event,post_drift
2232,/home/dxzielinski/Downloads/archive/PetImages/Dog/11750.jpg,Dog,1,event sunny calm night clean steady outside inside frame,post_drift
2233,/home/dxzielinski/Downloads/archive/PetImages/Dog/5491.jpg,Dog,1,cold outside long soft random center background round,post_drift
2234,/home/dxzielinski/Downloads/archive/PetImages/Dog/6403.jpg,Dog,1,near room background room caption event fast,post_drift
2235,/home/dxzielinski/Downloads/archive/PetImages/Dog/9809.jpg,Dog,1,cold still change token window street soft sleepy,post_drift
2236,/home/dxzielinski/Downloads/archive/PetImages/Dog/5824.jpg,Dog,1,jumping garden street clean drift short house caption window jumping state event bright,post_drift
2237,/home/dxzielinski/Downloads/archive/PetImages/Dog/1314.jpg,Dog,1,near jumping window fast photo change,post_drift
2238,/home/dxzielinski/Downloads/archive/PetImages/Dog/5672.jpg,Dog,1,level furry background scene motion token fast light far level night light gentle,post_drift
2239,/home/dxzielinski/Downloads/archive/PetImages/Dog/4330.jpg,Dog,1,night clean eyes object foreground sequence jumping moment,post_drift
2240,/home/dxzielinski/Downloads/archive/PetImages/Dog/12173.jpg,Dog,1,foreground bright warm long drift fast air window outside happy change short curious,post_drift
2241,/home/dxzielinski/Downloads/archive/PetImages/Dog/10325.jpg,Dog,1,grass curious large photo foreground path happy happy field change,post_drift
2242,/home/dxzielinski/Downloads/archive/PetImages/Dog/295.jpg,Dog,1,floor far room air sleepy wild air round,post_drift
2243,/home/dxzielinski/Downloads/archive/PetImages/Dog/4224.jpg,Dog,1,large air inside round jumping noisy focus caption caption round sunny inside,post_drift
2244,/home/dxzielinski/Downloads/archive/PetImages/Dog/7216.jpg,Dog,1,jumping day eyes change sunny calm messy jumping wild object,post_drift
2245,/home/dxzielinski/Downloads/archive/PetImages/Dog/803.jpg,Dog,1,cold focus scene sequence room light,post_drift
2246,/home/dxzielinski/Downloads/archive/PetImages/Dog/4358.jpg,Dog,1,small pattern pattern fast inside focus photo pattern soft background background far wild,post_drift
2247,/home/dxzielinski/Downloads/archive/PetImages/Dog/3536.jpg,Dog,1,abrupt center near playful inside caption warm cold sleepy cold cold day motion blanket,post_drift
2248,/home/dxzielinski/Downloads/archive/PetImages/Dog/11502.jpg,Dog,1,room abrupt noisy steady center clean eyes abrupt scene steady gentle curious level focus frame,post_drift
2249,/home/dxzielinski/Downloads/archive/PetImages/Dog/4669.jpg,Dog,1,noisy scene warm soft field,post_drift
2250,/home/dxzielinski/Downloads/archive/PetImages/Dog/2311.jpg,Dog,1,phase steady center wild shadow ears long day blur random night light furry,post_drift
2251,/home/dxzielinski/Downloads/archive/PetImages/Dog/1064.jpg,Dog,1,sharp window sharp still cold,post_drift
2252,/home/dxzielinski/Downloads/archive/PetImages/Dog/10713.jpg,Dog,1,frame change happy online jumping scene photo shadow foreground happy night,post_drift
2253,/home/dxzielinski/Downloads/archive/PetImages/Dog/1018.jpg,Dog,1,gentle floor sleepy blur object fast sample shadow background day moment jumping sunny,post_drift
2254,/home/dxzielinski/Downloads/archive/PetImages/Dog/7636.jpg,Dog,1,center looking foreground drift sunny day happy running small night room wild soft long jumping,post_drift
2255,/home/dxzielinski/Downloads/archive/PetImages/Dog/8258.jpg,Dog,1,round abrupt drift change state looking shadow playful sleepy change texture garden scene looking center sleepy,post_drift
2256,/home/dxzielinski/Downloads/archive/PetImages/Dog/5705.jpg,Dog,1,photo sharp furry grass window field motion ears still jumping night garden floor,post_drift
2257,/home/dxzielinski/Downloads/archive/PetImages/Dog/3314.jpg,Dog,1,dark blanket sitting foreground corner quiet running still long frame curious outside quiet,post_drift
2258,/home/dxzielinski/Downloads/archive/PetImages/Dog/8517.jpg,Dog,1,shadow soft dark near room playful still happy still light online,post_drift
2259,/home/dxzielinski/Downloads/archive/PetImages/Dog/5871.jpg,Dog,1,far warm running field window gentle outside looking motion,post_drift
2260,/home/dxzielinski/Downloads/archive/PetImages/Dog/11777.jpg,Dog,1,focus playful sequence night jumping soft shadow frame house shadow center tail steady small room night,post_drift
2261,/home/dxzielinski/Downloads/archive/PetImages/Dog/7422.jpg,Dog,1,round token playful soft outside,post_drift
2262,/home/dxzielinski/Downloads/archive/PetImages/Dog/9516.jpg,Dog,1,dark stream event shadow curious dark,post_drift
2263,/home/dxzielinski/Downloads/archive/PetImages/Dog/3415.jpg,Dog,1,short online field photo inside wild bright moment foreground object signal moment,post_drift
2264,/home/dxzielinski/Downloads/archive/PetImages/Dog/8806.jpg,Dog,1,focus far path light running tail stream street event color short change,post_drift
2265,/home/dxzielinski/Downloads/archive/PetImages/Dog/11134.jpg,Dog,1,drift dark day running quiet field quiet center,post_drift
2266,/home/dxzielinski/Downloads/archive/PetImages/Dog/11458.jpg,Dog,1,night sleepy path focus night outside air,post_drift
2267,/home/dxzielinski/Downloads/archive/PetImages/Dog/11724.jpg,Dog,1,sitting sample window round wild inside,post_drift
2268,/home/dxzielinski/Downloads/archive/PetImages/Dog/11969.jpg,Dog,1,sequence camera street field color sharp,post_drift
2269,/home/dxzielinski/Downloads/archive/PetImages/Dog/9136.jpg,Dog,1,scene caption random blur ears path messy corner,post_drift
2270,/home/dxzielinski/Downloads/archive/PetImages/Dog/6655.jpg,Dog,1,online house photo phase state noisy texture sharp sitting sleepy wild random online caption calm,post_drift
2271,/home/dxzielinski/Downloads/archive/PetImages/Dog/8482.jpg,Dog,1,motion camera signal long garden caption level furry texture small,post_drift
2272,/home/dxzielinski/Downloads/archive/PetImages/Dog/11446.jpg,Dog,1,floor focus dark sleepy long running tail ears large sample clean foreground soft wild,post_drift
2273,/home/dxzielinski/Downloads/archive/PetImages/Dog/5695.jpg,Dog,1,background center foreground abrupt corner long field sitting small background near center sleepy still,post_drift
2274,/home/dxzielinski/Downloads/archive/PetImages/Dog/3936.jpg,Dog,1,ears online sharp state large,post_drift
2275,/home/dxzielinski/Downloads/archive/PetImages/Dog/8683.jpg,Dog,1,foreground bright steady camera inside still happy running large cold shape pattern,post_drift
2276,/home/dxzielinski/Downloads/archive/PetImages/Dog/1866.jpg,Dog,1,shadow path motion sample corner inside,post_drift
2277,/home/dxzielinski/Downloads/archive/PetImages/Dog/9544.jpg,Dog,1,floor furry token bright tail texture pattern small change,post_drift
2278,/home/dxzielinski/Downloads/archive/PetImages/Dog/3207.jpg,Dog,1,house blanket warm wild near far short inside object foreground sequence phase random signal day path,post_drift
2279,/home/dxzielinski/Downloads/archive/PetImages/Dog/4541.jpg,Dog,1,state pattern random abrupt sample window sequence soft path near far corner,post_drift
2280,/home/dxzielinski/Downloads/archive/PetImages/Dog/10407.jpg,Dog,1,round outside sleepy gentle warm pattern scene pattern noisy phase change,post_drift
2281,/home/dxzielinski/Downloads/archive/PetImages/Dog/556.jpg,Dog,1,steady abrupt clean event grass caption,post_drift
2282,/home/dxzielinski/Downloads/archive/PetImages/Dog/5720.jpg,Dog,1,still noisy large sharp large stream window online,post_drift
2283,/home/dxzielinski/Downloads/archive/PetImages/Dog/7600.jpg,Dog,1,far blur quiet camera soft clean outside texture photo sequence running furry room change,post_drift
2284,/home/dxzielinski/Downloads/archive/PetImages/Dog/4522.jpg,Dog,1,soft messy cold object sample floor still long room event night sequence state sunny center,post_drift
2285,/home/dxzielinski/Downloads/archive/PetImages/Dog/7627.jpg,Dog,1,object calm photo event bright signal sleepy steady,post_drift
2286,/home/dxzielinski/Downloads/archive/PetImages/Dog/2892.jpg,Dog,1,wild round calm playful phase sharp state motion change frame stream focus playful outside,post_drift
2287,/home/dxzielinski/Downloads/archive/PetImages/Dog/6972.jpg,Dog,1,outside blur sitting long pattern blanket warm token random corner floor playful,post_drift
2288,/home/dxzielinski/Downloads/archive/PetImages/Dog/2714.jpg,Dog,1,drift large sharp color object blanket day level corner shape,post_drift
2289,/home/dxzielinski/Downloads/archive/PetImages/Dog/6075.jpg,Dog,1,tail fast sample window calm corner,post_drift
2290,/home/dxzielinski/Downloads/archive/PetImages/Dog/1717.jpg,Dog,1,steady large object corner round gentle level,post_drift
2291,/home/dxzielinski/Downloads/archive/PetImages/Dog/3095.jpg,Dog,1,color center inside moment quiet,post_drift
2292,/home/dxzielinski/Downloads/archive/PetImages/Dog/8380.jpg,Dog,1,jumping warm large path scene frame furry air corner change sleepy pattern random focus soft,post_drift
2293,/home/dxzielinski/Downloads/archive/PetImages/Dog/4337.jpg,Dog,1,dark ears object quiet blanket curious grass corner bright floor cold clean path camera,post_drift
2294,/home/dxzielinski/Downloads/archive/PetImages/Dog/10597.jpg,Dog,1,floor still camera path tail room shadow fast air blur sunny furry,post_drift
2295,/home/dxzielinski/Downloads/archive/PetImages/Dog/4611.jpg,Dog,1,field sharp clean large window token camera night pattern shadow sharp,post_drift
2296,/home/dxzielinski/Downloads/archive/PetImages/Dog/8412.jpg,Dog,1,object corner far photo token room large grass caption object token path token long photo fast,post_drift
2297,/home/dxzielinski/Downloads/archive/PetImages/Dog/5045.jpg,Dog,1,random curious foreground wild scene window grass room center motion corner cold night,post_drift
2298,/home/dxzielinski/Downloads/archive/PetImages/Dog/7051.jpg,Dog,1,drift background blur gentle pattern playful center still caption cold ears motion grass small curious shadow,post_drift
2299,/home/dxzielinski/Downloads/archive/PetImages/Dog/6919.jpg,Dog,1,blur large running level pattern color cold,post_drift
2300,/home/dxzielinski/Downloads/archive/PetImages/Dog/11033.jpg,Dog,1,messy event fast blanket pattern,post_drift
2301,/home/dxzielinski/Downloads/archive/PetImages/Dog/2877.jpg,Dog,1,playful dark state cold warm curious shape event night,post_drift
2302,/home/dxzielinski/Downloads/archive/PetImages/Dog/7737.jpg,Dog,1,jumping signal state looking phase eyes calm house scene outside random,post_drift
2303,/home/dxzielinski/Downloads/archive/PetImages/Dog/4658.jpg,Dog,1,level window sample path color,post_drift
2304,/home/dxzielinski/Downloads/archive/PetImages/Dog/6242.jpg,Dog,1,moment happy frame floor playful blanket,post_drift
2305,/home/dxzielinski/Downloads/archive/PetImages/Dog/1261.jpg,Dog,1,day dark token garden window,post_drift
2306,/home/dxzielinski/Downloads/archive/PetImages/Dog/2665.jpg,Dog,1,level random furry state clean sample motion,post_drift
2307,/home/dxzielinski/Downloads/archive/PetImages/Dog/9701.jpg,Dog,1,blur pattern grass level online sunny signal background texture tail grass,post_drift
2308,/home/dxzielinski/Downloads/archive/PetImages/Dog/7011.jpg,Dog,1,token floor eyes online quiet,post_drift
2309,/home/dxzielinski/Downloads/archive/PetImages/Dog/11031.jpg,Dog,1,motion texture air jumping far round sleepy warm long window color room,post_drift
2310,/home/dxzielinski/Downloads/archive/PetImages/Dog/12209.jpg,Dog,1,level path texture background bright color outside night sample day,post_drift
2311,/home/dxzielinski/Downloads/archive/PetImages/Dog/5756.jpg,Dog,1,sample long object token still quiet object pattern large,post_drift
2312,/home/dxzielinski/Downloads/archive/PetImages/Dog/10133.jpg,Dog,1,event looking floor messy color grass,post_drift
2313,/home/dxzielinski/Downloads/archive/PetImages/Dog/8313.jpg,Dog,1,sharp quiet sharp long near camera cold day,post_drift
2314,/home/dxzielinski/Downloads/archive/PetImages/Dog/5655.jpg,Dog,1,long running large shape grass shape,post_drift
2315,/home/dxzielinski/Downloads/archive/PetImages/Dog/10526.jpg,Dog,1,garden moment scene warm focus light wild sequence motion clean small background,post_drift
2316,/home/dxzielinski/Downloads/archive/PetImages/Dog/3023.jpg,Dog,1,long drift still steady playful drift center window shadow state corner camera jumping token,post_drift
2317,/home/dxzielinski/Downloads/archive/PetImages/Dog/4799.jpg,Dog,1,round random eyes cold calm token,post_drift
2318,/home/dxzielinski/Downloads/archive/PetImages/Dog/12473.jpg,Dog,1,sleepy warm state dark street house sunny window,post_drift
2319,/home/dxzielinski/Downloads/archive/PetImages/Dog/6924.jpg,Dog,1,frame furry soft sample floor wild signal gentle drift warm blanket color,post_drift
2320,/home/dxzielinski/Downloads/archive/PetImages/Dog/1196.jpg,Dog,1,phase inside moment path fast jumping tail air long light window dark light day day night,post_drift
2321,/home/dxzielinski/Downloads/archive/PetImages/Dog/6192.jpg,Dog,1,focus moment playful house focus drift,post_drift
2322,/home/dxzielinski/Downloads/archive/PetImages/Dog/9232.jpg,Dog,1,caption garden object air texture sequence large curious window day,post_drift
2323,/home/dxzielinski/Downloads/archive/PetImages/Dog/2081.jpg,Dog,1,foreground small pattern background round fast cold random window path,post_drift
2324,/home/dxzielinski/Downloads/archive/PetImages/Dog/7121.jpg,Dog,1,sharp ears shadow color sunny,post_drift
2325,/home/dxzielinski/Downloads/archive/PetImages/Dog/6814.jpg,Dog,1,day texture event blur quiet near,post_drift
2326,/home/dxzielinski/Downloads/archive/PetImages/Dog/2082.jpg,Dog,1,field inside state garden dark signal street tail photo playful floor,post_drift
2327,/home/dxzielinski/Downloads/archive/PetImages/Dog/1705.jpg,Dog,1,looking soft day air signal center window near eyes center token window sample warm,post_drift
2328,/home/dxzielinski/Downloads/archive/PetImages/Dog/3351.jpg,Dog,1,token long sequence sharp warm change color sunny path online long jumping light,post_drift
2329,/home/dxzielinski/Downloads/archive/PetImages/Dog/298.jpg,Dog,1,event pattern light path sleepy blanket room curious,post_drift
2330,/home/dxzielinski/Downloads/archive/PetImages/Dog/9670.jpg,Dog,1,light shadow sitting sleepy gentle near random color curious camera blur phase outside quiet sharp,post_drift
2331,/home/dxzielinski/Downloads/archive/PetImages/Dog/823.jpg,Dog,1,foreground steady phase level round,post_drift
2332,/home/dxzielinski/Downloads/archive/PetImages/Dog/6200.jpg,Dog,1,color fast near fast drift gentle,post_drift
2333,/home/dxzielinski/Downloads/archive/PetImages/Dog/10307.jpg,Dog,1,curious messy gentle corner sleepy sequence air soft looking jumping looking shape soft phase window calm,post_drift
2334,/home/dxzielinski/Downloads/archive/PetImages/Dog/336.jpg,Dog,1,state calm quiet far motion messy motion dark clean running stream clean light,post_drift
2335,/home/dxzielinski/Downloads/archive/PetImages/Dog/8516.jpg,Dog,1,blur state night abrupt camera playful calm fast,post_drift
2336,/home/dxzielinski/Downloads/archive/PetImages/Dog/10850.jpg,Dog,1,long day soft motion motion sitting bright house still abrupt level focus garden corner pattern,post_drift
2337,/home/dxzielinski/Downloads/archive/PetImages/Dog/6130.jpg,Dog,1,caption center light furry curious calm quiet gentle object object wild garden wild far inside,post_drift
2338,/home/dxzielinski/Downloads/archive/PetImages/Dog/9021.jpg,Dog,1,phase noisy large pattern object color event far fast sleepy dark caption level day token light,post_drift
2339,/home/dxzielinski/Downloads/archive/PetImages/Dog/11047.jpg,Dog,1,dark soft floor cold long bright sunny signal focus air corner event short online fast,post_drift
2340,/home/dxzielinski/Downloads/archive/PetImages/Dog/11757.jpg,Dog,1,moment happy quiet field night window day caption stream motion moment event,post_drift
2341,/home/dxzielinski/Downloads/archive/PetImages/Dog/10242.jpg,Dog,1,round sharp background looking frame,post_drift
2342,/home/dxzielinski/Downloads/archive/PetImages/Dog/1068.jpg,Dog,1,camera signal texture sunny shape quiet abrupt abrupt far quiet sequence,post_drift
2343,/home/dxzielinski/Downloads/archive/PetImages/Dog/5510.jpg,Dog,1,small token looking short street sharp happy foreground far garden floor gentle tail warm running signal,post_drift
2344,/home/dxzielinski/Downloads/archive/PetImages/Dog/11583.jpg,Dog,1,sample change grass clean house scene texture blanket playful outside state stream phase caption,post_drift
2345,/home/dxzielinski/Downloads/archive/PetImages/Dog/5207.jpg,Dog,1,change floor calm background random room pattern bright inside sunny running noisy,post_drift
2346,/home/dxzielinski/Downloads/archive/PetImages/Dog/6338.jpg,Dog,1,caption path scene short random,post_drift
2347,/home/dxzielinski/Downloads/archive/PetImages/Dog/8213.jpg,Dog,1,signal frame light small focus,post_drift
2348,/home/dxzielinski/Downloads/archive/PetImages/Dog/4417.jpg,Dog,1,far messy soft level shadow pattern color abrupt drift clean change eyes curious gentle wild,post_drift
2349,/home/dxzielinski/Downloads/archive/PetImages/Dog/9032.jpg,Dog,1,photo object house frame texture sharp garden large still object furry inside shadow,post_drift
2350,/home/dxzielinski/Downloads/archive/PetImages/Dog/4219.jpg,Dog,1,furry drift signal bright wild pattern light noisy sample,post_drift
2351,/home/dxzielinski/Downloads/archive/PetImages/Dog/7978.jpg,Dog,1,shape large grass fast light background,post_drift
2352,/home/dxzielinski/Downloads/archive/PetImages/Dog/239.jpg,Dog,1,scene fast clean sleepy photo center,post_drift
2353,/home/dxzielinski/Downloads/archive/PetImages/Dog/3297.jpg,Dog,1,curious looking curious sitting steady blanket,post_drift
2354,/home/dxzielinski/Downloads/archive/PetImages/Dog/7280.jpg,Dog,1,messy photo online phase motion frame near random street calm floor,post_drift
2355,/home/dxzielinski/Downloads/archive/PetImages/Dog/2236.jpg,Dog,1,day foreground outside night house blanket still focus messy change,post_drift
2356,/home/dxzielinski/Downloads/archive/PetImages/Dog/1236.jpg,Dog,1,window outside sharp sunny far caption abrupt house ears clean clean street messy messy photo,post_drift
2357,/home/dxzielinski/Downloads/archive/PetImages/Dog/3600.jpg,Dog,1,eyes outside curious near dark sample floor street pattern motion calm night messy soft eyes foreground,post_drift
2358,/home/dxzielinski/Downloads/archive/PetImages/Dog/8869.jpg,Dog,1,caption floor furry abrupt steady change tail change sharp object field jumping still near motion,post_drift
2359,/home/dxzielinski/Downloads/archive/PetImages/Dog/6496.jpg,Dog,1,online camera warm grass state sharp field corner calm messy,post_drift
2360,/home/dxzielinski/Downloads/archive/PetImages/Dog/10641.jpg,Dog,1,steady still calm change drift blur,post_drift
2361,/home/dxzielinski/Downloads/archive/PetImages/Dog/6724.jpg,Dog,1,window large tail sleepy short token gentle small sequence happy center drift shape sleepy blur signal,post_drift
2362,/home/dxzielinski/Downloads/archive/PetImages/Dog/7098.jpg,Dog,1,state token long quiet round sharp texture,post_drift
2363,/home/dxzielinski/Downloads/archive/PetImages/Dog/11004.jpg,Dog,1,floor still pattern furry short running ears path warm,post_drift
2364,/home/dxzielinski/Downloads/archive/PetImages/Dog/8130.jpg,Dog,1,sharp scene looking color drift inside token eyes center garden light fast,post_drift
2365,/home/dxzielinski/Downloads/archive/PetImages/Dog/10596.jpg,Dog,1,large caption bright moment texture event token warm eyes drift bright event light field gentle pattern,post_drift
2366,/home/dxzielinski/Downloads/archive/PetImages/Dog/5159.jpg,Dog,1,air sunny jumping signal eyes day,post_drift
2367,/home/dxzielinski/Downloads/archive/PetImages/Dog/6390.jpg,Dog,1,air event motion focus wild random corner sunny long,post_drift
2368,/home/dxzielinski/Downloads/archive/PetImages/Dog/10043.jpg,Dog,1,pattern room jumping street window floor shape blur path motion background motion,post_drift
2369,/home/dxzielinski/Downloads/archive/PetImages/Dog/6044.jpg,Dog,1,looking looking large abrupt cold grass color outside room fast focus curious signal,post_drift
2370,/home/dxzielinski/Downloads/archive/PetImages/Dog/6360.jpg,Dog,1,phase clean dark jumping house center,post_drift
2371,/home/dxzielinski/Downloads/archive/PetImages/Dog/10692.jpg,Dog,1,happy stream house event level blur state shadow level,post_drift
2372,/home/dxzielinski/Downloads/archive/PetImages/Dog/333.jpg,Dog,1,caption drift frame shadow room camera level near drift phase drift sequence soft change,post_drift
2373,/home/dxzielinski/Downloads/archive/PetImages/Dog/2564.jpg,Dog,1,blanket moment near online calm steady long,post_drift
2374,/home/dxzielinski/Downloads/archive/PetImages/Dog/7284.jpg,Dog,1,air path short random foreground outside center small calm round,post_drift
2375,/home/dxzielinski/Downloads/archive/PetImages/Dog/1591.jpg,Dog,1,window tail online foreground window cold sequence running wild photo,post_drift
2376,/home/dxzielinski/Downloads/archive/PetImages/Dog/4928.jpg,Dog,1,air moment furry inside moment state phase dark level small window moment phase clean sample foreground,post_drift
2377,/home/dxzielinski/Downloads/archive/PetImages/Dog/11492.jpg,Dog,1,light house sleepy still light running center outside,post_drift
2378,/home/dxzielinski/Downloads/archive/PetImages/Dog/11297.jpg,Dog,1,sharp fast event path furry scene gentle fast frame outside stream sunny playful frame caption,post_drift
2379,/home/dxzielinski/Downloads/archive/PetImages/Dog/7156.jpg,Dog,1,jumping furry large floor moment soft day abrupt day messy eyes clean,post_drift
2380,/home/dxzielinski/Downloads/archive/PetImages/Dog/1558.jpg,Dog,1,messy stream gentle online messy sitting random random,post_drift
2381,/home/dxzielinski/Downloads/archive/PetImages/Dog/4528.jpg,Dog,1,room still moment light gentle sitting,post_drift
2382,/home/dxzielinski/Downloads/archive/PetImages/Dog/11289.jpg,Dog,1,grass online soft warm house long ears shadow short state sample,post_drift
2383,/home/dxzielinski/Downloads/archive/PetImages/Dog/4106.jpg,Dog,1,state clean jumping playful state blur,post_drift
2384,/home/dxzielinski/Downloads/archive/PetImages/Dog/5011.jpg,Dog,1,small furry moment noisy messy motion clean center messy focus sharp motion camera steady,post_drift
2385,/home/dxzielinski/Downloads/archive/PetImages/Dog/9101.jpg,Dog,1,wild gentle focus small calm abrupt light sunny scene grass center event token outside,post_drift
2386,/home/dxzielinski/Downloads/archive/PetImages/Dog/959.jpg,Dog,1,sitting looking room gentle object blur texture shape motion moment garden happy,post_drift
2387,/home/dxzielinski/Downloads/archive/PetImages/Dog/5701.jpg,Dog,1,room ears sitting texture blur looking sleepy stream level background air abrupt,post_drift
2388,/home/dxzielinski/Downloads/archive/PetImages/Dog/6693.jpg,Dog,1,cold furry frame warm random blanket sleepy blanket night focus bright,post_drift
2389,/home/dxzielinski/Downloads/archive/PetImages/Dog/7446.jpg,Dog,1,running street ears signal corner event drift ears focus day,post_drift
2390,/home/dxzielinski/Downloads/archive/PetImages/Dog/3437.jpg,Dog,1,random drift curious house path change air outside caption online long near short garden,post_drift
2391,/home/dxzielinski/Downloads/archive/PetImages/Dog/5710.jpg,Dog,1,pattern round garden playful foreground street signal sleepy level clean air,post_drift
2392,/home/dxzielinski/Downloads/archive/PetImages/Dog/201.jpg,Dog,1,outside inside quiet eyes bright playful clean window wild curious motion blanket,post_drift
2393,/home/dxzielinski/Downloads/archive/PetImages/Dog/4270.jpg,Dog,1,steady floor blur soft dark,post_drift
2394,/home/dxzielinski/Downloads/archive/PetImages/Dog/4326.jpg,Dog,1,state blanket house noisy air near cold sunny,post_drift
2395,/home/dxzielinski/Downloads/archive/PetImages/Dog/5481.jpg,Dog,1,far garden fast large center,post_drift
2396,/home/dxzielinski/Downloads/archive/PetImages/Dog/9498.jpg,Dog,1,foreground street blur sample fast outside tail happy state day,post_drift
2397,/home/dxzielinski/Downloads/archive/PetImages/Dog/3436.jpg,Dog,1,window night garden moment small field day quiet abrupt curious grass sample still air tail,post_drift
2398,/home/dxzielinski/Downloads/archive/PetImages/Dog/2754.jpg,Dog,1,level large field playful focus token token light object,post_drift
2399,/home/dxzielinski/Downloads/archive/PetImages/Dog/9064.jpg,Dog,1,day level motion sharp calm soft room noisy round night,post_drift
2400,/home/dxzielinski/Downloads/archive/PetImages/Dog/1654.jpg,Dog,1,near quiet calm texture blanket state token photo background blur gentle,post_drift
2401,/home/dxzielinski/Downloads/archive/PetImages/Dog/1847.jpg,Dog,1,looking gentle eyes happy small gentle happy change blur path happy,post_drift
2402,/home/dxzielinski/Downloads/archive/PetImages/Dog/7154.jpg,Dog,1,large grass soft outside window tail caption,post_drift
2403,/home/dxzielinski/Downloads/archive/PetImages/Dog/1294.jpg,Dog,1,short token background ears background pattern focus sunny stream token camera street scene bright,post_drift
2404,/home/dxzielinski/Downloads/archive/PetImages/Dog/1176.jpg,Dog,1,motion wild fast scene looking light playful,post_drift
2405,/home/dxzielinski/Downloads/archive/PetImages/Dog/8948.jpg,Dog,1,small room outside playful background quiet camera,post_drift
2406,/home/dxzielinski/Downloads/archive/PetImages/Dog/7653.jpg,Dog,1,online field small sitting event eyes air wild motion wild,post_drift
2407,/home/dxzielinski/Downloads/archive/PetImages/Dog/12120.jpg,Dog,1,happy long sunny grass wild event curious motion dark tail,post_drift
2408,/home/dxzielinski/Downloads/archive/PetImages/Dog/4383.jpg,Dog,1,wild window large floor shape object object moment gentle token token change day,post_drift
2409,/home/dxzielinski/Downloads/archive/PetImages/Dog/8063.jpg,Dog,1,street stream outside photo color color room calm outside far running sleepy drift eyes foreground texture,post_drift
2410,/home/dxzielinski/Downloads/archive/PetImages/Dog/8080.jpg,Dog,1,round air inside curious path gentle noisy random random ears,post_drift
2411,/home/dxzielinski/Downloads/archive/PetImages/Dog/3280.jpg,Dog,1,phase steady curious soft signal clean wild,post_drift
2412,/home/dxzielinski/Downloads/archive/PetImages/Dog/11913.jpg,Dog,1,night dark jumping photo outside far shadow grass happy wild,post_drift
2413,/home/dxzielinski/Downloads/archive/PetImages/Dog/7970.jpg,Dog,1,garden happy random online warm background tail ears blur calm,post_drift
2414,/home/dxzielinski/Downloads/archive/PetImages/Dog/5436.jpg,Dog,1,room scene small grass window sitting running sharp sleepy blur street,post_drift
2415,/home/dxzielinski/Downloads/archive/PetImages/Dog/8218.jpg,Dog,1,scene jumping jumping field steady,post_drift
2416,/home/dxzielinski/Downloads/archive/PetImages/Dog/11065.jpg,Dog,1,quiet signal window moment window far soft camera online fast steady token shadow sitting steady,post_drift
2417,/home/dxzielinski/Downloads/archive/PetImages/Dog/7040.jpg,Dog,1,furry messy jumping state air sharp texture token blur drift,post_drift
2418,/home/dxzielinski/Downloads/archive/PetImages/Dog/7620.jpg,Dog,1,far focus garden steady happy path pattern quiet day abrupt sharp focus long focus looking,post_drift
2419,/home/dxzielinski/Downloads/archive/PetImages/Dog/66.jpg,Dog,1,blanket soft state calm sleepy shape abrupt color playful abrupt near,post_drift
2420,/home/dxzielinski/Downloads/archive/PetImages/Dog/2645.jpg,Dog,1,outside ears motion jumping online street gentle furry garden garden path still corner shadow object jumping,post_drift
2421,/home/dxzielinski/Downloads/archive/PetImages/Dog/3339.jpg,Dog,1,pattern light window stream sunny fast furry moment steady state,post_drift
2422,/home/dxzielinski/Downloads/archive/PetImages/Dog/9501.jpg,Dog,1,signal sample path curious short air level,post_drift
2423,/home/dxzielinski/Downloads/archive/PetImages/Dog/4814.jpg,Dog,1,air jumping change drift happy outside,post_drift
2424,/home/dxzielinski/Downloads/archive/PetImages/Dog/6932.jpg,Dog,1,sharp sharp running garden street sunny photo steady,post_drift
2425,/home/dxzielinski/Downloads/archive/PetImages/Dog/3580.jpg,Dog,1,playful cold air sunny color quiet sunny caption house blanket window,post_drift
2426,/home/dxzielinski/Downloads/archive/PetImages/Dog/6380.jpg,Dog,1,shadow path outside level house gentle signal eyes dark corner photo light small short,post_drift
2427,/home/dxzielinski/Downloads/archive/PetImages/Dog/771.jpg,Dog,1,wild abrupt grass window abrupt pattern cold,post_drift
2428,/home/dxzielinski/Downloads/archive/PetImages/Dog/812.jpg,Dog,1,furry day long photo shadow shadow,post_drift
2429,/home/dxzielinski/Downloads/archive/PetImages/Dog/8854.jpg,Dog,1,grass messy photo air pattern night,post_drift
2430,/home/dxzielinski/Downloads/archive/PetImages/Dog/1488.jpg,Dog,1,sequence ears cold house noisy calm stream round field small warm sleepy still small,post_drift
2431,/home/dxzielinski/Downloads/archive/PetImages/Dog/8335.jpg,Dog,1,playful frame clean level large running noisy running bright grass token state focus moment,post_drift
2432,/home/dxzielinski/Downloads/archive/PetImages/Dog/5129.jpg,Dog,1,motion pattern happy level motion center shape night fast,post_drift
2433,/home/dxzielinski/Downloads/archive/PetImages/Dog/6939.jpg,Dog,1,floor online noisy night house large street online background round small,post_drift
2434,/home/dxzielinski/Downloads/archive/PetImages/Dog/11779.jpg,Dog,1,clean blanket messy air gentle calm street outside steady ears pattern blanket token quiet field,post_drift
2435,/home/dxzielinski/Downloads/archive/PetImages/Dog/7335.jpg,Dog,1,steady path calm still window short large sunny wild running jumping night looking texture,post_drift
2436,/home/dxzielinski/Downloads/archive/PetImages/Dog/10023.jpg,Dog,1,near curious sunny happy frame soft abrupt focus,post_drift
2437,/home/dxzielinski/Downloads/archive/PetImages/Dog/1326.jpg,Dog,1,change focus grass warm room inside field,post_drift
2438,/home/dxzielinski/Downloads/archive/PetImages/Dog/2359.jpg,Dog,1,room floor noisy clean steady field light object stream motion event soft floor large pattern,post_drift
2439,/home/dxzielinski/Downloads/archive/PetImages/Dog/4657.jpg,Dog,1,moment still token house night small,post_drift
2440,/home/dxzielinski/Downloads/archive/PetImages/Dog/4411.jpg,Dog,1,color phase signal token outside,post_drift
2441,/home/dxzielinski/Downloads/archive/PetImages/Dog/9728.jpg,Dog,1,soft soft focus moment blur window day background caption shadow,post_drift
2442,/home/dxzielinski/Downloads/archive/PetImages/Dog/11848.jpg,Dog,1,background wild foreground long stream clean outside sample small gentle frame token garden field gentle ears,post_drift
2443,/home/dxzielinski/Downloads/archive/PetImages/Dog/4954.jpg,Dog,1,foreground object object frame abrupt running sample sample calm,post_drift
2444,/home/dxzielinski/Downloads/archive/PetImages/Dog/12409.jpg,Dog,1,abrupt street messy light center noisy sharp online day event warm moment garden field ears quiet,post_drift
2445,/home/dxzielinski/Downloads/archive/PetImages/Dog/10480.jpg,Dog,1,change path near night calm eyes round,post_drift
2446,/home/dxzielinski/Downloads/archive/PetImages/Dog/4265.jpg,Dog,1,background state texture stream eyes,post_drift
2447,/home/dxzielinski/Downloads/archive/PetImages/Dog/6517.jpg,Dog,1,gentle frame caption online long shadow sitting cold messy steady room night dark sleepy level,post_drift
2448,/home/dxzielinski/Downloads/archive/PetImages/Dog/4096.jpg,Dog,1,air warm signal house moment floor quiet,post_drift
2449,/home/dxzielinski/Downloads/archive/PetImages/Dog/11716.jpg,Dog,1,window photo sequence looking near sharp near day bright sitting,post_drift
2450,/home/dxzielinski/Downloads/archive/PetImages/Dog/10959.jpg,Dog,1,blur motion center foreground day,post_drift
2451,/home/dxzielinski/Downloads/archive/PetImages/Dog/10511.jpg,Dog,1,small window sharp foreground short steady wild soft light frame happy soft photo tail street,post_drift
2452,/home/dxzielinski/Downloads/archive/PetImages/Dog/9602.jpg,Dog,1,phase looking quiet shape soft frame garden garden window focus quiet moment sunny round,post_drift
2453,/home/dxzielinski/Downloads/archive/PetImages/Dog/7144.jpg,Dog,1,noisy blur far warm signal sunny camera,post_drift
2454,/home/dxzielinski/Downloads/archive/PetImages/Dog/4049.jpg,Dog,1,calm quiet drift quiet abrupt messy background light,post_drift
2455,/home/dxzielinski/Downloads/archive/PetImages/Dog/5970.jpg,Dog,1,night token furry sitting near sitting garden online large running,post_drift
2456,/home/dxzielinski/Downloads/archive/PetImages/Dog/1984.jpg,Dog,1,still furry long grass tail signal window near frame curious abrupt scene motion blanket window,post_drift
2457,/home/dxzielinski/Downloads/archive/PetImages/Dog/6354.jpg,Dog,1,background stream signal curious phase happy floor room shape sitting online event calm quiet short,post_drift
2458,/home/dxzielinski/Downloads/archive/PetImages/Dog/3789.jpg,Dog,1,jumping bright field sitting night warm blur running calm light sunny running pattern,post_drift
2459,/home/dxzielinski/Downloads/archive/PetImages/Dog/6576.jpg,Dog,1,frame noisy texture frame sleepy abrupt shape window phase scene floor,post_drift
2460,/home/dxzielinski/Downloads/archive/PetImages/Dog/142.jpg,Dog,1,quiet corner furry far still blanket street background background moment sequence still,post_drift
2461,/home/dxzielinski/Downloads/archive/PetImages/Dog/3439.jpg,Dog,1,caption near floor jumping moment change dark round state pattern,post_drift
2462,/home/dxzielinski/Downloads/archive/PetImages/Dog/1398.jpg,Dog,1,large change random large house running inside texture warm frame long steady,post_drift
2463,/home/dxzielinski/Downloads/archive/PetImages/Dog/2300.jpg,Dog,1,ears background playful near pattern field frame,post_drift
2464,/home/dxzielinski/Downloads/archive/PetImages/Dog/9346.jpg,Dog,1,steady warm foreground phase object room scene blanket inside cold,post_drift
2465,/home/dxzielinski/Downloads/archive/PetImages/Dog/1564.jpg,Dog,1,long street outside camera steady photo sunny window bright near scene air field messy playful far,post_drift
2466,/home/dxzielinski/Downloads/archive/PetImages/Dog/2109.jpg,Dog,1,online night wild motion light background,post_drift
2467,/home/dxzielinski/Downloads/archive/PetImages/Dog/7306.jpg,Dog,1,sleepy day foreground long long gentle clean happy playful light room sunny phase focus ears bright,post_drift
2468,/home/dxzielinski/Downloads/archive/PetImages/Dog/4397.jpg,Dog,1,small scene background far state path sitting sample random sitting abrupt soft sequence warm playful,post_drift
2469,/home/dxzielinski/Downloads/archive/PetImages/Dog/3769.jpg,Dog,1,pattern grass blanket corner path event,post_drift
2470,/home/dxzielinski/Downloads/archive/PetImages/Dog/11300.jpg,Dog,1,shape running blur photo tail center foreground bright air far online scene furry,post_drift
2471,/home/dxzielinski/Downloads/archive/PetImages/Dog/2883.jpg,Dog,1,color blanket large outside foreground eyes frame inside,post_drift
2472,/home/dxzielinski/Downloads/archive/PetImages/Dog/504.jpg,Dog,1,tail blur moment caption street messy texture object tail still,post_drift
2473,/home/dxzielinski/Downloads/archive/PetImages/Dog/8601.jpg,Dog,1,bright camera gentle camera window stream outside happy calm sunny,post_drift
2474,/home/dxzielinski/Downloads/archive/PetImages/Dog/9397.jpg,Dog,1,sunny shadow window garden outside running messy random running garden signal cold outside shadow room,post_drift
2475,/home/dxzielinski/Downloads/archive/PetImages/Dog/12382.jpg,Dog,1,bright air playful playful shadow color color wild,post_drift
2476,/home/dxzielinski/Downloads/archive/PetImages/Dog/8126.jpg,Dog,1,focus eyes street inside random frame air sitting field dark shadow,post_drift
2477,/home/dxzielinski/Downloads/archive/PetImages/Dog/9213.jpg,Dog,1,soft phase signal round running photo change drift steady shape curious street window moment,post_drift
2478,/home/dxzielinski/Downloads/archive/PetImages/Dog/3204.jpg,Dog,1,floor state cold moment texture,post_drift
2479,/home/dxzielinski/Downloads/archive/PetImages/Dog/12220.jpg,Dog,1,warm happy gentle air fast short shadow,post_drift
2480,/home/dxzielinski/Downloads/archive/PetImages/Dog/9263.jpg,Dog,1,frame soft blur sample floor still round sleepy random random pattern,post_drift
2481,/home/dxzielinski/Downloads/archive/PetImages/Dog/8853.jpg,Dog,1,abrupt eyes photo eyes room scene calm token scene camera camera short focus,post_drift
2482,/home/dxzielinski/Downloads/archive/PetImages/Dog/1255.jpg,Dog,1,corner frame house signal outside running color random,post_drift
2483,/home/dxzielinski/Downloads/archive/PetImages/Dog/10094.jpg,Dog,1,playful shape near pattern short stream grass photo light random gentle,post_drift
2484,/home/dxzielinski/Downloads/archive/PetImages/Dog/688.jpg,Dog,1,moment foreground pattern event quiet center night cold camera,post_drift
2485,/home/dxzielinski/Downloads/archive/PetImages/Dog/12350.jpg,Dog,1,round outside abrupt random room running center object looking light,post_drift
2486,/home/dxzielinski/Downloads/archive/PetImages/Dog/6675.jpg,Dog,1,sharp gentle outside playful blanket change messy,post_drift
2487,/home/dxzielinski/Downloads/archive/PetImages/Dog/2840.jpg,Dog,1,running phase photo signal inside background frame abrupt texture gentle bright level shape,post_drift
2488,/home/dxzielinski/Downloads/archive/PetImages/Dog/5285.jpg,Dog,1,sample shape change shadow near,post_drift
2489,/home/dxzielinski/Downloads/archive/PetImages/Dog/7374.jpg,Dog,1,window sleepy object near blanket small eyes near tail path sample,post_drift
2490,/home/dxzielinski/Downloads/archive/PetImages/Dog/10376.jpg,Dog,1,corner blur random foreground eyes eyes eyes warm,post_drift
2491,/home/dxzielinski/Downloads/archive/PetImages/Dog/5634.jpg,Dog,1,blur playful curious sharp furry playful photo,post_drift
2492,/home/dxzielinski/Downloads/archive/PetImages/Dog/788.jpg,Dog,1,sleepy online cold blanket pattern corner foreground blanket looking house path,post_drift
2493,/home/dxzielinski/Downloads/archive/PetImages/Dog/11466.jpg,Dog,1,level still level garden garden,post_drift
2494,/home/dxzielinski/Downloads/archive/PetImages/Dog/5507.jpg,Dog,1,foreground object motion token cold phase jumping short noisy warm light sleepy far day shadow,post_drift
2495,/home/dxzielinski/Downloads/archive/PetImages/Dog/695.jpg,Dog,1,light change long soft event bright messy light caption object outside noisy looking shadow,post_drift
2496,/home/dxzielinski/Downloads/archive/PetImages/Dog/1878.jpg,Dog,1,color ears floor fast state playful far,post_drift
2497,/home/dxzielinski/Downloads/archive/PetImages/Dog/8767.jpg,Dog,1,large sample still cold messy light online frame caption,post_drift
2498,/home/dxzielinski/Downloads/archive/PetImages/Dog/11006.jpg,Dog,1,color light object fast camera phase clean foreground,post_drift
2499,/home/dxzielinski/Downloads/archive/PetImages/Dog/6672.jpg,Dog,1,floor texture change short phase tail bright state,post_drift
2500,/home/dxzielinski/Downloads/archive/PetImages/Dog/8374.jpg,Dog,1,running gentle gentle cold warm shape,post_drift
2501,/home/dxzielinski/Downloads/archive/PetImages/Dog/6271.jpg,Dog,1,field background online drift inside light window happy shape house bright ears shadow running,post_drift
2502,/home/dxzielinski/Downloads/archive/PetImages/Dog/10852.jpg,Dog,1,near path center camera event light window abrupt pattern eyes,post_drift
2503,/home/dxzielinski/Downloads/archive/PetImages/Dog/1137.jpg,Dog,1,shape abrupt motion abrupt sleepy grass tail,post_drift
2504,/home/dxzielinski/Downloads/archive/PetImages/Dog/9707.jpg,Dog,1,bright small grass night curious center gentle messy blur token motion curious small calm,post_drift
2505,/home/dxzielinski/Downloads/archive/PetImages/Dog/7307.jpg,Dog,1,garden abrupt object soft event still small photo moment random photo sample warm calm sleepy,post_drift
2506,/home/dxzielinski/Downloads/archive/PetImages/Dog/5944.jpg,Dog,1,wild texture garden sunny warm sequence outside sequence looking shadow shadow,post_drift
2507,/home/dxzielinski/Downloads/archive/PetImages/Dog/10277.jpg,Dog,1,online short random warm object house happy motion running frame jumping,post_drift
2508,/home/dxzielinski/Downloads/archive/PetImages/Dog/9407.jpg,Dog,1,looking floor shape pattern air happy garden background,post_drift
2509,/home/dxzielinski/Downloads/archive/PetImages/Dog/11455.jpg,Dog,1,warm center sample online signal quiet room scene field cold calm bright calm online far outside,post_drift
2510,/home/dxzielinski/Downloads/archive/PetImages/Dog/2471.jpg,Dog,1,night sitting moment window tail,post_drift
2511,/home/dxzielinski/Downloads/archive/PetImages/Dog/7647.jpg,Dog,1,house color stream wild bright day state caption near curious window,post_drift
2512,/home/dxzielinski/Downloads/archive/PetImages/Dog/6585.jpg,Dog,1,blanket ears shape token street motion furry noisy,post_drift
2513,/home/dxzielinski/Downloads/archive/PetImages/Dog/9237.jpg,Dog,1,wild warm state blanket token change motion room street field window blanket light still soft quiet,post_drift
2514,/home/dxzielinski/Downloads/archive/PetImages/Dog/7410.jpg,Dog,1,short scene garden quiet texture far,post_drift
2515,/home/dxzielinski/Downloads/archive/PetImages/Dog/2748.jpg,Dog,1,house wild furry outside window wild path sitting change motion air,post_drift
2516,/home/dxzielinski/Downloads/archive/PetImages/Dog/447.jpg,Dog,1,clean eyes street wild short looking focus,post_drift
2517,/home/dxzielinski/Downloads/archive/PetImages/Dog/6167.jpg,Dog,1,small curious large photo noisy looking background state messy abrupt light sharp soft air frame sitting,post_drift
2518,/home/dxzielinski/Downloads/archive/PetImages/Dog/10669.jpg,Dog,1,happy dark far tail stream playful texture bright outside large sample room object eyes,post_drift
2519,/home/dxzielinski/Downloads/archive/PetImages/Dog/7345.jpg,Dog,1,clean stream level clean random photo eyes shape moment,post_drift
2520,/home/dxzielinski/Downloads/archive/PetImages/Dog/3984.jpg,Dog,1,texture warm state wild large pattern ears state color,post_drift
2521,/home/dxzielinski/Downloads/archive/PetImages/Dog/5005.jpg,Dog,1,far noisy drift steady jumping quiet grass ears sleepy,post_drift
2522,/home/dxzielinski/Downloads/archive/PetImages/Dog/997.jpg,Dog,1,far caption cold calm messy,post_drift
2523,/home/dxzielinski/Downloads/archive/PetImages/Dog/11020.jpg,Dog,1,window moment phase blanket sample path looking messy sample,post_drift
2524,/home/dxzielinski/Downloads/archive/PetImages/Dog/6499.jpg,Dog,1,sample scene frame inside cold phase garden round sharp random sharp shadow,post_drift
2525,/home/dxzielinski/Downloads/archive/PetImages/Dog/1755.jpg,Dog,1,texture sharp camera texture air,post_drift
2526,/home/dxzielinski/Downloads/archive/PetImages/Dog/1805.jpg,Dog,1,signal sunny jumping calm path drift focus caption soft gentle state curious fast street foreground,post_drift
2527,/home/dxzielinski/Downloads/archive/PetImages/Dog/8526.jpg,Dog,1,camera outside curious sunny background shape pattern night change abrupt eyes object,post_drift
2528,/home/dxzielinski/Downloads/archive/PetImages/Dog/220.jpg,Dog,1,steady sunny garden eyes round air field day night stream token focus shape,post_drift
2529,/home/dxzielinski/Downloads/archive/PetImages/Dog/10727.jpg,Dog,1,drift sleepy shadow focus path sitting large inside messy event air gentle,post_drift
2530,/home/dxzielinski/Downloads/archive/PetImages/Dog/9162.jpg,Dog,1,pattern foreground blur texture texture jumping round corner curious,post_drift
2531,/home/dxzielinski/Downloads/archive/PetImages/Dog/5190.jpg,Dog,1,blanket cold motion house change center,post_drift
2532,/home/dxzielinski/Downloads/archive/PetImages/Dog/7554.jpg,Dog,1,abrupt fast background near window day outside near quiet,post_drift
2533,/home/dxzielinski/Downloads/archive/PetImages/Dog/2394.jpg,Dog,1,scene small jumping sequence motion,post_drift
2534,/home/dxzielinski/Downloads/archive/PetImages/Dog/9177.jpg,Dog,1,warm blur house quiet garden abrupt calm bright sitting object floor tail messy far,post_drift
2535,/home/dxzielinski/Downloads/archive/PetImages/Dog/2218.jpg,Dog,1,curious object camera shape field frame light looking wild event ears,post_drift
2536,/home/dxzielinski/Downloads/archive/PetImages/Dog/6659.jpg,Dog,1,tail clean sleepy stream sleepy sample garden window playful soft fast pattern long texture corner state,post_drift
2537,/home/dxzielinski/Downloads/archive/PetImages/Dog/6704.jpg,Dog,1,state foreground day running change wild gentle level window garden looking color sleepy,post_drift
2538,/home/dxzielinski/Downloads/archive/PetImages/Dog/8512.jpg,Dog,1,tail long abrupt state stream outside steady eyes looking stream pattern sequence field outside light change,post_drift
2539,/home/dxzielinski/Downloads/archive/PetImages/Dog/289.jpg,Dog,1,sunny blur looking steady jumping camera house inside,post_drift
2540,/home/dxzielinski/Downloads/archive/PetImages/Dog/3972.jpg,Dog,1,garden light online drift focus sharp blanket,post_drift
2541,/home/dxzielinski/Downloads/archive/PetImages/Dog/1366.jpg,Dog,1,quiet clean happy wild background blanket ears scene,post_drift
2542,/home/dxzielinski/Downloads/archive/PetImages/Dog/5019.jpg,Dog,1,night window short change day air steady light tail playful running signal clean moment pattern,post_drift
2543,/home/dxzielinski/Downloads/archive/PetImages/Dog/1033.jpg,Dog,1,stream motion furry happy moment motion still shadow large drift noisy,post_drift
2544,/home/dxzielinski/Downloads/archive/PetImages/Dog/10993.jpg,Dog,1,sitting soft curious steady camera ears path scene level caption motion garden motion jumping,post_drift
2545,/home/dxzielinski/Downloads/archive/PetImages/Dog/9013.jpg,Dog,1,curious ears playful blanket night air quiet stream shadow long,post_drift
2546,/home/dxzielinski/Downloads/archive/PetImages/Dog/5983.jpg,Dog,1,sunny bright field far curious room gentle path near motion,post_drift
2547,/home/dxzielinski/Downloads/archive/PetImages/Dog/486.jpg,Dog,1,shape state light frame cold,post_drift
2548,/home/dxzielinski/Downloads/archive/PetImages/Dog/3740.jpg,Dog,1,street color steady warm gentle online still sequence,post_drift
2549,/home/dxzielinski/Downloads/archive/PetImages/Dog/270.jpg,Dog,1,level motion inside drift abrupt day near shape pattern moment,post_drift
2550,/home/dxzielinski/Downloads/archive/PetImages/Dog/312.jpg,Dog,1,path sitting eyes house camera signal shape object,post_drift
2551,/home/dxzielinski/Downloads/archive/PetImages/Dog/10095.jpg,Dog,1,drift air light looking room frame air sleepy street night shape calm floor,post_drift
2552,/home/dxzielinski/Downloads/archive/PetImages/Dog/1198.jpg,Dog,1,level near background corner eyes,post_drift
2553,/home/dxzielinski/Downloads/archive/PetImages/Dog/6574.jpg,Dog,1,ears calm color object window calm token background soft sunny large phase playful state object,post_drift
2554,/home/dxzielinski/Downloads/archive/PetImages/Dog/10484.jpg,Dog,1,signal object room sunny pattern event calm background grass round eyes short random floor curious frame,post_drift
2555,/home/dxzielinski/Downloads/archive/PetImages/Dog/6085.jpg,Dog,1,background curious texture garden quiet clean sample sharp messy sample happy warm focus,post_drift
2556,/home/dxzielinski/Downloads/archive/PetImages/Dog/4708.jpg,Dog,1,foreground focus moment street online dark focus house background camera window token,post_drift
2557,/home/dxzielinski/Downloads/archive/PetImages/Dog/4591.jpg,Dog,1,caption color sample state warm motion sharp air window near light,post_drift
2558,/home/dxzielinski/Downloads/archive/PetImages/Dog/7469.jpg,Dog,1,cold night caption cold phase moment sleepy,post_drift
2559,/home/dxzielinski/Downloads/archive/PetImages/Dog/8042.jpg,Dog,1,center bright street bright moment outside signal light sharp small eyes small,post_drift
2560,/home/dxzielinski/Downloads/archive/PetImages/Dog/2214.jpg,Dog,1,quiet frame long foreground noisy air blur happy camera gentle round path still long steady level,post_drift
2561,/home/dxzielinski/Downloads/archive/PetImages/Dog/3391.jpg,Dog,1,frame garden focus window clean ears steady corner state large large night color corner,post_drift
2562,/home/dxzielinski/Downloads/archive/PetImages/Dog/10901.jpg,Dog,1,street short cold blur playful tail foreground sunny sharp ears running state garden color day window,post_drift
2563,/home/dxzielinski/Downloads/archive/PetImages/Dog/5952.jpg,Dog,1,pattern random signal background sharp street camera quiet sitting,post_drift
2564,/home/dxzielinski/Downloads/archive/PetImages/Dog/4086.jpg,Dog,1,focus field path state happy dark scene sharp phase sitting jumping,post_drift
2565,/home/dxzielinski/Downloads/archive/PetImages/Dog/2835.jpg,Dog,1,clean frame quiet color pattern large background warm shape soft,post_drift
2566,/home/dxzielinski/Downloads/archive/PetImages/Dog/8443.jpg,Dog,1,moment running large photo street sunny furry day phase tail foreground warm color random,post_drift
2567,/home/dxzielinski/Downloads/archive/PetImages/Dog/12040.jpg,Dog,1,sharp small sequence drift field grass quiet outside online shadow,post_drift
2568,/home/dxzielinski/Downloads/archive/PetImages/Dog/4361.jpg,Dog,1,day short garden outside shadow random field shadow sample large large fast,post_drift
2569,/home/dxzielinski/Downloads/archive/PetImages/Dog/1149.jpg,Dog,1,sample large street playful wild eyes token,post_drift
2570,/home/dxzielinski/Downloads/archive/PetImages/Dog/8092.jpg,Dog,1,bright clean blur soft warm online inside fast,post_drift
2571,/home/dxzielinski/Downloads/archive/PetImages/Dog/4697.jpg,Dog,1,abrupt looking looking round stream night cold running grass field object happy near sitting day,post_drift
2572,/home/dxzielinski/Downloads/archive/PetImages/Dog/9107.jpg,Dog,1,bright sunny stream dark event sitting warm motion,post_drift
2573,/home/dxzielinski/Downloads/archive/PetImages/Dog/947.jpg,Dog,1,soft photo window near stream signal background night color drift,post_drift
2574,/home/dxzielinski/Downloads/archive/PetImages/Dog/5573.jpg,Dog,1,scene dark moment day day grass messy pattern cold fast messy shape noisy playful day moment,post_drift
2575,/home/dxzielinski/Downloads/archive/PetImages/Dog/10830.jpg,Dog,1,sunny blanket jumping quiet motion garden,post_drift
2576,/home/dxzielinski/Downloads/archive/PetImages/Dog/34.jpg,Dog,1,room tail stream sample running fast signal focus,post_drift
2577,/home/dxzielinski/Downloads/archive/PetImages/Dog/12153.jpg,Dog,1,texture room near abrupt change stream running warm stream fast wild gentle,post_drift
2578,/home/dxzielinski/Downloads/archive/PetImages/Dog/6803.jpg,Dog,1,pattern long garden shadow drift color corner near steady,post_drift
2579,/home/dxzielinski/Downloads/archive/PetImages/Dog/8428.jpg,Dog,1,floor round window still warm,post_drift
2580,/home/dxzielinski/Downloads/archive/PetImages/Dog/7459.jpg,Dog,1,wild state sunny shape air long light state noisy tail looking,post_drift
2581,/home/dxzielinski/Downloads/archive/PetImages/Dog/10564.jpg,Dog,1,caption signal frame large room sequence,post_drift
2582,/home/dxzielinski/Downloads/archive/PetImages/Dog/4972.jpg,Dog,1,soft happy near sharp scene playful photo sharp abrupt day blanket sleepy,post_drift
2583,/home/dxzielinski/Downloads/archive/PetImages/Dog/8522.jpg,Dog,1,dark outside house short ears steady,post_drift
2584,/home/dxzielinski/Downloads/archive/PetImages/Dog/766.jpg,Dog,1,state window small day shadow motion event caption event happy messy sample garden,post_drift
2585,/home/dxzielinski/Downloads/archive/PetImages/Dog/109.jpg,Dog,1,air sequence day focus path corner focus signal gentle light,post_drift
2586,/home/dxzielinski/Downloads/archive/PetImages/Dog/8128.jpg,Dog,1,tail floor event outside street house field near scene ears house shadow window outside looking,post_drift
2587,/home/dxzielinski/Downloads/archive/PetImages/Dog/1002.jpg,Dog,1,center warm state photo night running background scene ears bright outside warm level playful,post_drift
2588,/home/dxzielinski/Downloads/archive/PetImages/Dog/5156.jpg,Dog,1,playful sample state eyes sleepy garden warm bright motion noisy,post_drift
2589,/home/dxzielinski/Downloads/archive/PetImages/Dog/1227.jpg,Dog,1,texture bright bright air stream center phase change window texture day token,post_drift
2590,/home/dxzielinski/Downloads/archive/PetImages/Dog/898.jpg,Dog,1,grass near large inside stream,post_drift
2591,/home/dxzielinski/Downloads/archive/PetImages/Dog/2996.jpg,Dog,1,window drift caption running wild dark blanket stream long happy pattern,post_drift
2592,/home/dxzielinski/Downloads/archive/PetImages/Dog/3833.jpg,Dog,1,sunny sequence drift object center large night frame quiet wild small street sitting change street background,post_drift
2593,/home/dxzielinski/Downloads/archive/PetImages/Dog/7433.jpg,Dog,1,running looking texture noisy small signal sleepy texture calm window fast window center drift random,post_drift
2594,/home/dxzielinski/Downloads/archive/PetImages/Dog/10636.jpg,Dog,1,color house object quiet still far scene steady window sample wild,post_drift
2595,/home/dxzielinski/Downloads/archive/PetImages/Dog/6743.jpg,Dog,1,playful shape garden near warm furry steady short corner event messy abrupt playful frame,post_drift
2596,/home/dxzielinski/Downloads/archive/PetImages/Dog/2086.jpg,Dog,1,center field soft abrupt motion event night frame color background blanket,post_drift
2597,/home/dxzielinski/Downloads/archive/PetImages/Dog/973.jpg,Dog,1,tail level dark steady camera playful phase,post_drift
2598,/home/dxzielinski/Downloads/archive/PetImages/Dog/11997.jpg,Dog,1,caption inside drift warm round shape abrupt texture noisy pattern shape,post_drift
2599,/home/dxzielinski/Downloads/archive/PetImages/Dog/5091.jpg,Dog,1,steady long house sequence blanket drift,post_drift
2600,/home/dxzielinski/Downloads/archive/PetImages/Dog/922.jpg,Dog,1,object color wild far quiet,post_drift
2601,/home/dxzielinski/Downloads/archive/PetImages/Dog/3874.jpg,Dog,1,motion quiet sharp token pattern,post_drift
2602,/home/dxzielinski/Downloads/archive/PetImages/Dog/717.jpg,Dog,1,outside event happy sharp path sleepy long cold house,post_drift
2603,/home/dxzielinski/Downloads/archive/PetImages/Dog/3275.jpg,Dog,1,state stream window focus level texture,post_drift
2604,/home/dxzielinski/Downloads/archive/PetImages/Dog/11366.jpg,Dog,1,stream eyes still small looking outside house pattern jumping small air sitting,post_drift
2605,/home/dxzielinski/Downloads/archive/PetImages/Dog/4911.jpg,Dog,1,online cold camera object steady round noisy pattern field sitting sequence focus scene window shadow cold,post_drift
2606,/home/dxzielinski/Downloads/archive/PetImages/Dog/7917.jpg,Dog,1,looking light camera sequence grass center,post_drift
2607,/home/dxzielinski/Downloads/archive/PetImages/Dog/5708.jpg,Dog,1,soft foreground room eyes fast online wild signal gentle drift,post_drift
2608,/home/dxzielinski/Downloads/archive/PetImages/Dog/125.jpg,Dog,1,motion phase light texture night phase noisy street floor foreground,post_drift
2609,/home/dxzielinski/Downloads/archive/PetImages/Dog/8156.jpg,Dog,1,state warm phase phase cold blur,post_drift
2610,/home/dxzielinski/Downloads/archive/PetImages/Dog/6929.jpg,Dog,1,happy noisy center street motion sequence cold phase noisy moment soft background large clean large,post_drift
2611,/home/dxzielinski/Downloads/archive/PetImages/Dog/7606.jpg,Dog,1,level path light ears garden clean field window inside playful still window,post_drift
2612,/home/dxzielinski/Downloads/archive/PetImages/Dog/2574.jpg,Dog,1,tail cold path wild inside house blanket dark messy dark garden focus eyes drift quiet corner,post_drift
2613,/home/dxzielinski/Downloads/archive/PetImages/Dog/12008.jpg,Dog,1,looking sunny color large soft running small outside shadow window dark token,post_drift
2614,/home/dxzielinski/Downloads/archive/PetImages/Dog/5196.jpg,Dog,1,window sleepy sitting long long ears object event sunny stream jumping online,post_drift
2615,/home/dxzielinski/Downloads/archive/PetImages/Dog/9590.jpg,Dog,1,looking wild near playful long motion bright,post_drift
2616,/home/dxzielinski/Downloads/archive/PetImages/Dog/9017.jpg,Dog,1,shadow field day cold corner air garden,post_drift
2617,/home/dxzielinski/Downloads/archive/PetImages/Dog/971.jpg,Dog,1,clean photo sequence level abrupt eyes garden drift calm window near looking event soft tail,post_drift
2618,/home/dxzielinski/Downloads/archive/PetImages/Dog/9919.jpg,Dog,1,foreground playful event sharp photo window inside sharp house looking short wild path change blur,post_drift
2619,/home/dxzielinski/Downloads/archive/PetImages/Dog/566.jpg,Dog,1,playful house steady texture moment,post_drift
2620,/home/dxzielinski/Downloads/archive/PetImages/Dog/4576.jpg,Dog,1,motion curious gentle change playful dark sample,post_drift
2621,/home/dxzielinski/Downloads/archive/PetImages/Dog/4009.jpg,Dog,1,level ears large sample window state blanket object sample drift clean large window air,post_drift
2622,/home/dxzielinski/Downloads/archive/PetImages/Dog/2158.jpg,Dog,1,corner signal wild abrupt motion stream sunny dark signal photo texture stream,post_drift
2623,/home/dxzielinski/Downloads/archive/PetImages/Dog/6617.jpg,Dog,1,large frame inside looking drift playful blur room sequence grass object pattern floor token,post_drift
2624,/home/dxzielinski/Downloads/archive/PetImages/Dog/3621.jpg,Dog,1,sample blur noisy random noisy shadow street,post_drift
2625,/home/dxzielinski/Downloads/archive/PetImages/Dog/935.jpg,Dog,1,sitting steady abrupt bright room calm motion running room,post_drift
2626,/home/dxzielinski/Downloads/archive/PetImages/Dog/9507.jpg,Dog,1,stream street tail grass sharp color signal foreground sharp,post_drift
2627,/home/dxzielinski/Downloads/archive/PetImages/Dog/2640.jpg,Dog,1,shadow scene furry focus quiet playful small motion curious,post_drift
2628,/home/dxzielinski/Downloads/archive/PetImages/Dog/6884.jpg,Dog,1,window camera calm steady random room gentle sunny noisy window drift drift signal room round,post_drift
2629,/home/dxzielinski/Downloads/archive/PetImages/Dog/6736.jpg,Dog,1,looking cold token night floor happy happy motion messy clean room eyes signal photo house,post_drift
2630,/home/dxzielinski/Downloads/archive/PetImages/Dog/3371.jpg,Dog,1,curious long ears random sitting photo field dark happy grass tail motion,post_drift
2631,/home/dxzielinski/Downloads/archive/PetImages/Dog/3693.jpg,Dog,1,sleepy far photo sample background abrupt photo day blur,post_drift
2632,/home/dxzielinski/Downloads/archive/PetImages/Dog/8103.jpg,Dog,1,window level sequence drift soft garden still signal,post_drift
2633,/home/dxzielinski/Downloads/archive/PetImages/Dog/11308.jpg,Dog,1,camera room fast bright level window looking bright room ears drift window sitting short state,post_drift
2634,/home/dxzielinski/Downloads/archive/PetImages/Dog/11116.jpg,Dog,1,blur short blur round level,post_drift
2635,/home/dxzielinski/Downloads/archive/PetImages/Dog/2310.jpg,Dog,1,small sunny street drift caption gentle house steady frame field small happy furry level curious,post_drift
2636,/home/dxzielinski/Downloads/archive/PetImages/Dog/10609.jpg,Dog,1,eyes online ears floor near foreground state eyes happy room,post_drift
2637,/home/dxzielinski/Downloads/archive/PetImages/Dog/2322.jpg,Dog,1,phase color soft object tail texture large,post_drift
2638,/home/dxzielinski/Downloads/archive/PetImages/Dog/3953.jpg,Dog,1,texture looking level running token wild short sequence scene playful sharp event phase night sitting,post_drift
2639,/home/dxzielinski/Downloads/archive/PetImages/Dog/6007.jpg,Dog,1,random shape garden online messy,post_drift
2640,/home/dxzielinski/Downloads/archive/PetImages/Dog/4505.jpg,Dog,1,sitting clean drift level foreground state random sample,post_drift
2641,/home/dxzielinski/Downloads/archive/PetImages/Dog/11665.jpg,Dog,1,warm street sitting path color gentle background phase playful sample still focus room,post_drift
2642,/home/dxzielinski/Downloads/archive/PetImages/Dog/2470.jpg,Dog,1,tail small camera happy ears noisy shadow messy short abrupt soft field texture,post_drift
2643,/home/dxzielinski/Downloads/archive/PetImages/Dog/11584.jpg,Dog,1,window inside calm path jumping street grass sample ears messy,post_drift
2644,/home/dxzielinski/Downloads/archive/PetImages/Dog/12330.jpg,Dog,1,change blanket looking focus street day,post_drift
2645,/home/dxzielinski/Downloads/archive/PetImages/Dog/4063.jpg,Dog,1,inside window soft focus small inside small street calm center steady shadow air blanket photo garden,post_drift
2646,/home/dxzielinski/Downloads/archive/PetImages/Dog/9438.jpg,Dog,1,near day foreground change curious playful online inside near clean color,post_drift
2647,/home/dxzielinski/Downloads/archive/PetImages/Dog/12189.jpg,Dog,1,token floor quiet random noisy looking gentle ears background cold abrupt foreground floor floor,post_drift
2648,/home/dxzielinski/Downloads/archive/PetImages/Dog/5893.jpg,Dog,1,day object token fast camera state scene sequence bright path,post_drift
2649,/home/dxzielinski/Downloads/archive/PetImages/Dog/10172.jpg,Dog,1,random blur round near garden tail calm day,post_drift
2650,/home/dxzielinski/Downloads/archive/PetImages/Dog/1128.jpg,Dog,1,event drift sequence still grass far,post_drift
2651,/home/dxzielinski/Downloads/archive/PetImages/Dog/5260.jpg,Dog,1,foreground light far signal air sharp quiet messy stream eyes shadow frame scene,post_drift
2652,/home/dxzielinski/Downloads/archive/PetImages/Dog/4675.jpg,Dog,1,fast quiet large floor happy field token bright sleepy caption bright near online,post_drift
2653,/home/dxzielinski/Downloads/archive/PetImages/Dog/5041.jpg,Dog,1,floor jumping round sitting looking furry blur,post_drift
2654,/home/dxzielinski/Downloads/archive/PetImages/Dog/12108.jpg,Dog,1,shadow far round focus light noisy blanket pattern gentle long sitting field,post_drift
2655,/home/dxzielinski/Downloads/archive/PetImages/Dog/4873.jpg,Dog,1,night furry focus random night inside texture still random random grass path signal drift night,post_drift
2656,/home/dxzielinski/Downloads/archive/PetImages/Dog/10317.jpg,Dog,1,window level steady happy house grass event small night window light jumping stream wild soft,post_drift
2657,/home/dxzielinski/Downloads/archive/PetImages/Dog/7689.jpg,Dog,1,happy scene blanket soft clean,post_drift
2658,/home/dxzielinski/Downloads/archive/PetImages/Dog/518.jpg,Dog,1,texture drift texture window long sequence sitting,post_drift
2659,/home/dxzielinski/Downloads/archive/PetImages/Dog/8558.jpg,Dog,1,gentle large long short noisy curious focus night sequence messy caption soft photo sitting night,post_drift
2660,/home/dxzielinski/Downloads/archive/PetImages/Dog/7133.jpg,Dog,1,furry center light corner color large ears calm stream caption blur field camera random drift background,post_drift
2661,/home/dxzielinski/Downloads/archive/PetImages/Dog/8640.jpg,Dog,1,playful soft stream eyes calm curious camera caption color change street,post_drift
2662,/home/dxzielinski/Downloads/archive/PetImages/Dog/10466.jpg,Dog,1,furry photo stream happy long short long gentle online texture,post_drift
2663,/home/dxzielinski/Downloads/archive/PetImages/Dog/6454.jpg,Dog,1,stream outside fast caption soft round street,post_drift
2664,/home/dxzielinski/Downloads/archive/PetImages/Dog/3941.jpg,Dog,1,tail sitting photo messy short steady state messy level gentle,post_drift
2665,/home/dxzielinski/Downloads/archive/PetImages/Dog/4072.jpg,Dog,1,dark sleepy street curious round steady sunny sharp foreground room,post_drift
2666,/home/dxzielinski/Downloads/archive/PetImages/Dog/4223.jpg,Dog,1,phase day steady wild happy camera shadow event grass gentle,post_drift
2667,/home/dxzielinski/Downloads/archive/PetImages/Dog/12456.jpg,Dog,1,bright online floor motion sunny window focus phase drift shape room color drift warm soft,post_drift
2668,/home/dxzielinski/Downloads/archive/PetImages/Dog/8329.jpg,Dog,1,level sequence eyes fast corner looking blur happy event field camera,post_drift
2669,/home/dxzielinski/Downloads/archive/PetImages/Dog/7170.jpg,Dog,1,sharp soft corner round token focus blanket calm color wild garden frame online room air,post_drift
2670,/home/dxzielinski/Downloads/archive/PetImages/Dog/2800.jpg,Dog,1,large running pattern looking shape near gentle soft blanket looking furry curious playful caption running change,post_drift
2671,/home/dxzielinski/Downloads/archive/PetImages/Dog/2398.jpg,Dog,1,online grass short running calm sleepy large night,post_drift
2672,/home/dxzielinski/Downloads/archive/PetImages/Dog/3117.jpg,Dog,1,near jumping noisy curious window moment round,post_drift
2673,/home/dxzielinski/Downloads/archive/PetImages/Dog/12221.jpg,Dog,1,eyes stream room still messy,post_drift
2674,/home/dxzielinski/Downloads/archive/PetImages/Dog/2614.jpg,Dog,1,looking camera sample sample eyes noisy token event messy steady random steady far pattern,post_drift
2675,/home/dxzielinski/Downloads/archive/PetImages/Dog/12424.jpg,Dog,1,grass calm sleepy outside eyes sunny color scene,post_drift
2676,/home/dxzielinski/Downloads/archive/PetImages/Dog/5445.jpg,Dog,1,large far wild tail color camera window abrupt,post_drift
2677,/home/dxzielinski/Downloads/archive/PetImages/Dog/869.jpg,Dog,1,moment gentle token eyes curious light furry texture sunny random,post_drift
2678,/home/dxzielinski/Downloads/archive/PetImages/Dog/10015.jpg,Dog,1,warm inside event moment large jumping,post_drift
2679,/home/dxzielinski/Downloads/archive/PetImages/Dog/1986.jpg,Dog,1,fast long day field large light motion random dark,post_drift
2680,/home/dxzielinski/Downloads/archive/PetImages/Dog/3951.jpg,Dog,1,state corner noisy looking large messy token short,post_drift
2681,/home/dxzielinski/Downloads/archive/PetImages/Dog/7036.jpg,Dog,1,sitting small grass sitting event wild outside fast phase stream house token sequence token,post_drift
2682,/home/dxzielinski/Downloads/archive/PetImages/Dog/4935.jpg,Dog,1,small signal pattern street scene room sitting,post_drift
2683,/home/dxzielinski/Downloads/archive/PetImages/Dog/1891.jpg,Dog,1,fast shape photo online foreground calm sleepy sample state camera sleepy,post_drift
2684,/home/dxzielinski/Downloads/archive/PetImages/Dog/2701.jpg,Dog,1,day path soft pattern far change outside running shape object,post_drift
2685,/home/dxzielinski/Downloads/archive/PetImages/Dog/9089.jpg,Dog,1,still running playful quiet scene window soft fast playful sharp still large,post_drift
2686,/home/dxzielinski/Downloads/archive/PetImages/Dog/3282.jpg,Dog,1,change center large camera center furry random,post_drift
2687,/home/dxzielinski/Downloads/archive/PetImages/Dog/10413.jpg,Dog,1,still signal blanket state gentle caption,post_drift
2688,/home/dxzielinski/Downloads/archive/PetImages/Dog/6336.jpg,Dog,1,warm level sample center far,post_drift
2689,/home/dxzielinski/Downloads/archive/PetImages/Dog/6782.jpg,Dog,1,air moment window street token blanket day jumping event shadow warm phase,post_drift
2690,/home/dxzielinski/Downloads/archive/PetImages/Dog/8529.jpg,Dog,1,caption wild foreground eyes playful frame abrupt curious outside large shape curious short noisy moment,post_drift
2691,/home/dxzielinski/Downloads/archive/PetImages/Dog/5917.jpg,Dog,1,short event floor sample sequence sitting floor bright steady,post_drift
2692,/home/dxzielinski/Downloads/archive/PetImages/Dog/9301.jpg,Dog,1,window path running token object shape background near playful blanket calm far soft inside background,post_drift
2693,/home/dxzielinski/Downloads/archive/PetImages/Dog/4618.jpg,Dog,1,room air furry gentle soft outside abrupt,post_drift
2694,/home/dxzielinski/Downloads/archive/PetImages/Dog/3948.jpg,Dog,1,stream motion foreground clean moment field shape shadow tail street small,post_drift
2695,/home/dxzielinski/Downloads/archive/PetImages/Dog/6525.jpg,Dog,1,quiet phase sitting event round far pattern blanket event color inside blanket air,post_drift
2696,/home/dxzielinski/Downloads/archive/PetImages/Dog/4104.jpg,Dog,1,frame warm fast warm blanket sample,post_drift
2697,/home/dxzielinski/Downloads/archive/PetImages/Dog/8942.jpg,Dog,1,sharp fast dark large running cold token center phase,post_drift
2698,/home/dxzielinski/Downloads/archive/PetImages/Dog/6735.jpg,Dog,1,fast event near stream street eyes frame window light street,post_drift
2699,/home/dxzielinski/Downloads/archive/PetImages/Dog/8207.jpg,Dog,1,abrupt shape calm light large motion object level noisy sitting,post_drift
2700,/home/dxzielinski/Downloads/archive/PetImages/Dog/7190.jpg,Dog,1,steady color field random wild scene day long,post_drift
2701,/home/dxzielinski/Downloads/archive/PetImages/Dog/3376.jpg,Dog,1,still tail state running online air light jumping floor sample long day,post_drift
2702,/home/dxzielinski/Downloads/archive/PetImages/Dog/3065.jpg,Dog,1,bright quiet blanket curious object room sample,post_drift
2703,/home/dxzielinski/Downloads/archive/PetImages/Dog/4205.jpg,Dog,1,blanket sunny floor garden tail running day jumping grass camera online street outside online near object,post_drift
2704,/home/dxzielinski/Downloads/archive/PetImages/Dog/2241.jpg,Dog,1,ears light event short ears,post_drift
2705,/home/dxzielinski/Downloads/archive/PetImages/Dog/1818.jpg,Dog,1,playful long shape day playful window field frame short blur garden outside wild,post_drift
2706,/home/dxzielinski/Downloads/archive/PetImages/Dog/10711.jpg,Dog,1,eyes quiet cold camera large inside background window,post_drift
2707,/home/dxzielinski/Downloads/archive/PetImages/Dog/11471.jpg,Dog,1,blanket shadow house pattern frame long online camera curious,post_drift
2708,/home/dxzielinski/Downloads/archive/PetImages/Dog/8239.jpg,Dog,1,color texture inside jumping phase background online field path large eyes online fast photo room,post_drift
2709,/home/dxzielinski/Downloads/archive/PetImages/Dog/6030.jpg,Dog,1,sleepy cold drift furry warm path small soft jumping steady house window short moment playful,post_drift
2710,/home/dxzielinski/Downloads/archive/PetImages/Dog/8262.jpg,Dog,1,quiet sunny corner street token night phase room token furry,post_drift
2711,/home/dxzielinski/Downloads/archive/PetImages/Dog/9157.jpg,Dog,1,fast object scene happy camera color window stream,post_drift
2712,/home/dxzielinski/Downloads/archive/PetImages/Dog/7884.jpg,Dog,1,frame shape looking sitting token moment event air blanket clean event stream foreground,post_drift
2713,/home/dxzielinski/Downloads/archive/PetImages/Dog/5530.jpg,Dog,1,calm eyes house change fast drift foreground sleepy small steady photo motion grass blanket,post_drift
2714,/home/dxzielinski/Downloads/archive/PetImages/Dog/3026.jpg,Dog,1,small sample night path field,post_drift
2715,/home/dxzielinski/Downloads/archive/PetImages/Dog/2413.jpg,Dog,1,pattern caption still steady shape dark soft caption,post_drift
2716,/home/dxzielinski/Downloads/archive/PetImages/Dog/8446.jpg,Dog,1,shadow small wild window abrupt,post_drift
2717,/home/dxzielinski/Downloads/archive/PetImages/Dog/2677.jpg,Dog,1,drift change night pattern blur house grass foreground quiet foreground,post_drift
2718,/home/dxzielinski/Downloads/archive/PetImages/Dog/9749.jpg,Dog,1,state playful grass caption fast abrupt color focus sharp sample house outside grass near scene stream,post_drift
2719,/home/dxzielinski/Downloads/archive/PetImages/Dog/11824.jpg,Dog,1,tail cold sharp day sample online house motion happy background ears,post_drift
2720,/home/dxzielinski/Downloads/archive/PetImages/Dog/5739.jpg,Dog,1,state scene playful street gentle short center stream steady day tail sample house grass token,post_drift
2721,/home/dxzielinski/Downloads/archive/PetImages/Dog/9753.jpg,Dog,1,outside shadow calm signal change happy far near street inside jumping playful event shape air,post_drift
2722,/home/dxzielinski/Downloads/archive/PetImages/Dog/8343.jpg,Dog,1,ears sleepy furry signal level cold online event caption ears abrupt,post_drift
2723,/home/dxzielinski/Downloads/archive/PetImages/Dog/8918.jpg,Dog,1,shadow steady caption dark caption,post_drift
2724,/home/dxzielinski/Downloads/archive/PetImages/Dog/8285.jpg,Dog,1,drift still level long sunny looking camera grass,post_drift
2725,/home/dxzielinski/Downloads/archive/PetImages/Dog/3709.jpg,Dog,1,stream inside texture shadow fast,post_drift
2726,/home/dxzielinski/Downloads/archive/PetImages/Dog/8072.jpg,Dog,1,path cold motion random shadow background stream object motion grass still moment,post_drift
2727,/home/dxzielinski/Downloads/archive/PetImages/Dog/3097.jpg,Dog,1,abrupt moment shadow house playful sample day tail jumping focus fast,post_drift
2728,/home/dxzielinski/Downloads/archive/PetImages/Dog/9895.jpg,Dog,1,window fast frame sharp window short,post_drift
2729,/home/dxzielinski/Downloads/archive/PetImages/Dog/2196.jpg,Dog,1,warm sunny caption sharp gentle path pattern sequence gentle day room change steady focus corner,post_drift
2730,/home/dxzielinski/Downloads/archive/PetImages/Dog/1631.jpg,Dog,1,color window online looking window playful night,post_drift
2731,/home/dxzielinski/Downloads/archive/PetImages/Dog/4401.jpg,Dog,1,blur eyes night texture night room camera change blanket warm change furry color token,post_drift
2732,/home/dxzielinski/Downloads/archive/PetImages/Dog/8017.jpg,Dog,1,large signal level window shadow blanket,post_drift
2733,/home/dxzielinski/Downloads/archive/PetImages/Dog/9718.jpg,Dog,1,window random sunny house abrupt day corner clean fast,post_drift
2734,/home/dxzielinski/Downloads/archive/PetImages/Dog/9816.jpg,Dog,1,sharp frame steady curious blur,post_drift
2735,/home/dxzielinski/Downloads/archive/PetImages/Dog/10025.jpg,Dog,1,sample color fast floor round still,post_drift
2736,/home/dxzielinski/Downloads/archive/PetImages/Dog/9065.jpg,Dog,1,air texture online drift short shape fast window quiet blur texture bright calm playful focus noisy,post_drift
2737,/home/dxzielinski/Downloads/archive/PetImages/Dog/2312.jpg,Dog,1,path near token ears garden,post_drift
2738,/home/dxzielinski/Downloads/archive/PetImages/Dog/9583.jpg,Dog,1,path steady inside warm blur,post_drift
2739,/home/dxzielinski/Downloads/archive/PetImages/Dog/7206.jpg,Dog,1,garden shadow steady background caption state playful,post_drift
2740,/home/dxzielinski/Downloads/archive/PetImages/Dog/5160.jpg,Dog,1,floor signal day room quiet quiet,post_drift
2741,/home/dxzielinski/Downloads/archive/PetImages/Dog/8111.jpg,Dog,1,looking far sharp camera window object dark,post_drift
2742,/home/dxzielinski/Downloads/archive/PetImages/Dog/1966.jpg,Dog,1,floor center signal scene pattern jumping,post_drift
2743,/home/dxzielinski/Downloads/archive/PetImages/Dog/4881.jpg,Dog,1,small field light looking bright gentle long motion corner jumping state corner frame,post_drift
2744,/home/dxzielinski/Downloads/archive/PetImages/Dog/2766.jpg,Dog,1,shape blur abrupt color night air sample,post_drift
2745,/home/dxzielinski/Downloads/archive/PetImages/Dog/3999.jpg,Dog,1,online noisy object warm camera camera camera round wild round drift fast long,post_drift
2746,/home/dxzielinski/Downloads/archive/PetImages/Dog/4153.jpg,Dog,1,furry clean looking soft street background object grass gentle object photo wild long,post_drift
2747,/home/dxzielinski/Downloads/archive/PetImages/Dog/8670.jpg,Dog,1,large looking noisy bright warm token bright eyes street garden cold window shadow eyes,post_drift
2748,/home/dxzielinski/Downloads/archive/PetImages/Dog/6907.jpg,Dog,1,corner stream round playful scene grass long street photo eyes large,post_drift
2749,/home/dxzielinski/Downloads/archive/PetImages/Dog/3073.jpg,Dog,1,wild short window object state frame foreground frame field happy,post_drift
2750,/home/dxzielinski/Downloads/archive/PetImages/Dog/2461.jpg,Dog,1,foreground foreground ears small drift near change camera inside round blur scene background texture,post_drift
2751,/home/dxzielinski/Downloads/archive/PetImages/Dog/6509.jpg,Dog,1,frame messy path far sleepy playful level sitting light color signal garden curious near eyes happy,post_drift
2752,/home/dxzielinski/Downloads/archive/PetImages/Dog/6985.jpg,Dog,1,object calm blanket running quiet,post_drift
2753,/home/dxzielinski/Downloads/archive/PetImages/Dog/4160.jpg,Dog,1,day blanket motion gentle color field,post_drift
2754,/home/dxzielinski/Downloads/archive/PetImages/Dog/10207.jpg,Dog,1,clean round ears shadow gentle house garden still state,post_drift
2755,/home/dxzielinski/Downloads/archive/PetImages/Dog/2438.jpg,Dog,1,frame fast gentle moment still state change curious furry focus change,post_drift
2756,/home/dxzielinski/Downloads/archive/PetImages/Dog/3812.jpg,Dog,1,foreground sunny long abrupt corner token sunny object clean round caption running object soft still,post_drift
2757,/home/dxzielinski/Downloads/archive/PetImages/Dog/5010.jpg,Dog,1,grass drift corner drift room eyes motion window focus sunny long sequence sitting inside playful large,post_drift
2758,/home/dxzielinski/Downloads/archive/PetImages/Dog/5957.jpg,Dog,1,short air photo abrupt shadow blur color fast abrupt sunny,post_drift
2759,/home/dxzielinski/Downloads/archive/PetImages/Dog/1320.jpg,Dog,1,gentle drift field bright window house change photo,post_drift
2760,/home/dxzielinski/Downloads/archive/PetImages/Dog/2715.jpg,Dog,1,warm soft blanket online shadow sequence signal far furry,post_drift
2761,/home/dxzielinski/Downloads/archive/PetImages/Dog/8479.jpg,Dog,1,playful shape light small pattern,post_drift
2762,/home/dxzielinski/Downloads/archive/PetImages/Dog/11804.jpg,Dog,1,happy street motion sitting level drift furry center room soft state clean furry background,post_drift
2763,/home/dxzielinski/Downloads/archive/PetImages/Dog/4733.jpg,Dog,1,frame light signal state near moment shadow clean light house,post_drift
2764,/home/dxzielinski/Downloads/archive/PetImages/Dog/2031.jpg,Dog,1,night event frame moment window long,post_drift
2765,/home/dxzielinski/Downloads/archive/PetImages/Dog/3456.jpg,Dog,1,messy blur clean caption sleepy token shadow large motion drift phase sequence air random window,post_drift
2766,/home/dxzielinski/Downloads/archive/PetImages/Dog/4197.jpg,Dog,1,window background event sleepy calm,post_drift
2767,/home/dxzielinski/Downloads/archive/PetImages/Dog/7630.jpg,Dog,1,state object quiet still light,post_drift
2768,/home/dxzielinski/Downloads/archive/PetImages/Dog/6295.jpg,Dog,1,steady wild playful day running,post_drift
2769,/home/dxzielinski/Downloads/archive/PetImages/Dog/9533.jpg,Dog,1,event center motion garden day tail still,post_drift
2770,/home/dxzielinski/Downloads/archive/PetImages/Dog/4584.jpg,Dog,1,warm happy online level frame air texture near photo light dark blur,post_drift
2771,/home/dxzielinski/Downloads/archive/PetImages/Dog/5512.jpg,Dog,1,long house night round token pattern stream street grass noisy field clean cold round wild fast,post_drift
2772,/home/dxzielinski/Downloads/archive/PetImages/Dog/5367.jpg,Dog,1,window running house change camera motion,post_drift
2773,/home/dxzielinski/Downloads/archive/PetImages/Dog/2003.jpg,Dog,1,wild far light wild frame clean furry dark frame bright looking running day corner wild change,post_drift
2774,/home/dxzielinski/Downloads/archive/PetImages/Dog/10757.jpg,Dog,1,sleepy sunny moment jumping jumping warm furry room house round sunny field warm pattern,post_drift
2775,/home/dxzielinski/Downloads/archive/PetImages/Dog/11676.jpg,Dog,1,online event small floor short foreground path state clean path playful bright soft,post_drift
2776,/home/dxzielinski/Downloads/archive/PetImages/Dog/10477.jpg,Dog,1,soft foreground window round blur far background,post_drift
2777,/home/dxzielinski/Downloads/archive/PetImages/Dog/11480.jpg,Dog,1,camera looking window night still tail window caption shape warm round,post_drift
2778,/home/dxzielinski/Downloads/archive/PetImages/Dog/10771.jpg,Dog,1,near street house tail quiet scene house sunny,post_drift
2779,/home/dxzielinski/Downloads/archive/PetImages/Dog/11756.jpg,Dog,1,noisy texture air house calm near room,post_drift
2780,/home/dxzielinski/Downloads/archive/PetImages/Dog/4134.jpg,Dog,1,sample cold moment garden blanket online looking garden signal,post_drift
2781,/home/dxzielinski/Downloads/archive/PetImages/Dog/8356.jpg,Dog,1,day wild clean state blur soft corner curious running focus window sharp playful camera random corner,post_drift
2782,/home/dxzielinski/Downloads/archive/PetImages/Dog/182.jpg,Dog,1,outside eyes online calm blanket field random moment curious drift still dark corner night window field,post_drift
2783,/home/dxzielinski/Downloads/archive/PetImages/Dog/3458.jpg,Dog,1,large soft camera near messy phase running camera sitting center shape inside day,post_drift
2784,/home/dxzielinski/Downloads/archive/PetImages/Dog/7912.jpg,Dog,1,path running caption pattern ears sitting noisy outside floor sample,post_drift
2785,/home/dxzielinski/Downloads/archive/PetImages/Dog/10099.jpg,Dog,1,inside motion change house field drift sitting calm signal ears corner drift,post_drift
2786,/home/dxzielinski/Downloads/archive/PetImages/Dog/4339.jpg,Dog,1,window curious state shadow frame clean sharp inside furry curious warm token,post_drift
2787,/home/dxzielinski/Downloads/archive/PetImages/Dog/1364.jpg,Dog,1,short drift grass scene texture sunny curious window far texture state bright path far sharp event,post_drift
2788,/home/dxzielinski/Downloads/archive/PetImages/Dog/8981.jpg,Dog,1,level background texture jumping sharp messy gentle,post_drift
2789,/home/dxzielinski/Downloads/archive/PetImages/Dog/4108.jpg,Dog,1,inside happy random looking day floor happy moment photo,post_drift
2790,/home/dxzielinski/Downloads/archive/PetImages/Dog/6228.jpg,Dog,1,large bright ears outside floor,post_drift
2791,/home/dxzielinski/Downloads/archive/PetImages/Dog/8175.jpg,Dog,1,window room running ears day blur quiet color tail grass jumping running texture object photo floor,post_drift
2792,/home/dxzielinski/Downloads/archive/PetImages/Dog/7578.jpg,Dog,1,foreground random abrupt caption street playful focus clean far drift,post_drift
2793,/home/dxzielinski/Downloads/archive/PetImages/Dog/11840.jpg,Dog,1,bright room tail ears dark sample,post_drift
2794,/home/dxzielinski/Downloads/archive/PetImages/Dog/7973.jpg,Dog,1,round dark far short phase clean ears frame gentle sample,post_drift
2795,/home/dxzielinski/Downloads/archive/PetImages/Dog/12192.jpg,Dog,1,jumping calm path air state steady token moment near sample calm,post_drift
2796,/home/dxzielinski/Downloads/archive/PetImages/Dog/8494.jpg,Dog,1,texture center scene field eyes corner camera online signal state online light,post_drift
2797,/home/dxzielinski/Downloads/archive/PetImages/Dog/2965.jpg,Dog,1,light background path object pattern window texture random playful room clean caption state,post_drift
2798,/home/dxzielinski/Downloads/archive/PetImages/Dog/5790.jpg,Dog,1,running floor jumping caption window,post_drift
2799,/home/dxzielinski/Downloads/archive/PetImages/Dog/2226.jpg,Dog,1,floor window room near room texture frame event,post_drift
2800,/home/dxzielinski/Downloads/archive/PetImages/Dog/4022.jpg,Dog,1,wild curious frame curious night round curious wild floor,post_drift
2801,/home/dxzielinski/Downloads/archive/PetImages/Dog/9058.jpg,Dog,1,event air outside room abrupt foreground corner playful state near,post_drift
2802,/home/dxzielinski/Downloads/archive/PetImages/Dog/7149.jpg,Dog,1,caption day sitting garden abrupt phase still ears still background sample color,post_drift
2803,/home/dxzielinski/Downloads/archive/PetImages/Dog/5689.jpg,Dog,1,foreground foreground day dark curious small still round ears shadow wild room dark blur,post_drift
2804,/home/dxzielinski/Downloads/archive/PetImages/Dog/3358.jpg,Dog,1,long object sunny soft moment camera frame ears playful,post_drift
2805,/home/dxzielinski/Downloads/archive/PetImages/Dog/10946.jpg,Dog,1,blanket state happy drift small street still foreground room noisy,post_drift
2806,/home/dxzielinski/Downloads/archive/PetImages/Dog/4308.jpg,Dog,1,shape drift noisy playful change near shape curious curious,post_drift
2807,/home/dxzielinski/Downloads/archive/PetImages/Dog/8429.jpg,Dog,1,light happy happy sample round still blur bright blanket field eyes center,post_drift
2808,/home/dxzielinski/Downloads/archive/PetImages/Dog/8737.jpg,Dog,1,tail large bright blanket random change frame,post_drift
2809,/home/dxzielinski/Downloads/archive/PetImages/Dog/903.jpg,Dog,1,photo focus stream steady phase abrupt round garden phase light abrupt messy,post_drift
2810,/home/dxzielinski/Downloads/archive/PetImages/Dog/3312.jpg,Dog,1,garden curious focus drift sharp running path room house outside clean,post_drift
2811,/home/dxzielinski/Downloads/archive/PetImages/Dog/7977.jpg,Dog,1,near field far playful eyes long day shadow,post_drift
2812,/home/dxzielinski/Downloads/archive/PetImages/Dog/12127.jpg,Dog,1,phase object level path inside sleepy far large scene,post_drift
2813,/home/dxzielinski/Downloads/archive/PetImages/Dog/5860.jpg,Dog,1,camera running far abrupt cold large,post_drift
2814,/home/dxzielinski/Downloads/archive/PetImages/Dog/11746.jpg,Dog,1,running messy motion warm inside path color jumping frame small window playful looking window corner,post_drift
2815,/home/dxzielinski/Downloads/archive/PetImages/Dog/4503.jpg,Dog,1,round sitting house grass random large blanket frame bright motion,post_drift
2816,/home/dxzielinski/Downloads/archive/PetImages/Dog/12223.jpg,Dog,1,shadow phase looking moment abrupt,post_drift
2817,/home/dxzielinski/Downloads/archive/PetImages/Dog/11932.jpg,Dog,1,warm inside window sharp center happy noisy corner fast small eyes event steady texture,post_drift
2818,/home/dxzielinski/Downloads/archive/PetImages/Dog/5830.jpg,Dog,1,eyes house shadow air eyes window garden messy,post_drift
2819,/home/dxzielinski/Downloads/archive/PetImages/Dog/11275.jpg,Dog,1,day blanket light center moment furry,post_drift
2820,/home/dxzielinski/Downloads/archive/PetImages/Dog/4742.jpg,Dog,1,random signal corner gentle messy calm clean drift night caption sleepy texture warm ears happy token,post_drift
2821,/home/dxzielinski/Downloads/archive/PetImages/Dog/5736.jpg,Dog,1,state cold sequence far frame garden playful floor grass window abrupt,post_drift
2822,/home/dxzielinski/Downloads/archive/PetImages/Dog/1514.jpg,Dog,1,sharp token grass signal field dark sleepy night looking texture field wild sitting steady blanket night,post_drift
2823,/home/dxzielinski/Downloads/archive/PetImages/Dog/6664.jpg,Dog,1,stream small corner center bright stream wild,post_drift
2824,/home/dxzielinski/Downloads/archive/PetImages/Dog/9250.jpg,Dog,1,state sunny house far air sequence,post_drift
2825,/home/dxzielinski/Downloads/archive/PetImages/Dog/9443.jpg,Dog,1,sitting window token token focus path far sleepy random change calm sunny,post_drift
2826,/home/dxzielinski/Downloads/archive/PetImages/Dog/6355.jpg,Dog,1,sequence inside ears round looking small room cold,post_drift
2827,/home/dxzielinski/Downloads/archive/PetImages/Dog/279.jpg,Dog,1,photo clean window sample sitting caption focus event room fast round floor garden still,post_drift
2828,/home/dxzielinski/Downloads/archive/PetImages/Dog/7370.jpg,Dog,1,far state camera night sleepy caption grass sunny noisy ears window soft clean center,post_drift
2829,/home/dxzielinski/Downloads/archive/PetImages/Dog/6235.jpg,Dog,1,furry frame near scene looking clean,post_drift
2830,/home/dxzielinski/Downloads/archive/PetImages/Dog/831.jpg,Dog,1,air color window random object sequence path steady room round,post_drift
2831,/home/dxzielinski/Downloads/archive/PetImages/Dog/3606.jpg,Dog,1,color focus steady sequence large clean camera window outside field,post_drift
2832,/home/dxzielinski/Downloads/archive/PetImages/Dog/2384.jpg,Dog,1,near quiet short happy jumping shadow,post_drift
2833,/home/dxzielinski/Downloads/archive/PetImages/Dog/5253.jpg,Dog,1,ears warm night house grass background sunny ears state jumping shape steady,post_drift
2834,/home/dxzielinski/Downloads/archive/PetImages/Dog/6591.jpg,Dog,1,shadow happy ears jumping calm looking noisy eyes field scene online long scene motion night,post_drift
2835,/home/dxzielinski/Downloads/archive/PetImages/Dog/10189.jpg,Dog,1,background outside camera ears object far,post_drift
2836,/home/dxzielinski/Downloads/archive/PetImages/Dog/7775.jpg,Dog,1,phase window running round short ears short object random room,post_drift
2837,/home/dxzielinski/Downloads/archive/PetImages/Dog/7872.jpg,Dog,1,state far running floor quiet abrupt dark,post_drift
2838,/home/dxzielinski/Downloads/archive/PetImages/Dog/7367.jpg,Dog,1,day phase garden night inside inside grass ears street,post_drift
2839,/home/dxzielinski/Downloads/archive/PetImages/Dog/3771.jpg,Dog,1,sharp street jumping signal running short scene frame drift token garden clean still corner quiet window,post_drift
2840,/home/dxzielinski/Downloads/archive/PetImages/Dog/7699.jpg,Dog,1,texture street change state running outside,post_drift
2841,/home/dxzielinski/Downloads/archive/PetImages/Dog/1857.jpg,Dog,1,random steady room happy motion wild camera calm,post_drift
2842,/home/dxzielinski/Downloads/archive/PetImages/Dog/10459.jpg,Dog,1,token color sample floor near token dark caption motion online background steady window tail field,post_drift
2843,/home/dxzielinski/Downloads/archive/PetImages/Dog/3549.jpg,Dog,1,window large foreground sharp street,post_drift
2844,/home/dxzielinski/Downloads/archive/PetImages/Dog/3367.jpg,Dog,1,photo sample frame motion dark gentle large short messy photo quiet near,post_drift
2845,/home/dxzielinski/Downloads/archive/PetImages/Dog/5522.jpg,Dog,1,long curious soft air photo far shape ears bright field sequence online focus small,post_drift
2846,/home/dxzielinski/Downloads/archive/PetImages/Dog/11536.jpg,Dog,1,short foreground curious long curious grass quiet small playful,post_drift
2847,/home/dxzielinski/Downloads/archive/PetImages/Dog/6998.jpg,Dog,1,soft garden blur large sequence scene window level sitting house tail stream frame street inside wild,post_drift
2848,/home/dxzielinski/Downloads/archive/PetImages/Dog/11475.jpg,Dog,1,sharp scene path long gentle cold round sample room drift corner frame signal center,post_drift
2849,/home/dxzielinski/Downloads/archive/PetImages/Dog/2169.jpg,Dog,1,eyes online stream corner moment sharp window shadow eyes far looking light object scene frame,post_drift
2850,/home/dxzielinski/Downloads/archive/PetImages/Dog/2445.jpg,Dog,1,noisy bright foreground drift drift window window shadow still large random color drift caption,post_drift
2851,/home/dxzielinski/Downloads/archive/PetImages/Dog/11243.jpg,Dog,1,steady blur floor happy light stream change level cold inside floor street outside abrupt ears,post_drift
2852,/home/dxzielinski/Downloads/archive/PetImages/Dog/441.jpg,Dog,1,noisy window abrupt short fast running grass window playful gentle sample path eyes cold,post_drift
2853,/home/dxzielinski/Downloads/archive/PetImages/Dog/5478.jpg,Dog,1,corner short signal looking moment path phase happy scene sunny floor noisy blur,post_drift
2854,/home/dxzielinski/Downloads/archive/PetImages/Dog/11760.jpg,Dog,1,scene drift quiet inside running,post_drift
2855,/home/dxzielinski/Downloads/archive/PetImages/Dog/5913.jpg,Dog,1,foreground floor inside jumping background sunny online eyes dark clean grass center,post_drift
2856,/home/dxzielinski/Downloads/archive/PetImages/Dog/1076.jpg,Dog,1,outside bright large stream moment sample sample calm street,post_drift
2857,/home/dxzielinski/Downloads/archive/PetImages/Dog/8035.jpg,Dog,1,sample shape blur field eyes blanket curious window abrupt stream,post_drift
2858,/home/dxzielinski/Downloads/archive/PetImages/Dog/3657.jpg,Dog,1,outside object moment bright day color photo stream ears,post_drift
2859,/home/dxzielinski/Downloads/archive/PetImages/Dog/10034.jpg,Dog,1,caption motion messy short floor sunny cold sample,post_drift
2860,/home/dxzielinski/Downloads/archive/PetImages/Dog/8457.jpg,Dog,1,calm noisy foreground sleepy calm room running field frame curious object short inside furry,post_drift
2861,/home/dxzielinski/Downloads/archive/PetImages/Dog/4679.jpg,Dog,1,shadow random jumping motion shadow wild soft drift signal sunny street window,post_drift
2862,/home/dxzielinski/Downloads/archive/PetImages/Dog/7878.jpg,Dog,1,path cold background night focus sharp day eyes photo,post_drift
2863,/home/dxzielinski/Downloads/archive/PetImages/Dog/11532.jpg,Dog,1,outside center camera steady field,post_drift
2864,/home/dxzielinski/Downloads/archive/PetImages/Dog/2134.jpg,Dog,1,shape token pattern bright signal inside happy furry abrupt,post_drift
2865,/home/dxzielinski/Downloads/archive/PetImages/Dog/4377.jpg,Dog,1,corner air gentle steady looking quiet round color running ears happy online curious short stream,post_drift
2866,/home/dxzielinski/Downloads/archive/PetImages/Dog/1796.jpg,Dog,1,gentle still ears state abrupt clean garden token small garden foreground short frame,post_drift
2867,/home/dxzielinski/Downloads/archive/PetImages/Dog/2968.jpg,Dog,1,garden street photo still state blur color sleepy,post_drift
2868,/home/dxzielinski/Downloads/archive/PetImages/Dog/6963.jpg,Dog,1,warm quiet gentle camera jumping small center day pattern shadow street happy,post_drift
2869,/home/dxzielinski/Downloads/archive/PetImages/Dog/73.jpg,Dog,1,house online background object sharp calm bright,post_drift
2870,/home/dxzielinski/Downloads/archive/PetImages/Dog/6895.jpg,Dog,1,air blanket sample path night pattern ears event long messy shadow,post_drift
2871,/home/dxzielinski/Downloads/archive/PetImages/Dog/5281.jpg,Dog,1,night change steady night wild floor color noisy playful clean foreground state dark near pattern soft,post_drift
2872,/home/dxzielinski/Downloads/archive/PetImages/Dog/5506.jpg,Dog,1,window online night outside ears,post_drift
2873,/home/dxzielinski/Downloads/archive/PetImages/Dog/6687.jpg,Dog,1,foreground happy event fast running stream happy night sample eyes,post_drift
2874,/home/dxzielinski/Downloads/archive/PetImages/Dog/8471.jpg,Dog,1,level still signal house clean online state noisy inside,post_drift
2875,/home/dxzielinski/Downloads/archive/PetImages/Dog/7167.jpg,Dog,1,floor shape online sharp scene jumping pattern moment,post_drift
2876,/home/dxzielinski/Downloads/archive/PetImages/Dog/3018.jpg,Dog,1,field curious sharp sample texture inside air street color messy warm random texture,post_drift
2877,/home/dxzielinski/Downloads/archive/PetImages/Dog/10633.jpg,Dog,1,sequence near ears ears night pattern,post_drift
2878,/home/dxzielinski/Downloads/archive/PetImages/Dog/12071.jpg,Dog,1,blanket shadow garden texture warm ears motion street object looking color bright blanket long ears long,post_drift
2879,/home/dxzielinski/Downloads/archive/PetImages/Dog/859.jpg,Dog,1,round steady caption light tail,post_drift
2880,/home/dxzielinski/Downloads/archive/PetImages/Dog/10180.jpg,Dog,1,shape phase small online window sleepy,post_drift
2881,/home/dxzielinski/Downloads/archive/PetImages/Dog/3118.jpg,Dog,1,field light playful long path sequence running messy,post_drift
2882,/home/dxzielinski/Downloads/archive/PetImages/Dog/4600.jpg,Dog,1,blanket cold curious cold window playful sitting air background bright sample,post_drift
2883,/home/dxzielinski/Downloads/archive/PetImages/Dog/5534.jpg,Dog,1,grass inside motion camera moment,post_drift
2884,/home/dxzielinski/Downloads/archive/PetImages/Dog/6035.jpg,Dog,1,round camera blanket moment furry photo drift,post_drift
2885,/home/dxzielinski/Downloads/archive/PetImages/Dog/3522.jpg,Dog,1,long color signal happy garden abrupt signal room tail jumping night moment,post_drift
2886,/home/dxzielinski/Downloads/archive/PetImages/Dog/8251.jpg,Dog,1,object path light cold motion shape steady blanket night ears pattern scene,post_drift
2887,/home/dxzielinski/Downloads/archive/PetImages/Dog/5432.jpg,Dog,1,foreground clean texture small stream inside sample frame sample wild playful calm,post_drift
2888,/home/dxzielinski/Downloads/archive/PetImages/Dog/1109.jpg,Dog,1,abrupt curious corner still inside change,post_drift
2889,/home/dxzielinski/Downloads/archive/PetImages/Dog/807.jpg,Dog,1,noisy warm house foreground random,post_drift
2890,/home/dxzielinski/Downloads/archive/PetImages/Dog/2066.jpg,Dog,1,blanket sunny cold room camera garden blanket color camera sharp moment drift curious ears window path,post_drift
2891,/home/dxzielinski/Downloads/archive/PetImages/Dog/3017.jpg,Dog,1,steady color sample camera random outside frame large abrupt gentle air,post_drift
2892,/home/dxzielinski/Downloads/archive/PetImages/Dog/143.jpg,Dog,1,night stream sharp center camera center floor stream object random tail fast happy blur drift abrupt,post_drift
2893,/home/dxzielinski/Downloads/archive/PetImages/Dog/9113.jpg,Dog,1,calm path abrupt center floor drift steady camera caption inside,post_drift
2894,/home/dxzielinski/Downloads/archive/PetImages/Dog/7363.jpg,Dog,1,floor sitting running motion noisy,post_drift
2895,/home/dxzielinski/Downloads/archive/PetImages/Dog/11169.jpg,Dog,1,token short eyes day curious state messy shadow window,post_drift
2896,/home/dxzielinski/Downloads/archive/PetImages/Dog/6938.jpg,Dog,1,sitting stream path light window window frame,post_drift
2897,/home/dxzielinski/Downloads/archive/PetImages/Dog/10357.jpg,Dog,1,house sunny texture soft playful noisy far stream blanket still,post_drift
2898,/home/dxzielinski/Downloads/archive/PetImages/Dog/10795.jpg,Dog,1,moment event curious state corner shadow foreground dark sequence,post_drift
2899,/home/dxzielinski/Downloads/archive/PetImages/Dog/9380.jpg,Dog,1,field messy short sequence house,post_drift
2900,/home/dxzielinski/Downloads/archive/PetImages/Dog/9444.jpg,Dog,1,scene caption noisy air object change floor,post_drift
2901,/home/dxzielinski/Downloads/archive/PetImages/Dog/2375.jpg,Dog,1,field sharp random tail change background warm cold phase day,post_drift
2902,/home/dxzielinski/Downloads/archive/PetImages/Dog/8935.jpg,Dog,1,pattern blur night jumping messy day sleepy,post_drift
2903,/home/dxzielinski/Downloads/archive/PetImages/Dog/8317.jpg,Dog,1,soft texture change soft signal,post_drift
2904,/home/dxzielinski/Downloads/archive/PetImages/Dog/459.jpg,Dog,1,wild corner blanket window house path path focus still jumping scene jumping fast shadow jumping gentle,post_drift
2905,/home/dxzielinski/Downloads/archive/PetImages/Dog/3383.jpg,Dog,1,corner large cold calm photo,post_drift
2906,/home/dxzielinski/Downloads/archive/PetImages/Dog/1410.jpg,Dog,1,ears still corner state photo color background pattern background outside running level object,post_drift
2907,/home/dxzielinski/Downloads/archive/PetImages/Dog/1526.jpg,Dog,1,caption path day curious center phase outside bright sleepy short light event dark field,post_drift
2908,/home/dxzielinski/Downloads/archive/PetImages/Dog/2874.jpg,Dog,1,focus house calm random grass,post_drift
2909,/home/dxzielinski/Downloads/archive/PetImages/Dog/7420.jpg,Dog,1,object looking steady sleepy wild sitting change texture calm calm warm gentle noisy token corner,post_drift
2910,/home/dxzielinski/Downloads/archive/PetImages/Dog/4638.jpg,Dog,1,level small bright light playful center abrupt playful focus large window far,post_drift
2911,/home/dxzielinski/Downloads/archive/PetImages/Dog/5211.jpg,Dog,1,window motion street camera caption,post_drift
2912,/home/dxzielinski/Downloads/archive/PetImages/Dog/6594.jpg,Dog,1,sitting blanket pattern object cold wild path online light round light,post_drift
2913,/home/dxzielinski/Downloads/archive/PetImages/Dog/2699.jpg,Dog,1,bright furry state path blur light cold,post_drift
2914,/home/dxzielinski/Downloads/archive/PetImages/Dog/3987.jpg,Dog,1,playful noisy motion level sitting blur outside air dark messy running sequence,post_drift
2915,/home/dxzielinski/Downloads/archive/PetImages/Dog/6723.jpg,Dog,1,round soft level playful quiet gentle clean near noisy outside wild sharp blur event night,post_drift
2916,/home/dxzielinski/Downloads/archive/PetImages/Dog/8376.jpg,Dog,1,path inside cold path round signal,post_drift
2917,/home/dxzielinski/Downloads/archive/PetImages/Dog/7772.jpg,Dog,1,level cold object color running inside street jumping caption street short room,post_drift
2918,/home/dxzielinski/Downloads/archive/PetImages/Dog/3103.jpg,Dog,1,blanket gentle window room camera floor warm day running garden shape stream photo quiet playful calm,post_drift
2919,/home/dxzielinski/Downloads/archive/PetImages/Dog/10131.jpg,Dog,1,window sequence still scene night looking wild sample caption running object day window,post_drift
2920,/home/dxzielinski/Downloads/archive/PetImages/Dog/9195.jpg,Dog,1,wild night noisy color noisy frame dark,post_drift
2921,/home/dxzielinski/Downloads/archive/PetImages/Dog/11725.jpg,Dog,1,foreground gentle wild object curious soft inside night,post_drift
2922,/home/dxzielinski/Downloads/archive/PetImages/Dog/11701.jpg,Dog,1,signal far window sitting calm dark caption random phase,post_drift
2923,/home/dxzielinski/Downloads/archive/PetImages/Dog/5328.jpg,Dog,1,foreground stream small inside center motion corner motion stream,post_drift
2924,/home/dxzielinski/Downloads/archive/PetImages/Dog/11029.jpg,Dog,1,scene running day sample light gentle drift house sharp eyes cold center,post_drift
2925,/home/dxzielinski/Downloads/archive/PetImages/Dog/5539.jpg,Dog,1,token inside happy street blur,post_drift
2926,/home/dxzielinski/Downloads/archive/PetImages/Dog/1609.jpg,Dog,1,change focus air signal air blanket photo level grass,post_drift
2927,/home/dxzielinski/Downloads/archive/PetImages/Dog/9885.jpg,Dog,1,warm furry cold object happy noisy house level air,post_drift
2928,/home/dxzielinski/Downloads/archive/PetImages/Dog/2533.jpg,Dog,1,soft air grass sharp bright dark warm noisy light change texture corner fast,post_drift
2929,/home/dxzielinski/Downloads/archive/PetImages/Dog/569.jpg,Dog,1,running running running far long round large steady,post_drift
2930,/home/dxzielinski/Downloads/archive/PetImages/Dog/10066.jpg,Dog,1,photo frame furry grass frame texture caption pattern center,post_drift
2931,/home/dxzielinski/Downloads/archive/PetImages/Dog/1141.jpg,Dog,1,foreground object curious background focus small near scene long moment sample object,post_drift
2932,/home/dxzielinski/Downloads/archive/PetImages/Dog/10834.jpg,Dog,1,token cold clean night phase eyes window grass foreground shape jumping stream,post_drift
2933,/home/dxzielinski/Downloads/archive/PetImages/Dog/797.jpg,Dog,1,shape bright house pattern round warm token sleepy night,post_drift
2934,/home/dxzielinski/Downloads/archive/PetImages/Dog/3146.jpg,Dog,1,messy light sharp fast playful blanket window sleepy house ears furry messy moment object playful wild,post_drift
2935,/home/dxzielinski/Downloads/archive/PetImages/Dog/2565.jpg,Dog,1,happy sitting moment background stream state frame fast day playful sequence room,post_drift
2936,/home/dxzielinski/Downloads/archive/PetImages/Dog/9761.jpg,Dog,1,sample corner still jumping phase blur online small state,post_drift
2937,/home/dxzielinski/Downloads/archive/PetImages/Dog/4690.jpg,Dog,1,small ears online moment drift house,post_drift
2938,/home/dxzielinski/Downloads/archive/PetImages/Dog/11384.jpg,Dog,1,path room texture soft fast state warm room drift street,post_drift
2939,/home/dxzielinski/Downloads/archive/PetImages/Dog/7245.jpg,Dog,1,corner round focus street color far sequence abrupt shape warm window,post_drift
2940,/home/dxzielinski/Downloads/archive/PetImages/Dog/5806.jpg,Dog,1,inside light random blur fast,post_drift
2941,/home/dxzielinski/Downloads/archive/PetImages/Dog/9077.jpg,Dog,1,sequence floor object sleepy curious floor drift dark steady sharp stream event inside,post_drift
2942,/home/dxzielinski/Downloads/archive/PetImages/Dog/2587.jpg,Dog,1,photo change signal dark phase still,post_drift
2943,/home/dxzielinski/Downloads/archive/PetImages/Dog/8434.jpg,Dog,1,pattern near photo path near happy shape still,post_drift
2944,/home/dxzielinski/Downloads/archive/PetImages/Dog/8012.jpg,Dog,1,shadow messy object garden phase blur sequence,post_drift
2945,/home/dxzielinski/Downloads/archive/PetImages/Dog/8545.jpg,Dog,1,blur short signal looking near sample dark phase eyes cold house shape drift,post_drift
2946,/home/dxzielinski/Downloads/archive/PetImages/Dog/361.jpg,Dog,1,state near center sunny cold foreground path signal state object round wild online near running,post_drift
2947,/home/dxzielinski/Downloads/archive/PetImages/Dog/958.jpg,Dog,1,calm corner token tail photo large background curious running,post_drift
2948,/home/dxzielinski/Downloads/archive/PetImages/Dog/3659.jpg,Dog,1,moment scene inside long level drift online drift window ears sunny eyes sleepy,post_drift
2949,/home/dxzielinski/Downloads/archive/PetImages/Dog/10860.jpg,Dog,1,small online window furry running,post_drift
2950,/home/dxzielinski/Downloads/archive/PetImages/Dog/7464.jpg,Dog,1,street street jumping outside sleepy,post_drift
2951,/home/dxzielinski/Downloads/archive/PetImages/Dog/7104.jpg,Dog,1,shape online level wild level sharp change sunny change window far state online sequence center foreground,post_drift
2952,/home/dxzielinski/Downloads/archive/PetImages/Dog/8400.jpg,Dog,1,fast signal steady stream scene happy window shadow quiet,post_drift
2953,/home/dxzielinski/Downloads/archive/PetImages/Dog/8181.jpg,Dog,1,abrupt near sequence sunny moment texture signal garden ears frame wild window running,post_drift
2954,/home/dxzielinski/Downloads/archive/PetImages/Dog/256.jpg,Dog,1,sunny playful outside pattern small street noisy still round near random sharp texture caption sunny round,post_drift
2955,/home/dxzielinski/Downloads/archive/PetImages/Dog/10278.jpg,Dog,1,soft messy noisy jumping signal happy small,post_drift
2956,/home/dxzielinski/Downloads/archive/PetImages/Dog/4914.jpg,Dog,1,scene sleepy cold blur noisy level light playful long outside inside blur sequence,post_drift
2957,/home/dxzielinski/Downloads/archive/PetImages/Dog/12489.jpg,Dog,1,field messy looking calm still focus photo far sample path,post_drift
2958,/home/dxzielinski/Downloads/archive/PetImages/Dog/8334.jpg,Dog,1,short fast state light field dark gentle looking bright online path short level air,post_drift
2959,/home/dxzielinski/Downloads/archive/PetImages/Dog/1118.jpg,Dog,1,playful floor random sample camera outside street garden sample sequence window fast center inside street moment,post_drift
2960,/home/dxzielinski/Downloads/archive/PetImages/Dog/11239.jpg,Dog,1,scene signal messy window street wild change state short grass small caption blur inside,post_drift
2961,/home/dxzielinski/Downloads/archive/PetImages/Dog/525.jpg,Dog,1,day photo scene clean color dark,post_drift
2962,/home/dxzielinski/Downloads/archive/PetImages/Dog/6645.jpg,Dog,1,house stream air large night soft moment dark sleepy sunny sunny ears,post_drift
2963,/home/dxzielinski/Downloads/archive/PetImages/Dog/2330.jpg,Dog,1,foreground looking foreground far playful motion looking,post_drift
2964,/home/dxzielinski/Downloads/archive/PetImages/Dog/5163.jpg,Dog,1,signal eyes far texture long window scene happy tail,post_drift
2965,/home/dxzielinski/Downloads/archive/PetImages/Dog/5783.jpg,Dog,1,round furry grass ears grass signal gentle large sleepy messy inside,post_drift
2966,/home/dxzielinski/Downloads/archive/PetImages/Dog/5667.jpg,Dog,1,happy token sharp short path street,post_drift
2967,/home/dxzielinski/Downloads/archive/PetImages/Dog/4727.jpg,Dog,1,curious inside clean furry shape online sunny messy center drift token small eyes moment garden sample,post_drift
2968,/home/dxzielinski/Downloads/archive/PetImages/Dog/11861.jpg,Dog,1,level house random event sequence random steady happy playful abrupt,post_drift
2969,/home/dxzielinski/Downloads/archive/PetImages/Dog/5398.jpg,Dog,1,camera bright clean day light,post_drift
2970,/home/dxzielinski/Downloads/archive/PetImages/Dog/4562.jpg,Dog,1,event stream still stream near running level small moment near,post_drift
2971,/home/dxzielinski/Downloads/archive/PetImages/Dog/7759.jpg,Dog,1,blur short phase steady room background moment phase background moment ears light light outside focus ears,post_drift
2972,/home/dxzielinski/Downloads/archive/PetImages/Dog/55.jpg,Dog,1,field corner noisy room tail sample fast soft still garden moment sitting small room,post_drift
2973,/home/dxzielinski/Downloads/archive/PetImages/Dog/8741.jpg,Dog,1,center state small phase level abrupt jumping texture inside texture abrupt fast,post_drift
2974,/home/dxzielinski/Downloads/archive/PetImages/Dog/4471.jpg,Dog,1,long short window curious light stream field outside playful,post_drift
2975,/home/dxzielinski/Downloads/archive/PetImages/Dog/1430.jpg,Dog,1,change sitting window room far sequence,post_drift
2976,/home/dxzielinski/Downloads/archive/PetImages/Dog/8454.jpg,Dog,1,round background tail foreground sunny clean clean blur still sleepy small texture center,post_drift
2977,/home/dxzielinski/Downloads/archive/PetImages/Dog/5072.jpg,Dog,1,day window long grass curious signal blanket texture wild looking messy token air floor grass,post_drift
2978,/home/dxzielinski/Downloads/archive/PetImages/Dog/3264.jpg,Dog,1,stream scene gentle camera texture center clean sleepy,post_drift
2979,/home/dxzielinski/Downloads/archive/PetImages/Dog/9889.jpg,Dog,1,corner calm online near pattern noisy garden round dark shape abrupt,post_drift
2980,/home/dxzielinski/Downloads/archive/PetImages/Dog/4942.jpg,Dog,1,shadow phase quiet focus foreground corner steady drift light sleepy quiet night,post_drift
2981,/home/dxzielinski/Downloads/archive/PetImages/Dog/12024.jpg,Dog,1,curious far curious frame cold curious,post_drift
2982,/home/dxzielinski/Downloads/archive/PetImages/Dog/7448.jpg,Dog,1,motion abrupt garden change fast night clean focus caption sharp,post_drift
2983,/home/dxzielinski/Downloads/archive/PetImages/Dog/9278.jpg,Dog,1,photo sitting noisy sunny token air light state camera window air warm playful shape ears,post_drift
2984,/home/dxzielinski/Downloads/archive/PetImages/Dog/5113.jpg,Dog,1,random fast day warm signal cold background cold messy caption day playful,post_drift
2985,/home/dxzielinski/Downloads/archive/PetImages/Dog/12262.jpg,Dog,1,looking focus online short sharp furry sunny shadow focus,post_drift
2986,/home/dxzielinski/Downloads/archive/PetImages/Dog/2474.jpg,Dog,1,center floor texture jumping soft state phase color,post_drift
2987,/home/dxzielinski/Downloads/archive/PetImages/Dog/4965.jpg,Dog,1,change blur warm window street dark focus path,post_drift
2988,/home/dxzielinski/Downloads/archive/PetImages/Dog/1789.jpg,Dog,1,random long caption blur motion,post_drift
2989,/home/dxzielinski/Downloads/archive/PetImages/Dog/11487.jpg,Dog,1,dark furry field grass fast drift night messy,post_drift
2990,/home/dxzielinski/Downloads/archive/PetImages/Dog/9393.jpg,Dog,1,shadow scene cold sequence pattern field grass long token,post_drift
2991,/home/dxzielinski/Downloads/archive/PetImages/Dog/1873.jpg,Dog,1,online house color center calm grass cold,post_drift
2992,/home/dxzielinski/Downloads/archive/PetImages/Dog/8112.jpg,Dog,1,happy color window ears round curious street shadow,post_drift
2993,/home/dxzielinski/Downloads/archive/PetImages/Dog/6605.jpg,Dog,1,window photo sitting corner sequence inside room online garden steady window near field tail night,post_drift
2994,/home/dxzielinski/Downloads/archive/PetImages/Dog/11753.jpg,Dog,1,sleepy abrupt scene grass gentle random bright window stream,post_drift
2995,/home/dxzielinski/Downloads/archive/PetImages/Dog/3057.jpg,Dog,1,pattern field floor ears floor event bright warm happy foreground short warm,post_drift
2996,/home/dxzielinski/Downloads/archive/PetImages/Dog/10259.jpg,Dog,1,event field focus corner furry event,post_drift
2997,/home/dxzielinski/Downloads/archive/PetImages/Dog/3898.jpg,Dog,1,far floor texture center noisy sharp happy shadow street day drift field wild cold bright,post_drift
2998,/home/dxzielinski/Downloads/archive/PetImages/Dog/10369.jpg,Dog,1,happy tail online sequence field calm sleepy happy grass fast,post_drift
2999,/home/dxzielinski/Downloads/archive/PetImages/Dog/4693.jpg,Dog,1,calm drift calm sitting blur warm,post_drift
3000,/home/dxzielinski/Downloads/archive/PetImages/Dog/520.jpg,Dog,1,still grass event phase light level running day round field motion sunny clean street night,post_drift
3001,/home/dxzielinski/Downloads/archive/PetImages/Dog/1084.jpg,Dog,1,long still calm inside clean tail background signal motion foreground phase short ears cold window sitting,post_drift
3002,/home/dxzielinski/Downloads/archive/PetImages/Dog/5126.jpg,Dog,1,room jumping object center stream running corner center jumping corner field room drift happy jumping fast,post_drift
3003,/home/dxzielinski/Downloads/archive/PetImages/Dog/6132.jpg,Dog,1,room quiet still sleepy warm wild state,post_drift
3004,/home/dxzielinski/Downloads/archive/PetImages/Dog/7218.jpg,Dog,1,far short random dark still gentle corner,post_drift
3005,/home/dxzielinski/Downloads/archive/PetImages/Dog/12211.jpg,Dog,1,texture phase cold state cold background caption pattern warm corner floor messy still color,post_drift
3006,/home/dxzielinski/Downloads/archive/PetImages/Dog/9772.jpg,Dog,1,small garden state playful outside garden sequence motion shape curious window,post_drift
3007,/home/dxzielinski/Downloads/archive/PetImages/Dog/3585.jpg,Dog,1,online day pattern street background,post_drift
3008,/home/dxzielinski/Downloads/archive/PetImages/Dog/2464.jpg,Dog,1,background playful happy room bright curious motion,post_drift
3009,/home/dxzielinski/Downloads/archive/PetImages/Dog/5066.jpg,Dog,1,curious corner level token air day sitting background,post_drift
3010,/home/dxzielinski/Downloads/archive/PetImages/Dog/6868.jpg,Dog,1,path shape fast ears path jumping window fast background bright frame blanket short sequence,post_drift
3011,/home/dxzielinski/Downloads/archive/PetImages/Dog/3647.jpg,Dog,1,sleepy center window blur sunny running ears,post_drift
3012,/home/dxzielinski/Downloads/archive/PetImages/Dog/1870.jpg,Dog,1,jumping clean warm short eyes,post_drift
3013,/home/dxzielinski/Downloads/archive/PetImages/Dog/11853.jpg,Dog,1,frame grass garden curious sharp running phase curious path floor happy happy small texture,post_drift
3014,/home/dxzielinski/Downloads/archive/PetImages/Dog/7731.jpg,Dog,1,shape garden curious warm online house path looking,post_drift
3015,/home/dxzielinski/Downloads/archive/PetImages/Dog/5948.jpg,Dog,1,corner warm moment shadow scene motion outside pattern field center phase garden level cold,post_drift
3016,/home/dxzielinski/Downloads/archive/PetImages/Dog/1106.jpg,Dog,1,still foreground texture camera photo wild bright furry still soft furry jumping gentle light event stream,post_drift
3017,/home/dxzielinski/Downloads/archive/PetImages/Dog/10500.jpg,Dog,1,phase event abrupt gentle room clean looking event messy object calm running happy messy looking,post_drift
3018,/home/dxzielinski/Downloads/archive/PetImages/Dog/2431.jpg,Dog,1,wild path field running light long happy motion stream drift looking wild air wild scene drift,post_drift
3019,/home/dxzielinski/Downloads/archive/PetImages/Dog/4795.jpg,Dog,1,tail house corner corner steady floor sleepy room,post_drift
3020,/home/dxzielinski/Downloads/archive/PetImages/Dog/11982.jpg,Dog,1,sleepy dark random playful dark short shape calm random noisy furry caption color ears texture,post_drift
3021,/home/dxzielinski/Downloads/archive/PetImages/Dog/3489.jpg,Dog,1,sleepy clean inside playful near random stream round phase blanket state,post_drift
3022,/home/dxzielinski/Downloads/archive/PetImages/Dog/9962.jpg,Dog,1,sharp level night round street noisy outside event round moment house,post_drift
3023,/home/dxzielinski/Downloads/archive/PetImages/Dog/977.jpg,Dog,1,level caption pattern steady random dark tail day blanket soft signal,post_drift
3024,/home/dxzielinski/Downloads/archive/PetImages/Dog/11036.jpg,Dog,1,texture clean token sample still ears,post_drift
3025,/home/dxzielinski/Downloads/archive/PetImages/Dog/5930.jpg,Dog,1,sunny pattern object stream happy,post_drift
3026,/home/dxzielinski/Downloads/archive/PetImages/Dog/5687.jpg,Dog,1,change color quiet sample garden caption outside day sample fast field center sitting warm background,post_drift
3027,/home/dxzielinski/Downloads/archive/PetImages/Dog/1349.jpg,Dog,1,sleepy night house furry abrupt light cold frame small day,post_drift
3028,/home/dxzielinski/Downloads/archive/PetImages/Dog/1239.jpg,Dog,1,level focus near street background still center short camera,post_drift
3029,/home/dxzielinski/Downloads/archive/PetImages/Dog/10168.jpg,Dog,1,window large path still center furry,post_drift
3030,/home/dxzielinski/Downloads/archive/PetImages/Dog/9994.jpg,Dog,1,large online camera curious curious background photo cold house eyes bright,post_drift
3031,/home/dxzielinski/Downloads/archive/PetImages/Dog/10725.jpg,Dog,1,blur floor sleepy shape curious long photo dark foreground bright motion wild jumping change,post_drift
3032,/home/dxzielinski/Downloads/archive/PetImages/Dog/108.jpg,Dog,1,corner messy day long running ears drift,post_drift
3033,/home/dxzielinski/Downloads/archive/PetImages/Dog/2237.jpg,Dog,1,frame ears motion sequence color room room,post_drift
3034,/home/dxzielinski/Downloads/archive/PetImages/Dog/9454.jpg,Dog,1,event ears abrupt sitting signal tail long phase jumping,post_drift
3035,/home/dxzielinski/Downloads/archive/PetImages/Dog/8319.jpg,Dog,1,long caption wild foreground event inside garden,post_drift
3036,/home/dxzielinski/Downloads/archive/PetImages/Dog/3775.jpg,Dog,1,shape change cold field running change house eyes blanket,post_drift
3037,/home/dxzielinski/Downloads/archive/PetImages/Dog/3626.jpg,Dog,1,sample photo quiet abrupt window inside house,post_drift
3038,/home/dxzielinski/Downloads/archive/PetImages/Dog/8751.jpg,Dog,1,round change looking caption room house photo background field shape caption window blanket soft,post_drift
3039,/home/dxzielinski/Downloads/archive/PetImages/Dog/11096.jpg,Dog,1,playful large outside color steady sample tail grass grass eyes furry happy street,post_drift
3040,/home/dxzielinski/Downloads/archive/PetImages/Dog/5651.jpg,Dog,1,round change clean corner floor garden round blanket sharp,post_drift
3041,/home/dxzielinski/Downloads/archive/PetImages/Dog/9530.jpg,Dog,1,caption night blanket token online signal abrupt sharp inside running long window,post_drift
3042,/home/dxzielinski/Downloads/archive/PetImages/Dog/3538.jpg,Dog,1,eyes small sharp ears tail wild gentle large,post_drift
3043,/home/dxzielinski/Downloads/archive/PetImages/Dog/5058.jpg,Dog,1,state frame sample fast street far tail messy tail blanket level state,post_drift
3044,/home/dxzielinski/Downloads/archive/PetImages/Dog/3350.jpg,Dog,1,background near sharp still texture small token,post_drift
3045,/home/dxzielinski/Downloads/archive/PetImages/Dog/6840.jpg,Dog,1,state blanket light path path stream ears large window noisy field clean focus camera,post_drift
3046,/home/dxzielinski/Downloads/archive/PetImages/Dog/5474.jpg,Dog,1,frame bright abrupt blur field path token level curious path shape,post_drift
3047,/home/dxzielinski/Downloads/archive/PetImages/Dog/4211.jpg,Dog,1,running blanket near phase room object center signal large air messy,post_drift
3048,/home/dxzielinski/Downloads/archive/PetImages/Dog/250.jpg,Dog,1,stream drift signal pattern pattern eyes color window,post_drift
3049,/home/dxzielinski/Downloads/archive/PetImages/Dog/8958.jpg,Dog,1,sleepy inside state noisy sunny light,post_drift
3050,/home/dxzielinski/Downloads/archive/PetImages/Dog/9969.jpg,Dog,1,level floor random happy event object large long curious signal messy,post_drift
3051,/home/dxzielinski/Downloads/archive/PetImages/Dog/3514.jpg,Dog,1,happy night floor sample fast,post_drift
3052,/home/dxzielinski/Downloads/archive/PetImages/Dog/222.jpg,Dog,1,stream running abrupt caption phase warm level jumping room sequence,post_drift
3053,/home/dxzielinski/Downloads/archive/PetImages/Dog/9674.jpg,Dog,1,cold center shadow drift gentle wild sequence,post_drift
3054,/home/dxzielinski/Downloads/archive/PetImages/Dog/1265.jpg,Dog,1,looking house moment outside messy sunny photo motion near quiet level clean,post_drift
3055,/home/dxzielinski/Downloads/archive/PetImages/Dog/9869.jpg,Dog,1,frame air gentle warm playful abrupt wild focus looking frame long near bright soft light,post_drift
3056,/home/dxzielinski/Downloads/archive/PetImages/Dog/9860.jpg,Dog,1,center shape running window looking grass night street caption noisy sunny blanket cold,post_drift
3057,/home/dxzielinski/Downloads/archive/PetImages/Dog/4850.jpg,Dog,1,steady window level pattern state blanket change curious background sharp foreground motion,post_drift
3058,/home/dxzielinski/Downloads/archive/PetImages/Dog/8433.jpg,Dog,1,camera floor abrupt camera small signal house house playful path happy blanket change camera jumping,post_drift
3059,/home/dxzielinski/Downloads/archive/PetImages/Dog/11738.jpg,Dog,1,furry calm camera color center street camera happy garden far level curious,post_drift
3060,/home/dxzielinski/Downloads/archive/PetImages/Dog/12454.jpg,Dog,1,tail object blanket level moment,post_drift
3061,/home/dxzielinski/Downloads/archive/PetImages/Dog/3077.jpg,Dog,1,light stream signal frame still day level grass,post_drift
3062,/home/dxzielinski/Downloads/archive/PetImages/Dog/960.jpg,Dog,1,stream window caption shadow outside large near grass pattern sleepy camera warm photo day long sequence,post_drift
3063,/home/dxzielinski/Downloads/archive/PetImages/Dog/5662.jpg,Dog,1,blanket warm large noisy curious,post_drift
3064,/home/dxzielinski/Downloads/archive/PetImages/Dog/7293.jpg,Dog,1,floor looking far wild field sunny far long quiet texture,post_drift
3065,/home/dxzielinski/Downloads/archive/PetImages/Dog/1203.jpg,Dog,1,frame round curious air motion frame eyes still,post_drift
3066,/home/dxzielinski/Downloads/archive/PetImages/Dog/7712.jpg,Dog,1,air noisy day fast caption token soft path clean random messy moment path playful,post_drift
3067,/home/dxzielinski/Downloads/archive/PetImages/Dog/12463.jpg,Dog,1,near change sunny bright blanket online,post_drift
3068,/home/dxzielinski/Downloads/archive/PetImages/Dog/5484.jpg,Dog,1,short scene happy center garden air stream sequence frame gentle furry,post_drift
3069,/home/dxzielinski/Downloads/archive/PetImages/Dog/1823.jpg,Dog,1,gentle long phase camera outside near sequence near phase short,post_drift
3070,/home/dxzielinski/Downloads/archive/PetImages/Dog/10136.jpg,Dog,1,state bright night outside quiet scene blur shadow state calm happy texture,post_drift
3071,/home/dxzielinski/Downloads/archive/PetImages/Dog/9942.jpg,Dog,1,garden field scene floor warm running sample path object camera air window,post_drift
3072,/home/dxzielinski/Downloads/archive/PetImages/Dog/4137.jpg,Dog,1,furry outside token wild drift light level moment day shadow change motion grass stream clean,post_drift
3073,/home/dxzielinski/Downloads/archive/PetImages/Dog/5563.jpg,Dog,1,sample shadow random sunny sharp far pattern running,post_drift
3074,/home/dxzielinski/Downloads/archive/PetImages/Dog/894.jpg,Dog,1,object field motion eyes calm caption,post_drift
3075,/home/dxzielinski/Downloads/archive/PetImages/Dog/9345.jpg,Dog,1,furry quiet shadow center outside,post_drift
3076,/home/dxzielinski/Downloads/archive/PetImages/Dog/11453.jpg,Dog,1,token large photo sequence window event motion state tail near,post_drift
3077,/home/dxzielinski/Downloads/archive/PetImages/Dog/3535.jpg,Dog,1,pattern large frame corner tail gentle air,post_drift
3078,/home/dxzielinski/Downloads/archive/PetImages/Dog/10494.jpg,Dog,1,outside sunny playful street sleepy sample,post_drift
3079,/home/dxzielinski/Downloads/archive/PetImages/Dog/7747.jpg,Dog,1,near air window signal color tail running eyes garden tail eyes near tail,post_drift
3080,/home/dxzielinski/Downloads/archive/PetImages/Dog/2033.jpg,Dog,1,scene wild shape day foreground ears gentle calm grass blur quiet random event,post_drift
3081,/home/dxzielinski/Downloads/archive/PetImages/Dog/4595.jpg,Dog,1,phase noisy dark object corner window sitting corner grass happy floor ears house moment foreground focus,post_drift
3082,/home/dxzielinski/Downloads/archive/PetImages/Dog/10944.jpg,Dog,1,running fast online long state running floor,post_drift
3083,/home/dxzielinski/Downloads/archive/PetImages/Dog/370.jpg,Dog,1,state soft house frame looking,post_drift
3084,/home/dxzielinski/Downloads/archive/PetImages/Dog/8247.jpg,Dog,1,stream foreground far house object change long,post_drift
3085,/home/dxzielinski/Downloads/archive/PetImages/Dog/8124.jpg,Dog,1,change grass window caption house running house blanket sunny wild field noisy,post_drift
3086,/home/dxzielinski/Downloads/archive/PetImages/Dog/10111.jpg,Dog,1,large corner state motion sunny color camera blur focus sharp,post_drift
3087,/home/dxzielinski/Downloads/archive/PetImages/Dog/3814.jpg,Dog,1,air level curious level caption cold token blur sample,post_drift
3088,/home/dxzielinski/Downloads/archive/PetImages/Dog/11713.jpg,Dog,1,curious level field large still online day floor air light messy air furry,post_drift
3089,/home/dxzielinski/Downloads/archive/PetImages/Dog/4005.jpg,Dog,1,blur center shadow scene floor stream tail still change blanket garden small focus drift large sleepy,post_drift
3090,/home/dxzielinski/Downloads/archive/PetImages/Dog/8075.jpg,Dog,1,abrupt grass large jumping garden day,post_drift
3091,/home/dxzielinski/Downloads/archive/PetImages/Dog/5227.jpg,Dog,1,grass air grass light moment window light photo fast,post_drift
3092,/home/dxzielinski/Downloads/archive/PetImages/Dog/6005.jpg,Dog,1,day field object sitting sitting stream abrupt cold object house near near,post_drift
3093,/home/dxzielinski/Downloads/archive/PetImages/Dog/8960.jpg,Dog,1,scene path token night path day curious still eyes noisy air blur far,post_drift
3094,/home/dxzielinski/Downloads/archive/PetImages/Dog/12013.jpg,Dog,1,gentle sample blur quiet outside happy large shape,post_drift
3095,/home/dxzielinski/Downloads/archive/PetImages/Dog/4328.jpg,Dog,1,sitting foreground photo eyes caption looking moment far state stream calm street focus moment,post_drift
3096,/home/dxzielinski/Downloads/archive/PetImages/Dog/10668.jpg,Dog,1,change jumping motion color clean day shadow,post_drift
3097,/home/dxzielinski/Downloads/archive/PetImages/Dog/1584.jpg,Dog,1,window caption fast abrupt air day level messy window,post_drift
3098,/home/dxzielinski/Downloads/archive/PetImages/Dog/6751.jpg,Dog,1,field house still still inside day fast near house shadow pattern,post_drift
3099,/home/dxzielinski/Downloads/archive/PetImages/Dog/9856.jpg,Dog,1,dark motion sequence caption blur camera inside shadow small,post_drift
3100,/home/dxzielinski/Downloads/archive/PetImages/Dog/2796.jpg,Dog,1,day camera gentle light running fast night abrupt photo clean grass steady wild focus sequence online,post_drift
3101,/home/dxzielinski/Downloads/archive/PetImages/Dog/11646.jpg,Dog,1,moment wild looking grass light quiet steady cold outside object furry street,post_drift
3102,/home/dxzielinski/Downloads/archive/PetImages/Dog/10145.jpg,Dog,1,jumping floor near bright event small outside messy running phase happy pattern short grass garden pattern,post_drift
3103,/home/dxzielinski/Downloads/archive/PetImages/Dog/6877.jpg,Dog,1,object signal cold drift drift day running light,post_drift
3104,/home/dxzielinski/Downloads/archive/PetImages/Dog/11245.jpg,Dog,1,grass state curious window object quiet online color clean large,post_drift
3105,/home/dxzielinski/Downloads/archive/PetImages/Dog/11787.jpg,Dog,1,random stream blanket playful token field,post_drift
3106,/home/dxzielinski/Downloads/archive/PetImages/Dog/7608.jpg,Dog,1,sitting clean level focus house air fast house,post_drift
3107,/home/dxzielinski/Downloads/archive/PetImages/Dog/7971.jpg,Dog,1,online motion shadow floor looking outside moment,post_drift
3108,/home/dxzielinski/Downloads/archive/PetImages/Dog/2476.jpg,Dog,1,clean outside jumping furry fast sleepy far random,post_drift
3109,/home/dxzielinski/Downloads/archive/PetImages/Dog/2399.jpg,Dog,1,sequence stream sitting eyes path,post_drift
3110,/home/dxzielinski/Downloads/archive/PetImages/Dog/618.jpg,Dog,1,sleepy gentle field dark online short dark signal eyes light curious tail,post_drift
3111,/home/dxzielinski/Downloads/archive/PetImages/Dog/2678.jpg,Dog,1,street caption long center playful focus calm near still far clean curious,post_drift
3112,/home/dxzielinski/Downloads/archive/PetImages/Dog/11412.jpg,Dog,1,tail phase shadow token level messy warm noisy token ears,post_drift
3113,/home/dxzielinski/Downloads/archive/PetImages/Dog/2989.jpg,Dog,1,abrupt sunny round clean center fast floor camera outside inside,post_drift
3114,/home/dxzielinski/Downloads/archive/PetImages/Dog/7950.jpg,Dog,1,blanket pattern focus shadow wild sunny sleepy field bright shadow path sharp phase,post_drift
3115,/home/dxzielinski/Downloads/archive/PetImages/Dog/5409.jpg,Dog,1,bright grass still sunny moment running corner eyes,post_drift
3116,/home/dxzielinski/Downloads/archive/PetImages/Dog/12493.jpg,Dog,1,motion sleepy signal drift wild caption drift ears abrupt soft still happy long frame,post_drift
3117,/home/dxzielinski/Downloads/archive/PetImages/Dog/6889.jpg,Dog,1,corner sleepy happy level calm eyes blur tail clean,post_drift
3118,/home/dxzielinski/Downloads/archive/PetImages/Dog/10475.jpg,Dog,1,shape grass inside tail near gentle state steady signal abrupt sample motion gentle messy moment,post_drift
3119,/home/dxzielinski/Downloads/archive/PetImages/Dog/9233.jpg,Dog,1,sharp tail running house focus night online,post_drift
3120,/home/dxzielinski/Downloads/archive/PetImages/Dog/8633.jpg,Dog,1,clean warm long curious small grass far soft stream scene texture abrupt cold air soft tail,post_drift
3121,/home/dxzielinski/Downloads/archive/PetImages/Dog/6902.jpg,Dog,1,sunny level random curious ears window shadow far focus inside,post_drift
3122,/home/dxzielinski/Downloads/archive/PetImages/Dog/2051.jpg,Dog,1,clean token dark clean shape path,post_drift
3123,/home/dxzielinski/Downloads/archive/PetImages/Dog/3883.jpg,Dog,1,caption happy light sleepy near calm sunny eyes light level small tail jumping looking state messy,post_drift
3124,/home/dxzielinski/Downloads/archive/PetImages/Dog/6541.jpg,Dog,1,quiet round light sitting random clean path night inside cold sharp,post_drift
3125,/home/dxzielinski/Downloads/archive/PetImages/Dog/533.jpg,Dog,1,blur focus signal blanket event stream foreground running tail change stream abrupt shadow,post_drift
3126,/home/dxzielinski/Downloads/archive/PetImages/Dog/10098.jpg,Dog,1,night near photo eyes garden state foreground fast field furry floor room grass running color sharp,post_drift
3127,/home/dxzielinski/Downloads/archive/PetImages/Dog/493.jpg,Dog,1,foreground furry day bright gentle change near room,post_drift
3128,/home/dxzielinski/Downloads/archive/PetImages/Dog/7351.jpg,Dog,1,sequence garden sunny event day,post_drift
3129,/home/dxzielinski/Downloads/archive/PetImages/Dog/3315.jpg,Dog,1,round center blur frame sunny path round online cold shadow moment shadow token gentle camera scene,post_drift
3130,/home/dxzielinski/Downloads/archive/PetImages/Dog/9558.jpg,Dog,1,level shadow corner sitting foreground sample change house long window playful calm,post_drift
3131,/home/dxzielinski/Downloads/archive/PetImages/Dog/3995.jpg,Dog,1,shape soft drift signal object floor jumping window large photo camera light pattern,post_drift
3132,/home/dxzielinski/Downloads/archive/PetImages/Dog/5883.jpg,Dog,1,object night day sleepy sunny steady,post_drift
3133,/home/dxzielinski/Downloads/archive/PetImages/Dog/5840.jpg,Dog,1,garden calm tail drift sleepy bright warm floor sleepy street light change furry background,post_drift
3134,/home/dxzielinski/Downloads/archive/PetImages/Dog/9951.jpg,Dog,1,path warm motion caption running day happy window,post_drift
3135,/home/dxzielinski/Downloads/archive/PetImages/Dog/2603.jpg,Dog,1,long dark eyes scene drift,post_drift
3136,/home/dxzielinski/Downloads/archive/PetImages/Dog/3513.jpg,Dog,1,sitting drift wild short eyes sequence sitting,post_drift
3137,/home/dxzielinski/Downloads/archive/PetImages/Dog/6143.jpg,Dog,1,texture night happy phase sharp tail sunny shape noisy sequence frame,post_drift
3138,/home/dxzielinski/Downloads/archive/PetImages/Dog/7874.jpg,Dog,1,abrupt event frame caption soft messy moment gentle gentle,post_drift
3139,/home/dxzielinski/Downloads/archive/PetImages/Dog/6556.jpg,Dog,1,signal short fast frame color cold short sunny sharp bright change field sleepy,post_drift
3140,/home/dxzielinski/Downloads/archive/PetImages/Dog/11632.jpg,Dog,1,small sleepy state scene quiet happy path,post_drift
3141,/home/dxzielinski/Downloads/archive/PetImages/Dog/1249.jpg,Dog,1,long grass sunny center path motion change color garden field sample far moment eyes night,post_drift
3142,/home/dxzielinski/Downloads/archive/PetImages/Dog/11946.jpg,Dog,1,floor sleepy state outside sitting calm noisy change color field caption air blur dark playful corner,post_drift
3143,/home/dxzielinski/Downloads/archive/PetImages/Dog/8524.jpg,Dog,1,foreground bright object field fast moment,post_drift
3144,/home/dxzielinski/Downloads/archive/PetImages/Dog/9527.jpg,Dog,1,pattern level sleepy center grass signal sample,post_drift
3145,/home/dxzielinski/Downloads/archive/PetImages/Dog/3603.jpg,Dog,1,texture state window window scene pattern bright noisy looking background pattern caption sunny change,post_drift
3146,/home/dxzielinski/Downloads/archive/PetImages/Dog/2000.jpg,Dog,1,phase blur grass blanket random noisy corner eyes large long window running,post_drift
3147,/home/dxzielinski/Downloads/archive/PetImages/Dog/3039.jpg,Dog,1,night day shadow garden happy bright,post_drift
3148,/home/dxzielinski/Downloads/archive/PetImages/Dog/1351.jpg,Dog,1,sitting running object clean night object sitting,post_drift
3149,/home/dxzielinski/Downloads/archive/PetImages/Dog/10607.jpg,Dog,1,window event street day blur signal outside texture curious,post_drift
3150,/home/dxzielinski/Downloads/archive/PetImages/Dog/3485.jpg,Dog,1,street center window far event focus window pattern,post_drift
3151,/home/dxzielinski/Downloads/archive/PetImages/Dog/4294.jpg,Dog,1,dark tail steady light eyes light motion playful gentle furry far outside,post_drift
3152,/home/dxzielinski/Downloads/archive/PetImages/Dog/9706.jpg,Dog,1,field house moment bright center pattern house sharp gentle,post_drift
3153,/home/dxzielinski/Downloads/archive/PetImages/Dog/9556.jpg,Dog,1,sharp drift dark furry calm eyes sequence gentle garden center,post_drift
3154,/home/dxzielinski/Downloads/archive/PetImages/Dog/479.jpg,Dog,1,texture level near sleepy eyes phase window still bright long long state,post_drift
3155,/home/dxzielinski/Downloads/archive/PetImages/Dog/10756.jpg,Dog,1,looking state event wild phase tail warm,post_drift
3156,/home/dxzielinski/Downloads/archive/PetImages/Dog/9579.jpg,Dog,1,sequence object shadow shadow near drift window far change furry texture furry focus house still blur,post_drift
3157,/home/dxzielinski/Downloads/archive/PetImages/Dog/6768.jpg,Dog,1,random still change light garden quiet grass random background object looking moment token,post_drift
3158,/home/dxzielinski/Downloads/archive/PetImages/Dog/8830.jpg,Dog,1,caption level far window grass field cold path abrupt light change eyes background photo garden,post_drift
3159,/home/dxzielinski/Downloads/archive/PetImages/Dog/4340.jpg,Dog,1,phase street messy happy eyes stream quiet blanket round air cold online,post_drift
3160,/home/dxzielinski/Downloads/archive/PetImages/Dog/8850.jpg,Dog,1,light blur token curious sharp blur ears far event event sharp soft,post_drift
3161,/home/dxzielinski/Downloads/archive/PetImages/Dog/5284.jpg,Dog,1,color camera wild small color caption garden quiet inside sample,post_drift
3162,/home/dxzielinski/Downloads/archive/PetImages/Dog/817.jpg,Dog,1,texture wild far random floor curious jumping tail long object clean,post_drift
3163,/home/dxzielinski/Downloads/archive/PetImages/Dog/1724.jpg,Dog,1,light state sequence night playful house,post_drift
3164,/home/dxzielinski/Downloads/archive/PetImages/Dog/12342.jpg,Dog,1,shadow background happy field tail still running window,post_drift
3165,/home/dxzielinski/Downloads/archive/PetImages/Dog/610.jpg,Dog,1,phase gentle noisy inside stream messy,post_drift
3166,/home/dxzielinski/Downloads/archive/PetImages/Dog/912.jpg,Dog,1,happy ears light cold field clean large soft light sharp far,post_drift
3167,/home/dxzielinski/Downloads/archive/PetImages/Dog/8031.jpg,Dog,1,online night token motion object air floor inside caption random quiet,post_drift
3168,/home/dxzielinski/Downloads/archive/PetImages/Dog/3887.jpg,Dog,1,room drift ears shadow window,post_drift
3169,/home/dxzielinski/Downloads/archive/PetImages/Dog/6129.jpg,Dog,1,random night looking looking foreground looking playful far street calm phase,post_drift
3170,/home/dxzielinski/Downloads/archive/PetImages/Dog/3906.jpg,Dog,1,near stream phase blur calm,post_drift
3171,/home/dxzielinski/Downloads/archive/PetImages/Dog/2320.jpg,Dog,1,photo long background messy level motion pattern looking color,post_drift
3172,/home/dxzielinski/Downloads/archive/PetImages/Dog/12271.jpg,Dog,1,shape garden event focus sharp,post_drift
3173,/home/dxzielinski/Downloads/archive/PetImages/Dog/6982.jpg,Dog,1,dark sunny corner light tail light signal center still,post_drift
3174,/home/dxzielinski/Downloads/archive/PetImages/Dog/7591.jpg,Dog,1,running foreground change shadow drift sequence change state furry jumping small street,post_drift
3175,/home/dxzielinski/Downloads/archive/PetImages/Dog/8095.jpg,Dog,1,state blanket shape near light sitting clean cold ears garden shape floor,post_drift
3176,/home/dxzielinski/Downloads/archive/PetImages/Dog/4085.jpg,Dog,1,dark path cold token shadow sharp color soft large foreground small sequence,post_drift
3177,/home/dxzielinski/Downloads/archive/PetImages/Dog/2509.jpg,Dog,1,cold texture camera messy still near background online steady sharp,post_drift
3178,/home/dxzielinski/Downloads/archive/PetImages/Dog/2771.jpg,Dog,1,ears furry phase path furry playful noisy stream night abrupt tail calm sitting floor,post_drift
3179,/home/dxzielinski/Downloads/archive/PetImages/Dog/10164.jpg,Dog,1,house level long window grass foreground inside garden long day sample outside event floor sleepy,post_drift
3180,/home/dxzielinski/Downloads/archive/PetImages/Dog/11526.jpg,Dog,1,wild happy event soft jumping still focus clean,post_drift
3181,/home/dxzielinski/Downloads/archive/PetImages/Dog/9598.jpg,Dog,1,round center color sunny messy eyes furry large window pattern ears center token,post_drift
3182,/home/dxzielinski/Downloads/archive/PetImages/Dog/6697.jpg,Dog,1,room level street long shape small long random phase sleepy ears,post_drift
3183,/home/dxzielinski/Downloads/archive/PetImages/Dog/11718.jpg,Dog,1,window stream floor blur fast,post_drift
3184,/home/dxzielinski/Downloads/archive/PetImages/Dog/7622.jpg,Dog,1,token light abrupt camera bright blur house frame scene quiet random,post_drift
3185,/home/dxzielinski/Downloads/archive/PetImages/Dog/3891.jpg,Dog,1,near foreground state clean focus looking tail,post_drift
3186,/home/dxzielinski/Downloads/archive/PetImages/Dog/6043.jpg,Dog,1,pattern event still bright frame sharp warm pattern sharp,post_drift
3187,/home/dxzielinski/Downloads/archive/PetImages/Dog/428.jpg,Dog,1,stream round day camera random foreground field happy stream far,post_drift
3188,/home/dxzielinski/Downloads/archive/PetImages/Dog/9043.jpg,Dog,1,looking shape level phase light ears,post_drift
3189,/home/dxzielinski/Downloads/archive/PetImages/Dog/4109.jpg,Dog,1,sleepy room tail steady fast abrupt,post_drift
3190,/home/dxzielinski/Downloads/archive/PetImages/Dog/3452.jpg,Dog,1,quiet grass color small night steady color soft,post_drift
3191,/home/dxzielinski/Downloads/archive/PetImages/Dog/2181.jpg,Dog,1,background scene photo light change warm window stream caption bright calm pattern blanket large,post_drift
3192,/home/dxzielinski/Downloads/archive/PetImages/Dog/11094.jpg,Dog,1,foreground sequence dark night eyes,post_drift
3193,/home/dxzielinski/Downloads/archive/PetImages/Dog/9703.jpg,Dog,1,caption noisy token online near frame,post_drift
3194,/home/dxzielinski/Downloads/archive/PetImages/Dog/8184.jpg,Dog,1,short tail blur blur furry sharp color,post_drift
3195,/home/dxzielinski/Downloads/archive/PetImages/Dog/6661.jpg,Dog,1,floor inside air shape shadow path window furry eyes blur window dark gentle far,post_drift
3196,/home/dxzielinski/Downloads/archive/PetImages/Dog/5295.jpg,Dog,1,light photo playful background level noisy sunny random small drift texture object photo phase tail air,post_drift
3197,/home/dxzielinski/Downloads/archive/PetImages/Dog/7727.jpg,Dog,1,abrupt camera background foreground large curious gentle moment motion moment short foreground,post_drift
3198,/home/dxzielinski/Downloads/archive/PetImages/Dog/7418.jpg,Dog,1,wild token background motion motion color motion,post_drift
3199,/home/dxzielinski/Downloads/archive/PetImages/Dog/4559.jpg,Dog,1,outside clean near sequence corner phase abrupt far house center steady shape,post_drift
3200,/home/dxzielinski/Downloads/archive/PetImages/Dog/12225.jpg,Dog,1,camera photo furry photo sleepy eyes small air street token focus moment,post_drift
3201,/home/dxzielinski/Downloads/archive/PetImages/Dog/9300.jpg,Dog,1,sleepy token curious shape sleepy cold,post_drift
3202,/home/dxzielinski/Downloads/archive/PetImages/Dog/3154.jpg,Dog,1,outside light foreground jumping signal sequence grass event quiet,post_drift
3203,/home/dxzielinski/Downloads/archive/PetImages/Dog/9356.jpg,Dog,1,warm foreground curious sequence object caption wild scene garden outside motion blanket cold tail window camera,post_drift
3204,/home/dxzielinski/Downloads/archive/PetImages/Dog/2480.jpg,Dog,1,noisy far object color wild eyes focus eyes warm happy level quiet happy quiet jumping,post_drift
3205,/home/dxzielinski/Downloads/archive/PetImages/Dog/7498.jpg,Dog,1,window steady drift running bright background street,post_drift
3206,/home/dxzielinski/Downloads/archive/PetImages/Dog/8224.jpg,Dog,1,moment messy window sample round house stream dark color furry soft curious stream eyes clean blanket,post_drift
3207,/home/dxzielinski/Downloads/archive/PetImages/Dog/387.jpg,Dog,1,house curious still shape path playful,post_drift
3208,/home/dxzielinski/Downloads/archive/PetImages/Dog/1548.jpg,Dog,1,window path house wild night calm,post_drift
3209,/home/dxzielinski/Downloads/archive/PetImages/Dog/2813.jpg,Dog,1,window caption jumping floor blanket garden dark cold color steady soft wild street cold foreground field,post_drift
3210,/home/dxzielinski/Downloads/archive/PetImages/Dog/8440.jpg,Dog,1,furry playful garden room blanket stream still light,post_drift
3211,/home/dxzielinski/Downloads/archive/PetImages/Dog/2970.jpg,Dog,1,far quiet room steady window random window level,post_drift
3212,/home/dxzielinski/Downloads/archive/PetImages/Dog/2837.jpg,Dog,1,dark drift token jumping corner path,post_drift
3213,/home/dxzielinski/Downloads/archive/PetImages/Dog/403.jpg,Dog,1,change running room frame window cold,post_drift
3214,/home/dxzielinski/Downloads/archive/PetImages/Dog/11416.jpg,Dog,1,sitting still pattern photo jumping photo stream running round clean street cold background blur,post_drift
3215,/home/dxzielinski/Downloads/archive/PetImages/Dog/6649.jpg,Dog,1,room change dark window window sunny happy ears texture color level,post_drift
3216,/home/dxzielinski/Downloads/archive/PetImages/Dog/2729.jpg,Dog,1,far sample house pattern blanket,post_drift
3217,/home/dxzielinski/Downloads/archive/PetImages/Dog/1379.jpg,Dog,1,cold pattern drift center messy quiet texture fast quiet background moment sample street texture air,post_drift
3218,/home/dxzielinski/Downloads/archive/PetImages/Dog/10367.jpg,Dog,1,noisy blanket foreground field fast pattern window still street noisy,post_drift
3219,/home/dxzielinski/Downloads/archive/PetImages/Dog/3796.jpg,Dog,1,phase looking shape frame sunny quiet sample motion night camera token large color outside,post_drift
3220,/home/dxzielinski/Downloads/archive/PetImages/Dog/11829.jpg,Dog,1,texture far texture pattern curious state light corner,post_drift
3221,/home/dxzielinski/Downloads/archive/PetImages/Dog/8577.jpg,Dog,1,large still online long background object short level garden state steady sequence calm,post_drift
3222,/home/dxzielinski/Downloads/archive/PetImages/Dog/6124.jpg,Dog,1,state field steady focus moment,post_drift
3223,/home/dxzielinski/Downloads/archive/PetImages/Dog/9812.jpg,Dog,1,level stream sample playful window short texture,post_drift
3224,/home/dxzielinski/Downloads/archive/PetImages/Dog/9153.jpg,Dog,1,drift object street bright street field photo scene camera street token camera bright gentle,post_drift
3225,/home/dxzielinski/Downloads/archive/PetImages/Dog/2767.jpg,Dog,1,outside warm near online street focus warm,post_drift
3226,/home/dxzielinski/Downloads/archive/PetImages/Dog/1439.jpg,Dog,1,path corner level token eyes window short color soft inside quiet grass inside,post_drift
3227,/home/dxzielinski/Downloads/archive/PetImages/Dog/10184.jpg,Dog,1,sample color steady center gentle window sequence caption,post_drift
3228,/home/dxzielinski/Downloads/archive/PetImages/Dog/6346.jpg,Dog,1,level cold round color window bright light calm phase long long dark field state,post_drift
3229,/home/dxzielinski/Downloads/archive/PetImages/Dog/4766.jpg,Dog,1,grass gentle blanket focus looking shadow house sunny warm gentle path blur clean corner photo warm,post_drift
3230,/home/dxzielinski/Downloads/archive/PetImages/Dog/5268.jpg,Dog,1,round center bright center token noisy bright frame center air signal signal shape noisy camera sitting,post_drift
3231,/home/dxzielinski/Downloads/archive/PetImages/Dog/1618.jpg,Dog,1,far change calm grass happy eyes tail blanket air,post_drift
3232,/home/dxzielinski/Downloads/archive/PetImages/Dog/10908.jpg,Dog,1,room running pattern dark messy blanket caption messy token large level token window furry,post_drift
3233,/home/dxzielinski/Downloads/archive/PetImages/Dog/6891.jpg,Dog,1,eyes running outside quiet furry far curious window foreground jumping photo running window corner window,post_drift
3234,/home/dxzielinski/Downloads/archive/PetImages/Dog/5057.jpg,Dog,1,focus long short sunny happy looking,post_drift
3235,/home/dxzielinski/Downloads/archive/PetImages/Dog/1794.jpg,Dog,1,corner color texture blur running sitting level street corner background event shape scene signal corner scene,post_drift
3236,/home/dxzielinski/Downloads/archive/PetImages/Dog/11024.jpg,Dog,1,dark camera cold blur focus air gentle,post_drift
3237,/home/dxzielinski/Downloads/archive/PetImages/Dog/8310.jpg,Dog,1,playful event color ears texture,post_drift
3238,/home/dxzielinski/Downloads/archive/PetImages/Dog/7618.jpg,Dog,1,drift sunny day field motion furry,post_drift
3239,/home/dxzielinski/Downloads/archive/PetImages/Dog/4454.jpg,Dog,1,still noisy soft random photo happy,post_drift
3240,/home/dxzielinski/Downloads/archive/PetImages/Dog/11364.jpg,Dog,1,sample bright moment scene pattern quiet object token blur pattern blanket sharp,post_drift
3241,/home/dxzielinski/Downloads/archive/PetImages/Dog/8532.jpg,Dog,1,abrupt camera sitting playful abrupt moment soft outside sample sequence abrupt,post_drift
3242,/home/dxzielinski/Downloads/archive/PetImages/Dog/4225.jpg,Dog,1,inside small eyes long path short level room focus corner shape light quiet inside,post_drift
3243,/home/dxzielinski/Downloads/archive/PetImages/Dog/5521.jpg,Dog,1,tail round quiet bright token stream cold color steady sitting,post_drift
3244,/home/dxzielinski/Downloads/archive/PetImages/Dog/5777.jpg,Dog,1,steady pattern texture motion focus night,post_drift
3245,/home/dxzielinski/Downloads/archive/PetImages/Dog/4497.jpg,Dog,1,outside focus abrupt background bright street sitting jumping dark phase blur day furry running large,post_drift
3246,/home/dxzielinski/Downloads/archive/PetImages/Dog/8341.jpg,Dog,1,light signal shape light focus soft photo wild outside motion,post_drift
3247,/home/dxzielinski/Downloads/archive/PetImages/Dog/9231.jpg,Dog,1,calm blur sleepy focus outside center level change noisy warm sunny gentle,post_drift
3248,/home/dxzielinski/Downloads/archive/PetImages/Dog/7624.jpg,Dog,1,moment messy sequence near floor night near path,post_drift
3249,/home/dxzielinski/Downloads/archive/PetImages/Dog/6371.jpg,Dog,1,eyes bright sleepy room window calm still long furry field,post_drift
3250,/home/dxzielinski/Downloads/archive/PetImages/Dog/512.jpg,Dog,1,abrupt ears warm frame looking sharp phase change window fast furry caption playful signal token wild,post_drift
3251,/home/dxzielinski/Downloads/archive/PetImages/Dog/8580.jpg,Dog,1,color large soft room floor random token moment motion abrupt gentle random sunny sunny wild abrupt,post_drift
3252,/home/dxzielinski/Downloads/archive/PetImages/Dog/6105.jpg,Dog,1,running blur phase house phase warm,post_drift
3253,/home/dxzielinski/Downloads/archive/PetImages/Dog/8659.jpg,Dog,1,fast playful garden token looking frame garden signal sleepy calm inside photo,post_drift
3254,/home/dxzielinski/Downloads/archive/PetImages/Dog/2392.jpg,Dog,1,long jumping sunny street ears foreground photo air day bright noisy,post_drift
3255,/home/dxzielinski/Downloads/archive/PetImages/Dog/1462.jpg,Dog,1,path online center quiet object object abrupt focus street jumping floor color,post_drift
3256,/home/dxzielinski/Downloads/archive/PetImages/Dog/1781.jpg,Dog,1,air signal shadow steady object signal field messy far shape cold,post_drift
3257,/home/dxzielinski/Downloads/archive/PetImages/Dog/9910.jpg,Dog,1,blur signal warm background event token steady day calm light blur,post_drift
3258,/home/dxzielinski/Downloads/archive/PetImages/Dog/11945.jpg,Dog,1,grass round curious looking eyes level steady state phase curious sequence air sequence day,post_drift
3259,/home/dxzielinski/Downloads/archive/PetImages/Dog/9283.jpg,Dog,1,photo frame steady eyes sharp,post_drift
3260,/home/dxzielinski/Downloads/archive/PetImages/Dog/4322.jpg,Dog,1,color object round dark photo foreground object token quiet room sleepy near phase scene day background,post_drift
3261,/home/dxzielinski/Downloads/archive/PetImages/Dog/2528.jpg,Dog,1,sitting photo sleepy sequence frame online curious sitting light near short curious garden stream random,post_drift
3262,/home/dxzielinski/Downloads/archive/PetImages/Dog/7432.jpg,Dog,1,furry dark calm random tail stream clean phase running shape soft curious outside blanket steady center,post_drift
3263,/home/dxzielinski/Downloads/archive/PetImages/Dog/584.jpg,Dog,1,messy dark near online drift running shape path,post_drift
3264,/home/dxzielinski/Downloads/archive/PetImages/Dog/11056.jpg,Dog,1,sleepy drift sleepy cold happy street,post_drift
3265,/home/dxzielinski/Downloads/archive/PetImages/Dog/12160.jpg,Dog,1,gentle stream sunny background warm foreground level change looking signal motion camera,post_drift
3266,/home/dxzielinski/Downloads/archive/PetImages/Dog/9863.jpg,Dog,1,still level sample texture moment path drift phase near eyes sequence inside noisy,post_drift
3267,/home/dxzielinski/Downloads/archive/PetImages/Dog/1124.jpg,Dog,1,near air caption sleepy frame,post_drift
3268,/home/dxzielinski/Downloads/archive/PetImages/Dog/2036.jpg,Dog,1,happy tail jumping window event sequence air abrupt air steady blur air,post_drift
3269,/home/dxzielinski/Downloads/archive/PetImages/Dog/7584.jpg,Dog,1,near short color level small phase still calm,post_drift
3270,/home/dxzielinski/Downloads/archive/PetImages/Dog/5488.jpg,Dog,1,sequence fast texture furry center wild eyes round blanket focus house gentle,post_drift
3271,/home/dxzielinski/Downloads/archive/PetImages/Dog/8081.jpg,Dog,1,ears running caption house outside,post_drift
3272,/home/dxzielinski/Downloads/archive/PetImages/Dog/5561.jpg,Dog,1,floor background looking camera scene,post_drift
3273,/home/dxzielinski/Downloads/archive/PetImages/Dog/1827.jpg,Dog,1,frame camera sequence blanket online foreground moment fast random steady curious scene messy,post_drift
3274,/home/dxzielinski/Downloads/archive/PetImages/Dog/2907.jpg,Dog,1,sleepy street round eyes warm street field sitting moment round color,post_drift
3275,/home/dxzielinski/Downloads/archive/PetImages/Dog/7786.jpg,Dog,1,house shadow online looking air grass jumping cold calm drift,post_drift
3276,/home/dxzielinski/Downloads/archive/PetImages/Dog/10538.jpg,Dog,1,blur running dark running field color tail stream sample event,post_drift
3277,/home/dxzielinski/Downloads/archive/PetImages/Dog/11956.jpg,Dog,1,change outside stream air outside sharp signal night,post_drift
3278,/home/dxzielinski/Downloads/archive/PetImages/Dog/6927.jpg,Dog,1,inside garden window background token field center token blanket near round jumping sequence corner motion,post_drift
3279,/home/dxzielinski/Downloads/archive/PetImages/Dog/7942.jpg,Dog,1,round clean sleepy corner level pattern stream clean caption focus photo caption shape event,post_drift
3280,/home/dxzielinski/Downloads/archive/PetImages/Dog/2400.jpg,Dog,1,warm eyes far noisy signal tail ears shape,post_drift
3281,/home/dxzielinski/Downloads/archive/PetImages/Dog/9549.jpg,Dog,1,steady photo tail happy online caption round,post_drift
3282,/home/dxzielinski/Downloads/archive/PetImages/Dog/795.jpg,Dog,1,pattern jumping window frame color night sitting texture signal dark center online drift,post_drift
3283,/home/dxzielinski/Downloads/archive/PetImages/Dog/3701.jpg,Dog,1,shape fast small sunny random playful blur,post_drift
3284,/home/dxzielinski/Downloads/archive/PetImages/Dog/8414.jpg,Dog,1,camera sleepy steady calm pattern phase online change moment,post_drift
3285,/home/dxzielinski/Downloads/archive/PetImages/Dog/5593.jpg,Dog,1,blur sitting round steady sunny motion dark house wild foreground moment large sunny room object,post_drift
3286,/home/dxzielinski/Downloads/archive/PetImages/Dog/9690.jpg,Dog,1,looking path grass street clean,post_drift
3287,/home/dxzielinski/Downloads/archive/PetImages/Dog/8489.jpg,Dog,1,far field garden noisy wild street night,post_drift
3288,/home/dxzielinski/Downloads/archive/PetImages/Dog/2063.jpg,Dog,1,near outside random house floor object gentle online small window,post_drift
3289,/home/dxzielinski/Downloads/archive/PetImages/Dog/12367.jpg,Dog,1,eyes window floor calm tail floor,post_drift
3290,/home/dxzielinski/Downloads/archive/PetImages/Dog/9820.jpg,Dog,1,abrupt level shape stream noisy sitting round field frame gentle sample short,post_drift
3291,/home/dxzielinski/Downloads/archive/PetImages/Dog/5322.jpg,Dog,1,random ears furry level air small blanket texture caption blur blur eyes abrupt tail,post_drift
3292,/home/dxzielinski/Downloads/archive/PetImages/Dog/9842.jpg,Dog,1,room jumping warm bright sequence foreground background object phase quiet eyes running,post_drift
3293,/home/dxzielinski/Downloads/archive/PetImages/Dog/12430.jpg,Dog,1,corner texture corner caption photo sleepy sequence running center scene event house air,post_drift
3294,/home/dxzielinski/Downloads/archive/PetImages/Dog/3949.jpg,Dog,1,floor ears ears calm warm photo steady near change random pattern running grass,post_drift
3295,/home/dxzielinski/Downloads/archive/PetImages/Dog/8242.jpg,Dog,1,online texture room tail noisy shape still,post_drift
3296,/home/dxzielinski/Downloads/archive/PetImages/Dog/8324.jpg,Dog,1,blanket long phase gentle blur drift corner foreground noisy blanket grass,post_drift
3297,/home/dxzielinski/Downloads/archive/PetImages/Dog/1735.jpg,Dog,1,field garden gentle drift blur sitting sleepy garden change gentle,post_drift
3298,/home/dxzielinski/Downloads/archive/PetImages/Dog/9164.jpg,Dog,1,sitting focus bright blur abrupt phase shadow,post_drift
3299,/home/dxzielinski/Downloads/archive/PetImages/Dog/7094.jpg,Dog,1,shape random blur motion curious clean corner still caption floor random bright fast window short,post_drift
3300,/home/dxzielinski/Downloads/archive/PetImages/Dog/2753.jpg,Dog,1,steady field eyes house motion,post_drift
3301,/home/dxzielinski/Downloads/archive/PetImages/Dog/4621.jpg,Dog,1,wild bright furry texture caption color object clean blanket dark jumping night outside color,post_drift
3302,/home/dxzielinski/Downloads/archive/PetImages/Dog/147.jpg,Dog,1,still outside far texture moment camera online,post_drift
3303,/home/dxzielinski/Downloads/archive/PetImages/Dog/8281.jpg,Dog,1,shape shape texture bright window small gentle scene phase garden tail sitting,post_drift
3304,/home/dxzielinski/Downloads/archive/PetImages/Dog/2581.jpg,Dog,1,camera day large dark wild frame eyes signal cold object warm day photo,post_drift
3305,/home/dxzielinski/Downloads/archive/PetImages/Dog/6759.jpg,Dog,1,jumping air phase online motion corner house shadow motion messy clean,post_drift
3306,/home/dxzielinski/Downloads/archive/PetImages/Dog/6809.jpg,Dog,1,night grass frame photo shadow center light,post_drift
3307,/home/dxzielinski/Downloads/archive/PetImages/Dog/3068.jpg,Dog,1,pattern noisy field still furry house scene clean sharp shape window,post_drift
3308,/home/dxzielinski/Downloads/archive/PetImages/Dog/7541.jpg,Dog,1,house phase soft gentle day light texture playful state,post_drift
3309,/home/dxzielinski/Downloads/archive/PetImages/Dog/6804.jpg,Dog,1,change signal steady inside cold round,post_drift
3310,/home/dxzielinski/Downloads/archive/PetImages/Dog/8451.jpg,Dog,1,phase token window long camera tail street state camera gentle large tail,post_drift
3311,/home/dxzielinski/Downloads/archive/PetImages/Dog/3156.jpg,Dog,1,small happy furry shadow frame shape blur background shadow,post_drift
3312,/home/dxzielinski/Downloads/archive/PetImages/Dog/2254.jpg,Dog,1,center furry round bright far foreground room air,post_drift
3313,/home/dxzielinski/Downloads/archive/PetImages/Dog/4059.jpg,Dog,1,dark focus short still sitting street caption sunny eyes soft gentle jumping dark house looking,post_drift
3314,/home/dxzielinski/Downloads/archive/PetImages/Dog/1472.jpg,Dog,1,blur blanket room sample blur,post_drift
3315,/home/dxzielinski/Downloads/archive/PetImages/Dog/2568.jpg,Dog,1,fast playful small pattern cold noisy camera near blanket soft happy curious,post_drift
3316,/home/dxzielinski/Downloads/archive/PetImages/Dog/8246.jpg,Dog,1,far signal air sleepy background scene sunny focus random shadow night,post_drift
3317,/home/dxzielinski/Downloads/archive/PetImages/Dog/315.jpg,Dog,1,large center shadow camera object shape room random dark abrupt,post_drift
3318,/home/dxzielinski/Downloads/archive/PetImages/Dog/4815.jpg,Dog,1,wild blur window object messy path looking tail field,post_drift
3319,/home/dxzielinski/Downloads/archive/PetImages/Dog/4941.jpg,Dog,1,center warm color corner calm looking clean air,post_drift
3320,/home/dxzielinski/Downloads/archive/PetImages/Dog/8201.jpg,Dog,1,furry photo window change drift random tail center moment floor eyes bright,post_drift
3321,/home/dxzielinski/Downloads/archive/PetImages/Dog/3791.jpg,Dog,1,room air day floor drift jumping,post_drift
3322,/home/dxzielinski/Downloads/archive/PetImages/Dog/2104.jpg,Dog,1,cold noisy house furry foreground level sitting inside day object sleepy air motion small long,post_drift
3323,/home/dxzielinski/Downloads/archive/PetImages/Dog/10864.jpg,Dog,1,far sample happy scene calm sharp far,post_drift
3324,/home/dxzielinski/Downloads/archive/PetImages/Dog/8325.jpg,Dog,1,sleepy clean playful online field blur bright,post_drift
3325,/home/dxzielinski/Downloads/archive/PetImages/Dog/5171.jpg,Dog,1,messy garden happy large clean short,post_drift
3326,/home/dxzielinski/Downloads/archive/PetImages/Dog/296.jpg,Dog,1,cold center focus pattern token,post_drift
3327,/home/dxzielinski/Downloads/archive/PetImages/Dog/4684.jpg,Dog,1,background abrupt soft state sample change calm round texture house far short,post_drift
3328,/home/dxzielinski/Downloads/archive/PetImages/Dog/4276.jpg,Dog,1,center color large eyes token sleepy garden,post_drift
3329,/home/dxzielinski/Downloads/archive/PetImages/Dog/11843.jpg,Dog,1,jumping small looking stream abrupt sequence online noisy inside texture shape,post_drift
3330,/home/dxzielinski/Downloads/archive/PetImages/Dog/5131.jpg,Dog,1,running happy sunny caption path sequence,post_drift
3331,/home/dxzielinski/Downloads/archive/PetImages/Dog/1188.jpg,Dog,1,level happy floor blanket near day color scene,post_drift
3332,/home/dxzielinski/Downloads/archive/PetImages/Dog/10398.jpg,Dog,1,foreground outside light background outside foreground,post_drift
3333,/home/dxzielinski/Downloads/archive/PetImages/Dog/3641.jpg,Dog,1,eyes eyes focus near camera sample signal state,post_drift
3334,/home/dxzielinski/Downloads/archive/PetImages/Dog/10130.jpg,Dog,1,sharp path outside focus clean frame,post_drift
3335,/home/dxzielinski/Downloads/archive/PetImages/Dog/10051.jpg,Dog,1,running phase messy happy wild path moment clean quiet looking long near online,post_drift
3336,/home/dxzielinski/Downloads/archive/PetImages/Dog/65.jpg,Dog,1,short steady curious sunny far running corner wild random,post_drift
3337,/home/dxzielinski/Downloads/archive/PetImages/Dog/8840.jpg,Dog,1,messy window abrupt texture inside field messy blur phase,post_drift
3338,/home/dxzielinski/Downloads/archive/PetImages/Dog/4796.jpg,Dog,1,warm dark sequence floor messy shadow day air,post_drift
3339,/home/dxzielinski/Downloads/archive/PetImages/Dog/5400.jpg,Dog,1,shadow abrupt short small room fast token sitting event shadow messy,post_drift
3340,/home/dxzielinski/Downloads/archive/PetImages/Dog/5990.jpg,Dog,1,shape abrupt state background looking phase pattern running far near abrupt window,post_drift
3341,/home/dxzielinski/Downloads/archive/PetImages/Dog/4715.jpg,Dog,1,abrupt large calm far day,post_drift
3342,/home/dxzielinski/Downloads/archive/PetImages/Dog/7270.jpg,Dog,1,playful night large noisy corner event event,post_drift
3343,/home/dxzielinski/Downloads/archive/PetImages/Dog/10293.jpg,Dog,1,online cold long gentle far sleepy grass inside shape,post_drift
3344,/home/dxzielinski/Downloads/archive/PetImages/Dog/5079.jpg,Dog,1,grass long garden drift eyes steady sample garden abrupt background,post_drift
3345,/home/dxzielinski/Downloads/archive/PetImages/Dog/11742.jpg,Dog,1,street quiet curious quiet foreground event photo drift object caption sequence still blur,post_drift
3346,/home/dxzielinski/Downloads/archive/PetImages/Dog/11078.jpg,Dog,1,change inside eyes happy calm frame house texture outside short ears token,post_drift
3347,/home/dxzielinski/Downloads/archive/PetImages/Dog/6719.jpg,Dog,1,token blur steady random shape fast round ears clean path noisy signal inside sitting,post_drift
3348,/home/dxzielinski/Downloads/archive/PetImages/Dog/857.jpg,Dog,1,field sharp still pattern token stream,post_drift
3349,/home/dxzielinski/Downloads/archive/PetImages/Dog/11880.jpg,Dog,1,light gentle floor outside sample photo,post_drift
3350,/home/dxzielinski/Downloads/archive/PetImages/Dog/6827.jpg,Dog,1,small focus air noisy noisy drift photo foreground,post_drift
3351,/home/dxzielinski/Downloads/archive/PetImages/Dog/2940.jpg,Dog,1,round wild wild short sample,post_drift
3352,/home/dxzielinski/Downloads/archive/PetImages/Dog/4826.jpg,Dog,1,token change wild still fast field short event furry looking tail stream fast,post_drift
3353,/home/dxzielinski/Downloads/archive/PetImages/Dog/7809.jpg,Dog,1,camera center window bright tail moment blanket texture online furry wild wild background blur still,post_drift
3354,/home/dxzielinski/Downloads/archive/PetImages/Dog/9196.jpg,Dog,1,color object moment small background eyes sunny abrupt event,post_drift
3355,/home/dxzielinski/Downloads/archive/PetImages/Dog/4209.jpg,Dog,1,frame moment jumping shape cold night phase eyes window running,post_drift
3356,/home/dxzielinski/Downloads/archive/PetImages/Dog/7728.jpg,Dog,1,ears texture grass calm moment small sleepy round event jumping long stream quiet,post_drift
3357,/home/dxzielinski/Downloads/archive/PetImages/Dog/8100.jpg,Dog,1,blur dark blur window pattern,post_drift
3358,/home/dxzielinski/Downloads/archive/PetImages/Dog/7882.jpg,Dog,1,signal window cold furry warm,post_drift
3359,/home/dxzielinski/Downloads/archive/PetImages/Dog/7783.jpg,Dog,1,sitting playful signal online round,post_drift
3360,/home/dxzielinski/Downloads/archive/PetImages/Dog/1324.jpg,Dog,1,field online path field ears event cold corner messy online bright,post_drift
3361,/home/dxzielinski/Downloads/archive/PetImages/Dog/11291.jpg,Dog,1,shadow soft furry sample field,post_drift
3362,/home/dxzielinski/Downloads/archive/PetImages/Dog/7810.jpg,Dog,1,long curious pattern clean day fast dark happy jumping,post_drift
3363,/home/dxzielinski/Downloads/archive/PetImages/Dog/6427.jpg,Dog,1,stream large sitting phase texture sharp caption path signal small quiet field looking soft,post_drift
3364,/home/dxzielinski/Downloads/archive/PetImages/Dog/2364.jpg,Dog,1,eyes shadow foreground pattern event eyes bright bright cold drift house,post_drift
3365,/home/dxzielinski/Downloads/archive/PetImages/Dog/9242.jpg,Dog,1,large drift window steady phase room small long random room tail window steady color,post_drift
3366,/home/dxzielinski/Downloads/archive/PetImages/Dog/9592.jpg,Dog,1,sleepy drift house night state messy bright wild calm,post_drift
3367,/home/dxzielinski/Downloads/archive/PetImages/Dog/8944.jpg,Dog,1,furry caption tail sample room texture grass eyes day curious soft texture,post_drift
3368,/home/dxzielinski/Downloads/archive/PetImages/Dog/5943.jpg,Dog,1,street short token event warm photo moment sleepy ears stream motion sequence warm looking,post_drift
3369,/home/dxzielinski/Downloads/archive/PetImages/Dog/4966.jpg,Dog,1,dark soft warm house photo calm drift calm online quiet dark,post_drift
3370,/home/dxzielinski/Downloads/archive/PetImages/Dog/9133.jpg,Dog,1,texture sequence abrupt drift event level sunny change caption sleepy sitting change floor phase,post_drift
3371,/home/dxzielinski/Downloads/archive/PetImages/Dog/8442.jpg,Dog,1,quiet sequence long abrupt night eyes warm,post_drift
3372,/home/dxzielinski/Downloads/archive/PetImages/Dog/6489.jpg,Dog,1,level sharp window frame noisy state house random jumping soft token sunny room drift,post_drift
3373,/home/dxzielinski/Downloads/archive/PetImages/Dog/7906.jpg,Dog,1,bright calm change blur token long wild sequence clean steady,post_drift
3374,/home/dxzielinski/Downloads/archive/PetImages/Dog/3174.jpg,Dog,1,soft phase messy texture caption corner signal event sleepy calm abrupt warm state running,post_drift
3375,/home/dxzielinski/Downloads/archive/PetImages/Dog/7857.jpg,Dog,1,inside color cold steady change running sample,post_drift
3376,/home/dxzielinski/Downloads/archive/PetImages/Dog/4422.jpg,Dog,1,air signal motion room sunny night room bright,post_drift
3377,/home/dxzielinski/Downloads/archive/PetImages/Dog/1539.jpg,Dog,1,furry object motion shape phase grass corner dark drift dark eyes sleepy outside pattern,post_drift
3378,/home/dxzielinski/Downloads/archive/PetImages/Dog/8355.jpg,Dog,1,day wild sleepy scene moment house blanket long signal change phase frame still texture sitting,post_drift
3379,/home/dxzielinski/Downloads/archive/PetImages/Dog/4512.jpg,Dog,1,sharp looking blur tail sequence far calm texture ears color,post_drift
3380,/home/dxzielinski/Downloads/archive/PetImages/Dog/5184.jpg,Dog,1,warm gentle playful path eyes clean path furry motion small messy drift,post_drift
3381,/home/dxzielinski/Downloads/archive/PetImages/Dog/6671.jpg,Dog,1,clean messy corner color moment token random,post_drift
3382,/home/dxzielinski/Downloads/archive/PetImages/Dog/7285.jpg,Dog,1,clean frame running near jumping,post_drift
3383,/home/dxzielinski/Downloads/archive/PetImages/Dog/5016.jpg,Dog,1,still garden shape wild quiet small short path abrupt focus event dark phase,post_drift
3384,/home/dxzielinski/Downloads/archive/PetImages/Dog/10302.jpg,Dog,1,state window night street change motion background large corner clean event night wild ears,post_drift
3385,/home/dxzielinski/Downloads/archive/PetImages/Dog/11551.jpg,Dog,1,sharp steady path scene moment shape eyes calm shadow day large,post_drift
3386,/home/dxzielinski/Downloads/archive/PetImages/Dog/621.jpg,Dog,1,soft clean caption far street room window change,post_drift
3387,/home/dxzielinski/Downloads/archive/PetImages/Dog/5644.jpg,Dog,1,frame fast stream sharp quiet street frame texture,post_drift
3388,/home/dxzielinski/Downloads/archive/PetImages/Dog/2161.jpg,Dog,1,far background eyes quiet warm playful inside still,post_drift
3389,/home/dxzielinski/Downloads/archive/PetImages/Dog/7278.jpg,Dog,1,level small running camera caption far soft looking wild token focus,post_drift
3390,/home/dxzielinski/Downloads/archive/PetImages/Dog/3007.jpg,Dog,1,foreground room shadow sequence pattern warm stream change random frame shape happy running event corner,post_drift
3391,/home/dxzielinski/Downloads/archive/PetImages/Dog/8754.jpg,Dog,1,blur phase far messy drift abrupt eyes,post_drift
3392,/home/dxzielinski/Downloads/archive/PetImages/Dog/8777.jpg,Dog,1,ears change token online online shape,post_drift
3393,/home/dxzielinski/Downloads/archive/PetImages/Dog/9793.jpg,Dog,1,texture jumping bright room shape playful pattern stream tail gentle pattern stream state small light running,post_drift
3394,/home/dxzielinski/Downloads/archive/PetImages/Dog/10752.jpg,Dog,1,window photo focus scene eyes stream,post_drift
3395,/home/dxzielinski/Downloads/archive/PetImages/Dog/7122.jpg,Dog,1,center corner sharp motion jumping floor looking calm path looking field tail foreground,post_drift
3396,/home/dxzielinski/Downloads/archive/PetImages/Dog/4711.jpg,Dog,1,token air window blanket field steady warm,post_drift
3397,/home/dxzielinski/Downloads/archive/PetImages/Dog/7686.jpg,Dog,1,token shape foreground house sitting room,post_drift
3398,/home/dxzielinski/Downloads/archive/PetImages/Dog/11838.jpg,Dog,1,calm random steady wild level still signal path frame,post_drift
3399,/home/dxzielinski/Downloads/archive/PetImages/Dog/3354.jpg,Dog,1,jumping event abrupt shape stream dark pattern small pattern caption sunny sitting light,post_drift
3400,/home/dxzielinski/Downloads/archive/PetImages/Dog/619.jpg,Dog,1,phase drift phase focus pattern long phase gentle,post_drift
3401,/home/dxzielinski/Downloads/archive/PetImages/Dog/2819.jpg,Dog,1,random phase near ears jumping camera house running happy color round warm outside tail,post_drift
3402,/home/dxzielinski/Downloads/archive/PetImages/Dog/11223.jpg,Dog,1,running sample scene random texture sleepy large steady corner,post_drift
3403,/home/dxzielinski/Downloads/archive/PetImages/Dog/10320.jpg,Dog,1,room frame caption still sharp calm,post_drift
3404,/home/dxzielinski/Downloads/archive/PetImages/Dog/3750.jpg,Dog,1,sleepy field background dark drift event noisy level scene field gentle grass,post_drift
3405,/home/dxzielinski/Downloads/archive/PetImages/Dog/5501.jpg,Dog,1,drift curious clean room color,post_drift
3406,/home/dxzielinski/Downloads/archive/PetImages/Dog/8598.jpg,Dog,1,pattern blanket steady window large,post_drift
3407,/home/dxzielinski/Downloads/archive/PetImages/Dog/11408.jpg,Dog,1,jumping random scene photo shadow tail long stream level phase phase short,post_drift
3408,/home/dxzielinski/Downloads/archive/PetImages/Dog/11101.jpg,Dog,1,light texture fast level room motion house bright photo state object floor stream small warm sunny,post_drift
3409,/home/dxzielinski/Downloads/archive/PetImages/Dog/12334.jpg,Dog,1,camera field blanket motion air window sequence,post_drift
3410,/home/dxzielinski/Downloads/archive/PetImages/Dog/6592.jpg,Dog,1,field warm night center clean floor,post_drift
3411,/home/dxzielinski/Downloads/archive/PetImages/Dog/4917.jpg,Dog,1,scene level corner outside small sleepy,post_drift
3412,/home/dxzielinski/Downloads/archive/PetImages/Dog/460.jpg,Dog,1,playful floor night caption running frame dark change calm night online sequence photo,post_drift
3413,/home/dxzielinski/Downloads/archive/PetImages/Dog/2191.jpg,Dog,1,blur sharp small token texture,post_drift
3414,/home/dxzielinski/Downloads/archive/PetImages/Dog/10651.jpg,Dog,1,field happy still soft jumping corner small phase tail foreground blanket foreground grass curious air furry,post_drift
3415,/home/dxzielinski/Downloads/archive/PetImages/Dog/207.jpg,Dog,1,foreground pattern bright street bright short grass still still inside focus photo garden,post_drift
3416,/home/dxzielinski/Downloads/archive/PetImages/Dog/5366.jpg,Dog,1,noisy blur warm long level sleepy grass far path,post_drift
3417,/home/dxzielinski/Downloads/archive/PetImages/Dog/4680.jpg,Dog,1,messy dark center token house scene still event token short,post_drift
3418,/home/dxzielinski/Downloads/archive/PetImages/Dog/41.jpg,Dog,1,path soft day frame inside small curious change,post_drift
3419,/home/dxzielinski/Downloads/archive/PetImages/Dog/11403.jpg,Dog,1,playful phase playful foreground sitting playful floor event tail tail soft state ears clean,post_drift
3420,/home/dxzielinski/Downloads/archive/PetImages/Dog/11147.jpg,Dog,1,shape warm quiet change fast running outside center,post_drift
3421,/home/dxzielinski/Downloads/archive/PetImages/Dog/3110.jpg,Dog,1,happy token light sequence caption object still token long blanket quiet soft small,post_drift
3422,/home/dxzielinski/Downloads/archive/PetImages/Dog/8485.jpg,Dog,1,garden abrupt still window round level grass blur,post_drift
3423,/home/dxzielinski/Downloads/archive/PetImages/Dog/815.jpg,Dog,1,calm eyes window noisy warm motion center motion room random soft floor,post_drift
3424,/home/dxzielinski/Downloads/archive/PetImages/Dog/5372.jpg,Dog,1,outside eyes online jumping round corner window outside pattern warm,post_drift
3425,/home/dxzielinski/Downloads/archive/PetImages/Dog/10824.jpg,Dog,1,running center center frame shadow floor ears small background path,post_drift
3426,/home/dxzielinski/Downloads/archive/PetImages/Dog/8551.jpg,Dog,1,ears near sleepy sample furry round token room far eyes sleepy motion curious,post_drift
3427,/home/dxzielinski/Downloads/archive/PetImages/Dog/3272.jpg,Dog,1,quiet house photo sequence field sample sharp day gentle shape noisy,post_drift
3428,/home/dxzielinski/Downloads/archive/PetImages/Dog/2553.jpg,Dog,1,running wild caption color looking texture background color token,post_drift
3429,/home/dxzielinski/Downloads/archive/PetImages/Dog/1158.jpg,Dog,1,random playful far color quiet clean blanket dark path clean state frame day motion,post_drift
3430,/home/dxzielinski/Downloads/archive/PetImages/Dog/2183.jpg,Dog,1,window shadow sitting small window drift corner grass night outside sunny window cold,post_drift
3431,/home/dxzielinski/Downloads/archive/PetImages/Dog/8922.jpg,Dog,1,caption cold drift large large day shadow sunny pattern frame motion sharp floor furry ears,post_drift
3432,/home/dxzielinski/Downloads/archive/PetImages/Dog/8734.jpg,Dog,1,still garden abrupt round still corner event still furry floor wild center,post_drift
3433,/home/dxzielinski/Downloads/archive/PetImages/Dog/9708.jpg,Dog,1,far field photo curious window round token messy large air looking looking,post_drift
3434,/home/dxzielinski/Downloads/archive/PetImages/Dog/1385.jpg,Dog,1,motion far wild blanket street token photo steady phase camera tail,post_drift
3435,/home/dxzielinski/Downloads/archive/PetImages/Dog/9987.jpg,Dog,1,wild near object change texture cold grass messy pattern caption quiet fast,post_drift
3436,/home/dxzielinski/Downloads/archive/PetImages/Dog/4806.jpg,Dog,1,night sitting clean window warm event grass happy gentle phase clean scene outside blanket,post_drift
3437,/home/dxzielinski/Downloads/archive/PetImages/Dog/6621.jpg,Dog,1,shadow warm object inside window dark foreground playful house night,post_drift
3438,/home/dxzielinski/Downloads/archive/PetImages/Dog/5836.jpg,Dog,1,noisy quiet street token level motion token phase round dark ears pattern blur,post_drift
3439,/home/dxzielinski/Downloads/archive/PetImages/Dog/5762.jpg,Dog,1,sequence jumping state drift messy focus shape,post_drift
3440,/home/dxzielinski/Downloads/archive/PetImages/Dog/8762.jpg,Dog,1,inside sample frame scene quiet scene soft night background warm wild,post_drift
3441,/home/dxzielinski/Downloads/archive/PetImages/Dog/3288.jpg,Dog,1,corner foreground happy street abrupt street object gentle foreground caption round jumping gentle eyes,post_drift
3442,/home/dxzielinski/Downloads/archive/PetImages/Dog/8714.jpg,Dog,1,field abrupt gentle window night curious abrupt playful street scene object,post_drift
3443,/home/dxzielinski/Downloads/archive/PetImages/Dog/11571.jpg,Dog,1,gentle ears warm jumping curious sequence long window room soft shape online,post_drift
3444,/home/dxzielinski/Downloads/archive/PetImages/Dog/7313.jpg,Dog,1,tail ears window still sunny furry,post_drift
3445,/home/dxzielinski/Downloads/archive/PetImages/Dog/8774.jpg,Dog,1,sample photo running house street garden frame looking eyes,post_drift
3446,/home/dxzielinski/Downloads/archive/PetImages/Dog/9262.jpg,Dog,1,short large token clean phase fast messy stream fast inside sequence color large,post_drift
3447,/home/dxzielinski/Downloads/archive/PetImages/Dog/6679.jpg,Dog,1,clean garden center round background shape,post_drift
3448,/home/dxzielinski/Downloads/archive/PetImages/Dog/10736.jpg,Dog,1,short sleepy shape abrupt tail scene,post_drift
3449,/home/dxzielinski/Downloads/archive/PetImages/Dog/10644.jpg,Dog,1,clean pattern round color frame,post_drift
3450,/home/dxzielinski/Downloads/archive/PetImages/Dog/5111.jpg,Dog,1,sunny field soft round small happy playful blur camera,post_drift
3451,/home/dxzielinski/Downloads/archive/PetImages/Dog/1415.jpg,Dog,1,house signal wild blanket focus ears wild signal scene short night,post_drift
3452,/home/dxzielinski/Downloads/archive/PetImages/Dog/6189.jpg,Dog,1,pattern scene small foreground token blanket sequence wild sunny texture stream object event caption light,post_drift
3453,/home/dxzielinski/Downloads/archive/PetImages/Dog/8118.jpg,Dog,1,sitting looking still night house night air curious focus sample sequence sleepy,post_drift
3454,/home/dxzielinski/Downloads/archive/PetImages/Dog/7155.jpg,Dog,1,token foreground curious caption online color phase foreground sitting calm path wild large furry,post_drift
3455,/home/dxzielinski/Downloads/archive/PetImages/Dog/9448.jpg,Dog,1,wild path caption camera clean path sequence warm sunny house drift floor room still clean,post_drift
3456,/home/dxzielinski/Downloads/archive/PetImages/Dog/3858.jpg,Dog,1,phase window furry token center air large color,post_drift
3457,/home/dxzielinski/Downloads/archive/PetImages/Dog/5907.jpg,Dog,1,online looking signal change garden abrupt shape,post_drift
3458,/home/dxzielinski/Downloads/archive/PetImages/Dog/5385.jpg,Dog,1,state furry change warm inside playful far moment window noisy,post_drift
3459,/home/dxzielinski/Downloads/archive/PetImages/Dog/4102.jpg,Dog,1,field sample camera quiet corner sleepy center,post_drift
3460,/home/dxzielinski/Downloads/archive/PetImages/Dog/1897.jpg,Dog,1,photo pattern long state corner noisy soft furry room still sharp window,post_drift
3461,/home/dxzielinski/Downloads/archive/PetImages/Dog/3851.jpg,Dog,1,jumping color far steady phase inside center short window small floor moment playful,post_drift
3462,/home/dxzielinski/Downloads/archive/PetImages/Dog/2323.jpg,Dog,1,playful window motion foreground room path phase blur,post_drift
3463,/home/dxzielinski/Downloads/archive/PetImages/Dog/3181.jpg,Dog,1,short curious stream sharp steady change sequence,post_drift
3464,/home/dxzielinski/Downloads/archive/PetImages/Dog/3818.jpg,Dog,1,level ears far curious looking large object,post_drift
3465,/home/dxzielinski/Downloads/archive/PetImages/Dog/3992.jpg,Dog,1,blanket wild frame house tail random day shape corner,post_drift
3466,/home/dxzielinski/Downloads/archive/PetImages/Dog/5233.jpg,Dog,1,online object garden steady house sharp motion state field gentle street messy abrupt,post_drift
3467,/home/dxzielinski/Downloads/archive/PetImages/Dog/1020.jpg,Dog,1,window ears path color house clean fast quiet signal grass online large,post_drift
3468,/home/dxzielinski/Downloads/archive/PetImages/Dog/178.jpg,Dog,1,steady still sequence air near bright sleepy window house abrupt calm photo sharp jumping moment,post_drift
3469,/home/dxzielinski/Downloads/archive/PetImages/Dog/529.jpg,Dog,1,wild stream pattern token room steady frame color foreground tail change,post_drift
3470,/home/dxzielinski/Downloads/archive/PetImages/Dog/2794.jpg,Dog,1,bright short field light online focus outside warm center furry quiet looking,post_drift
3471,/home/dxzielinski/Downloads/archive/PetImages/Dog/11710.jpg,Dog,1,bright short small gentle warm short messy frame ears,post_drift
3472,/home/dxzielinski/Downloads/archive/PetImages/Dog/2005.jpg,Dog,1,night drift corner camera blur ears token warm fast far sleepy,post_drift
3473,/home/dxzielinski/Downloads/archive/PetImages/Dog/10112.jpg,Dog,1,ears sample light playful soft,post_drift
3474,/home/dxzielinski/Downloads/archive/PetImages/Dog/8523.jpg,Dog,1,sharp state scene focus dark looking field furry small small wild clean messy garden wild,post_drift
3475,/home/dxzielinski/Downloads/archive/PetImages/Dog/11462.jpg,Dog,1,corner camera still window stream garden round looking corner frame online,post_drift
3476,/home/dxzielinski/Downloads/archive/PetImages/Dog/12451.jpg,Dog,1,motion wild eyes texture inside token night,post_drift
3477,/home/dxzielinski/Downloads/archive/PetImages/Dog/9194.jpg,Dog,1,room level pattern messy far ears object object,post_drift
3478,/home/dxzielinski/Downloads/archive/PetImages/Dog/5317.jpg,Dog,1,playful sitting fast window fast short light object,post_drift
3479,/home/dxzielinski/Downloads/archive/PetImages/Dog/1921.jpg,Dog,1,furry cold scene bright warm blanket garden floor foreground stream round sharp bright messy,post_drift
3480,/home/dxzielinski/Downloads/archive/PetImages/Dog/4081.jpg,Dog,1,furry furry large blur tail fast pattern dark street eyes random,post_drift
3481,/home/dxzielinski/Downloads/archive/PetImages/Dog/7217.jpg,Dog,1,phase gentle light steady camera sunny house sleepy room center object shadow camera wild,post_drift
3482,/home/dxzielinski/Downloads/archive/PetImages/Dog/12325.jpg,Dog,1,caption noisy looking cold event clean,post_drift
3483,/home/dxzielinski/Downloads/archive/PetImages/Dog/6307.jpg,Dog,1,short soft round steady day,post_drift
3484,/home/dxzielinski/Downloads/archive/PetImages/Dog/76.jpg,Dog,1,random random blur still messy abrupt,post_drift
3485,/home/dxzielinski/Downloads/archive/PetImages/Dog/12313.jpg,Dog,1,small field color quiet soft motion inside change background house token garden level window sleepy,post_drift
3486,/home/dxzielinski/Downloads/archive/PetImages/Dog/3963.jpg,Dog,1,object frame shape sequence stream sequence,post_drift
3487,/home/dxzielinski/Downloads/archive/PetImages/Dog/1154.jpg,Dog,1,window sequence scene short large house dark street caption corner sample outside,post_drift
3488,/home/dxzielinski/Downloads/archive/PetImages/Dog/2901.jpg,Dog,1,random gentle curious phase outside path grass soft shadow sunny noisy floor inside playful foreground,post_drift
3489,/home/dxzielinski/Downloads/archive/PetImages/Dog/9048.jpg,Dog,1,grass clean caption blanket furry motion soft,post_drift
3490,/home/dxzielinski/Downloads/archive/PetImages/Dog/8995.jpg,Dog,1,happy still window garden dark,post_drift
3491,/home/dxzielinski/Downloads/archive/PetImages/Dog/5761.jpg,Dog,1,window event happy still near messy,post_drift
3492,/home/dxzielinski/Downloads/archive/PetImages/Dog/6726.jpg,Dog,1,scene change change background center furry motion scene steady,post_drift
3493,/home/dxzielinski/Downloads/archive/PetImages/Dog/1333.jpg,Dog,1,caption blanket outside quiet blanket abrupt floor blanket online jumping shape curious,post_drift
3494,/home/dxzielinski/Downloads/archive/PetImages/Dog/970.jpg,Dog,1,foreground focus scene object ears round still clean sitting clean ears noisy sequence room motion tail,post_drift
3495,/home/dxzielinski/Downloads/archive/PetImages/Dog/5361.jpg,Dog,1,happy far still noisy window phase wild jumping pattern dark running running,post_drift
3496,/home/dxzielinski/Downloads/archive/PetImages/Dog/8655.jpg,Dog,1,sleepy blanket phase inside token drift blanket near tail,post_drift
3497,/home/dxzielinski/Downloads/archive/PetImages/Dog/291.jpg,Dog,1,shape photo happy field looking round street,post_drift
3498,/home/dxzielinski/Downloads/archive/PetImages/Dog/5870.jpg,Dog,1,quiet focus curious near day change warm focus bright ears frame inside still,post_drift
3499,/home/dxzielinski/Downloads/archive/PetImages/Dog/1916.jpg,Dog,1,token floor camera air house background caption token,post_drift
3500,/home/dxzielinski/Downloads/archive/PetImages/Dog/3345.jpg,Dog,1,furry light long air steady shape focus field,post_drift
3501,/home/dxzielinski/Downloads/archive/PetImages/Dog/3167.jpg,Dog,1,motion background jumping change change warm moment path running foreground photo object corner event state sleepy,post_drift
3502,/home/dxzielinski/Downloads/archive/PetImages/Dog/8431.jpg,Dog,1,shape level tail window state sharp cold focus eyes eyes center noisy camera field,post_drift
3503,/home/dxzielinski/Downloads/archive/PetImages/Dog/6850.jpg,Dog,1,online corner photo soft field,post_drift
3504,/home/dxzielinski/Downloads/archive/PetImages/Dog/10060.jpg,Dog,1,messy grass small warm street room long moment shape calm,post_drift
3505,/home/dxzielinski/Downloads/archive/PetImages/Dog/11672.jpg,Dog,1,happy garden online path sitting phase color sunny fast playful foreground air photo cold,post_drift
3506,/home/dxzielinski/Downloads/archive/PetImages/Dog/9441.jpg,Dog,1,noisy messy ears wild happy sharp path air stream light jumping,post_drift
3507,/home/dxzielinski/Downloads/archive/PetImages/Dog/258.jpg,Dog,1,blur curious clean street sunny blur center floor caption curious frame furry,post_drift
3508,/home/dxzielinski/Downloads/archive/PetImages/Dog/741.jpg,Dog,1,level field sharp still camera path soft level air window window stream focus short calm,post_drift
3509,/home/dxzielinski/Downloads/archive/PetImages/Dog/11145.jpg,Dog,1,air center messy token short scene shape,post_drift
3510,/home/dxzielinski/Downloads/archive/PetImages/Dog/11513.jpg,Dog,1,happy sleepy path change random background grass fast quiet focus,post_drift
3511,/home/dxzielinski/Downloads/archive/PetImages/Dog/820.jpg,Dog,1,camera motion curious random garden token warm fast ears abrupt warm inside calm center near,post_drift
3512,/home/dxzielinski/Downloads/archive/PetImages/Dog/9882.jpg,Dog,1,round frame phase inside caption noisy round long,post_drift
3513,/home/dxzielinski/Downloads/archive/PetImages/Dog/365.jpg,Dog,1,light eyes small sequence motion noisy playful messy calm eyes random,post_drift
3514,/home/dxzielinski/Downloads/archive/PetImages/Dog/8287.jpg,Dog,1,wild wild path state warm random eyes pattern house floor clean far still shadow dark tail,post_drift
3515,/home/dxzielinski/Downloads/archive/PetImages/Dog/9514.jpg,Dog,1,field background near window house light caption level garden center outside,post_drift
3516,/home/dxzielinski/Downloads/archive/PetImages/Dog/3430.jpg,Dog,1,messy clean far sample warm window happy short frame air caption cold grass abrupt outside,post_drift
3517,/home/dxzielinski/Downloads/archive/PetImages/Dog/3303.jpg,Dog,1,day state background grass bright house field small round background playful abrupt camera,post_drift
3518,/home/dxzielinski/Downloads/archive/PetImages/Dog/7152.jpg,Dog,1,fast garden signal short far color drift random,post_drift
3519,/home/dxzielinski/Downloads/archive/PetImages/Dog/4392.jpg,Dog,1,field drift corner object round cold large center,post_drift
3520,/home/dxzielinski/Downloads/archive/PetImages/Dog/5358.jpg,Dog,1,sequence sleepy far warm grass pattern looking cold steady blanket motion color light random ears running,post_drift
3521,/home/dxzielinski/Downloads/archive/PetImages/Dog/9485.jpg,Dog,1,gentle garden moment cold blanket token fast gentle outside color window floor,post_drift
3522,/home/dxzielinski/Downloads/archive/PetImages/Dog/5276.jpg,Dog,1,happy blur window frame blur room,post_drift
3523,/home/dxzielinski/Downloads/archive/PetImages/Dog/11844.jpg,Dog,1,moment long street change wild near jumping sequence state quiet,post_drift
3524,/home/dxzielinski/Downloads/archive/PetImages/Dog/6602.jpg,Dog,1,still field sequence outside sitting field house inside sitting bright running sharp signal floor,post_drift
3525,/home/dxzielinski/Downloads/archive/PetImages/Dog/11955.jpg,Dog,1,calm large air motion corner playful level inside,post_drift
3526,/home/dxzielinski/Downloads/archive/PetImages/Dog/742.jpg,Dog,1,field calm tail warm online room shape window pattern cold day sleepy stream warm,post_drift
3527,/home/dxzielinski/Downloads/archive/PetImages/Dog/5882.jpg,Dog,1,state token short tail day,post_drift
3528,/home/dxzielinski/Downloads/archive/PetImages/Dog/582.jpg,Dog,1,inside large playful frame background furry outside large shadow street pattern state bright,post_drift
3529,/home/dxzielinski/Downloads/archive/PetImages/Dog/4387.jpg,Dog,1,motion field token sitting light looking,post_drift
3530,/home/dxzielinski/Downloads/archive/PetImages/Dog/5360.jpg,Dog,1,shadow event round background calm inside night near steady gentle shape steady gentle random,post_drift
3531,/home/dxzielinski/Downloads/archive/PetImages/Dog/9294.jpg,Dog,1,curious still sequence window random bright sunny token tail running,post_drift
3532,/home/dxzielinski/Downloads/archive/PetImages/Dog/4822.jpg,Dog,1,texture still shadow eyes field shadow field scene token room large noisy garden,post_drift
3533,/home/dxzielinski/Downloads/archive/PetImages/Dog/12197.jpg,Dog,1,still drift curious random night soft grass foreground grass air day level blur,post_drift
3534,/home/dxzielinski/Downloads/archive/PetImages/Dog/11643.jpg,Dog,1,noisy shape pattern outside playful foreground,post_drift
3535,/home/dxzielinski/Downloads/archive/PetImages/Dog/11890.jpg,Dog,1,signal motion looking cold motion window soft motion shape,post_drift
3536,/home/dxzielinski/Downloads/archive/PetImages/Dog/6140.jpg,Dog,1,gentle cold garden wild wild shape furry photo blanket object,post_drift
3537,/home/dxzielinski/Downloads/archive/PetImages/Dog/9705.jpg,Dog,1,jumping night stream scene eyes,post_drift
3538,/home/dxzielinski/Downloads/archive/PetImages/Dog/10504.jpg,Dog,1,grass air looking fast happy moment event caption long random eyes night,post_drift
3539,/home/dxzielinski/Downloads/archive/PetImages/Dog/5986.jpg,Dog,1,short event token path garden phase small garden outside token furry,post_drift
3540,/home/dxzielinski/Downloads/archive/PetImages/Dog/8268.jpg,Dog,1,ears event dark air window sleepy large,post_drift
3541,/home/dxzielinski/Downloads/archive/PetImages/Dog/4551.jpg,Dog,1,corner event playful corner floor blanket,post_drift
3542,/home/dxzielinski/Downloads/archive/PetImages/Dog/9102.jpg,Dog,1,drift messy window soft phase happy light scene cold,post_drift
3543,/home/dxzielinski/Downloads/archive/PetImages/Dog/5565.jpg,Dog,1,window moment round wild messy online background frame sharp,post_drift
3544,/home/dxzielinski/Downloads/archive/PetImages/Dog/6465.jpg,Dog,1,token short state gentle calm token running,post_drift
3545,/home/dxzielinski/Downloads/archive/PetImages/Dog/9510.jpg,Dog,1,messy light corner object playful,post_drift
3546,/home/dxzielinski/Downloads/archive/PetImages/Dog/9810.jpg,Dog,1,signal round blur background outside soft sunny light,post_drift
3547,/home/dxzielinski/Downloads/archive/PetImages/Dog/9722.jpg,Dog,1,grass soft online tail garden near ears still window,post_drift
3548,/home/dxzielinski/Downloads/archive/PetImages/Dog/5404.jpg,Dog,1,path grass field token garden sharp window inside running inside night photo wild near moment,post_drift
3549,/home/dxzielinski/Downloads/archive/PetImages/Dog/9505.jpg,Dog,1,outside path motion day random light camera small field,post_drift
3550,/home/dxzielinski/Downloads/archive/PetImages/Dog/5649.jpg,Dog,1,level noisy soft calm room dark calm garden cold curious tail,post_drift
3551,/home/dxzielinski/Downloads/archive/PetImages/Dog/9644.jpg,Dog,1,stream signal token gentle room scene short texture scene,post_drift
3552,/home/dxzielinski/Downloads/archive/PetImages/Dog/6090.jpg,Dog,1,near foreground air quiet sitting path,post_drift
3553,/home/dxzielinski/Downloads/archive/PetImages/Dog/5802.jpg,Dog,1,sequence small window still state day frame outside,post_drift
3554,/home/dxzielinski/Downloads/archive/PetImages/Dog/3974.jpg,Dog,1,caption outside window frame clean noisy random abrupt sleepy frame light,post_drift
3555,/home/dxzielinski/Downloads/archive/PetImages/Dog/5918.jpg,Dog,1,night state night outside fast small still round,post_drift
3556,/home/dxzielinski/Downloads/archive/PetImages/Dog/6049.jpg,Dog,1,frame sitting room warm wild caption abrupt bright light blanket eyes garden outside texture,post_drift
3557,/home/dxzielinski/Downloads/archive/PetImages/Dog/588.jpg,Dog,1,sample floor floor messy room ears event large large happy,post_drift
3558,/home/dxzielinski/Downloads/archive/PetImages/Dog/9109.jpg,Dog,1,random texture night signal caption drift,post_drift
3559,/home/dxzielinski/Downloads/archive/PetImages/Dog/794.jpg,Dog,1,online ears corner long dark foreground state running long,post_drift
3560,/home/dxzielinski/Downloads/archive/PetImages/Dog/4955.jpg,Dog,1,shadow field still tail grass photo sleepy foreground inside drift air short shape path steady,post_drift
3561,/home/dxzielinski/Downloads/archive/PetImages/Dog/4152.jpg,Dog,1,warm frame online light change near background state wild warm online,post_drift
3562,/home/dxzielinski/Downloads/archive/PetImages/Dog/2916.jpg,Dog,1,change blur token wild phase floor fast sleepy clean,post_drift
3563,/home/dxzielinski/Downloads/archive/PetImages/Dog/1810.jpg,Dog,1,air jumping sharp abrupt event ears grass,post_drift
3564,/home/dxzielinski/Downloads/archive/PetImages/Dog/3913.jpg,Dog,1,looking calm fast night shadow playful window large room sitting noisy state looking sample pattern sitting,post_drift
3565,/home/dxzielinski/Downloads/archive/PetImages/Dog/7159.jpg,Dog,1,corner fast far gentle foreground,post_drift
3566,/home/dxzielinski/Downloads/archive/PetImages/Dog/8348.jpg,Dog,1,pattern day curious furry color frame calm small,post_drift
3567,/home/dxzielinski/Downloads/archive/PetImages/Dog/5293.jpg,Dog,1,dark fast online sequence far frame object steady,post_drift
3568,/home/dxzielinski/Downloads/archive/PetImages/Dog/5564.jpg,Dog,1,dark messy noisy messy sample,post_drift
3569,/home/dxzielinski/Downloads/archive/PetImages/Dog/8761.jpg,Dog,1,camera texture ears ears playful focus shape motion quiet level,post_drift
3570,/home/dxzielinski/Downloads/archive/PetImages/Dog/6798.jpg,Dog,1,frame grass color jumping eyes,post_drift
3571,/home/dxzielinski/Downloads/archive/PetImages/Dog/11642.jpg,Dog,1,day sequence jumping change corner texture day sitting background outside bright sunny,post_drift
3572,/home/dxzielinski/Downloads/archive/PetImages/Dog/7832.jpg,Dog,1,object looking sunny object event,post_drift
3573,/home/dxzielinski/Downloads/archive/PetImages/Dog/11511.jpg,Dog,1,token steady sunny furry dark grass sample still steady level long foreground window state texture,post_drift
3574,/home/dxzielinski/Downloads/archive/PetImages/Dog/11519.jpg,Dog,1,blur window light center drift drift abrupt wild sharp level,post_drift
3575,/home/dxzielinski/Downloads/archive/PetImages/Dog/1102.jpg,Dog,1,playful pattern focus light quiet soft light stream bright house gentle state online,post_drift
3576,/home/dxzielinski/Downloads/archive/PetImages/Dog/9814.jpg,Dog,1,night garden foreground still air looking signal frame playful jumping light drift,post_drift
3577,/home/dxzielinski/Downloads/archive/PetImages/Dog/4161.jpg,Dog,1,abrupt state room eyes online random center window fast night token drift looking,post_drift
3578,/home/dxzielinski/Downloads/archive/PetImages/Dog/4613.jpg,Dog,1,caption steady far eyes large messy scene,post_drift
3579,/home/dxzielinski/Downloads/archive/PetImages/Dog/485.jpg,Dog,1,noisy token light round soft short,post_drift
3580,/home/dxzielinski/Downloads/archive/PetImages/Dog/11334.jpg,Dog,1,phase room calm shadow garden blur motion air jumping abrupt air focus day,post_drift
3581,/home/dxzielinski/Downloads/archive/PetImages/Dog/86.jpg,Dog,1,street path drift field garden,post_drift
3582,/home/dxzielinski/Downloads/archive/PetImages/Dog/2138.jpg,Dog,1,focus garden round happy focus token corner abrupt house field noisy jumping,post_drift
3583,/home/dxzielinski/Downloads/archive/PetImages/Dog/4515.jpg,Dog,1,sharp blanket large phase foreground quiet inside eyes garden scene window steady floor,post_drift
3584,/home/dxzielinski/Downloads/archive/PetImages/Dog/7357.jpg,Dog,1,quiet focus outside camera house frame signal sharp phase sequence short focus pattern photo corner still,post_drift
3585,/home/dxzielinski/Downloads/archive/PetImages/Dog/8483.jpg,Dog,1,running fast street foreground sunny token messy jumping gentle online inside messy floor wild,post_drift
3586,/home/dxzielinski/Downloads/archive/PetImages/Dog/4897.jpg,Dog,1,path window dark stream scene shape running moment token sleepy,post_drift
3587,/home/dxzielinski/Downloads/archive/PetImages/Dog/9390.jpg,Dog,1,clean background garden blur tail air change furry shadow background playful background focus scene near playful,post_drift
3588,/home/dxzielinski/Downloads/archive/PetImages/Dog/7166.jpg,Dog,1,blanket steady sample event noisy short dark window messy photo steady pattern center object pattern,post_drift
3589,/home/dxzielinski/Downloads/archive/PetImages/Dog/3323.jpg,Dog,1,happy drift jumping far calm far motion still small texture,post_drift
3590,/home/dxzielinski/Downloads/archive/PetImages/Dog/11135.jpg,Dog,1,near motion sequence happy ears shape noisy state jumping,post_drift
3591,/home/dxzielinski/Downloads/archive/PetImages/Dog/1715.jpg,Dog,1,small calm steady quiet shadow small far large texture garden night photo object,post_drift
3592,/home/dxzielinski/Downloads/archive/PetImages/Dog/12110.jpg,Dog,1,foreground happy jumping background blur looking,post_drift
3593,/home/dxzielinski/Downloads/archive/PetImages/Dog/1547.jpg,Dog,1,sunny blanket event playful happy foreground light near furry motion light garden token change,post_drift
3594,/home/dxzielinski/Downloads/archive/PetImages/Dog/4946.jpg,Dog,1,sharp texture window near curious curious far inside ears phase near room tail grass sharp,post_drift
3595,/home/dxzielinski/Downloads/archive/PetImages/Dog/11846.jpg,Dog,1,sitting blanket sitting sample street stream round frame corner motion,post_drift
3596,/home/dxzielinski/Downloads/archive/PetImages/Dog/2795.jpg,Dog,1,color looking color outside scene house,post_drift
3597,/home/dxzielinski/Downloads/archive/PetImages/Dog/2382.jpg,Dog,1,signal near event messy random sleepy photo round blanket day gentle dark abrupt inside large,post_drift
3598,/home/dxzielinski/Downloads/archive/PetImages/Dog/8838.jpg,Dog,1,curious state stream cold soft sitting house calm corner house foreground,post_drift
3599,/home/dxzielinski/Downloads/archive/PetImages/Dog/842.jpg,Dog,1,foreground day curious night color bright,post_drift
3600,/home/dxzielinski/Downloads/archive/PetImages/Dog/7028.jpg,Dog,1,center signal inside cold happy bright eyes frame sequence drift state corner messy far,post_drift
3601,/home/dxzielinski/Downloads/archive/PetImages/Dog/3082.jpg,Dog,1,gentle day noisy long signal,post_drift
3602,/home/dxzielinski/Downloads/archive/PetImages/Dog/363.jpg,Dog,1,happy running house inside camera calm,post_drift
3603,/home/dxzielinski/Downloads/archive/PetImages/Dog/12439.jpg,Dog,1,small change scene online messy photo,post_drift
3604,/home/dxzielinski/Downloads/archive/PetImages/Dog/3760.jpg,Dog,1,event furry noisy jumping short outside gentle clean round state ears,post_drift
3605,/home/dxzielinski/Downloads/archive/PetImages/Dog/4363.jpg,Dog,1,blanket sunny furry frame cold blanket garden happy grass clean event curious sunny window camera random,post_drift
3606,/home/dxzielinski/Downloads/archive/PetImages/Dog/5220.jpg,Dog,1,scene field soft color looking warm day quiet night texture floor,post_drift
3607,/home/dxzielinski/Downloads/archive/PetImages/Dog/5504.jpg,Dog,1,light running large background garden sitting jumping bright event,post_drift
3608,/home/dxzielinski/Downloads/archive/PetImages/Dog/3499.jpg,Dog,1,shape fast large abrupt ears wild clean blanket center blur playful inside shape texture,post_drift
3609,/home/dxzielinski/Downloads/archive/PetImages/Dog/2017.jpg,Dog,1,change camera large pattern caption scene soft texture foreground floor focus ears shadow light phase grass,post_drift
3610,/home/dxzielinski/Downloads/archive/PetImages/Dog/4445.jpg,Dog,1,background inside clean online eyes day sleepy,post_drift
3611,/home/dxzielinski/Downloads/archive/PetImages/Dog/6995.jpg,Dog,1,photo blur jumping small night caption eyes cold tail ears gentle long sharp steady playful,post_drift
3612,/home/dxzielinski/Downloads/archive/PetImages/Dog/6921.jpg,Dog,1,quiet jumping color focus center,post_drift
3613,/home/dxzielinski/Downloads/archive/PetImages/Dog/6651.jpg,Dog,1,camera color foreground event calm sample sleepy ears soft pattern warm running sleepy jumping curious wild,post_drift
3614,/home/dxzielinski/Downloads/archive/PetImages/Dog/6297.jpg,Dog,1,fast object dark shadow round furry foreground,post_drift
3615,/home/dxzielinski/Downloads/archive/PetImages/Dog/11599.jpg,Dog,1,cold cold short floor happy garden level photo near round state,post_drift
3616,/home/dxzielinski/Downloads/archive/PetImages/Dog/9488.jpg,Dog,1,street light gentle blur round state blur random short warm,post_drift
3617,/home/dxzielinski/Downloads/archive/PetImages/Dog/7235.jpg,Dog,1,sample online focus state background shadow air dark garden,post_drift
3618,/home/dxzielinski/Downloads/archive/PetImages/Dog/7604.jpg,Dog,1,camera bright room ears outside texture,post_drift
3619,/home/dxzielinski/Downloads/archive/PetImages/Dog/11018.jpg,Dog,1,long playful light sharp happy pattern cold moment drift motion clean field room,post_drift
3620,/home/dxzielinski/Downloads/archive/PetImages/Dog/11897.jpg,Dog,1,shape caption corner dark random inside light photo ears color looking calm abrupt small,post_drift
3621,/home/dxzielinski/Downloads/archive/PetImages/Dog/91.jpg,Dog,1,small far sitting tail short inside quiet background level,post_drift
3622,/home/dxzielinski/Downloads/archive/PetImages/Dog/1757.jpg,Dog,1,background sunny abrupt day abrupt furry curious caption room,post_drift
3623,/home/dxzielinski/Downloads/archive/PetImages/Dog/9241.jpg,Dog,1,outside garden small center house jumping sitting field random,post_drift
3624,/home/dxzielinski/Downloads/archive/PetImages/Dog/7417.jpg,Dog,1,sunny online online shape online sleepy sunny stream garden blanket,post_drift
3625,/home/dxzielinski/Downloads/archive/PetImages/Dog/4043.jpg,Dog,1,small grass jumping wild far floor room light sunny dark ears large photo floor air ears,post_drift
3626,/home/dxzielinski/Downloads/archive/PetImages/Dog/10146.jpg,Dog,1,sleepy shadow noisy event soft jumping gentle floor messy,post_drift
3627,/home/dxzielinski/Downloads/archive/PetImages/Dog/7346.jpg,Dog,1,color curious soft light jumping sample room foreground window photo long texture,post_drift
3628,/home/dxzielinski/Downloads/archive/PetImages/Dog/11429.jpg,Dog,1,looking outside dark bright blur event object tail,post_drift
3629,/home/dxzielinski/Downloads/archive/PetImages/Dog/10948.jpg,Dog,1,online foreground calm running street token corner field wild,post_drift
3630,/home/dxzielinski/Downloads/archive/PetImages/Dog/8635.jpg,Dog,1,background sharp online tail street inside window sitting furry field moment window stream pattern stream,post_drift
3631,/home/dxzielinski/Downloads/archive/PetImages/Dog/11564.jpg,Dog,1,soft light short drift gentle window stream tail wild moment eyes abrupt event,post_drift
3632,/home/dxzielinski/Downloads/archive/PetImages/Dog/8091.jpg,Dog,1,drift ears round still jumping stream room running jumping moment looking object level photo center dark,post_drift
3633,/home/dxzielinski/Downloads/archive/PetImages/Dog/7428.jpg,Dog,1,abrupt color garden token air focus sleepy,post_drift
3634,/home/dxzielinski/Downloads/archive/PetImages/Dog/382.jpg,Dog,1,shape caption moment floor camera scene far day messy frame short sharp steady looking,post_drift
3635,/home/dxzielinski/Downloads/archive/PetImages/Dog/4414.jpg,Dog,1,sunny abrupt street scene calm texture background tail event signal furry,post_drift
3636,/home/dxzielinski/Downloads/archive/PetImages/Dog/11238.jpg,Dog,1,photo grass photo quiet phase quiet inside near still still sample corner online dark blanket,post_drift
3637,/home/dxzielinski/Downloads/archive/PetImages/Dog/1450.jpg,Dog,1,round bright looking looking happy round floor,post_drift
3638,/home/dxzielinski/Downloads/archive/PetImages/Dog/9451.jpg,Dog,1,shape long motion floor blanket clean moment ears short caption focus small,post_drift
3639,/home/dxzielinski/Downloads/archive/PetImages/Dog/3248.jpg,Dog,1,fast inside sequence shape dark,post_drift
3640,/home/dxzielinski/Downloads/archive/PetImages/Dog/6987.jpg,Dog,1,shape room corner random day cold noisy abrupt eyes floor sequence,post_drift
3641,/home/dxzielinski/Downloads/archive/PetImages/Dog/11428.jpg,Dog,1,photo object floor center curious curious motion center room floor playful night,post_drift
3642,/home/dxzielinski/Downloads/archive/PetImages/Dog/6551.jpg,Dog,1,sunny quiet short sequence sleepy room abrupt,post_drift
3643,/home/dxzielinski/Downloads/archive/PetImages/Dog/4130.jpg,Dog,1,air day eyes texture still air warm looking clean random quiet,post_drift
3644,/home/dxzielinski/Downloads/archive/PetImages/Dog/139.jpg,Dog,1,near corner ears level scene corner blanket,post_drift
3645,/home/dxzielinski/Downloads/archive/PetImages/Dog/8049.jpg,Dog,1,light frame small outside field scene shadow camera,post_drift
3646,/home/dxzielinski/Downloads/archive/PetImages/Dog/701.jpg,Dog,1,random round air sitting wild shape object looking quiet,post_drift
3647,/home/dxzielinski/Downloads/archive/PetImages/Dog/8707.jpg,Dog,1,frame random cold focus fast fast,post_drift
3648,/home/dxzielinski/Downloads/archive/PetImages/Dog/12125.jpg,Dog,1,abrupt warm bright shape jumping garden quiet,post_drift
3649,/home/dxzielinski/Downloads/archive/PetImages/Dog/4191.jpg,Dog,1,ears token object soft curious room room day still night fast shape blanket,post_drift
3650,/home/dxzielinski/Downloads/archive/PetImages/Dog/2561.jpg,Dog,1,warm window garden stream air sample background wild quiet,post_drift
3651,/home/dxzielinski/Downloads/archive/PetImages/Dog/2592.jpg,Dog,1,messy stream sunny grass wild house looking frame ears phase caption happy floor texture playful blur,post_drift
3652,/home/dxzielinski/Downloads/archive/PetImages/Dog/12142.jpg,Dog,1,color tail shadow random quiet blanket change sleepy,post_drift
3653,/home/dxzielinski/Downloads/archive/PetImages/Dog/35.jpg,Dog,1,garden playful sunny sitting blur caption,post_drift
3654,/home/dxzielinski/Downloads/archive/PetImages/Dog/3450.jpg,Dog,1,sitting pattern outside photo wild night event abrupt house dark curious gentle,post_drift
3655,/home/dxzielinski/Downloads/archive/PetImages/Dog/5502.jpg,Dog,1,inside calm short jumping curious stream outside quiet,post_drift
3656,/home/dxzielinski/Downloads/archive/PetImages/Dog/11820.jpg,Dog,1,change caption looking curious caption scene sitting noisy running air pattern,post_drift
3657,/home/dxzielinski/Downloads/archive/PetImages/Dog/7740.jpg,Dog,1,blur wild corner sample warm sleepy path sleepy scene foreground sequence signal dark,post_drift
3658,/home/dxzielinski/Downloads/archive/PetImages/Dog/10508.jpg,Dog,1,sample fast scene round running quiet far caption token clean shadow house short center small drift,post_drift
3659,/home/dxzielinski/Downloads/archive/PetImages/Dog/5304.jpg,Dog,1,sitting window camera warm wild phase field floor drift token soft,post_drift
3660,/home/dxzielinski/Downloads/archive/PetImages/Dog/8813.jpg,Dog,1,background light blanket caption photo moment air sleepy,post_drift
3661,/home/dxzielinski/Downloads/archive/PetImages/Dog/749.jpg,Dog,1,floor bright calm cold steady level ears frame calm texture cold gentle fast,post_drift
3662,/home/dxzielinski/Downloads/archive/PetImages/Dog/500.jpg,Dog,1,gentle ears gentle running room sequence color background frame object street random drift playful room light,post_drift
3663,/home/dxzielinski/Downloads/archive/PetImages/Dog/7265.jpg,Dog,1,warm online camera tail wild,post_drift
3664,/home/dxzielinski/Downloads/archive/PetImages/Dog/5936.jpg,Dog,1,house small online shape scene room caption small day tail eyes grass grass path,post_drift
3665,/home/dxzielinski/Downloads/archive/PetImages/Dog/12090.jpg,Dog,1,clean near path scene blanket focus air,post_drift
3666,/home/dxzielinski/Downloads/archive/PetImages/Dog/8539.jpg,Dog,1,gentle steady foreground abrupt token motion wild,post_drift
3667,/home/dxzielinski/Downloads/archive/PetImages/Dog/10337.jpg,Dog,1,steady warm messy air change camera drift tail noisy blanket signal,post_drift
3668,/home/dxzielinski/Downloads/archive/PetImages/Dog/9461.jpg,Dog,1,round sequence steady focus still abrupt level focus level,post_drift
3669,/home/dxzielinski/Downloads/archive/PetImages/Dog/2250.jpg,Dog,1,messy looking air jumping window,post_drift
3670,/home/dxzielinski/Downloads/archive/PetImages/Dog/8047.jpg,Dog,1,night wild stream dark sequence,post_drift
3671,/home/dxzielinski/Downloads/archive/PetImages/Dog/7288.jpg,Dog,1,sleepy playful blur short texture sunny object tail soft,post_drift
3672,/home/dxzielinski/Downloads/archive/PetImages/Dog/9797.jpg,Dog,1,window round sleepy still signal cold,post_drift
3673,/home/dxzielinski/Downloads/archive/PetImages/Dog/9210.jpg,Dog,1,phase far level foreground state pattern scene,post_drift
3674,/home/dxzielinski/Downloads/archive/PetImages/Dog/2790.jpg,Dog,1,focus frame sequence jumping messy sharp furry abrupt token caption path small ears window sharp,post_drift
3675,/home/dxzielinski/Downloads/archive/PetImages/Dog/10443.jpg,Dog,1,focus messy caption floor eyes shadow grass motion floor window shadow,post_drift
3676,/home/dxzielinski/Downloads/archive/PetImages/Dog/8775.jpg,Dog,1,grass running gentle field sharp jumping room air motion street moment round abrupt event sitting,post_drift
3677,/home/dxzielinski/Downloads/archive/PetImages/Dog/5148.jpg,Dog,1,short drift change state running color,post_drift
3678,/home/dxzielinski/Downloads/archive/PetImages/Dog/9324.jpg,Dog,1,color steady outside still sitting warm furry happy center path random,post_drift
3679,/home/dxzielinski/Downloads/archive/PetImages/Dog/7177.jpg,Dog,1,fast sunny photo far floor change,post_drift
3680,/home/dxzielinski/Downloads/archive/PetImages/Dog/9453.jpg,Dog,1,tail random stream round room playful,post_drift
3681,/home/dxzielinski/Downloads/archive/PetImages/Dog/11919.jpg,Dog,1,foreground texture long dark round,post_drift
3682,/home/dxzielinski/Downloads/archive/PetImages/Dog/8590.jpg,Dog,1,long field motion texture large change small round foreground level round moment,post_drift
3683,/home/dxzielinski/Downloads/archive/PetImages/Dog/10008.jpg,Dog,1,field blanket wild small messy path street far short color foreground air shape street furry random,post_drift
3684,/home/dxzielinski/Downloads/archive/PetImages/Dog/10013.jpg,Dog,1,still texture motion focus still blanket house level jumping round frame online shadow camera scene signal,post_drift
3685,/home/dxzielinski/Downloads/archive/PetImages/Dog/5448.jpg,Dog,1,corner sequence round short air focus garden room outside sitting,post_drift
3686,/home/dxzielinski/Downloads/archive/PetImages/Dog/10406.jpg,Dog,1,shadow gentle large blanket still,post_drift
3687,/home/dxzielinski/Downloads/archive/PetImages/Dog/4930.jpg,Dog,1,blur wild street photo outside photo sitting looking fast drift room tail short texture focus,post_drift
3688,/home/dxzielinski/Downloads/archive/PetImages/Dog/1088.jpg,Dog,1,drift frame abrupt camera frame soft looking near window shadow shape focus inside shape eyes,post_drift
3689,/home/dxzielinski/Downloads/archive/PetImages/Dog/7817.jpg,Dog,1,drift sunny ears shape outside,post_drift
3690,/home/dxzielinski/Downloads/archive/PetImages/Dog/8989.jpg,Dog,1,photo messy playful change noisy foreground ears house drift center frame,post_drift
3691,/home/dxzielinski/Downloads/archive/PetImages/Dog/7821.jpg,Dog,1,long gentle random far warm shape change frame object tail quiet,post_drift
3692,/home/dxzielinski/Downloads/archive/PetImages/Dog/1490.jpg,Dog,1,outside phase sunny camera sleepy sharp center window camera color air drift outside soft change sequence,post_drift
3693,/home/dxzielinski/Downloads/archive/PetImages/Dog/1917.jpg,Dog,1,shape shape online background dark long shape shadow air room,post_drift
3694,/home/dxzielinski/Downloads/archive/PetImages/Dog/4770.jpg,Dog,1,playful blanket looking shadow garden wild stream camera sleepy tail random shape foreground,post_drift
3695,/home/dxzielinski/Downloads/archive/PetImages/Dog/9613.jpg,Dog,1,clean long window noisy drift dark shape blanket room calm house gentle,post_drift
3696,/home/dxzielinski/Downloads/archive/PetImages/Dog/3734.jpg,Dog,1,texture stream shadow running fast focus looking playful inside window fast air short looking blur,post_drift
3697,/home/dxzielinski/Downloads/archive/PetImages/Dog/6682.jpg,Dog,1,window abrupt warm sitting blur wild,post_drift
3698,/home/dxzielinski/Downloads/archive/PetImages/Dog/4480.jpg,Dog,1,blanket far moment blur day abrupt color sequence background abrupt photo texture running texture,post_drift
3699,/home/dxzielinski/Downloads/archive/PetImages/Dog/10063.jpg,Dog,1,near noisy warm window sitting wild warm sample fast still blur night,post_drift
3700,/home/dxzielinski/Downloads/archive/PetImages/Dog/3244.jpg,Dog,1,garden photo noisy air blanket long window small corner long token photo sharp large stream,post_drift
3701,/home/dxzielinski/Downloads/archive/PetImages/Dog/10220.jpg,Dog,1,dark furry center sample shape steady gentle air shadow wild,post_drift
3702,/home/dxzielinski/Downloads/archive/PetImages/Dog/8421.jpg,Dog,1,shadow camera gentle sitting blanket,post_drift
3703,/home/dxzielinski/Downloads/archive/PetImages/Dog/8893.jpg,Dog,1,clean noisy phase phase sample drift background window running sample round ears air steady,post_drift
3704,/home/dxzielinski/Downloads/archive/PetImages/Dog/1555.jpg,Dog,1,token focus motion pattern signal soft bright focus state random furry clean garden happy photo phase,post_drift
3705,/home/dxzielinski/Downloads/archive/PetImages/Dog/2902.jpg,Dog,1,light playful round sitting change drift floor curious frame fast foreground jumping bright corner,post_drift
3706,/home/dxzielinski/Downloads/archive/PetImages/Dog/5699.jpg,Dog,1,sequence field bright floor inside sample foreground floor tail,post_drift
3707,/home/dxzielinski/Downloads/archive/PetImages/Dog/5216.jpg,Dog,1,eyes far grass state fast cold gentle dark center outside light warm moment running eyes abrupt,post_drift
3708,/home/dxzielinski/Downloads/archive/PetImages/Dog/3566.jpg,Dog,1,center noisy sunny soft messy garden ears focus clean house ears night state clean shadow focus,post_drift
3709,/home/dxzielinski/Downloads/archive/PetImages/Dog/1005.jpg,Dog,1,foreground object large garden cold street far pattern curious sharp,post_drift
3710,/home/dxzielinski/Downloads/archive/PetImages/Dog/7322.jpg,Dog,1,outside sequence corner texture window sitting photo path grass stream round scene eyes photo messy,post_drift
3711,/home/dxzielinski/Downloads/archive/PetImages/Dog/1486.jpg,Dog,1,day light dark camera blur quiet looking blur shadow outside field blanket street color,post_drift
3712,/home/dxzielinski/Downloads/archive/PetImages/Dog/249.jpg,Dog,1,bright sequence blanket field clean sharp quiet house sitting room wild camera running sequence window,post_drift
3713,/home/dxzielinski/Downloads/archive/PetImages/Dog/2546.jpg,Dog,1,object foreground inside window fast grass clean sequence garden tail floor jumping noisy motion fast window,post_drift
3714,/home/dxzielinski/Downloads/archive/PetImages/Dog/6125.jpg,Dog,1,long day cold far camera noisy,post_drift
3715,/home/dxzielinski/Downloads/archive/PetImages/Dog/2712.jpg,Dog,1,state outside room night long texture floor window background quiet blanket,post_drift
3716,/home/dxzielinski/Downloads/archive/PetImages/Dog/3320.jpg,Dog,1,stream token window house running gentle running phase window,post_drift
3717,/home/dxzielinski/Downloads/archive/PetImages/Dog/3094.jpg,Dog,1,small dark street short outside clean blur near texture,post_drift
3718,/home/dxzielinski/Downloads/archive/PetImages/Dog/7412.jpg,Dog,1,tail dark foreground sunny messy warm light air motion happy air,post_drift
3719,/home/dxzielinski/Downloads/archive/PetImages/Dog/5873.jpg,Dog,1,moment messy near drift field looking signal corner online frame outside,post_drift
3720,/home/dxzielinski/Downloads/archive/PetImages/Dog/8023.jpg,Dog,1,furry furry blur room running background calm camera stream center steady noisy,post_drift
3721,/home/dxzielinski/Downloads/archive/PetImages/Dog/7014.jpg,Dog,1,change cold warm soft state phase token field,post_drift
3722,/home/dxzielinski/Downloads/archive/PetImages/Dog/6414.jpg,Dog,1,light warm sample long warm bright near corner,post_drift
3723,/home/dxzielinski/Downloads/archive/PetImages/Dog/6169.jpg,Dog,1,running furry sample color warm foreground inside grass room long outside long caption online house air,post_drift
3724,/home/dxzielinski/Downloads/archive/PetImages/Dog/11589.jpg,Dog,1,sunny dark curious clean bright playful round cold ears center jumping motion floor,post_drift
3725,/home/dxzielinski/Downloads/archive/PetImages/Dog/4589.jpg,Dog,1,playful motion abrupt house frame abrupt running sharp object phase day center curious round,post_drift
3726,/home/dxzielinski/Downloads/archive/PetImages/Dog/6851.jpg,Dog,1,focus state center outside shadow cold far level,post_drift
3727,/home/dxzielinski/Downloads/archive/PetImages/Dog/11509.jpg,Dog,1,photo tail background still signal room inside photo abrupt phase,post_drift
3728,/home/dxzielinski/Downloads/archive/PetImages/Dog/4123.jpg,Dog,1,wild long fast focus blur still round playful fast far,post_drift
3729,/home/dxzielinski/Downloads/archive/PetImages/Dog/3560.jpg,Dog,1,clean sleepy warm dark sequence sequence shape garden,post_drift
3730,/home/dxzielinski/Downloads/archive/PetImages/Dog/7145.jpg,Dog,1,window caption calm inside blur cold room fast sequence fast jumping phase light sample,post_drift
3731,/home/dxzielinski/Downloads/archive/PetImages/Dog/10429.jpg,Dog,1,near scene shadow photo sleepy event quiet tail garden blanket round moment day stream playful night,post_drift
3732,/home/dxzielinski/Downloads/archive/PetImages/Dog/9004.jpg,Dog,1,phase sequence sitting field near field change focus short photo short jumping air scene outside long,post_drift
3733,/home/dxzielinski/Downloads/archive/PetImages/Dog/11857.jpg,Dog,1,house stream sample near scene playful moment far near fast sleepy,post_drift
3734,/home/dxzielinski/Downloads/archive/PetImages/Dog/5290.jpg,Dog,1,tail still floor window corner online photo corner dark sitting light soft playful still furry object,post_drift
3735,/home/dxzielinski/Downloads/archive/PetImages/Dog/6955.jpg,Dog,1,tail messy garden large sleepy moment background motion drift frame focus warm moment corner,post_drift
3736,/home/dxzielinski/Downloads/archive/PetImages/Dog/925.jpg,Dog,1,motion wild online large corner abrupt phase clean jumping looking,post_drift
3737,/home/dxzielinski/Downloads/archive/PetImages/Dog/7813.jpg,Dog,1,signal state jumping large abrupt event frame moment phase inside camera,post_drift
3738,/home/dxzielinski/Downloads/archive/PetImages/Dog/2436.jpg,Dog,1,air signal jumping background running photo path background messy sample running furry looking path warm short,post_drift
3739,/home/dxzielinski/Downloads/archive/PetImages/Dog/251.jpg,Dog,1,gentle eyes fast pattern grass object window object still,post_drift
3740,/home/dxzielinski/Downloads/archive/PetImages/Dog/206.jpg,Dog,1,frame moment round garden fast signal sample large,post_drift
3741,/home/dxzielinski/Downloads/archive/PetImages/Dog/11023.jpg,Dog,1,large far blanket background soft,post_drift
3742,/home/dxzielinski/Downloads/archive/PetImages/Dog/656.jpg,Dog,1,round ears floor color street scene blur blanket outside,post_drift
3743,/home/dxzielinski/Downloads/archive/PetImages/Dog/58.jpg,Dog,1,scene signal house looking blur air phase gentle color field,post_drift
3744,/home/dxzielinski/Downloads/archive/PetImages/Dog/1644.jpg,Dog,1,outside soft blur blanket gentle scene shape frame happy cold night,post_drift
3745,/home/dxzielinski/Downloads/archive/PetImages/Dog/3946.jpg,Dog,1,air round center floor motion signal,post_drift
3746,/home/dxzielinski/Downloads/archive/PetImages/Dog/9168.jpg,Dog,1,foreground sequence object window foreground house,post_drift
3747,/home/dxzielinski/Downloads/archive/PetImages/Dog/2248.jpg,Dog,1,outside online camera grass sunny running sunny background camera,post_drift
3748,/home/dxzielinski/Downloads/archive/PetImages/Dog/7989.jpg,Dog,1,running wild change noisy path,post_drift
3749,/home/dxzielinski/Downloads/archive/PetImages/Dog/6324.jpg,Dog,1,stream event house calm near inside shadow sequence path sitting night air object day abrupt,post_drift
3750,/home/dxzielinski/Downloads/archive/PetImages/Dog/7191.jpg,Dog,1,stream happy blur blanket sleepy photo,post_drift
3751,/home/dxzielinski/Downloads/archive/PetImages/Dog/7185.jpg,Dog,1,furry steady shadow still dark frame quiet level pattern outside sample blanket curious,post_drift
3752,/home/dxzielinski/Downloads/archive/PetImages/Dog/1074.jpg,Dog,1,air motion online sample inside inside street steady cold house outside foreground frame day grass bright,post_drift
3753,/home/dxzielinski/Downloads/archive/PetImages/Dog/1581.jpg,Dog,1,outside inside room outside level messy path photo furry drift window shape looking sharp shape,post_drift
3754,/home/dxzielinski/Downloads/archive/PetImages/Dog/1786.jpg,Dog,1,change motion calm floor large,post_drift
3755,/home/dxzielinski/Downloads/archive/PetImages/Dog/8685.jpg,Dog,1,small jumping night jumping room token house small sitting,post_drift
3756,/home/dxzielinski/Downloads/archive/PetImages/Dog/9285.jpg,Dog,1,moment soft clean sample fast day dark drift shape signal,post_drift
3757,/home/dxzielinski/Downloads/archive/PetImages/Dog/1425.jpg,Dog,1,random quiet air far long street outside garden photo soft level floor light signal night,post_drift
3758,/home/dxzielinski/Downloads/archive/PetImages/Dog/6690.jpg,Dog,1,garden motion signal phase light window inside motion,post_drift
3759,/home/dxzielinski/Downloads/archive/PetImages/Dog/2115.jpg,Dog,1,random fast blanket center messy level quiet,post_drift
3760,/home/dxzielinski/Downloads/archive/PetImages/Dog/3786.jpg,Dog,1,pattern gentle blanket round photo pattern,post_drift
3761,/home/dxzielinski/Downloads/archive/PetImages/Dog/10182.jpg,Dog,1,stream shape looking fast pattern furry house ears foreground short foreground sharp small quiet quiet field,post_drift
3762,/home/dxzielinski/Downloads/archive/PetImages/Dog/9696.jpg,Dog,1,color ears far house stream,post_drift
3763,/home/dxzielinski/Downloads/archive/PetImages/Dog/8579.jpg,Dog,1,happy sitting stream color shape playful sunny object center change background steady foreground change,post_drift
3764,/home/dxzielinski/Downloads/archive/PetImages/Dog/6979.jpg,Dog,1,soft near cold air window small light state grass frame pattern inside sunny day running drift,post_drift
3765,/home/dxzielinski/Downloads/archive/PetImages/Dog/355.jpg,Dog,1,cold color center abrupt background sleepy online steady grass background curious sleepy jumping,post_drift
3766,/home/dxzielinski/Downloads/archive/PetImages/Dog/5975.jpg,Dog,1,signal moment sunny corner pattern street inside house cold looking floor noisy,post_drift
3767,/home/dxzielinski/Downloads/archive/PetImages/Dog/9452.jpg,Dog,1,inside clean sharp calm signal,post_drift
3768,/home/dxzielinski/Downloads/archive/PetImages/Dog/1869.jpg,Dog,1,still tail running room ears street curious field signal far sunny camera ears online,post_drift
3769,/home/dxzielinski/Downloads/archive/PetImages/Dog/12282.jpg,Dog,1,sunny path noisy day dark floor sharp camera sharp,post_drift
3770,/home/dxzielinski/Downloads/archive/PetImages/Dog/11071.jpg,Dog,1,sitting event texture drift cold clean noisy sequence,post_drift
3771,/home/dxzielinski/Downloads/archive/PetImages/Dog/9302.jpg,Dog,1,change sharp garden phase playful,post_drift
3772,/home/dxzielinski/Downloads/archive/PetImages/Dog/5673.jpg,Dog,1,sample token stream short sleepy steady soft signal object,post_drift
3773,/home/dxzielinski/Downloads/archive/PetImages/Dog/4143.jpg,Dog,1,blur state frame inside window floor tail window,post_drift
3774,/home/dxzielinski/Downloads/archive/PetImages/Dog/2710.jpg,Dog,1,running room bright house house eyes window moment shadow motion warm,post_drift
3775,/home/dxzielinski/Downloads/archive/PetImages/Dog/12079.jpg,Dog,1,far running photo inside sharp inside day signal,post_drift
3776,/home/dxzielinski/Downloads/archive/PetImages/Dog/10322.jpg,Dog,1,messy sample floor scene steady blur texture wild far short,post_drift
3777,/home/dxzielinski/Downloads/archive/PetImages/Dog/5251.jpg,Dog,1,noisy clean messy still eyes sample photo light fast,post_drift
3778,/home/dxzielinski/Downloads/archive/PetImages/Dog/2563.jpg,Dog,1,drift wild ears near frame pattern air texture online sitting,post_drift
3779,/home/dxzielinski/Downloads/archive/PetImages/Dog/3199.jpg,Dog,1,sequence moment change center round calm pattern messy level still level inside noisy foreground camera color,post_drift
3780,/home/dxzielinski/Downloads/archive/PetImages/Dog/11612.jpg,Dog,1,state calm foreground jumping photo long motion house sunny,post_drift
3781,/home/dxzielinski/Downloads/archive/PetImages/Dog/10848.jpg,Dog,1,path sharp warm long signal dark window sharp inside window wild outside,post_drift
3782,/home/dxzielinski/Downloads/archive/PetImages/Dog/151.jpg,Dog,1,cold camera round jumping bright caption small messy token furry near blur tail window steady short,post_drift
3783,/home/dxzielinski/Downloads/archive/PetImages/Dog/11882.jpg,Dog,1,furry drift fast jumping background small round drift path messy shape happy blur sleepy,post_drift
3784,/home/dxzielinski/Downloads/archive/PetImages/Dog/7013.jpg,Dog,1,round messy bright calm corner,post_drift
3785,/home/dxzielinski/Downloads/archive/PetImages/Dog/8501.jpg,Dog,1,state playful house background messy,post_drift
3786,/home/dxzielinski/Downloads/archive/PetImages/Dog/11679.jpg,Dog,1,color state drift field sleepy,post_drift
3787,/home/dxzielinski/Downloads/archive/PetImages/Dog/3942.jpg,Dog,1,calm short house texture cold dark air color center soft house background object eyes,post_drift
3788,/home/dxzielinski/Downloads/archive/PetImages/Dog/9116.jpg,Dog,1,blanket fast quiet bright quiet fast scene random warm sequence fast bright event shape clean drift,post_drift
3789,/home/dxzielinski/Downloads/archive/PetImages/Dog/4836.jpg,Dog,1,calm grass quiet color shape steady running fast gentle token object running clean shadow,post_drift
3790,/home/dxzielinski/Downloads/archive/PetImages/Dog/11841.jpg,Dog,1,gentle signal room focus happy room abrupt far path drift round,post_drift
3791,/home/dxzielinski/Downloads/archive/PetImages/Dog/10031.jpg,Dog,1,curious far near near online path corner gentle token round air jumping random window,post_drift
3792,/home/dxzielinski/Downloads/archive/PetImages/Dog/2773.jpg,Dog,1,corner sample round texture inside field caption near quiet window,post_drift
3793,/home/dxzielinski/Downloads/archive/PetImages/Dog/9838.jpg,Dog,1,room texture eyes noisy pattern level level tail steady camera long,post_drift
3794,/home/dxzielinski/Downloads/archive/PetImages/Dog/7852.jpg,Dog,1,sample online camera signal noisy motion quiet center background night state shape,post_drift
3795,/home/dxzielinski/Downloads/archive/PetImages/Dog/5004.jpg,Dog,1,corner steady night background sequence foreground field dark center house window gentle background,post_drift
3796,/home/dxzielinski/Downloads/archive/PetImages/Dog/8234.jpg,Dog,1,moment looking cold state camera round gentle eyes happy looking change calm window messy phase,post_drift
3797,/home/dxzielinski/Downloads/archive/PetImages/Dog/356.jpg,Dog,1,still noisy large noisy inside outside light change blanket object clean outside camera background light,post_drift
3798,/home/dxzielinski/Downloads/archive/PetImages/Dog/3413.jpg,Dog,1,far small inside moment playful object blur background looking,post_drift
3799,/home/dxzielinski/Downloads/archive/PetImages/Dog/2616.jpg,Dog,1,long random running calm camera long color moment long cold level fast night pattern ears steady,post_drift
3800,/home/dxzielinski/Downloads/archive/PetImages/Dog/8722.jpg,Dog,1,day change camera far fast,post_drift
3801,/home/dxzielinski/Downloads/archive/PetImages/Dog/7955.jpg,Dog,1,pattern cold happy abrupt wild calm air motion sequence dark garden drift street color object inside,post_drift
3802,/home/dxzielinski/Downloads/archive/PetImages/Dog/9656.jpg,Dog,1,bright near level scene abrupt gentle calm furry day messy random online short gentle still scene,post_drift
3803,/home/dxzielinski/Downloads/archive/PetImages/Dog/7178.jpg,Dog,1,object short quiet sharp shape tail,post_drift
3804,/home/dxzielinski/Downloads/archive/PetImages/Dog/4426.jpg,Dog,1,pattern dark wild steady small window sharp sequence moment,post_drift
3805,/home/dxzielinski/Downloads/archive/PetImages/Dog/3028.jpg,Dog,1,house near dark cold signal blur far jumping,post_drift
3806,/home/dxzielinski/Downloads/archive/PetImages/Dog/7394.jpg,Dog,1,far quiet frame running scene center,post_drift
3807,/home/dxzielinski/Downloads/archive/PetImages/Dog/574.jpg,Dog,1,shadow large change clean signal sunny state,post_drift
3808,/home/dxzielinski/Downloads/archive/PetImages/Dog/8525.jpg,Dog,1,night window soft night drift phase still cold moment messy,post_drift
3809,/home/dxzielinski/Downloads/archive/PetImages/Dog/2015.jpg,Dog,1,path quiet inside sunny wild abrupt cold warm happy random photo shadow,post_drift
3810,/home/dxzielinski/Downloads/archive/PetImages/Dog/7400.jpg,Dog,1,noisy grass steady stream inside far shape calm pattern jumping pattern,post_drift
3811,/home/dxzielinski/Downloads/archive/PetImages/Dog/761.jpg,Dog,1,pattern wild bright jumping field sleepy quiet online night level state abrupt object night,post_drift
3812,/home/dxzielinski/Downloads/archive/PetImages/Dog/2858.jpg,Dog,1,happy round day caption state street tail,post_drift
3813,/home/dxzielinski/Downloads/archive/PetImages/Dog/2274.jpg,Dog,1,center center tail night grass level sleepy curious stream phase motion state near sunny object shape,post_drift
3814,/home/dxzielinski/Downloads/archive/PetImages/Dog/5600.jpg,Dog,1,large inside online far center path drift,post_drift
3815,/home/dxzielinski/Downloads/archive/PetImages/Dog/889.jpg,Dog,1,stream outside happy sleepy wild round small,post_drift
3816,/home/dxzielinski/Downloads/archive/PetImages/Dog/793.jpg,Dog,1,shape curious running drift fast signal,post_drift
3817,/home/dxzielinski/Downloads/archive/PetImages/Dog/9868.jpg,Dog,1,background background token clean motion pattern,post_drift
3818,/home/dxzielinski/Downloads/archive/PetImages/Dog/8009.jpg,Dog,1,foreground sleepy blur caption sunny sample noisy sharp signal steady,post_drift
3819,/home/dxzielinski/Downloads/archive/PetImages/Dog/7839.jpg,Dog,1,drift foreground corner sequence day pattern clean caption photo ears tail sequence jumping background background texture,post_drift
3820,/home/dxzielinski/Downloads/archive/PetImages/Dog/12140.jpg,Dog,1,change house grass motion camera random state,post_drift
3821,/home/dxzielinski/Downloads/archive/PetImages/Dog/7470.jpg,Dog,1,clean event frame near eyes light stream floor furry long,post_drift
3822,/home/dxzielinski/Downloads/archive/PetImages/Dog/8907.jpg,Dog,1,long sequence corner abrupt near field,post_drift
3823,/home/dxzielinski/Downloads/archive/PetImages/Dog/10403.jpg,Dog,1,curious furry day day wild house furry background noisy cold caption curious,post_drift
3824,/home/dxzielinski/Downloads/archive/PetImages/Dog/12458.jpg,Dog,1,clean eyes air tail ears random random light noisy near,post_drift
3825,/home/dxzielinski/Downloads/archive/PetImages/Dog/4665.jpg,Dog,1,state dark online eyes moment foreground air path gentle moment soft eyes abrupt,post_drift
3826,/home/dxzielinski/Downloads/archive/PetImages/Dog/7416.jpg,Dog,1,small sleepy stream signal frame inside garden messy house street ears outside,post_drift
3827,/home/dxzielinski/Downloads/archive/PetImages/Dog/10387.jpg,Dog,1,sequence shape event signal sharp caption furry far clean wild sequence random phase playful looking curious,post_drift
3828,/home/dxzielinski/Downloads/archive/PetImages/Dog/720.jpg,Dog,1,cold scene outside sample day abrupt change color pattern far,post_drift
3829,/home/dxzielinski/Downloads/archive/PetImages/Dog/3257.jpg,Dog,1,blur long camera sunny cold day object sitting blanket blanket house online small,post_drift
3830,/home/dxzielinski/Downloads/archive/PetImages/Dog/11405.jpg,Dog,1,focus state field state air window signal curious sample pattern,post_drift
3831,/home/dxzielinski/Downloads/archive/PetImages/Dog/8034.jpg,Dog,1,scene camera warm night steady air warm field,post_drift
3832,/home/dxzielinski/Downloads/archive/PetImages/Dog/3717.jpg,Dog,1,light light sharp blur inside far warm ears,post_drift
3833,/home/dxzielinski/Downloads/archive/PetImages/Dog/1199.jpg,Dog,1,online steady window token short,post_drift
3834,/home/dxzielinski/Downloads/archive/PetImages/Dog/627.jpg,Dog,1,event path blanket texture inside furry gentle caption fast short path steady long curious floor token,post_drift
3835,/home/dxzielinski/Downloads/archive/PetImages/Dog/6942.jpg,Dog,1,dark event moment shape outside sharp dark path small,post_drift
3836,/home/dxzielinski/Downloads/archive/PetImages/Dog/7161.jpg,Dog,1,pattern fast night day jumping short window room near running,post_drift
3837,/home/dxzielinski/Downloads/archive/PetImages/Dog/9771.jpg,Dog,1,round jumping large small color color,post_drift
3838,/home/dxzielinski/Downloads/archive/PetImages/Dog/448.jpg,Dog,1,focus small online pattern quiet small texture fast tail stream inside,post_drift
3839,/home/dxzielinski/Downloads/archive/PetImages/Dog/7947.jpg,Dog,1,round steady change floor jumping foreground sequence abrupt level outside bright sequence sequence gentle,post_drift
3840,/home/dxzielinski/Downloads/archive/PetImages/Dog/2450.jpg,Dog,1,noisy large shape foreground level signal path stream,post_drift
3841,/home/dxzielinski/Downloads/archive/PetImages/Dog/5619.jpg,Dog,1,change gentle day room corner sunny,post_drift
3842,/home/dxzielinski/Downloads/archive/PetImages/Dog/10085.jpg,Dog,1,color caption sitting clean color outside calm steady shape,post_drift
3843,/home/dxzielinski/Downloads/archive/PetImages/Dog/4262.jpg,Dog,1,center near scene looking online path,post_drift
3844,/home/dxzielinski/Downloads/archive/PetImages/Dog/4878.jpg,Dog,1,inside street stream gentle drift near sharp clean drift,post_drift
3845,/home/dxzielinski/Downloads/archive/PetImages/Dog/7153.jpg,Dog,1,air curious frame light background color dark photo texture field room ears event window stream camera,post_drift
3846,/home/dxzielinski/Downloads/archive/PetImages/Dog/6871.jpg,Dog,1,sleepy short caption online blanket looking sitting event,post_drift
3847,/home/dxzielinski/Downloads/archive/PetImages/Dog/8563.jpg,Dog,1,window messy sitting night moment far drift still sunny center light room wild level object steady,post_drift
3848,/home/dxzielinski/Downloads/archive/PetImages/Dog/2187.jpg,Dog,1,pattern scene messy grass token dark,post_drift
3849,/home/dxzielinski/Downloads/archive/PetImages/Dog/9667.jpg,Dog,1,grass running looking drift motion house messy sunny shadow street eyes,post_drift
3850,/home/dxzielinski/Downloads/archive/PetImages/Dog/10288.jpg,Dog,1,shadow camera corner bright path garden texture outside jumping signal,post_drift
3851,/home/dxzielinski/Downloads/archive/PetImages/Dog/6033.jpg,Dog,1,shadow corner foreground window inside level sample calm,post_drift
3852,/home/dxzielinski/Downloads/archive/PetImages/Dog/11731.jpg,Dog,1,fast blur phase street blur near camera,post_drift
3853,/home/dxzielinski/Downloads/archive/PetImages/Dog/6259.jpg,Dog,1,quiet moment sharp clean steady quiet scene calm clean playful path blur,post_drift
3854,/home/dxzielinski/Downloads/archive/PetImages/Dog/9981.jpg,Dog,1,sunny window moment window sharp calm state corner shadow foreground,post_drift
3855,/home/dxzielinski/Downloads/archive/PetImages/Dog/8904.jpg,Dog,1,texture moment token event photo street round foreground,post_drift
3856,/home/dxzielinski/Downloads/archive/PetImages/Dog/4801.jpg,Dog,1,looking small wild center sequence steady signal noisy camera light,post_drift
3857,/home/dxzielinski/Downloads/archive/PetImages/Dog/11299.jpg,Dog,1,eyes near bright gentle playful sample bright phase far small phase tail near pattern night,post_drift
3858,/home/dxzielinski/Downloads/archive/PetImages/Dog/12303.jpg,Dog,1,tail ears drift house object calm gentle long air ears still token sharp ears change,post_drift
3859,/home/dxzielinski/Downloads/archive/PetImages/Dog/8154.jpg,Dog,1,frame signal house steady foreground soft small street cold signal phase shape light path change,post_drift
3860,/home/dxzielinski/Downloads/archive/PetImages/Dog/11548.jpg,Dog,1,jumping object color fast still online sitting event shape sunny texture path far outside long sample,post_drift
3861,/home/dxzielinski/Downloads/archive/PetImages/Dog/8931.jpg,Dog,1,playful window foreground path window still air photo noisy room,post_drift
3862,/home/dxzielinski/Downloads/archive/PetImages/Dog/4794.jpg,Dog,1,long day wild focus shadow air furry air,post_drift
3863,/home/dxzielinski/Downloads/archive/PetImages/Dog/7320.jpg,Dog,1,steady outside sleepy token outside cold blur caption inside quiet ears event,post_drift
3864,/home/dxzielinski/Downloads/archive/PetImages/Dog/1008.jpg,Dog,1,shape outside path messy large state street phase random frame night blanket calm short token window,post_drift
3865,/home/dxzielinski/Downloads/archive/PetImages/Dog/8131.jpg,Dog,1,small ears messy air looking sleepy camera small corner sample,post_drift
3866,/home/dxzielinski/Downloads/archive/PetImages/Dog/11382.jpg,Dog,1,looking sitting frame token photo signal day texture calm furry frame eyes path camera,post_drift
3867,/home/dxzielinski/Downloads/archive/PetImages/Dog/5052.jpg,Dog,1,scene pattern level warm signal wild street garden looking floor frame phase pattern shape light,post_drift
3868,/home/dxzielinski/Downloads/archive/PetImages/Dog/3747.jpg,Dog,1,texture shape scene air warm round frame scene messy happy looking room near drift room gentle,post_drift
3869,/home/dxzielinski/Downloads/archive/PetImages/Dog/6275.jpg,Dog,1,camera token day street small center sitting eyes house steady round gentle state,post_drift
3870,/home/dxzielinski/Downloads/archive/PetImages/Dog/5263.jpg,Dog,1,sitting curious center inside messy playful long furry sharp,post_drift
3871,/home/dxzielinski/Downloads/archive/PetImages/Dog/6039.jpg,Dog,1,dark still looking motion state shape sunny level sample,post_drift
3872,/home/dxzielinski/Downloads/archive/PetImages/Dog/9337.jpg,Dog,1,texture inside online sample event object air phase cold,post_drift
3873,/home/dxzielinski/Downloads/archive/PetImages/Dog/7708.jpg,Dog,1,gentle phase background playful night stream,post_drift
3874,/home/dxzielinski/Downloads/archive/PetImages/Dog/7682.jpg,Dog,1,cold change center sitting abrupt frame playful shadow short,post_drift
3875,/home/dxzielinski/Downloads/archive/PetImages/Dog/9630.jpg,Dog,1,street focus level near furry quiet wild sharp ears curious sleepy inside signal window,post_drift
3876,/home/dxzielinski/Downloads/archive/PetImages/Dog/4431.jpg,Dog,1,bright sequence signal grass looking level sleepy house ears noisy bright long sequence eyes air,post_drift
3877,/home/dxzielinski/Downloads/archive/PetImages/Dog/5874.jpg,Dog,1,still photo scene blur house sitting dark,post_drift
3878,/home/dxzielinski/Downloads/archive/PetImages/Dog/3933.jpg,Dog,1,motion floor level soft corner dark photo window shape looking shape drift drift frame sequence,post_drift
3879,/home/dxzielinski/Downloads/archive/PetImages/Dog/12447.jpg,Dog,1,night small color color stream blanket grass,post_drift
3880,/home/dxzielinski/Downloads/archive/PetImages/Dog/1449.jpg,Dog,1,tail pattern drift shadow round outside level blanket grass,post_drift
3881,/home/dxzielinski/Downloads/archive/PetImages/Dog/4379.jpg,Dog,1,color garden photo path grass window wild,post_drift
3882,/home/dxzielinski/Downloads/archive/PetImages/Dog/770.jpg,Dog,1,wild outside outside far short phase small warm,post_drift
3883,/home/dxzielinski/Downloads/archive/PetImages/Dog/1532.jpg,Dog,1,far short ears color garden wild long ears random corner day wild level,post_drift
3884,/home/dxzielinski/Downloads/archive/PetImages/Dog/7038.jpg,Dog,1,event large sample abrupt tail color state bright day gentle air wild,post_drift
3885,/home/dxzielinski/Downloads/archive/PetImages/Dog/7795.jpg,Dog,1,sequence state bright long wild tail object background clean,post_drift
3886,/home/dxzielinski/Downloads/archive/PetImages/Dog/6061.jpg,Dog,1,shadow event bright random air round large near pattern sleepy online long messy outside running level,post_drift
3887,/home/dxzielinski/Downloads/archive/PetImages/Dog/10664.jpg,Dog,1,garden change sleepy stream frame curious eyes change,post_drift
3888,/home/dxzielinski/Downloads/archive/PetImages/Dog/11259.jpg,Dog,1,event soft window noisy playful,post_drift
3889,/home/dxzielinski/Downloads/archive/PetImages/Dog/7061.jpg,Dog,1,happy inside street stream still looking warm large level street room inside foreground playful,post_drift
3890,/home/dxzielinski/Downloads/archive/PetImages/Dog/10053.jpg,Dog,1,playful round near playful camera wild sunny street motion phase,post_drift
3891,/home/dxzielinski/Downloads/archive/PetImages/Dog/11461.jpg,Dog,1,clean sleepy sleepy near dark clean air eyes calm,post_drift
3892,/home/dxzielinski/Downloads/archive/PetImages/Dog/3861.jpg,Dog,1,blanket running sequence texture focus event eyes furry night window stream curious,post_drift
3893,/home/dxzielinski/Downloads/archive/PetImages/Dog/3053.jpg,Dog,1,clean grass dark street noisy token caption drift fast gentle stream sitting shadow sample,post_drift
3894,/home/dxzielinski/Downloads/archive/PetImages/Dog/7684.jpg,Dog,1,blanket texture sunny texture short outside ears window,post_drift
3895,/home/dxzielinski/Downloads/archive/PetImages/Dog/2260.jpg,Dog,1,gentle floor object short outside house looking window far curious ears,post_drift
3896,/home/dxzielinski/Downloads/archive/PetImages/Dog/5141.jpg,Dog,1,calm still motion playful inside,post_drift
3897,/home/dxzielinski/Downloads/archive/PetImages/Dog/5042.jpg,Dog,1,long signal shadow running online noisy event level online large warm,post_drift
3898,/home/dxzielinski/Downloads/archive/PetImages/Dog/4334.jpg,Dog,1,outside curious sample light caption grass online,post_drift
3899,/home/dxzielinski/Downloads/archive/PetImages/Dog/9290.jpg,Dog,1,calm outside shadow short bright house photo,post_drift
3900,/home/dxzielinski/Downloads/archive/PetImages/Dog/471.jpg,Dog,1,grass sequence soft long cold moment random window,post_drift
3901,/home/dxzielinski/Downloads/archive/PetImages/Dog/6301.jpg,Dog,1,garden photo camera playful center blanket happy long jumping window stream level,post_drift
3902,/home/dxzielinski/Downloads/archive/PetImages/Dog/6205.jpg,Dog,1,background small furry token focus corner event calm signal looking floor sleepy,post_drift
3903,/home/dxzielinski/Downloads/archive/PetImages/Dog/3092.jpg,Dog,1,token change jumping blur background calm,post_drift
3904,/home/dxzielinski/Downloads/archive/PetImages/Dog/1790.jpg,Dog,1,long focus photo shape house path furry running room stream phase,post_drift
3905,/home/dxzielinski/Downloads/archive/PetImages/Dog/8553.jpg,Dog,1,round jumping sitting random center stream still playful running texture ears running floor window calm path,post_drift
3906,/home/dxzielinski/Downloads/archive/PetImages/Dog/9995.jpg,Dog,1,garden token caption furry long dark change,post_drift
3907,/home/dxzielinski/Downloads/archive/PetImages/Dog/11498.jpg,Dog,1,playful online furry sleepy moment noisy change sitting blur shape motion photo event,post_drift
3908,/home/dxzielinski/Downloads/archive/PetImages/Dog/4144.jpg,Dog,1,large floor shadow photo street eyes inside near,post_drift
3909,/home/dxzielinski/Downloads/archive/PetImages/Dog/11125.jpg,Dog,1,moment messy fast random frame gentle day soft near caption signal large cold,post_drift
3910,/home/dxzielinski/Downloads/archive/PetImages/Dog/3587.jpg,Dog,1,color gentle field moment cold sharp window background bright color furry short center sharp long,post_drift
3911,/home/dxzielinski/Downloads/archive/PetImages/Dog/3349.jpg,Dog,1,foreground warm soft camera calm field sitting caption light online stream abrupt,post_drift
3912,/home/dxzielinski/Downloads/archive/PetImages/Dog/10019.jpg,Dog,1,texture focus window happy focus warm blur,post_drift
3913,/home/dxzielinski/Downloads/archive/PetImages/Dog/3147.jpg,Dog,1,phase still bright blanket photo running pattern long long small grass object window scene round far,post_drift
3914,/home/dxzielinski/Downloads/archive/PetImages/Dog/2854.jpg,Dog,1,round level jumping dark room small shape,post_drift
3915,/home/dxzielinski/Downloads/archive/PetImages/Dog/644.jpg,Dog,1,near night sharp tail event shadow pattern house color sequence sunny soft motion floor foreground,post_drift
3916,/home/dxzielinski/Downloads/archive/PetImages/Dog/1726.jpg,Dog,1,large window running wild sleepy furry looking token pattern jumping happy background,post_drift
3917,/home/dxzielinski/Downloads/archive/PetImages/Dog/599.jpg,Dog,1,background change focus texture event light furry running pattern large,post_drift
3918,/home/dxzielinski/Downloads/archive/PetImages/Dog/5352.jpg,Dog,1,light cold quiet sharp gentle messy far ears messy jumping still camera path motion event,post_drift
3919,/home/dxzielinski/Downloads/archive/PetImages/Dog/12097.jpg,Dog,1,change quiet warm gentle sequence street drift soft night camera running color,post_drift
3920,/home/dxzielinski/Downloads/archive/PetImages/Dog/3878.jpg,Dog,1,random shape happy running ears pattern online field focus window far noisy shadow,post_drift
3921,/home/dxzielinski/Downloads/archive/PetImages/Dog/217.jpg,Dog,1,wild cold running outside caption color background frame garden state sharp change grass,post_drift
3922,/home/dxzielinski/Downloads/archive/PetImages/Dog/245.jpg,Dog,1,blur eyes outside round tail field path,post_drift
3923,/home/dxzielinski/Downloads/archive/PetImages/Dog/259.jpg,Dog,1,window day cold background motion large,post_drift
3924,/home/dxzielinski/Downloads/archive/PetImages/Dog/3250.jpg,Dog,1,frame sitting soft stream outside,post_drift
3925,/home/dxzielinski/Downloads/archive/PetImages/Dog/5031.jpg,Dog,1,level center bright ears blur level night abrupt state color clean,post_drift
3926,/home/dxzielinski/Downloads/archive/PetImages/Dog/8572.jpg,Dog,1,tail corner running background sharp happy blur inside far room sample signal foreground event foreground sitting,post_drift
3927,/home/dxzielinski/Downloads/archive/PetImages/Dog/7275.jpg,Dog,1,shape night fast sharp blanket curious near grass token running round token playful color wild,post_drift
3928,/home/dxzielinski/Downloads/archive/PetImages/Dog/7436.jpg,Dog,1,random house looking looking clean shape photo random far running,post_drift
3929,/home/dxzielinski/Downloads/archive/PetImages/Dog/8873.jpg,Dog,1,calm field pattern blanket ears window level still calm wild background gentle frame,post_drift
3930,/home/dxzielinski/Downloads/archive/PetImages/Dog/11162.jpg,Dog,1,texture jumping outside background looking background caption jumping far noisy small,post_drift
3931,/home/dxzielinski/Downloads/archive/PetImages/Dog/8158.jpg,Dog,1,random sleepy background room sample garden shape blur photo gentle small near still,post_drift
3932,/home/dxzielinski/Downloads/archive/PetImages/Dog/1785.jpg,Dog,1,color field warm eyes token still background warm soft messy eyes sample scene stream tail center,post_drift
3933,/home/dxzielinski/Downloads/archive/PetImages/Dog/1713.jpg,Dog,1,phase shadow messy center ears round street random pattern garden sleepy focus furry path,post_drift
3934,/home/dxzielinski/Downloads/archive/PetImages/Dog/6721.jpg,Dog,1,field moment sequence texture outside shape foreground night foreground,post_drift
3935,/home/dxzielinski/Downloads/archive/PetImages/Dog/9384.jpg,Dog,1,center wild large outside moment shape wild field,post_drift
3936,/home/dxzielinski/Downloads/archive/PetImages/Dog/10681.jpg,Dog,1,far sequence sleepy inside online corner warm bright foreground sample sample,post_drift
3937,/home/dxzielinski/Downloads/archive/PetImages/Dog/10521.jpg,Dog,1,window sharp cold warm sunny dark small jumping,post_drift
3938,/home/dxzielinski/Downloads/archive/PetImages/Dog/3012.jpg,Dog,1,stream sunny dark light long,post_drift
3939,/home/dxzielinski/Downloads/archive/PetImages/Dog/9588.jpg,Dog,1,field night texture cold focus cold garden far garden looking sharp street round jumping calm level,post_drift
3940,/home/dxzielinski/Downloads/archive/PetImages/Dog/2238.jpg,Dog,1,day phase messy color happy eyes phase far near texture calm long focus scene playful focus,post_drift
3941,/home/dxzielinski/Downloads/archive/PetImages/Dog/10275.jpg,Dog,1,jumping light furry grass blanket sequence shape fast,post_drift
3942,/home/dxzielinski/Downloads/archive/PetImages/Dog/2009.jpg,Dog,1,foreground center steady path jumping clean color state looking state ears small air,post_drift
3943,/home/dxzielinski/Downloads/archive/PetImages/Dog/6904.jpg,Dog,1,street street sharp foreground eyes steady small bright shape curious caption long air,post_drift
3944,/home/dxzielinski/Downloads/archive/PetImages/Dog/7171.jpg,Dog,1,night shadow air signal state path happy change sleepy jumping field scene sitting short still,post_drift
3945,/home/dxzielinski/Downloads/archive/PetImages/Dog/8972.jpg,Dog,1,jumping soft noisy floor sleepy color phase sharp light still foreground running,post_drift
3946,/home/dxzielinski/Downloads/archive/PetImages/Dog/521.jpg,Dog,1,quiet cold bright small sample street pattern floor color jumping eyes floor,post_drift
3947,/home/dxzielinski/Downloads/archive/PetImages/Dog/12085.jpg,Dog,1,large short dark curious field online signal,post_drift
3948,/home/dxzielinski/Downloads/archive/PetImages/Dog/3525.jpg,Dog,1,corner noisy change field blanket object sleepy noisy house random house window event level,post_drift
3949,/home/dxzielinski/Downloads/archive/PetImages/Dog/9429.jpg,Dog,1,signal looking inside large window online abrupt large gentle air outside far,post_drift
3950,/home/dxzielinski/Downloads/archive/PetImages/Dog/11991.jpg,Dog,1,small wild furry event random abrupt change blanket calm dark playful signal sleepy night online,post_drift
3951,/home/dxzielinski/Downloads/archive/PetImages/Dog/1075.jpg,Dog,1,photo token random stream tail focus near phase color shadow running garden field level inside,post_drift
3952,/home/dxzielinski/Downloads/archive/PetImages/Dog/3539.jpg,Dog,1,sequence small street messy clean night sequence sample large frame,post_drift
3953,/home/dxzielinski/Downloads/archive/PetImages/Dog/10341.jpg,Dog,1,long corner far window scene grass corner small still drift shadow sequence sequence blur garden,post_drift
3954,/home/dxzielinski/Downloads/archive/PetImages/Dog/10588.jpg,Dog,1,shadow foreground sunny curious eyes room phase,post_drift
3955,/home/dxzielinski/Downloads/archive/PetImages/Dog/9047.jpg,Dog,1,air jumping drift house near sunny near grass,post_drift
3956,/home/dxzielinski/Downloads/archive/PetImages/Dog/11661.jpg,Dog,1,wild token messy phase happy playful small eyes air light window,post_drift
3957,/home/dxzielinski/Downloads/archive/PetImages/Dog/3507.jpg,Dog,1,calm sleepy abrupt night outside shape scene blur soft furry color,post_drift
3958,/home/dxzielinski/Downloads/archive/PetImages/Dog/5243.jpg,Dog,1,shape blanket wild caption short online path air steady outside change drift texture,post_drift
3959,/home/dxzielinski/Downloads/archive/PetImages/Dog/376.jpg,Dog,1,outside curious light dark room gentle garden eyes soft eyes furry messy day photo short,post_drift
3960,/home/dxzielinski/Downloads/archive/PetImages/Dog/5835.jpg,Dog,1,token event jumping photo foreground sitting sample event day day calm blanket night,post_drift
3961,/home/dxzielinski/Downloads/archive/PetImages/Dog/4841.jpg,Dog,1,wild house bright wild online blanket bright color looking sleepy random texture,post_drift
3962,/home/dxzielinski/Downloads/archive/PetImages/Dog/5384.jpg,Dog,1,grass gentle far sunny warm clean wild,post_drift
3963,/home/dxzielinski/Downloads/archive/PetImages/Dog/3392.jpg,Dog,1,color street abrupt large noisy warm steady,post_drift
3964,/home/dxzielinski/Downloads/archive/PetImages/Dog/4629.jpg,Dog,1,inside quiet motion event quiet drift texture day,post_drift
3965,/home/dxzielinski/Downloads/archive/PetImages/Dog/10794.jpg,Dog,1,fast jumping looking garden event noisy long far gentle,post_drift
3966,/home/dxzielinski/Downloads/archive/PetImages/Dog/5722.jpg,Dog,1,steady blanket window outside night event fast curious,post_drift
3967,/home/dxzielinski/Downloads/archive/PetImages/Dog/2956.jpg,Dog,1,inside ears drift fast noisy small large calm tail change looking jumping drift window random,post_drift
3968,/home/dxzielinski/Downloads/archive/PetImages/Dog/4427.jpg,Dog,1,dark window street signal eyes playful,post_drift
3969,/home/dxzielinski/Downloads/archive/PetImages/Dog/3148.jpg,Dog,1,event dark window day light far sharp clean signal fast looking,post_drift
3970,/home/dxzielinski/Downloads/archive/PetImages/Dog/4597.jpg,Dog,1,steady shape still window quiet soft street,post_drift
3971,/home/dxzielinski/Downloads/archive/PetImages/Dog/6310.jpg,Dog,1,noisy foreground street tail foreground near calm drift furry playful warm night street,post_drift
3972,/home/dxzielinski/Downloads/archive/PetImages/Dog/11226.jpg,Dog,1,texture garden night day air,post_drift
3973,/home/dxzielinski/Downloads/archive/PetImages/Dog/3754.jpg,Dog,1,object happy field corner change scene house phase texture motion warm sample room floor running signal,post_drift
3974,/home/dxzielinski/Downloads/archive/PetImages/Dog/4014.jpg,Dog,1,calm field abrupt gentle token,post_drift
3975,/home/dxzielinski/Downloads/archive/PetImages/Dog/9293.jpg,Dog,1,shadow outside noisy wild looking bright noisy soft color blanket foreground sitting playful random quiet,post_drift
3976,/home/dxzielinski/Downloads/archive/PetImages/Dog/1035.jpg,Dog,1,running jumping ears furry street grass looking abrupt center warm drift,post_drift
3977,/home/dxzielinski/Downloads/archive/PetImages/Dog/9333.jpg,Dog,1,light change blur shape blanket level room,post_drift
3978,/home/dxzielinski/Downloads/archive/PetImages/Dog/9614.jpg,Dog,1,token path cold field eyes texture field soft night day,post_drift
3979,/home/dxzielinski/Downloads/archive/PetImages/Dog/11150.jpg,Dog,1,random house abrupt cold blur frame state street,post_drift
3980,/home/dxzielinski/Downloads/archive/PetImages/Dog/12227.jpg,Dog,1,motion garden eyes eyes inside moment still color jumping focus fast floor day calm running,post_drift
3981,/home/dxzielinski/Downloads/archive/PetImages/Dog/9273.jpg,Dog,1,motion state warm blur near object focus,post_drift
3982,/home/dxzielinski/Downloads/archive/PetImages/Dog/11711.jpg,Dog,1,color texture ears random photo near tail messy short outside drift abrupt gentle token,post_drift
3983,/home/dxzielinski/Downloads/archive/PetImages/Dog/11246.jpg,Dog,1,sitting large still drift tail token state,post_drift
3984,/home/dxzielinski/Downloads/archive/PetImages/Dog/10032.jpg,Dog,1,moment tail token gentle warm token playful abrupt eyes foreground round wild day object outside,post_drift
3985,/home/dxzielinski/Downloads/archive/PetImages/Dog/5485.jpg,Dog,1,dark tail sunny clean far,post_drift
3986,/home/dxzielinski/Downloads/archive/PetImages/Dog/12148.jpg,Dog,1,room grass blur token furry photo photo shadow center air change sitting,post_drift
3987,/home/dxzielinski/Downloads/archive/PetImages/Dog/12001.jpg,Dog,1,still signal signal change field cold sitting random fast steady happy small corner,post_drift
3988,/home/dxzielinski/Downloads/archive/PetImages/Dog/47.jpg,Dog,1,pattern online background color texture light day state near sample photo small corner pattern quiet,post_drift
3989,/home/dxzielinski/Downloads/archive/PetImages/Dog/3767.jpg,Dog,1,eyes random jumping level state quiet,post_drift
3990,/home/dxzielinski/Downloads/archive/PetImages/Dog/3195.jpg,Dog,1,soft state signal playful happy floor sequence window phase noisy window large sitting level,post_drift
3991,/home/dxzielinski/Downloads/archive/PetImages/Dog/9142.jpg,Dog,1,soft floor clean level jumping corner steady drift still photo,post_drift
3992,/home/dxzielinski/Downloads/archive/PetImages/Dog/841.jpg,Dog,1,path change moment small camera,post_drift
3993,/home/dxzielinski/Downloads/archive/PetImages/Dog/6948.jpg,Dog,1,motion day phase inside quiet house abrupt sequence event short,post_drift
3994,/home/dxzielinski/Downloads/archive/PetImages/Dog/1408.jpg,Dog,1,stream wild air shadow gentle center phase cold ears messy online,post_drift
3995,/home/dxzielinski/Downloads/archive/PetImages/Dog/5868.jpg,Dog,1,drift calm air gentle wild night shadow small,post_drift
3996,/home/dxzielinski/Downloads/archive/PetImages/Dog/8508.jpg,Dog,1,tail path night sunny random color random window window short noisy event token,post_drift
3997,/home/dxzielinski/Downloads/archive/PetImages/Dog/5070.jpg,Dog,1,random messy fast light sequence bright caption foreground long camera signal near phase drift,post_drift
3998,/home/dxzielinski/Downloads/archive/PetImages/Dog/3262.jpg,Dog,1,messy playful field object still path ears pattern,post_drift
3999,/home/dxzielinski/Downloads/archive/PetImages/Dog/6103.jpg,Dog,1,focus far token photo scene furry bright ears,post_drift
4000,/home/dxzielinski/Downloads/archive/PetImages/Dog/167.jpg,Dog,1,fast drift happy abrupt sunny random object,post_drift
4001,/home/dxzielinski/Downloads/archive/PetImages/Dog/1621.jpg,Dog,1,color abrupt inside motion caption soft event warm,post_drift
4002,/home/dxzielinski/Downloads/archive/PetImages/Dog/11232.jpg,Dog,1,air shape pattern air shadow corner stream token still house,post_drift
4003,/home/dxzielinski/Downloads/archive/PetImages/Dog/1219.jpg,Dog,1,abrupt abrupt sitting abrupt garden sequence sitting wild large room messy event,post_drift
4004,/home/dxzielinski/Downloads/archive/PetImages/Dog/10113.jpg,Dog,1,street house sitting looking random happy sequence ears sequence focus,post_drift
4005,/home/dxzielinski/Downloads/archive/PetImages/Dog/5446.jpg,Dog,1,abrupt floor small near object sunny field scene,post_drift
4006,/home/dxzielinski/Downloads/archive/PetImages/Dog/3133.jpg,Dog,1,blanket steady ears center fast house floor color house change,post_drift
4007,/home/dxzielinski/Downloads/archive/PetImages/Dog/6247.jpg,Dog,1,shape fast level background dark phase cold change color sharp random,post_drift
4008,/home/dxzielinski/Downloads/archive/PetImages/Dog/2894.jpg,Dog,1,background curious bright signal room looking,post_drift
4009,/home/dxzielinski/Downloads/archive/PetImages/Dog/8473.jpg,Dog,1,foreground sitting corner sequence shadow night sunny furry furry moment signal,post_drift
4010,/home/dxzielinski/Downloads/archive/PetImages/Dog/12403.jpg,Dog,1,sleepy long house ears clean messy abrupt corner state motion phase wild still dark house,post_drift
4011,/home/dxzielinski/Downloads/archive/PetImages/Dog/1308.jpg,Dog,1,inside house random signal furry stream sample random,post_drift
4012,/home/dxzielinski/Downloads/archive/PetImages/Dog/5738.jpg,Dog,1,tail object stream eyes gentle room outside tail signal online window focus center phase,post_drift
4013,/home/dxzielinski/Downloads/archive/PetImages/Dog/7311.jpg,Dog,1,air window playful sequence sample steady scene still fast texture,post_drift
4014,/home/dxzielinski/Downloads/archive/PetImages/Dog/12010.jpg,Dog,1,soft blanket window curious shadow quiet color foreground grass signal,post_drift
4015,/home/dxzielinski/Downloads/archive/PetImages/Dog/6358.jpg,Dog,1,looking drift pattern ears happy happy eyes change jumping running furry token,post_drift
4016,/home/dxzielinski/Downloads/archive/PetImages/Dog/7319.jpg,Dog,1,moment level signal near random drift short color steady eyes clean round steady ears,post_drift
4017,/home/dxzielinski/Downloads/archive/PetImages/Dog/2271.jpg,Dog,1,running state happy garden shadow frame sequence inside small background small window,post_drift
4018,/home/dxzielinski/Downloads/archive/PetImages/Dog/10181.jpg,Dog,1,random clean small change abrupt background,post_drift
4019,/home/dxzielinski/Downloads/archive/PetImages/Dog/2342.jpg,Dog,1,long token round motion moment sleepy sharp night,post_drift
4020,/home/dxzielinski/Downloads/archive/PetImages/Dog/11402.jpg,Dog,1,moment scene sleepy stream state gentle round ears garden outside sample,post_drift
4021,/home/dxzielinski/Downloads/archive/PetImages/Dog/4302.jpg,Dog,1,object near token online small steady window short happy moment small room bright dark event,post_drift
4022,/home/dxzielinski/Downloads/archive/PetImages/Dog/8592.jpg,Dog,1,looking gentle street warm object abrupt camera eyes street window blur state object,post_drift
4023,/home/dxzielinski/Downloads/archive/PetImages/Dog/11588.jpg,Dog,1,inside motion house photo object light far moment window scene shape,post_drift
4024,/home/dxzielinski/Downloads/archive/PetImages/Dog/11936.jpg,Dog,1,room random shape blanket far sitting dark running change state,post_drift
4025,/home/dxzielinski/Downloads/archive/PetImages/Dog/8845.jpg,Dog,1,sample color playful floor small round phase calm corner,post_drift
4026,/home/dxzielinski/Downloads/archive/PetImages/Dog/4996.jpg,Dog,1,phase sequence grass curious random pattern,post_drift
4027,/home/dxzielinski/Downloads/archive/PetImages/Dog/10706.jpg,Dog,1,focus light warm field quiet sample jumping object jumping,post_drift
4028,/home/dxzielinski/Downloads/archive/PetImages/Dog/9085.jpg,Dog,1,street jumping house token field calm corner event light pattern pattern,post_drift
4029,/home/dxzielinski/Downloads/archive/PetImages/Dog/10187.jpg,Dog,1,phase moment clean background night messy window corner token focus bright street pattern,post_drift
4030,/home/dxzielinski/Downloads/archive/PetImages/Dog/9543.jpg,Dog,1,online looking clean frame sunny texture shadow street looking,post_drift
4031,/home/dxzielinski/Downloads/archive/PetImages/Dog/8794.jpg,Dog,1,warm calm day path messy window center jumping pattern air,post_drift
4032,/home/dxzielinski/Downloads/archive/PetImages/Dog/554.jpg,Dog,1,bright sequence sitting eyes caption blur signal phase small path noisy motion foreground foreground round,post_drift
4033,/home/dxzielinski/Downloads/archive/PetImages/Dog/10394.jpg,Dog,1,looking stream foreground tail large pattern state,post_drift
4034,/home/dxzielinski/Downloads/archive/PetImages/Dog/5123.jpg,Dog,1,eyes noisy eyes path online shape light inside day running soft sleepy,post_drift
4035,/home/dxzielinski/Downloads/archive/PetImages/Dog/11542.jpg,Dog,1,garden house long signal caption sitting drift window texture outside tail event running caption blanket,post_drift
4036,/home/dxzielinski/Downloads/archive/PetImages/Dog/6146.jpg,Dog,1,round long far window looking frame noisy state sequence ears pattern blanket round fast,post_drift
4037,/home/dxzielinski/Downloads/archive/PetImages/Dog/2397.jpg,Dog,1,jumping window grass scene furry soft large quiet corner stream field ears,post_drift
4038,/home/dxzielinski/Downloads/archive/PetImages/Dog/3438.jpg,Dog,1,dark level running furry garden,post_drift
4039,/home/dxzielinski/Downloads/archive/PetImages/Dog/12378.jpg,Dog,1,large online pattern looking long phase happy messy,post_drift
4040,/home/dxzielinski/Downloads/archive/PetImages/Dog/5499.jpg,Dog,1,level playful path path small night,post_drift
4041,/home/dxzielinski/Downloads/archive/PetImages/Dog/2934.jpg,Dog,1,steady scene state air outside caption day far tail long sunny sitting outside scene,post_drift
4042,/home/dxzielinski/Downloads/archive/PetImages/Dog/1817.jpg,Dog,1,night ears furry photo level caption center background window air far jumping background,post_drift
4043,/home/dxzielinski/Downloads/archive/PetImages/Dog/8519.jpg,Dog,1,texture soft running signal grass clean,post_drift
4044,/home/dxzielinski/Downloads/archive/PetImages/Dog/8270.jpg,Dog,1,wild furry camera sitting signal street event window stream playful change event,post_drift
4045,/home/dxzielinski/Downloads/archive/PetImages/Dog/7820.jpg,Dog,1,clean quiet pattern stream air event foreground far floor wild texture grass small bright day scene,post_drift
4046,/home/dxzielinski/Downloads/archive/PetImages/Dog/345.jpg,Dog,1,frame window dark cold fast motion center room,post_drift
4047,/home/dxzielinski/Downloads/archive/PetImages/Dog/2389.jpg,Dog,1,event running clean large sitting outside stream still,post_drift
4048,/home/dxzielinski/Downloads/archive/PetImages/Dog/5071.jpg,Dog,1,light blur looking small day quiet,post_drift
4049,/home/dxzielinski/Downloads/archive/PetImages/Dog/7894.jpg,Dog,1,gentle soft signal quiet house foreground furry sample clean air change,post_drift
4050,/home/dxzielinski/Downloads/archive/PetImages/Dog/1852.jpg,Dog,1,wild background round steady pattern curious grass noisy calm scene frame,post_drift
4051,/home/dxzielinski/Downloads/archive/PetImages/Dog/6041.jpg,Dog,1,caption playful curious online playful warm still color state long clean sitting playful,post_drift
4052,/home/dxzielinski/Downloads/archive/PetImages/Dog/2879.jpg,Dog,1,warm change object phase center phase sequence steady caption drift,post_drift
4053,/home/dxzielinski/Downloads/archive/PetImages/Dog/6532.jpg,Dog,1,outside looking sharp foreground running small air noisy floor still,post_drift
4054,/home/dxzielinski/Downloads/archive/PetImages/Dog/4947.jpg,Dog,1,dark room corner jumping field scene,post_drift
4055,/home/dxzielinski/Downloads/archive/PetImages/Dog/3960.jpg,Dog,1,air floor shape short short sunny wild window bright scene clean,post_drift
4056,/home/dxzielinski/Downloads/archive/PetImages/Dog/3652.jpg,Dog,1,near warm photo steady center path change far house soft ears token,post_drift
4057,/home/dxzielinski/Downloads/archive/PetImages/Dog/11497.jpg,Dog,1,caption dark curious air window window shadow ears night sunny cold short,post_drift
4058,/home/dxzielinski/Downloads/archive/PetImages/Dog/12114.jpg,Dog,1,path messy steady abrupt corner quiet frame wild day inside short signal gentle random change playful,post_drift
4059,/home/dxzielinski/Downloads/archive/PetImages/Dog/414.jpg,Dog,1,random phase bright phase street blur sunny house,post_drift
4060,/home/dxzielinski/Downloads/archive/PetImages/Dog/3998.jpg,Dog,1,steady grass tail focus happy street ears,post_drift
4061,/home/dxzielinski/Downloads/archive/PetImages/Dog/349.jpg,Dog,1,jumping day night near air short,post_drift
4062,/home/dxzielinski/Downloads/archive/PetImages/Dog/6612.jpg,Dog,1,motion motion center bright online sitting round,post_drift
4063,/home/dxzielinski/Downloads/archive/PetImages/Dog/10553.jpg,Dog,1,moment shadow wild sitting short sequence texture shape large calm,post_drift
4064,/home/dxzielinski/Downloads/archive/PetImages/Dog/896.jpg,Dog,1,photo long camera large corner bright grass state near playful steady near warm caption abrupt,post_drift
4065,/home/dxzielinski/Downloads/archive/PetImages/Dog/4968.jpg,Dog,1,large air token short air foreground sunny blanket,post_drift
4066,/home/dxzielinski/Downloads/archive/PetImages/Dog/146.jpg,Dog,1,long floor event far small background online center event change street ears warm,post_drift
4067,/home/dxzielinski/Downloads/archive/PetImages/Dog/6872.jpg,Dog,1,path corner phase floor curious garden object night object phase dark,post_drift
4068,/home/dxzielinski/Downloads/archive/PetImages/Dog/5529.jpg,Dog,1,warm jumping steady color stream window center,post_drift
4069,/home/dxzielinski/Downloads/archive/PetImages/Dog/3945.jpg,Dog,1,jumping window small shadow path street blur playful change sitting corner field object large messy sitting,post_drift
4070,/home/dxzielinski/Downloads/archive/PetImages/Dog/11714.jpg,Dog,1,clean scene field eyes corner signal background,post_drift
4071,/home/dxzielinski/Downloads/archive/PetImages/Dog/6472.jpg,Dog,1,shape photo sharp texture sitting moment blur foreground room happy warm large phase far,post_drift
4072,/home/dxzielinski/Downloads/archive/PetImages/Dog/6709.jpg,Dog,1,far level still room dark moment ears jumping grass looking street long warm camera,post_drift
4073,/home/dxzielinski/Downloads/archive/PetImages/Dog/1515.jpg,Dog,1,far signal soft moment sharp still blur night sunny large blanket cold short wild,post_drift
4074,/home/dxzielinski/Downloads/archive/PetImages/Dog/10528.jpg,Dog,1,center short cold wild state fast,post_drift
4075,/home/dxzielinski/Downloads/archive/PetImages/Dog/10529.jpg,Dog,1,focus caption level motion round quiet foreground happy caption,post_drift
4076,/home/dxzielinski/Downloads/archive/PetImages/Dog/8254.jpg,Dog,1,corner level jumping short background street clean happy phase fast scene,post_drift
4077,/home/dxzielinski/Downloads/archive/PetImages/Dog/6386.jpg,Dog,1,abrupt pattern tail sunny eyes,post_drift
4078,/home/dxzielinski/Downloads/archive/PetImages/Dog/5391.jpg,Dog,1,street grass night caption wild sharp far,post_drift
4079,/home/dxzielinski/Downloads/archive/PetImages/Dog/8799.jpg,Dog,1,level messy field state level warm night,post_drift
4080,/home/dxzielinski/Downloads/archive/PetImages/Dog/3611.jpg,Dog,1,light state texture stream air tail outside frame,post_drift
4081,/home/dxzielinski/Downloads/archive/PetImages/Dog/1382.jpg,Dog,1,night furry night focus playful corner moment center long soft change change pattern,post_drift
4082,/home/dxzielinski/Downloads/archive/PetImages/Dog/11778.jpg,Dog,1,random window center air corner state furry,post_drift
4083,/home/dxzielinski/Downloads/archive/PetImages/Dog/5812.jpg,Dog,1,pattern street sample online phase motion light change blur outside camera sharp air gentle,post_drift
4084,/home/dxzielinski/Downloads/archive/PetImages/Dog/2552.jpg,Dog,1,focus house floor short focus cold background cold path token noisy color field grass grass frame,post_drift
4085,/home/dxzielinski/Downloads/archive/PetImages/Dog/8568.jpg,Dog,1,garden sequence looking online clean moment pattern signal house dark sitting grass change window,post_drift
4086,/home/dxzielinski/Downloads/archive/PetImages/Dog/12369.jpg,Dog,1,day corner short sequence still caption,post_drift
4087,/home/dxzielinski/Downloads/archive/PetImages/Dog/12028.jpg,Dog,1,still inside short noisy street floor fast near abrupt garden floor stream blanket motion gentle,post_drift
4088,/home/dxzielinski/Downloads/archive/PetImages/Dog/8487.jpg,Dog,1,random cold soft signal window jumping large random sample stream random path blur,post_drift
4089,/home/dxzielinski/Downloads/archive/PetImages/Dog/10882.jpg,Dog,1,grass caption blanket window steady curious event night short random looking,post_drift
4090,/home/dxzielinski/Downloads/archive/PetImages/Dog/4213.jpg,Dog,1,random camera caption ears soft corner color center looking change cold short room stream small level,post_drift
4091,/home/dxzielinski/Downloads/archive/PetImages/Dog/11365.jpg,Dog,1,day still focus steady looking clean window house,post_drift
4092,/home/dxzielinski/Downloads/archive/PetImages/Dog/2380.jpg,Dog,1,texture wild corner garden sharp long change photo outside fast short blanket,post_drift
4093,/home/dxzielinski/Downloads/archive/PetImages/Dog/2515.jpg,Dog,1,room sunny calm jumping fast abrupt night furry jumping still,post_drift
4094,/home/dxzielinski/Downloads/archive/PetImages/Dog/6409.jpg,Dog,1,street state color center jumping window blanket phase,post_drift
4095,/home/dxzielinski/Downloads/archive/PetImages/Dog/6335.jpg,Dog,1,sleepy curious jumping eyes photo color room pattern happy background bright sample warm,post_drift
4096,/home/dxzielinski/Downloads/archive/PetImages/Dog/6269.jpg,Dog,1,quiet background corner change long signal blanket quiet,post_drift
4097,/home/dxzielinski/Downloads/archive/PetImages/Dog/46.jpg,Dog,1,scene looking looking path blur clean wild,post_drift
4098,/home/dxzielinski/Downloads/archive/PetImages/Dog/1344.jpg,Dog,1,path path bright foreground furry sharp shadow phase dark window warm pattern cold sleepy,post_drift
4099,/home/dxzielinski/Downloads/archive/PetImages/Dog/1840.jpg,Dog,1,abrupt still near jumping steady change token phase looking sitting path sitting wild window foreground,post_drift
4100,/home/dxzielinski/Downloads/archive/PetImages/Dog/409.jpg,Dog,1,messy eyes air garden event room corner warm calm phase color window cold,post_drift
4101,/home/dxzielinski/Downloads/archive/PetImages/Dog/9072.jpg,Dog,1,shadow day background drift night short texture sleepy,post_drift
4102,/home/dxzielinski/Downloads/archive/PetImages/Dog/2978.jpg,Dog,1,motion texture phase large playful signal sample frame change frame abrupt furry room phase running noisy,post_drift
4103,/home/dxzielinski/Downloads/archive/PetImages/Dog/6849.jpg,Dog,1,sitting calm quiet sunny corner round still,post_drift
4104,/home/dxzielinski/Downloads/archive/PetImages/Dog/5037.jpg,Dog,1,night signal phase day jumping photo happy signal room clean still far dark window random,post_drift
4105,/home/dxzielinski/Downloads/archive/PetImages/Dog/3758.jpg,Dog,1,center tail outside object texture near house window corner,post_drift
4106,/home/dxzielinski/Downloads/archive/PetImages/Dog/3973.jpg,Dog,1,object focus blanket motion object sequence day background level,post_drift
4107,/home/dxzielinski/Downloads/archive/PetImages/Dog/555.jpg,Dog,1,fast sharp shadow blur shape cold floor street air grass center large online,post_drift
4108,/home/dxzielinski/Downloads/archive/PetImages/Dog/7482.jpg,Dog,1,light light sunny air small light running short,post_drift
4109,/home/dxzielinski/Downloads/archive/PetImages/Dog/5853.jpg,Dog,1,blur far tail window floor blur random,post_drift
4110,/home/dxzielinski/Downloads/archive/PetImages/Dog/10987.jpg,Dog,1,short small night abrupt floor clean short stream eyes sequence day soft curious,post_drift
4111,/home/dxzielinski/Downloads/archive/PetImages/Dog/9883.jpg,Dog,1,sleepy window fast quiet object night bright running shadow sharp abrupt fast small short,post_drift
4112,/home/dxzielinski/Downloads/archive/PetImages/Dog/7925.jpg,Dog,1,air center phase floor long tail house night online inside path phase shadow moment near bright,post_drift
4113,/home/dxzielinski/Downloads/archive/PetImages/Dog/6253.jpg,Dog,1,fast foreground abrupt token far focus garden stream foreground scene jumping camera,post_drift
4114,/home/dxzielinski/Downloads/archive/PetImages/Dog/9442.jpg,Dog,1,round corner messy long event inside dark quiet ears soft curious pattern stream,post_drift
4115,/home/dxzielinski/Downloads/archive/PetImages/Dog/630.jpg,Dog,1,color abrupt grass focus level light inside quiet house sitting caption light sunny sample,post_drift
4116,/home/dxzielinski/Downloads/archive/PetImages/Dog/2761.jpg,Dog,1,frame inside sitting light state tail random,post_drift
4117,/home/dxzielinski/Downloads/archive/PetImages/Dog/1418.jpg,Dog,1,tail messy playful street drift dark light inside,post_drift
4118,/home/dxzielinski/Downloads/archive/PetImages/Dog/10124.jpg,Dog,1,inside focus night signal quiet wild signal fast sleepy online clean pattern still,post_drift
4119,/home/dxzielinski/Downloads/archive/PetImages/Dog/31.jpg,Dog,1,corner near steady center steady room background object scene,post_drift
4120,/home/dxzielinski/Downloads/archive/PetImages/Dog/5000.jpg,Dog,1,window playful cold ears center furry messy room furry moment sleepy object camera,post_drift
4121,/home/dxzielinski/Downloads/archive/PetImages/Dog/8476.jpg,Dog,1,happy furry gentle large night warm caption,post_drift
4122,/home/dxzielinski/Downloads/archive/PetImages/Dog/4370.jpg,Dog,1,near jumping wild clean calm sharp soft frame window steady gentle background photo clean,post_drift
4123,/home/dxzielinski/Downloads/archive/PetImages/Dog/1956.jpg,Dog,1,long sample round garden large jumping token token,post_drift
4124,/home/dxzielinski/Downloads/archive/PetImages/Dog/7372.jpg,Dog,1,change air color phase dark blanket outside ears house frame color sunny,post_drift
4125,/home/dxzielinski/Downloads/archive/PetImages/Dog/10624.jpg,Dog,1,random bright blanket sleepy sitting focus wild frame online house window day floor,post_drift
4126,/home/dxzielinski/Downloads/archive/PetImages/Dog/5810.jpg,Dog,1,night pattern color stream shadow online,post_drift
4127,/home/dxzielinski/Downloads/archive/PetImages/Dog/12412.jpg,Dog,1,large camera focus messy still state large window house phase object garden,post_drift
4128,/home/dxzielinski/Downloads/archive/PetImages/Dog/9663.jpg,Dog,1,sequence frame floor day short sunny,post_drift
4129,/home/dxzielinski/Downloads/archive/PetImages/Dog/3919.jpg,Dog,1,street scene window abrupt blur path happy shadow clean,post_drift
4130,/home/dxzielinski/Downloads/archive/PetImages/Dog/4560.jpg,Dog,1,night eyes tail gentle quiet path,post_drift
4131,/home/dxzielinski/Downloads/archive/PetImages/Dog/8878.jpg,Dog,1,calm sitting playful far short street running abrupt window caption short focus focus large,post_drift
4132,/home/dxzielinski/Downloads/archive/PetImages/Dog/10611.jpg,Dog,1,drift shadow steady sample night inside sleepy window token cold jumping,post_drift
4133,/home/dxzielinski/Downloads/archive/PetImages/Dog/7536.jpg,Dog,1,signal blanket focus sunny photo day floor scene sleepy still,post_drift
4134,/home/dxzielinski/Downloads/archive/PetImages/Dog/10972.jpg,Dog,1,inside sharp online online calm messy foreground wild camera frame fast phase,post_drift
4135,/home/dxzielinski/Downloads/archive/PetImages/Dog/11282.jpg,Dog,1,warm object long ears phase,post_drift
4136,/home/dxzielinski/Downloads/archive/PetImages/Dog/5804.jpg,Dog,1,pattern sequence center sequence furry color caption blanket far motion cold wild street online near air,post_drift
4137,/home/dxzielinski/Downloads/archive/PetImages/Dog/11456.jpg,Dog,1,bright warm background object corner outside shadow warm event,post_drift
4138,/home/dxzielinski/Downloads/archive/PetImages/Dog/7757.jpg,Dog,1,shadow near sunny focus happy bright sequence,post_drift
4139,/home/dxzielinski/Downloads/archive/PetImages/Dog/12006.jpg,Dog,1,noisy abrupt center change playful bright,post_drift
4140,/home/dxzielinski/Downloads/archive/PetImages/Dog/10684.jpg,Dog,1,warm playful wild sample sleepy still,post_drift
4141,/home/dxzielinski/Downloads/archive/PetImages/Dog/10081.jpg,Dog,1,air steady background moment state motion camera light blur change,post_drift
4142,/home/dxzielinski/Downloads/archive/PetImages/Dog/11541.jpg,Dog,1,motion drift random blur pattern large color warm object far blanket state jumping sample,post_drift
4143,/home/dxzielinski/Downloads/archive/PetImages/Dog/1969.jpg,Dog,1,furry round signal near focus sample,post_drift
4144,/home/dxzielinski/Downloads/archive/PetImages/Dog/2636.jpg,Dog,1,noisy drift tail light clean warm level,post_drift
4145,/home/dxzielinski/Downloads/archive/PetImages/Dog/1793.jpg,Dog,1,cold sequence near field pattern camera phase calm background long token,post_drift
4146,/home/dxzielinski/Downloads/archive/PetImages/Dog/9782.jpg,Dog,1,floor far path eyes outside far sunny color soft,post_drift
4147,/home/dxzielinski/Downloads/archive/PetImages/Dog/308.jpg,Dog,1,wild looking soft far drift blanket random round focus messy caption moment air,post_drift
4148,/home/dxzielinski/Downloads/archive/PetImages/Dog/3855.jpg,Dog,1,sleepy bright blur large curious,post_drift
4149,/home/dxzielinski/Downloads/archive/PetImages/Dog/8001.jpg,Dog,1,stream shape warm gentle noisy texture jumping furry signal outside color light clean pattern center,post_drift
4150,/home/dxzielinski/Downloads/archive/PetImages/Dog/9159.jpg,Dog,1,playful object sitting token blanket blanket clean playful drift path gentle bright inside blur,post_drift
4151,/home/dxzielinski/Downloads/archive/PetImages/Dog/2746.jpg,Dog,1,blur caption motion grass pattern photo change noisy motion online outside bright dark jumping shadow outside,post_drift
4152,/home/dxzielinski/Downloads/archive/PetImages/Dog/2114.jpg,Dog,1,gentle signal room dark window photo wild inside,post_drift
4153,/home/dxzielinski/Downloads/archive/PetImages/Dog/12293.jpg,Dog,1,moment happy room grass change sleepy short gentle house shape near gentle object focus eyes shape,post_drift
4154,/home/dxzielinski/Downloads/archive/PetImages/Dog/2982.jpg,Dog,1,token scene house shape messy frame,post_drift
4155,/home/dxzielinski/Downloads/archive/PetImages/Dog/12228.jpg,Dog,1,playful blanket phase online house shadow shadow field blanket bright,post_drift
4156,/home/dxzielinski/Downloads/archive/PetImages/Dog/8416.jpg,Dog,1,state wild bright window eyes day sitting state phase,post_drift
4157,/home/dxzielinski/Downloads/archive/PetImages/Dog/6650.jpg,Dog,1,moment warm center dark change phase quiet,post_drift
4158,/home/dxzielinski/Downloads/archive/PetImages/Dog/10854.jpg,Dog,1,street shadow bright running center foreground,post_drift
4159,/home/dxzielinski/Downloads/archive/PetImages/Dog/2707.jpg,Dog,1,gentle bright shadow event round change grass eyes ears,post_drift
4160,/home/dxzielinski/Downloads/archive/PetImages/Dog/8756.jpg,Dog,1,online round happy furry online playful field photo color still furry floor,post_drift
4161,/home/dxzielinski/Downloads/archive/PetImages/Dog/1806.jpg,Dog,1,path shadow frame day light,post_drift
4162,/home/dxzielinski/Downloads/archive/PetImages/Dog/10048.jpg,Dog,1,abrupt frame sequence night color messy abrupt house outside,post_drift
4163,/home/dxzielinski/Downloads/archive/PetImages/Dog/5270.jpg,Dog,1,tail jumping cold moment small looking street field shadow blanket,post_drift
4164,/home/dxzielinski/Downloads/archive/PetImages/Dog/11749.jpg,Dog,1,small blanket messy clean near light day cold online shadow,post_drift
4165,/home/dxzielinski/Downloads/archive/PetImages/Dog/1553.jpg,Dog,1,air drift outside sunny blur room focus,post_drift
4166,/home/dxzielinski/Downloads/archive/PetImages/Dog/3405.jpg,Dog,1,round dark object running cold stream cold frame jumping stream state,post_drift
4167,/home/dxzielinski/Downloads/archive/PetImages/Dog/3261.jpg,Dog,1,phase frame blur round round street sunny sitting window quiet furry messy,post_drift
4168,/home/dxzielinski/Downloads/archive/PetImages/Dog/10788.jpg,Dog,1,sunny blur path token sunny moment small moment grass object dark foreground caption token random fast,post_drift
4169,/home/dxzielinski/Downloads/archive/PetImages/Dog/8622.jpg,Dog,1,online round signal running fast floor stream window focus tail foreground,post_drift
4170,/home/dxzielinski/Downloads/archive/PetImages/Dog/6832.jpg,Dog,1,still caption photo warm texture running camera tail,post_drift
4171,/home/dxzielinski/Downloads/archive/PetImages/Dog/10817.jpg,Dog,1,object focus jumping change jumping ears moment change color warm clean small,post_drift
4172,/home/dxzielinski/Downloads/archive/PetImages/Dog/8649.jpg,Dog,1,photo foreground outside steady steady drift,post_drift
4173,/home/dxzielinski/Downloads/archive/PetImages/Dog/11320.jpg,Dog,1,short short calm floor day soft window token messy steady room sunny furry path,post_drift
4174,/home/dxzielinski/Downloads/archive/PetImages/Dog/2529.jpg,Dog,1,tail phase warm scene sharp token shape level still round,post_drift
4175,/home/dxzielinski/Downloads/archive/PetImages/Dog/6519.jpg,Dog,1,light dark sample street shape short room,post_drift
4176,/home/dxzielinski/Downloads/archive/PetImages/Dog/11630.jpg,Dog,1,signal house event playful event day caption playful camera state pattern large shadow sunny dark,post_drift
4177,/home/dxzielinski/Downloads/archive/PetImages/Dog/8493.jpg,Dog,1,clean quiet moment caption token sleepy night house pattern looking street shadow wild background abrupt,post_drift
4178,/home/dxzielinski/Downloads/archive/PetImages/Dog/28.jpg,Dog,1,cold noisy cold blur far pattern camera cold,post_drift
4179,/home/dxzielinski/Downloads/archive/PetImages/Dog/8417.jpg,Dog,1,stream foreground signal grass street,post_drift
4180,/home/dxzielinski/Downloads/archive/PetImages/Dog/11817.jpg,Dog,1,background near sample near fast bright shadow eyes curious background photo large photo sample gentle,post_drift
4181,/home/dxzielinski/Downloads/archive/PetImages/Dog/3416.jpg,Dog,1,blur far foreground level focus blanket change air,post_drift
4182,/home/dxzielinski/Downloads/archive/PetImages/Dog/10236.jpg,Dog,1,room frame eyes calm bright signal,post_drift
4183,/home/dxzielinski/Downloads/archive/PetImages/Dog/6589.jpg,Dog,1,event stream phase large still light texture light fast floor near window sitting,post_drift
4184,/home/dxzielinski/Downloads/archive/PetImages/Dog/11925.jpg,Dog,1,sharp path scene camera small abrupt short window blanket noisy grass sunny camera,post_drift
4185,/home/dxzielinski/Downloads/archive/PetImages/Dog/8956.jpg,Dog,1,event sharp running happy ears garden jumping motion still bright shadow ears cold,post_drift
4186,/home/dxzielinski/Downloads/archive/PetImages/Dog/11855.jpg,Dog,1,change clean short far short corner happy color shadow,post_drift
4187,/home/dxzielinski/Downloads/archive/PetImages/Dog/8351.jpg,Dog,1,window looking running foreground focus garden window color phase,post_drift
4188,/home/dxzielinski/Downloads/archive/PetImages/Dog/10765.jpg,Dog,1,night center round shape phase outside center day round cold grass moment online calm,post_drift
4189,/home/dxzielinski/Downloads/archive/PetImages/Dog/3846.jpg,Dog,1,frame happy dark tail state,post_drift
4190,/home/dxzielinski/Downloads/archive/PetImages/Dog/6027.jpg,Dog,1,garden playful inside playful far blanket gentle abrupt,post_drift
4191,/home/dxzielinski/Downloads/archive/PetImages/Dog/2637.jpg,Dog,1,shadow photo outside short signal shadow soft clean corner tail,post_drift
4192,/home/dxzielinski/Downloads/archive/PetImages/Dog/2429.jpg,Dog,1,small camera level stream scene focus,post_drift
4193,/home/dxzielinski/Downloads/archive/PetImages/Dog/8537.jpg,Dog,1,curious motion photo running sunny garden shadow running sunny calm,post_drift
4194,/home/dxzielinski/Downloads/archive/PetImages/Dog/1571.jpg,Dog,1,online online round event color center sunny frame state abrupt background warm sleepy background,post_drift
4195,/home/dxzielinski/Downloads/archive/PetImages/Dog/1405.jpg,Dog,1,light light sharp eyes curious scene motion path state looking background,post_drift
4196,/home/dxzielinski/Downloads/archive/PetImages/Dog/3505.jpg,Dog,1,large moment long garden corner,post_drift
4197,/home/dxzielinski/Downloads/archive/PetImages/Dog/10996.jpg,Dog,1,field shape sleepy air quiet furry curious happy sitting near change soft center noisy abrupt,post_drift
4198,/home/dxzielinski/Downloads/archive/PetImages/Dog/1774.jpg,Dog,1,dark sitting outside pattern sharp frame shape eyes round garden soft fast,post_drift
4199,/home/dxzielinski/Downloads/archive/PetImages/Dog/1816.jpg,Dog,1,frame furry sitting gentle warm online day,post_drift
4200,/home/dxzielinski/Downloads/archive/PetImages/Dog/1842.jpg,Dog,1,caption eyes sleepy running room cold quiet,post_drift
4201,/home/dxzielinski/Downloads/archive/PetImages/Dog/8885.jpg,Dog,1,tail texture warm dark cold playful garden,post_drift
4202,/home/dxzielinski/Downloads/archive/PetImages/Dog/9939.jpg,Dog,1,calm steady wild camera corner background sleepy state stream cold quiet,post_drift
4203,/home/dxzielinski/Downloads/archive/PetImages/Dog/5082.jpg,Dog,1,random room online gentle token phase ears drift air stream room wild,post_drift
4204,/home/dxzielinski/Downloads/archive/PetImages/Dog/3595.jpg,Dog,1,steady far warm near photo day foreground room quiet looking still window sharp floor warm large,post_drift
4205,/home/dxzielinski/Downloads/archive/PetImages/Dog/7203.jpg,Dog,1,large room signal photo frame small,post_drift
4206,/home/dxzielinski/Downloads/archive/PetImages/Dog/5787.jpg,Dog,1,light ears cold caption outside stream jumping,post_drift
4207,/home/dxzielinski/Downloads/archive/PetImages/Dog/2657.jpg,Dog,1,bright floor shape house path window room background curious shape,post_drift
4208,/home/dxzielinski/Downloads/archive/PetImages/Dog/6181.jpg,Dog,1,sunny random noisy photo blur foreground messy garden grass,post_drift
4209,/home/dxzielinski/Downloads/archive/PetImages/Dog/172.jpg,Dog,1,house messy caption running large center air foreground night running warm air photo state curious,post_drift
4210,/home/dxzielinski/Downloads/archive/PetImages/Dog/4651.jpg,Dog,1,sunny dark token street state night focus inside signal shape,post_drift
4211,/home/dxzielinski/Downloads/archive/PetImages/Dog/9720.jpg,Dog,1,caption still blanket long running jumping furry looking far fast background foreground,post_drift
4212,/home/dxzielinski/Downloads/archive/PetImages/Dog/3408.jpg,Dog,1,stream night noisy furry night caption caption day camera drift level messy path night,post_drift
4213,/home/dxzielinski/Downloads/archive/PetImages/Dog/7056.jpg,Dog,1,room sample pattern jumping tail sunny,post_drift
4214,/home/dxzielinski/Downloads/archive/PetImages/Dog/669.jpg,Dog,1,night object still color clean window looking jumping grass inside tail random object,post_drift
4215,/home/dxzielinski/Downloads/archive/PetImages/Dog/10978.jpg,Dog,1,scene bright looking bright day air small caption looking far cold garden room,post_drift
4216,/home/dxzielinski/Downloads/archive/PetImages/Dog/4027.jpg,Dog,1,sharp furry still token center sleepy short playful sharp,post_drift
4217,/home/dxzielinski/Downloads/archive/PetImages/Dog/10450.jpg,Dog,1,background fast event ears sleepy center abrupt bright curious,post_drift
4218,/home/dxzielinski/Downloads/archive/PetImages/Dog/11807.jpg,Dog,1,online sitting sharp looking running happy motion abrupt blur dark center inside quiet state fast,post_drift
4219,/home/dxzielinski/Downloads/archive/PetImages/Dog/2531.jpg,Dog,1,frame stream caption furry far messy sharp,post_drift
4220,/home/dxzielinski/Downloads/archive/PetImages/Dog/5341.jpg,Dog,1,messy frame sequence focus night jumping bright sunny caption cold cold focus sharp,post_drift
4221,/home/dxzielinski/Downloads/archive/PetImages/Dog/9681.jpg,Dog,1,floor object gentle window clean motion motion soft round running,post_drift
4222,/home/dxzielinski/Downloads/archive/PetImages/Dog/2039.jpg,Dog,1,online looking inside blanket event shadow object phase ears eyes state,post_drift
4223,/home/dxzielinski/Downloads/archive/PetImages/Dog/1508.jpg,Dog,1,abrupt level focus clean shape street floor,post_drift
4224,/home/dxzielinski/Downloads/archive/PetImages/Dog/526.jpg,Dog,1,street texture clean moment still noisy,post_drift
4225,/home/dxzielinski/Downloads/archive/PetImages/Dog/7509.jpg,Dog,1,night shadow looking grass room event noisy photo object state shape warm still short,post_drift
4226,/home/dxzielinski/Downloads/archive/PetImages/Dog/1576.jpg,Dog,1,camera still sleepy playful night pattern house inside cold photo,post_drift
4227,/home/dxzielinski/Downloads/archive/PetImages/Dog/3477.jpg,Dog,1,token moment field still ears eyes camera blur motion sleepy signal shadow,post_drift
4228,/home/dxzielinski/Downloads/archive/PetImages/Dog/1812.jpg,Dog,1,field object house texture signal camera random jumping quiet phase,post_drift
4229,/home/dxzielinski/Downloads/archive/PetImages/Dog/10871.jpg,Dog,1,state long scene sequence large outside large room moment day,post_drift
4230,/home/dxzielinski/Downloads/archive/PetImages/Dog/1354.jpg,Dog,1,soft level curious playful photo gentle sharp,post_drift
4231,/home/dxzielinski/Downloads/archive/PetImages/Dog/3410.jpg,Dog,1,tail happy room caption sitting,post_drift
4232,/home/dxzielinski/Downloads/archive/PetImages/Dog/10409.jpg,Dog,1,window dark small sitting sleepy gentle ears running noisy sample blanket garden caption,post_drift
4233,/home/dxzielinski/Downloads/archive/PetImages/Dog/1129.jpg,Dog,1,still warm noisy street color bright frame house photo random signal day,post_drift
4234,/home/dxzielinski/Downloads/archive/PetImages/Dog/8666.jpg,Dog,1,noisy calm pattern signal sequence,post_drift
4235,/home/dxzielinski/Downloads/archive/PetImages/Dog/153.jpg,Dog,1,long sharp bright long house,post_drift
4236,/home/dxzielinski/Downloads/archive/PetImages/Dog/7633.jpg,Dog,1,wild caption shape night change abrupt eyes event quiet noisy far,post_drift
4237,/home/dxzielinski/Downloads/archive/PetImages/Dog/1960.jpg,Dog,1,scene clean scene online air path camera sharp still sample sharp jumping corner motion garden,post_drift
4238,/home/dxzielinski/Downloads/archive/PetImages/Dog/6229.jpg,Dog,1,dark photo state furry frame gentle room foreground eyes,post_drift
4239,/home/dxzielinski/Downloads/archive/PetImages/Dog/6464.jpg,Dog,1,foreground room garden inside texture shape sequence blanket,post_drift
4240,/home/dxzielinski/Downloads/archive/PetImages/Dog/3030.jpg,Dog,1,dark change dark object online,post_drift
4241,/home/dxzielinski/Downloads/archive/PetImages/Dog/2387.jpg,Dog,1,drift clean cold sharp sitting happy abrupt,post_drift
4242,/home/dxzielinski/Downloads/archive/PetImages/Dog/1226.jpg,Dog,1,day bright sitting playful long ears sharp,post_drift
4243,/home/dxzielinski/Downloads/archive/PetImages/Dog/2208.jpg,Dog,1,sitting blanket long round looking center room,post_drift
4244,/home/dxzielinski/Downloads/archive/PetImages/Dog/9617.jpg,Dog,1,light floor level foreground sitting blur clean level signal,post_drift
4245,/home/dxzielinski/Downloads/archive/PetImages/Dog/1912.jpg,Dog,1,playful day online ears window steady window center pattern street calm window quiet,post_drift
4246,/home/dxzielinski/Downloads/archive/PetImages/Dog/4500.jpg,Dog,1,drift day blanket day event moment bright garden state warm near near,post_drift
4247,/home/dxzielinski/Downloads/archive/PetImages/Dog/5618.jpg,Dog,1,quiet sleepy messy drift calm cold furry object change,post_drift
4248,/home/dxzielinski/Downloads/archive/PetImages/Dog/7683.jpg,Dog,1,playful corner ears camera near photo sample cold background sample texture object,post_drift
4249,/home/dxzielinski/Downloads/archive/PetImages/Dog/4993.jpg,Dog,1,garden event corner state camera moment drift happy color signal shadow clean event signal,post_drift
4250,/home/dxzielinski/Downloads/archive/PetImages/Dog/5357.jpg,Dog,1,caption center motion drift jumping far long state street photo still steady large clean soft,post_drift
4251,/home/dxzielinski/Downloads/archive/PetImages/Dog/6630.jpg,Dog,1,state round color frame grass,post_drift
4252,/home/dxzielinski/Downloads/archive/PetImages/Dog/10009.jpg,Dog,1,small field large corner noisy wild scene sample sitting center texture blur,post_drift
4253,/home/dxzielinski/Downloads/archive/PetImages/Dog/2139.jpg,Dog,1,air stream drift air color ears messy scene center foreground drift object bright soft online,post_drift
4254,/home/dxzielinski/Downloads/archive/PetImages/Dog/13.jpg,Dog,1,noisy corner garden token running quiet happy clean light change,post_drift
4255,/home/dxzielinski/Downloads/archive/PetImages/Dog/7401.jpg,Dog,1,event sleepy soft curious window jumping ears garden shape short messy air outside,post_drift
4256,/home/dxzielinski/Downloads/archive/PetImages/Dog/7503.jpg,Dog,1,floor token abrupt signal long,post_drift
4257,/home/dxzielinski/Downloads/archive/PetImages/Dog/8862.jpg,Dog,1,dark abrupt calm field house path,post_drift
4258,/home/dxzielinski/Downloads/archive/PetImages/Dog/662.jpg,Dog,1,warm inside field long blur fast inside shadow,post_drift
4259,/home/dxzielinski/Downloads/archive/PetImages/Dog/6953.jpg,Dog,1,happy large object gentle grass center abrupt running stream steady object change,post_drift
4260,/home/dxzielinski/Downloads/archive/PetImages/Dog/4986.jpg,Dog,1,far sequence cold warm online online abrupt pattern still tail ears grass running pattern street photo,post_drift
4261,/home/dxzielinski/Downloads/archive/PetImages/Dog/8923.jpg,Dog,1,signal camera color long blanket window stream long,post_drift
4262,/home/dxzielinski/Downloads/archive/PetImages/Dog/3716.jpg,Dog,1,blanket dark focus corner near,post_drift
4263,/home/dxzielinski/Downloads/archive/PetImages/Dog/497.jpg,Dog,1,looking playful messy room garden gentle long sample,post_drift
4264,/home/dxzielinski/Downloads/archive/PetImages/Dog/7527.jpg,Dog,1,stream shadow sequence scene shadow shadow frame floor field still,post_drift
4265,/home/dxzielinski/Downloads/archive/PetImages/Dog/3002.jpg,Dog,1,token night noisy small path blanket floor sample inside still color,post_drift
4266,/home/dxzielinski/Downloads/archive/PetImages/Dog/11823.jpg,Dog,1,caption outside signal playful cold sunny pattern soft scene room inside street shape,post_drift
4267,/home/dxzielinski/Downloads/archive/PetImages/Dog/4365.jpg,Dog,1,motion messy path token long house phase sequence noisy,post_drift
4268,/home/dxzielinski/Downloads/archive/PetImages/Dog/9095.jpg,Dog,1,moment street sunny near messy dark random happy light small caption sleepy,post_drift
4269,/home/dxzielinski/Downloads/archive/PetImages/Dog/3713.jpg,Dog,1,house small field sequence long shadow,post_drift
4270,/home/dxzielinski/Downloads/archive/PetImages/Dog/7513.jpg,Dog,1,furry tail photo photo event scene messy small stream camera grass,post_drift
4271,/home/dxzielinski/Downloads/archive/PetImages/Dog/4284.jpg,Dog,1,curious sunny path center running eyes bright object window noisy moment,post_drift
4272,/home/dxzielinski/Downloads/archive/PetImages/Dog/12118.jpg,Dog,1,still change event tail random inside dark jumping curious level moment window,post_drift
4273,/home/dxzielinski/Downloads/archive/PetImages/Dog/10076.jpg,Dog,1,large light photo path phase corner blur drift sunny playful gentle,post_drift
4274,/home/dxzielinski/Downloads/archive/PetImages/Dog/5389.jpg,Dog,1,tail tail happy window near sample cold small looking bright,post_drift
4275,/home/dxzielinski/Downloads/archive/PetImages/Dog/8383.jpg,Dog,1,color foreground signal window calm fast,post_drift
4276,/home/dxzielinski/Downloads/archive/PetImages/Dog/3961.jpg,Dog,1,small looking background looking moment tail change scene round phase level scene pattern change,post_drift
4277,/home/dxzielinski/Downloads/archive/PetImages/Dog/8939.jpg,Dog,1,sleepy center jumping drift window photo stream gentle,post_drift
4278,/home/dxzielinski/Downloads/archive/PetImages/Dog/338.jpg,Dog,1,steady curious corner jumping sharp,post_drift
4279,/home/dxzielinski/Downloads/archive/PetImages/Dog/10844.jpg,Dog,1,floor light dark pattern playful sample,post_drift
4280,/home/dxzielinski/Downloads/archive/PetImages/Dog/12131.jpg,Dog,1,noisy steady cold sleepy caption,post_drift
4281,/home/dxzielinski/Downloads/archive/PetImages/Dog/373.jpg,Dog,1,day round change looking room inside dark air round drift,post_drift
4282,/home/dxzielinski/Downloads/archive/PetImages/Dog/11948.jpg,Dog,1,bright camera center air online background sequence stream sample scene air cold calm,post_drift
4283,/home/dxzielinski/Downloads/archive/PetImages/Dog/10424.jpg,Dog,1,far sample soft photo color camera playful looking sunny token round bright clean drift street sharp,post_drift
4284,/home/dxzielinski/Downloads/archive/PetImages/Dog/3969.jpg,Dog,1,online furry playful center color far,post_drift
4285,/home/dxzielinski/Downloads/archive/PetImages/Dog/4456.jpg,Dog,1,sequence sequence soft steady grass scene garden caption grass messy gentle focus bright center sample,post_drift
4286,/home/dxzielinski/Downloads/archive/PetImages/Dog/12491.jpg,Dog,1,sleepy sunny abrupt texture outside window,post_drift
4287,/home/dxzielinski/Downloads/archive/PetImages/Dog/10952.jpg,Dog,1,fast steady warm light sleepy eyes grass,post_drift
4288,/home/dxzielinski/Downloads/archive/PetImages/Dog/12333.jpg,Dog,1,sharp field near signal background outside light sunny short sharp abrupt online day,post_drift
4289,/home/dxzielinski/Downloads/archive/PetImages/Dog/6826.jpg,Dog,1,running frame gentle garden messy texture happy grass abrupt sequence blur dark tail,post_drift
4290,/home/dxzielinski/Downloads/archive/PetImages/Dog/10374.jpg,Dog,1,color window near blur signal sharp inside sharp change event garden,post_drift
4291,/home/dxzielinski/Downloads/archive/PetImages/Dog/2787.jpg,Dog,1,window jumping sample street outside shape house calm still round sample level outside,post_drift
4292,/home/dxzielinski/Downloads/archive/PetImages/Dog/5254.jpg,Dog,1,dark motion texture foreground level sunny sequence state clean background large window gentle photo,post_drift
4293,/home/dxzielinski/Downloads/archive/PetImages/Dog/6540.jpg,Dog,1,object level camera window warm clean drift phase sitting near phase sitting soft outside near,post_drift
4294,/home/dxzielinski/Downloads/archive/PetImages/Dog/4215.jpg,Dog,1,focus warm state curious sitting moment shape quiet room house garden,post_drift
4295,/home/dxzielinski/Downloads/archive/PetImages/Dog/6920.jpg,Dog,1,inside corner motion foreground window small tail window gentle,post_drift
4296,/home/dxzielinski/Downloads/archive/PetImages/Dog/389.jpg,Dog,1,abrupt near token grass air shape jumping signal,post_drift
4297,/home/dxzielinski/Downloads/archive/PetImages/Dog/4120.jpg,Dog,1,curious photo shape camera window camera street still sample quiet furry messy clean,post_drift
4298,/home/dxzielinski/Downloads/archive/PetImages/Dog/7936.jpg,Dog,1,wild far house token object inside warm still ears shadow sleepy curious tail,post_drift
4299,/home/dxzielinski/Downloads/archive/PetImages/Dog/2506.jpg,Dog,1,wild sleepy change night fast light sleepy air,post_drift
4300,/home/dxzielinski/Downloads/archive/PetImages/Dog/8146.jpg,Dog,1,calm shadow still motion sharp large level long photo steady small,post_drift
4301,/home/dxzielinski/Downloads/archive/PetImages/Dog/6761.jpg,Dog,1,window floor signal center level day background abrupt,post_drift
4302,/home/dxzielinski/Downloads/archive/PetImages/Dog/10026.jpg,Dog,1,inside furry dark playful level light field drift far ears token blur jumping light,post_drift
4303,/home/dxzielinski/Downloads/archive/PetImages/Dog/3170.jpg,Dog,1,drift sequence wild jumping air center bright event,post_drift
4304,/home/dxzielinski/Downloads/archive/PetImages/Dog/9075.jpg,Dog,1,photo sitting wild near long short long cold large looking object gentle quiet background curious object,post_drift
4305,/home/dxzielinski/Downloads/archive/PetImages/Dog/8339.jpg,Dog,1,cold sample calm fast shadow quiet,post_drift
4306,/home/dxzielinski/Downloads/archive/PetImages/Dog/7791.jpg,Dog,1,drift inside window motion photo looking furry street floor abrupt level calm happy texture random window,post_drift
4307,/home/dxzielinski/Downloads/archive/PetImages/Dog/5576.jpg,Dog,1,quiet short ears fast background steady state drift jumping blanket phase looking day clean,post_drift
4308,/home/dxzielinski/Downloads/archive/PetImages/Dog/12012.jpg,Dog,1,foreground shadow jumping foreground steady air frame noisy playful round object curious near,post_drift
4309,/home/dxzielinski/Downloads/archive/PetImages/Dog/12062.jpg,Dog,1,sunny ears bright corner sequence gentle house signal,post_drift
4310,/home/dxzielinski/Downloads/archive/PetImages/Dog/12465.jpg,Dog,1,level grass window outside blur steady signal night short tail fast caption quiet,post_drift
4311,/home/dxzielinski/Downloads/archive/PetImages/Dog/3158.jpg,Dog,1,window moment gentle fast messy blanket field sharp street sharp sitting,post_drift
4312,/home/dxzielinski/Downloads/archive/PetImages/Dog/3481.jpg,Dog,1,curious day soft round change cold motion blur,post_drift
4313,/home/dxzielinski/Downloads/archive/PetImages/Dog/9282.jpg,Dog,1,center fast dark furry large air street grass long gentle curious moment,post_drift
4314,/home/dxzielinski/Downloads/archive/PetImages/Dog/23.jpg,Dog,1,happy far shape sleepy shape window center sunny near bright frame abrupt moment,post_drift
4315,/home/dxzielinski/Downloads/archive/PetImages/Dog/424.jpg,Dog,1,object grass steady motion ears focus window color window small random room shape,post_drift
4316,/home/dxzielinski/Downloads/archive/PetImages/Dog/4057.jpg,Dog,1,tail sharp bright camera garden furry cold texture house,post_drift
4317,/home/dxzielinski/Downloads/archive/PetImages/Dog/5214.jpg,Dog,1,outside room photo round level looking soft phase stream street token garden focus clean,post_drift
4318,/home/dxzielinski/Downloads/archive/PetImages/Dog/5194.jpg,Dog,1,ears round garden furry sleepy light house event wild sharp state curious night clean sitting,post_drift
4319,/home/dxzielinski/Downloads/archive/PetImages/Dog/9261.jpg,Dog,1,running short sunny tail street camera inside house soft online ears,post_drift
4320,/home/dxzielinski/Downloads/archive/PetImages/Dog/3171.jpg,Dog,1,light foreground change round eyes online inside messy object photo,post_drift
4321,/home/dxzielinski/Downloads/archive/PetImages/Dog/8190.jpg,Dog,1,shadow center sharp air floor background event night room drift outside dark foreground house,post_drift
4322,/home/dxzielinski/Downloads/archive/PetImages/Dog/7695.jpg,Dog,1,event near token online near short level background pattern outside sharp quiet room,post_drift
4323,/home/dxzielinski/Downloads/archive/PetImages/Dog/12338.jpg,Dog,1,long sample small long clean eyes looking,post_drift
4324,/home/dxzielinski/Downloads/archive/PetImages/Dog/9526.jpg,Dog,1,jumping level warm frame night grass,post_drift
4325,/home/dxzielinski/Downloads/archive/PetImages/Dog/3032.jpg,Dog,1,online wild cold messy motion sitting sunny center calm gentle texture messy,post_drift
4326,/home/dxzielinski/Downloads/archive/PetImages/Dog/5421.jpg,Dog,1,playful corner street level calm curious,post_drift
4327,/home/dxzielinski/Downloads/archive/PetImages/Dog/4504.jpg,Dog,1,field messy blur outside sample frame abrupt messy,post_drift
4328,/home/dxzielinski/Downloads/archive/PetImages/Dog/8223.jpg,Dog,1,foreground soft calm tail inside abrupt ears wild small steady light phase large sharp token,post_drift
4329,/home/dxzielinski/Downloads/archive/PetImages/Dog/2035.jpg,Dog,1,path running center window house looking near sunny dark stream camera room messy,post_drift
4330,/home/dxzielinski/Downloads/archive/PetImages/Dog/12337.jpg,Dog,1,pattern clean sleepy night happy phase house gentle tail sitting far,post_drift
4331,/home/dxzielinski/Downloads/archive/PetImages/Dog/11189.jpg,Dog,1,window signal happy color caption inside round gentle,post_drift
4332,/home/dxzielinski/Downloads/archive/PetImages/Dog/9672.jpg,Dog,1,steady still sleepy ears night steady outside,post_drift
4333,/home/dxzielinski/Downloads/archive/PetImages/Dog/2283.jpg,Dog,1,dark change texture street eyes wild dark floor air event grass garden color,post_drift
4334,/home/dxzielinski/Downloads/archive/PetImages/Dog/7767.jpg,Dog,1,state signal shape level sequence calm noisy signal online far stream focus online dark camera motion,post_drift
4335,/home/dxzielinski/Downloads/archive/PetImages/Dog/1316.jpg,Dog,1,sunny caption warm gentle background eyes token token abrupt sample room,post_drift
4336,/home/dxzielinski/Downloads/archive/PetImages/Dog/4578.jpg,Dog,1,fast abrupt steady eyes texture tail shape caption still still ears shadow short fast fast,post_drift
4337,/home/dxzielinski/Downloads/archive/PetImages/Dog/6917.jpg,Dog,1,floor inside motion inside fast near random tail playful floor long random stream sunny,post_drift
4338,/home/dxzielinski/Downloads/archive/PetImages/Dog/4105.jpg,Dog,1,window scene tail furry ears wild messy sequence sample blur,post_drift
4339,/home/dxzielinski/Downloads/archive/PetImages/Dog/3216.jpg,Dog,1,ears air gentle token garden furry near,post_drift
4340,/home/dxzielinski/Downloads/archive/PetImages/Dog/10279.jpg,Dog,1,path field light foreground still,post_drift
4341,/home/dxzielinski/Downloads/archive/PetImages/Dog/5394.jpg,Dog,1,fast shadow token grass abrupt,post_drift
4342,/home/dxzielinski/Downloads/archive/PetImages/Dog/2612.jpg,Dog,1,eyes playful photo state state scene grass token object gentle night,post_drift
4343,/home/dxzielinski/Downloads/archive/PetImages/Dog/2969.jpg,Dog,1,random tail foreground fast far corner stream level sample scene sample happy,post_drift
4344,/home/dxzielinski/Downloads/archive/PetImages/Dog/8014.jpg,Dog,1,token window happy sample cold round tail focus sunny,post_drift
4345,/home/dxzielinski/Downloads/archive/PetImages/Dog/9088.jpg,Dog,1,foreground blanket noisy cold sample frame center shadow,post_drift
4346,/home/dxzielinski/Downloads/archive/PetImages/Dog/4997.jpg,Dog,1,sunny center window pattern inside day short,post_drift
4347,/home/dxzielinski/Downloads/archive/PetImages/Dog/2945.jpg,Dog,1,blur event camera background soft room jumping looking caption corner fast blur,post_drift
4348,/home/dxzielinski/Downloads/archive/PetImages/Dog/1533.jpg,Dog,1,grass short large inside motion room,post_drift
4349,/home/dxzielinski/Downloads/archive/PetImages/Dog/10602.jpg,Dog,1,path light sequence focus camera quiet texture running cold window outside,post_drift
4350,/home/dxzielinski/Downloads/archive/PetImages/Dog/4744.jpg,Dog,1,round blanket wild shape furry photo day color focus blanket room sample,post_drift
4351,/home/dxzielinski/Downloads/archive/PetImages/Dog/6093.jpg,Dog,1,background sleepy photo sharp house clean blanket,post_drift
4352,/home/dxzielinski/Downloads/archive/PetImages/Dog/638.jpg,Dog,1,foreground grass calm light sunny still happy gentle center,post_drift
4353,/home/dxzielinski/Downloads/archive/PetImages/Dog/6204.jpg,Dog,1,light signal warm window tail window house frame garden level noisy sequence,post_drift
4354,/home/dxzielinski/Downloads/archive/PetImages/Dog/10030.jpg,Dog,1,short short eyes window field large,post_drift
4355,/home/dxzielinski/Downloads/archive/PetImages/Dog/3721.jpg,Dog,1,sharp eyes sunny gentle corner running ears,post_drift
4356,/home/dxzielinski/Downloads/archive/PetImages/Dog/1537.jpg,Dog,1,still soft online curious soft pattern,post_drift
4357,/home/dxzielinski/Downloads/archive/PetImages/Dog/4619.jpg,Dog,1,far house wild noisy window bright sequence level grass far texture change wild round running,post_drift
4358,/home/dxzielinski/Downloads/archive/PetImages/Dog/395.jpg,Dog,1,grass blanket frame sample blur foreground,post_drift
4359,/home/dxzielinski/Downloads/archive/PetImages/Dog/10203.jpg,Dog,1,tail long steady street air,post_drift
4360,/home/dxzielinski/Downloads/archive/PetImages/Dog/6959.jpg,Dog,1,object object room phase small short warm inside warm corner light large small,post_drift
4361,/home/dxzielinski/Downloads/archive/PetImages/Dog/3234.jpg,Dog,1,field blur sitting quiet steady room,post_drift
4362,/home/dxzielinski/Downloads/archive/PetImages/Dog/5110.jpg,Dog,1,photo sequence online fast color round clean outside sharp outside street camera,post_drift
4363,/home/dxzielinski/Downloads/archive/PetImages/Dog/2224.jpg,Dog,1,sequence signal event bright calm wild calm blanket foreground ears signal near tail signal,post_drift
4364,/home/dxzielinski/Downloads/archive/PetImages/Dog/7576.jpg,Dog,1,room texture room stream night shadow far floor stream window state house change random,post_drift
4365,/home/dxzielinski/Downloads/archive/PetImages/Dog/6590.jpg,Dog,1,bright stream window sunny blanket looking foreground shape outside,post_drift
4366,/home/dxzielinski/Downloads/archive/PetImages/Dog/4266.jpg,Dog,1,object random sunny window grass abrupt sunny jumping,post_drift
4367,/home/dxzielinski/Downloads/archive/PetImages/Dog/1645.jpg,Dog,1,steady shape short clean running,post_drift
4368,/home/dxzielinski/Downloads/archive/PetImages/Dog/8889.jpg,Dog,1,curious light color sample night motion noisy noisy texture playful phase online,post_drift
4369,/home/dxzielinski/Downloads/archive/PetImages/Dog/12137.jpg,Dog,1,motion drift street steady clean near running running,post_drift
4370,/home/dxzielinski/Downloads/archive/PetImages/Dog/1549.jpg,Dog,1,far random window path far path sleepy playful furry sitting blur dark quiet floor light quiet,post_drift
4371,/home/dxzielinski/Downloads/archive/PetImages/Dog/10743.jpg,Dog,1,quiet quiet eyes room color,post_drift
4372,/home/dxzielinski/Downloads/archive/PetImages/Dog/5365.jpg,Dog,1,tail calm cold sharp near sequence path blur phase air air drift night house,post_drift
4373,/home/dxzielinski/Downloads/archive/PetImages/Dog/1304.jpg,Dog,1,event bright jumping moment shape caption,post_drift
4374,/home/dxzielinski/Downloads/archive/PetImages/Dog/4055.jpg,Dog,1,change short sharp tail running messy soft blanket camera sample grass change far,post_drift
4375,/home/dxzielinski/Downloads/archive/PetImages/Dog/5020.jpg,Dog,1,short level calm window field floor photo level,post_drift
4376,/home/dxzielinski/Downloads/archive/PetImages/Dog/9081.jpg,Dog,1,night background frame path street sequence happy,post_drift
4377,/home/dxzielinski/Downloads/archive/PetImages/Dog/4244.jpg,Dog,1,small sunny sleepy bright motion random,post_drift
4378,/home/dxzielinski/Downloads/archive/PetImages/Dog/1517.jpg,Dog,1,eyes outside gentle color floor caption messy floor foreground curious ears gentle,post_drift
4379,/home/dxzielinski/Downloads/archive/PetImages/Dog/1593.jpg,Dog,1,calm running window phase texture jumping focus tail window playful happy,post_drift
4380,/home/dxzielinski/Downloads/archive/PetImages/Dog/9024.jpg,Dog,1,token wild playful floor curious playful eyes sunny sharp,post_drift
4381,/home/dxzielinski/Downloads/archive/PetImages/Dog/9500.jpg,Dog,1,calm sequence corner sharp state signal,post_drift
4382,/home/dxzielinski/Downloads/archive/PetImages/Dog/6407.jpg,Dog,1,night inside foreground pattern soft short far,post_drift
4383,/home/dxzielinski/Downloads/archive/PetImages/Dog/549.jpg,Dog,1,camera color light wild change street wild looking eyes sunny caption near,post_drift
4384,/home/dxzielinski/Downloads/archive/PetImages/Dog/858.jpg,Dog,1,sharp background level warm event light night sharp window signal field outside,post_drift
4385,/home/dxzielinski/Downloads/archive/PetImages/Dog/7317.jpg,Dog,1,online shadow color background garden corner foreground,post_drift
4386,/home/dxzielinski/Downloads/archive/PetImages/Dog/6123.jpg,Dog,1,far night level still token background,post_drift
4387,/home/dxzielinski/Downloads/archive/PetImages/Dog/3518.jpg,Dog,1,floor wild garden center noisy street drift sleepy air calm event jumping center,post_drift
4388,/home/dxzielinski/Downloads/archive/PetImages/Dog/3054.jpg,Dog,1,blur frame dark gentle calm inside,post_drift
4389,/home/dxzielinski/Downloads/archive/PetImages/Dog/1246.jpg,Dog,1,inside floor noisy room near caption curious shadow,post_drift
4390,/home/dxzielinski/Downloads/archive/PetImages/Dog/10049.jpg,Dog,1,wild jumping messy still moment sleepy center blur,post_drift
4391,/home/dxzielinski/Downloads/archive/PetImages/Dog/10441.jpg,Dog,1,curious happy sitting playful focus blanket fast pattern photo fast eyes,post_drift
4392,/home/dxzielinski/Downloads/archive/PetImages/Dog/4920.jpg,Dog,1,sequence cold messy texture drift focus shadow large drift window frame window running,post_drift
4393,/home/dxzielinski/Downloads/archive/PetImages/Dog/9169.jpg,Dog,1,soft center shape day far phase round,post_drift
4394,/home/dxzielinski/Downloads/archive/PetImages/Dog/6479.jpg,Dog,1,color sitting outside house ears street field,post_drift
4395,/home/dxzielinski/Downloads/archive/PetImages/Dog/6351.jpg,Dog,1,running playful corner window sample bright scene,post_drift
4396,/home/dxzielinski/Downloads/archive/PetImages/Dog/4571.jpg,Dog,1,online motion signal corner house online air abrupt tail calm,post_drift
4397,/home/dxzielinski/Downloads/archive/PetImages/Dog/6753.jpg,Dog,1,far random round furry token window blanket house playful warm fast calm eyes,post_drift
4398,/home/dxzielinski/Downloads/archive/PetImages/Dog/3093.jpg,Dog,1,level quiet texture near abrupt corner camera motion quiet,post_drift
4399,/home/dxzielinski/Downloads/archive/PetImages/Dog/3517.jpg,Dog,1,shadow bright object grass curious light grass window playful playful photo sample inside room window far,post_drift
4400,/home/dxzielinski/Downloads/archive/PetImages/Dog/1992.jpg,Dog,1,pattern small frame phase air grass sample token window street focus happy drift cold steady,post_drift
4401,/home/dxzielinski/Downloads/archive/PetImages/Dog/11027.jpg,Dog,1,noisy large house object inside long room,post_drift
4402,/home/dxzielinski/Downloads/archive/PetImages/Dog/5985.jpg,Dog,1,ears sitting eyes abrupt object short tail stream photo window,post_drift
4403,/home/dxzielinski/Downloads/archive/PetImages/Dog/1543.jpg,Dog,1,pattern photo soft window center center wild garden steady long scene foreground calm event grass,post_drift
4404,/home/dxzielinski/Downloads/archive/PetImages/Dog/11512.jpg,Dog,1,floor shadow fast window calm moment,post_drift
4405,/home/dxzielinski/Downloads/archive/PetImages/Dog/8155.jpg,Dog,1,far soft drift garden outside window cold ears phase motion corner soft calm color calm,post_drift
4406,/home/dxzielinski/Downloads/archive/PetImages/Dog/9439.jpg,Dog,1,noisy tail eyes window color state large furry dark gentle looking stream,post_drift
4407,/home/dxzielinski/Downloads/archive/PetImages/Dog/1051.jpg,Dog,1,calm blanket change dark focus room sleepy,post_drift
4408,/home/dxzielinski/Downloads/archive/PetImages/Dog/1700.jpg,Dog,1,small center shadow field abrupt phase object fast,post_drift
4409,/home/dxzielinski/Downloads/archive/PetImages/Dog/1152.jpg,Dog,1,grass stream ears foreground long corner near shape sitting light light,post_drift
4410,/home/dxzielinski/Downloads/archive/PetImages/Dog/517.jpg,Dog,1,still messy dark color fast running background sleepy,post_drift
4411,/home/dxzielinski/Downloads/archive/PetImages/Dog/11561.jpg,Dog,1,sequence corner sharp house field path jumping eyes color sharp dark,post_drift
4412,/home/dxzielinski/Downloads/archive/PetImages/Dog/6684.jpg,Dog,1,sitting path night clean long stream,post_drift
4413,/home/dxzielinski/Downloads/archive/PetImages/Dog/3492.jpg,Dog,1,cold abrupt garden air corner,post_drift
4414,/home/dxzielinski/Downloads/archive/PetImages/Dog/5449.jpg,Dog,1,sitting street pattern eyes sequence bright long texture day window house round calm,post_drift
4415,/home/dxzielinski/Downloads/archive/PetImages/Dog/8039.jpg,Dog,1,sunny event looking cold day warm,post_drift
4416,/home/dxzielinski/Downloads/archive/PetImages/Dog/12087.jpg,Dog,1,blur night sample long path,post_drift
4417,/home/dxzielinski/Downloads/archive/PetImages/Dog/9791.jpg,Dog,1,caption light floor moment noisy dark color near frame happy state,post_drift
4418,/home/dxzielinski/Downloads/archive/PetImages/Dog/64.jpg,Dog,1,playful air furry field random street room stream soft,post_drift
4419,/home/dxzielinski/Downloads/archive/PetImages/Dog/3255.jpg,Dog,1,far warm far random token far frame,post_drift
4420,/home/dxzielinski/Downloads/archive/PetImages/Dog/10741.jpg,Dog,1,still event grass sequence scene light round air jumping photo,post_drift
4421,/home/dxzielinski/Downloads/archive/PetImages/Dog/466.jpg,Dog,1,garden warm gentle photo soft corner garden curious gentle bright,post_drift
4422,/home/dxzielinski/Downloads/archive/PetImages/Dog/6501.jpg,Dog,1,shape happy field near near frame fast inside cold street caption day running,post_drift
4423,/home/dxzielinski/Downloads/archive/PetImages/Dog/10308.jpg,Dog,1,abrupt moment bright clean background house window pattern sharp grass floor moment looking,post_drift
4424,/home/dxzielinski/Downloads/archive/PetImages/Dog/3640.jpg,Dog,1,small noisy small steady background texture house near day jumping drift noisy random pattern room,post_drift
4425,/home/dxzielinski/Downloads/archive/PetImages/Dog/11792.jpg,Dog,1,large camera still texture camera,post_drift
4426,/home/dxzielinski/Downloads/archive/PetImages/Dog/7312.jpg,Dog,1,warm small looking online center messy random online signal abrupt night shape round photo focus,post_drift
4427,/home/dxzielinski/Downloads/archive/PetImages/Dog/1325.jpg,Dog,1,object cold photo event stream window abrupt day grass still light noisy window color gentle gentle,post_drift
4428,/home/dxzielinski/Downloads/archive/PetImages/Dog/482.jpg,Dog,1,state day shadow steady running grass furry blur stream object night long state sitting,post_drift
4429,/home/dxzielinski/Downloads/archive/PetImages/Dog/8005.jpg,Dog,1,gentle level field light event garden ears messy,post_drift
4430,/home/dxzielinski/Downloads/archive/PetImages/Dog/5218.jpg,Dog,1,day sharp grass curious center calm quiet far playful,post_drift
4431,/home/dxzielinski/Downloads/archive/PetImages/Dog/2245.jpg,Dog,1,motion floor garden window drift sequence window stream stream room phase fast grass event focus,post_drift
4432,/home/dxzielinski/Downloads/archive/PetImages/Dog/6610.jpg,Dog,1,long furry blur house soft noisy frame,post_drift
4433,/home/dxzielinski/Downloads/archive/PetImages/Dog/972.jpg,Dog,1,large house ears window happy sequence happy garden room state background sharp air phase sequence,post_drift
4434,/home/dxzielinski/Downloads/archive/PetImages/Dog/10073.jpg,Dog,1,quiet center object center photo foreground ears house happy curious camera caption air short looking,post_drift
4435,/home/dxzielinski/Downloads/archive/PetImages/Dog/2544.jpg,Dog,1,sharp running looking noisy cold playful path corner curious looking corner,post_drift
4436,/home/dxzielinski/Downloads/archive/PetImages/Dog/11776.jpg,Dog,1,fast caption motion curious house focus,post_drift
4437,/home/dxzielinski/Downloads/archive/PetImages/Dog/10896.jpg,Dog,1,clean house night night online shadow sample tail eyes noisy air,post_drift
4438,/home/dxzielinski/Downloads/archive/PetImages/Dog/10893.jpg,Dog,1,soft abrupt street round caption day tail window,post_drift
4439,/home/dxzielinski/Downloads/archive/PetImages/Dog/9185.jpg,Dog,1,blur bright window cold happy long clean shadow,post_drift
4440,/home/dxzielinski/Downloads/archive/PetImages/Dog/996.jpg,Dog,1,calm abrupt house event looking sample phase running path short blur drift blanket,post_drift
4441,/home/dxzielinski/Downloads/archive/PetImages/Dog/6374.jpg,Dog,1,calm sitting large field shadow,post_drift
4442,/home/dxzielinski/Downloads/archive/PetImages/Dog/11435.jpg,Dog,1,garden running scene far sample blanket online short tail looking caption signal phase caption,post_drift
4443,/home/dxzielinski/Downloads/archive/PetImages/Dog/8328.jpg,Dog,1,looking scene caption dark far round,post_drift
4444,/home/dxzielinski/Downloads/archive/PetImages/Dog/10084.jpg,Dog,1,quiet level steady focus short warm light field,post_drift
4445,/home/dxzielinski/Downloads/archive/PetImages/Dog/3247.jpg,Dog,1,window camera soft ears field curious motion sleepy far furry,post_drift
4446,/home/dxzielinski/Downloads/archive/PetImages/Dog/10149.jpg,Dog,1,sleepy ears garden small floor eyes far sleepy light online random curious,post_drift
4447,/home/dxzielinski/Downloads/archive/PetImages/Dog/8575.jpg,Dog,1,ears far air steady near change blanket sample sample sitting,post_drift
4448,/home/dxzielinski/Downloads/archive/PetImages/Dog/465.jpg,Dog,1,sunny token grass motion inside short foreground drift ears far tail outside,post_drift
4449,/home/dxzielinski/Downloads/archive/PetImages/Dog/10656.jpg,Dog,1,scene scene frame jumping level soft window camera grass blur camera,post_drift
4450,/home/dxzielinski/Downloads/archive/PetImages/Dog/1503.jpg,Dog,1,round playful long center sunny,post_drift
4451,/home/dxzielinski/Downloads/archive/PetImages/Dog/11626.jpg,Dog,1,pattern room focus large large outside photo night,post_drift
4452,/home/dxzielinski/Downloads/archive/PetImages/Dog/8016.jpg,Dog,1,bright texture focus street curious wild gentle,post_drift
4453,/home/dxzielinski/Downloads/archive/PetImages/Dog/1867.jpg,Dog,1,large eyes sample gentle focus field photo floor,post_drift
4454,/home/dxzielinski/Downloads/archive/PetImages/Dog/1884.jpg,Dog,1,garden frame warm background abrupt grass random camera room soft ears,post_drift
4455,/home/dxzielinski/Downloads/archive/PetImages/Dog/11086.jpg,Dog,1,foreground ears curious photo sitting phase quiet abrupt grass center,post_drift
4456,/home/dxzielinski/Downloads/archive/PetImages/Dog/6156.jpg,Dog,1,happy online scene house far pattern blanket furry sunny,post_drift
4457,/home/dxzielinski/Downloads/archive/PetImages/Dog/148.jpg,Dog,1,night large dark day state cold fast noisy stream garden bright steady texture fast,post_drift
4458,/home/dxzielinski/Downloads/archive/PetImages/Dog/3935.jpg,Dog,1,quiet phase signal photo house shadow background object tail,post_drift
4459,/home/dxzielinski/Downloads/archive/PetImages/Dog/2199.jpg,Dog,1,motion center steady air phase fast field night camera photo level running,post_drift
4460,/home/dxzielinski/Downloads/archive/PetImages/Dog/2030.jpg,Dog,1,calm camera change window color,post_drift
4461,/home/dxzielinski/Downloads/archive/PetImages/Dog/10774.jpg,Dog,1,steady camera ears quiet blanket stream quiet,post_drift
4462,/home/dxzielinski/Downloads/archive/PetImages/Dog/11227.jpg,Dog,1,warm large texture running wild blanket ears signal color color inside furry scene,post_drift
4463,/home/dxzielinski/Downloads/archive/PetImages/Dog/10163.jpg,Dog,1,warm curious still phase sample token calm soft,post_drift
4464,/home/dxzielinski/Downloads/archive/PetImages/Dog/9171.jpg,Dog,1,soft state gentle bright inside day path eyes frame moment pattern scene room,post_drift
4465,/home/dxzielinski/Downloads/archive/PetImages/Dog/3356.jpg,Dog,1,corner online long object small focus gentle warm,post_drift
4466,/home/dxzielinski/Downloads/archive/PetImages/Dog/5083.jpg,Dog,1,sitting pattern texture light frame far clean,post_drift
4467,/home/dxzielinski/Downloads/archive/PetImages/Dog/10585.jpg,Dog,1,motion scene moment still drift outside online drift shape cold field state caption,post_drift
4468,/home/dxzielinski/Downloads/archive/PetImages/Dog/8679.jpg,Dog,1,grass night caption large moment shape change window running messy abrupt fast quiet,post_drift
4469,/home/dxzielinski/Downloads/archive/PetImages/Dog/8895.jpg,Dog,1,round photo pattern phase sleepy field noisy sitting happy clean,post_drift
4470,/home/dxzielinski/Downloads/archive/PetImages/Dog/4007.jpg,Dog,1,calm fast blanket round night path playful noisy gentle dark sunny round center gentle sharp,post_drift
4471,/home/dxzielinski/Downloads/archive/PetImages/Dog/546.jpg,Dog,1,round round large change random sequence window shape round phase day bright inside outside,post_drift
4472,/home/dxzielinski/Downloads/archive/PetImages/Dog/1951.jpg,Dog,1,field short abrupt floor looking caption sample token,post_drift
4473,/home/dxzielinski/Downloads/archive/PetImages/Dog/4169.jpg,Dog,1,event gentle camera corner phase photo quiet day background,post_drift
4474,/home/dxzielinski/Downloads/archive/PetImages/Dog/8703.jpg,Dog,1,window sample cold scene noisy air sequence center ears house online garden noisy camera soft shape,post_drift
4475,/home/dxzielinski/Downloads/archive/PetImages/Dog/9050.jpg,Dog,1,messy dark abrupt motion online drift steady outside wild wild dark running,post_drift
4476,/home/dxzielinski/Downloads/archive/PetImages/Dog/6974.jpg,Dog,1,still texture drift cold bright looking motion house blanket object steady running wild,post_drift
4477,/home/dxzielinski/Downloads/archive/PetImages/Dog/4023.jpg,Dog,1,ears steady sample air drift messy house,post_drift
4478,/home/dxzielinski/Downloads/archive/PetImages/Dog/6637.jpg,Dog,1,blanket texture street grass texture warm large token background field,post_drift
4479,/home/dxzielinski/Downloads/archive/PetImages/Dog/10608.jpg,Dog,1,street steady noisy stream window still ears object short quiet pattern small garden messy,post_drift
4480,/home/dxzielinski/Downloads/archive/PetImages/Dog/3013.jpg,Dog,1,light change window gentle color large large object furry gentle noisy warm day camera,post_drift
4481,/home/dxzielinski/Downloads/archive/PetImages/Dog/4647.jpg,Dog,1,online shape moment caption quiet round tail drift soft,post_drift
4482,/home/dxzielinski/Downloads/archive/PetImages/Dog/61.jpg,Dog,1,floor clean focus playful change still noisy,post_drift
4483,/home/dxzielinski/Downloads/archive/PetImages/Dog/3698.jpg,Dog,1,air inside sharp color state window still,post_drift
4484,/home/dxzielinski/Downloads/archive/PetImages/Dog/4527.jpg,Dog,1,warm camera calm texture curious path sitting,post_drift
4485,/home/dxzielinski/Downloads/archive/PetImages/Dog/11516.jpg,Dog,1,change shape sleepy round path,post_drift
4486,/home/dxzielinski/Downloads/archive/PetImages/Dog/9026.jpg,Dog,1,short phase ears shape looking still sequence street fast,post_drift
4487,/home/dxzielinski/Downloads/archive/PetImages/Dog/5696.jpg,Dog,1,blanket calm street caption wild texture object large field state color near blur,post_drift
4488,/home/dxzielinski/Downloads/archive/PetImages/Dog/12420.jpg,Dog,1,camera street object background sharp color wild far sunny eyes eyes long grass motion level change,post_drift
4489,/home/dxzielinski/Downloads/archive/PetImages/Dog/392.jpg,Dog,1,wild air house short online window random jumping path house sharp moment,post_drift
4490,/home/dxzielinski/Downloads/archive/PetImages/Dog/2571.jpg,Dog,1,focus field foreground gentle street background messy blur noisy stream,post_drift
4491,/home/dxzielinski/Downloads/archive/PetImages/Dog/359.jpg,Dog,1,messy online cold window phase room tail tail tail background dark,post_drift
4492,/home/dxzielinski/Downloads/archive/PetImages/Dog/5816.jpg,Dog,1,long stream floor phase motion long blur motion steady jumping ears night tail,post_drift
4493,/home/dxzielinski/Downloads/archive/PetImages/Dog/2906.jpg,Dog,1,soft near shape moment still ears window curious random sunny,post_drift
4494,/home/dxzielinski/Downloads/archive/PetImages/Dog/10600.jpg,Dog,1,phase moment warm garden moment clean still,post_drift
4495,/home/dxzielinski/Downloads/archive/PetImages/Dog/208.jpg,Dog,1,playful air corner window sequence bright outside shadow shape fast online window,post_drift
4496,/home/dxzielinski/Downloads/archive/PetImages/Dog/1138.jpg,Dog,1,abrupt clean still ears air,post_drift
4497,/home/dxzielinski/Downloads/archive/PetImages/Dog/6455.jpg,Dog,1,field shape quiet level token,post_drift
4498,/home/dxzielinski/Downloads/archive/PetImages/Dog/11010.jpg,Dog,1,camera photo foreground background tail shape playful calm still round warm,post_drift
4499,/home/dxzielinski/Downloads/archive/PetImages/Dog/4369.jpg,Dog,1,scene object foreground abrupt drift window wild window round happy random focus state messy noisy,post_drift
4500,/home/dxzielinski/Downloads/archive/PetImages/Dog/3643.jpg,Dog,1,stream level curious curious change texture large stream blanket window motion,post_drift
4501,/home/dxzielinski/Downloads/archive/PetImages/Dog/79.jpg,Dog,1,scene warm night steady day sunny jumping garden near blanket sequence,post_drift
4502,/home/dxzielinski/Downloads/archive/PetImages/Dog/10523.jpg,Dog,1,curious path shadow noisy long wild change looking looking,post_drift
4503,/home/dxzielinski/Downloads/archive/PetImages/Dog/11054.jpg,Dog,1,long jumping motion center steady soft wild night sleepy light cold shadow wild day bright,post_drift
4504,/home/dxzielinski/Downloads/archive/PetImages/Dog/2917.jpg,Dog,1,messy calm jumping far change state sharp,post_drift
4505,/home/dxzielinski/Downloads/archive/PetImages/Dog/6170.jpg,Dog,1,night garden garden sunny grass running noisy warm floor eyes,post_drift
4506,/home/dxzielinski/Downloads/archive/PetImages/Dog/10816.jpg,Dog,1,playful large corner curious still outside tail,post_drift
4507,/home/dxzielinski/Downloads/archive/PetImages/Dog/2570.jpg,Dog,1,abrupt round change still token bright event focus,post_drift
4508,/home/dxzielinski/Downloads/archive/PetImages/Dog/5103.jpg,Dog,1,sequence center clean outside tail street ears small corner gentle tail,post_drift
4509,/home/dxzielinski/Downloads/archive/PetImages/Dog/8382.jpg,Dog,1,caption change background focus scene phase ears grass inside,post_drift
4510,/home/dxzielinski/Downloads/archive/PetImages/Dog/1318.jpg,Dog,1,shadow furry moment online soft phase photo sample field field day running sunny focus,post_drift
4511,/home/dxzielinski/Downloads/archive/PetImages/Dog/4837.jpg,Dog,1,playful caption near long calm drift bright small light signal curious round,post_drift
4512,/home/dxzielinski/Downloads/archive/PetImages/Dog/2363.jpg,Dog,1,blanket clean air token playful furry,post_drift
4513,/home/dxzielinski/Downloads/archive/PetImages/Dog/6580.jpg,Dog,1,window center far online cold moment field eyes furry sharp path calm moment grass,post_drift
4514,/home/dxzielinski/Downloads/archive/PetImages/Dog/2760.jpg,Dog,1,running fast fast far blanket noisy looking camera window short calm floor,post_drift
4515,/home/dxzielinski/Downloads/archive/PetImages/Dog/5261.jpg,Dog,1,house sharp shadow shape room house curious photo random dark furry,post_drift
4516,/home/dxzielinski/Downloads/archive/PetImages/Dog/4282.jpg,Dog,1,window camera messy soft sharp scene window sleepy calm moment event soft,post_drift
4517,/home/dxzielinski/Downloads/archive/PetImages/Dog/7002.jpg,Dog,1,grass soft frame curious phase window still motion path pattern noisy blanket,post_drift
4518,/home/dxzielinski/Downloads/archive/PetImages/Dog/5498.jpg,Dog,1,floor event warm abrupt tail caption furry online grass texture texture wild,post_drift
4519,/home/dxzielinski/Downloads/archive/PetImages/Dog/506.jpg,Dog,1,object day photo camera happy stream pattern,post_drift
4520,/home/dxzielinski/Downloads/archive/PetImages/Dog/2542.jpg,Dog,1,fast corner steady inside street round curious pattern color still path,post_drift
4521,/home/dxzielinski/Downloads/archive/PetImages/Dog/12039.jpg,Dog,1,color long online shape sharp eyes,post_drift
4522,/home/dxzielinski/Downloads/archive/PetImages/Dog/9702.jpg,Dog,1,sleepy path inside frame calm blanket moment field sequence clean gentle small bright scene,post_drift
4523,/home/dxzielinski/Downloads/archive/PetImages/Dog/2775.jpg,Dog,1,path phase bright color eyes round clean noisy focus eyes sharp warm eyes object camera,post_drift
4524,/home/dxzielinski/Downloads/archive/PetImages/Dog/6160.jpg,Dog,1,sitting stream steady light night room motion,post_drift
4525,/home/dxzielinski/Downloads/archive/PetImages/Dog/12117.jpg,Dog,1,steady sharp corner window foreground photo sequence curious fast corner window,post_drift
4526,/home/dxzielinski/Downloads/archive/PetImages/Dog/12139.jpg,Dog,1,furry window curious window fast sleepy fast happy looking near sample random quiet day center happy,post_drift
4527,/home/dxzielinski/Downloads/archive/PetImages/Dog/5187.jpg,Dog,1,wild motion garden garden eyes floor field jumping dark drift blanket running sitting,post_drift
4528,/home/dxzielinski/Downloads/archive/PetImages/Dog/1769.jpg,Dog,1,bright playful online phase sitting drift running sample air bright light abrupt camera,post_drift
4529,/home/dxzielinski/Downloads/archive/PetImages/Dog/5336.jpg,Dog,1,path small pattern grass ears event room corner garden,post_drift
4530,/home/dxzielinski/Downloads/archive/PetImages/Dog/10699.jpg,Dog,1,online stream path foreground floor,post_drift
4531,/home/dxzielinski/Downloads/archive/PetImages/Dog/11203.jpg,Dog,1,jumping air sample random clean sleepy eyes cold blur outside sequence window signal looking sitting scene,post_drift
4532,/home/dxzielinski/Downloads/archive/PetImages/Dog/1258.jpg,Dog,1,near random outside air warm noisy photo,post_drift
4533,/home/dxzielinski/Downloads/archive/PetImages/Dog/11722.jpg,Dog,1,pattern still dark near level,post_drift
4534,/home/dxzielinski/Downloads/archive/PetImages/Dog/3819.jpg,Dog,1,object camera street window drift warm level frame gentle short,post_drift
4535,/home/dxzielinski/Downloads/archive/PetImages/Dog/9917.jpg,Dog,1,near camera house window moment blanket,post_drift
4536,/home/dxzielinski/Downloads/archive/PetImages/Dog/2285.jpg,Dog,1,cold light short steady clean sleepy calm soft running moment drift soft round window still background,post_drift
4537,/home/dxzielinski/Downloads/archive/PetImages/Dog/5909.jpg,Dog,1,frame steady soft wild token token small day,post_drift
4538,/home/dxzielinski/Downloads/archive/PetImages/Dog/8570.jpg,Dog,1,color object outside shadow color foreground still object running floor small,post_drift
4539,/home/dxzielinski/Downloads/archive/PetImages/Dog/3866.jpg,Dog,1,inside object running signal eyes light night curious house round wild jumping cold inside stream corner,post_drift
4540,/home/dxzielinski/Downloads/archive/PetImages/Dog/10269.jpg,Dog,1,house caption sharp messy warm photo short ears,post_drift
4541,/home/dxzielinski/Downloads/archive/PetImages/Dog/4856.jpg,Dog,1,corner street running color stream shape shadow motion outside outside ears happy ears camera stream,post_drift
4542,/home/dxzielinski/Downloads/archive/PetImages/Dog/6830.jpg,Dog,1,tail calm messy cold long long,post_drift
4543,/home/dxzielinski/Downloads/archive/PetImages/Dog/8894.jpg,Dog,1,blanket motion running garden grass long event ears sharp random sequence near jumping calm light,post_drift
4544,/home/dxzielinski/Downloads/archive/PetImages/Dog/1193.jpg,Dog,1,focus calm shadow blur signal happy looking photo,post_drift
4545,/home/dxzielinski/Downloads/archive/PetImages/Dog/5879.jpg,Dog,1,object short playful state motion motion quiet,post_drift
4546,/home/dxzielinski/Downloads/archive/PetImages/Dog/7938.jpg,Dog,1,bright curious phase center change sleepy sharp,post_drift
4547,/home/dxzielinski/Downloads/archive/PetImages/Dog/3684.jpg,Dog,1,long floor color sequence moment dark fast field air near night house motion phase garden,post_drift
4548,/home/dxzielinski/Downloads/archive/PetImages/Dog/5480.jpg,Dog,1,stream level pattern background quiet path foreground,post_drift
4549,/home/dxzielinski/Downloads/archive/PetImages/Dog/4612.jpg,Dog,1,photo dark center dark shape camera floor curious stream tail level grass,post_drift
4550,/home/dxzielinski/Downloads/archive/PetImages/Dog/11544.jpg,Dog,1,air moment background change change stream window foreground calm jumping drift photo inside large inside,post_drift
4551,/home/dxzielinski/Downloads/archive/PetImages/Dog/5940.jpg,Dog,1,sample messy event gentle phase,post_drift
4552,/home/dxzielinski/Downloads/archive/PetImages/Dog/6608.jpg,Dog,1,token clean night blanket messy sequence stream room dark,post_drift
4553,/home/dxzielinski/Downloads/archive/PetImages/Dog/10478.jpg,Dog,1,signal looking night grass noisy round,post_drift
4554,/home/dxzielinski/Downloads/archive/PetImages/Dog/168.jpg,Dog,1,inside dark jumping bright night token tail caption window round,post_drift
4555,/home/dxzielinski/Downloads/archive/PetImages/Dog/8743.jpg,Dog,1,scene night steady center window,post_drift
4556,/home/dxzielinski/Downloads/archive/PetImages/Dog/1541.jpg,Dog,1,wild noisy floor window sunny level playful background steady cold blanket wild light moment sample corner,post_drift
4557,/home/dxzielinski/Downloads/archive/PetImages/Dog/5094.jpg,Dog,1,long dark floor blur caption center stream bright focus curious garden near drift,post_drift
4558,/home/dxzielinski/Downloads/archive/PetImages/Dog/2281.jpg,Dog,1,pattern day noisy object level moment level cold cold frame running steady cold level,post_drift
4559,/home/dxzielinski/Downloads/archive/PetImages/Dog/5464.jpg,Dog,1,cold frame cold photo window wild state,post_drift
4560,/home/dxzielinski/Downloads/archive/PetImages/Dog/6223.jpg,Dog,1,grass near pattern sharp blanket looking furry,post_drift
4561,/home/dxzielinski/Downloads/archive/PetImages/Dog/8510.jpg,Dog,1,furry night messy house corner floor room steady token night calm background shape street,post_drift
4562,/home/dxzielinski/Downloads/archive/PetImages/Dog/9612.jpg,Dog,1,garden small change room calm looking frame still garden stream sleepy large curious,post_drift
4563,/home/dxzielinski/Downloads/archive/PetImages/Dog/12154.jpg,Dog,1,background ears photo garden gentle,post_drift
4564,/home/dxzielinski/Downloads/archive/PetImages/Dog/9224.jpg,Dog,1,running light furry signal center eyes steady moment sharp still corner,post_drift
4565,/home/dxzielinski/Downloads/archive/PetImages/Dog/3404.jpg,Dog,1,photo happy sample curious grass background phase motion sequence,post_drift
4566,/home/dxzielinski/Downloads/archive/PetImages/Dog/6057.jpg,Dog,1,scene field floor scene sunny inside floor signal window field air warm tail,post_drift
4567,/home/dxzielinski/Downloads/archive/PetImages/Dog/8976.jpg,Dog,1,running sitting window sequence still sample scene signal inside noisy state camera large floor,post_drift
4568,/home/dxzielinski/Downloads/archive/PetImages/Dog/10789.jpg,Dog,1,moment inside window shadow stream sleepy shadow gentle,post_drift
4569,/home/dxzielinski/Downloads/archive/PetImages/Dog/9464.jpg,Dog,1,sample eyes house still field window jumping large quiet color calm center,post_drift
4570,/home/dxzielinski/Downloads/archive/PetImages/Dog/7681.jpg,Dog,1,playful round drift air sharp sleepy night clean floor cold eyes messy phase clean,post_drift
4571,/home/dxzielinski/Downloads/archive/PetImages/Dog/4172.jpg,Dog,1,event small near still playful sitting house online,post_drift
4572,/home/dxzielinski/Downloads/archive/PetImages/Dog/2522.jpg,Dog,1,corner wild random scene blanket token still level air house,post_drift
4573,/home/dxzielinski/Downloads/archive/PetImages/Dog/5330.jpg,Dog,1,outside sharp cold signal pattern near sitting sleepy blanket signal scene phase foreground,post_drift
4574,/home/dxzielinski/Downloads/archive/PetImages/Dog/4046.jpg,Dog,1,inside sleepy frame short day,post_drift
4575,/home/dxzielinski/Downloads/archive/PetImages/Dog/12411.jpg,Dog,1,pattern quiet abrupt object background blur night happy path garden change grass,post_drift
4576,/home/dxzielinski/Downloads/archive/PetImages/Dog/914.jpg,Dog,1,texture motion floor color sharp state house grass happy state house soft level outside grass air,post_drift
4577,/home/dxzielinski/Downloads/archive/PetImages/Dog/9767.jpg,Dog,1,foreground street camera street furry,post_drift
4578,/home/dxzielinski/Downloads/archive/PetImages/Dog/3186.jpg,Dog,1,phase shape street happy near noisy,post_drift
4579,/home/dxzielinski/Downloads/archive/PetImages/Dog/12251.jpg,Dog,1,long night far center field fast grass,post_drift
4580,/home/dxzielinski/Downloads/archive/PetImages/Dog/8961.jpg,Dog,1,room moment large street focus far night change level path blur round,post_drift
4581,/home/dxzielinski/Downloads/archive/PetImages/Dog/10899.jpg,Dog,1,window calm sharp wild window outside caption window far scene,post_drift
4582,/home/dxzielinski/Downloads/archive/PetImages/Dog/6975.jpg,Dog,1,jumping foreground state messy color bright camera steady drift gentle blur,post_drift
4583,/home/dxzielinski/Downloads/archive/PetImages/Dog/12308.jpg,Dog,1,path jumping furry short house night tail ears,post_drift
4584,/home/dxzielinski/Downloads/archive/PetImages/Dog/10458.jpg,Dog,1,gentle floor large sitting running token gentle state long token outside inside,post_drift
4585,/home/dxzielinski/Downloads/archive/PetImages/Dog/4989.jpg,Dog,1,happy sharp warm sleepy quiet window shadow,post_drift
4586,/home/dxzielinski/Downloads/archive/PetImages/Dog/11352.jpg,Dog,1,playful level bright jumping caption blanket,post_drift
4587,/home/dxzielinski/Downloads/archive/PetImages/Dog/4634.jpg,Dog,1,window window garden near pattern long online,post_drift
4588,/home/dxzielinski/Downloads/archive/PetImages/Dog/5621.jpg,Dog,1,quiet wild random curious online quiet field blanket still,post_drift
4589,/home/dxzielinski/Downloads/archive/PetImages/Dog/10067.jpg,Dog,1,tail soft scene moment light blanket round token,post_drift
4590,/home/dxzielinski/Downloads/archive/PetImages/Dog/4310.jpg,Dog,1,floor scene camera token focus window sitting round soft night window,post_drift
4591,/home/dxzielinski/Downloads/archive/PetImages/Dog/4404.jpg,Dog,1,drift grass curious abrupt motion blur sharp curious long tail,post_drift
4592,/home/dxzielinski/Downloads/archive/PetImages/Dog/371.jpg,Dog,1,dark bright drift room quiet focus sunny furry blanket day inside sequence still small,post_drift
4593,/home/dxzielinski/Downloads/archive/PetImages/Dog/6646.jpg,Dog,1,window blur small color texture clean inside,post_drift
4594,/home/dxzielinski/Downloads/archive/PetImages/Dog/4534.jpg,Dog,1,color messy steady caption bright path happy soft,post_drift
4595,/home/dxzielinski/Downloads/archive/PetImages/Dog/1050.jpg,Dog,1,online wild furry online ears house pattern level outside,post_drift
4596,/home/dxzielinski/Downloads/archive/PetImages/Dog/11288.jpg,Dog,1,drift moment blur window playful air curious cold large shape shape sequence level,post_drift
4597,/home/dxzielinski/Downloads/archive/PetImages/Dog/248.jpg,Dog,1,short window signal sitting abrupt messy,post_drift
4598,/home/dxzielinski/Downloads/archive/PetImages/Dog/5881.jpg,Dog,1,pattern dark messy corner object long window soft far random camera window bright wild moment,post_drift
4599,/home/dxzielinski/Downloads/archive/PetImages/Dog/2530.jpg,Dog,1,sunny phase grass near focus level,post_drift
4600,/home/dxzielinski/Downloads/archive/PetImages/Dog/10272.jpg,Dog,1,dark field gentle state inside wild event fast,post_drift
4601,/home/dxzielinski/Downloads/archive/PetImages/Dog/908.jpg,Dog,1,state background night day sample sample small camera eyes soft outside field soft state,post_drift
4602,/home/dxzielinski/Downloads/archive/PetImages/Dog/481.jpg,Dog,1,stream sequence field far fast change day light near motion sharp signal,post_drift
4603,/home/dxzielinski/Downloads/archive/PetImages/Dog/2591.jpg,Dog,1,path sleepy token street event signal clean furry still sunny steady,post_drift
4604,/home/dxzielinski/Downloads/archive/PetImages/Dog/11765.jpg,Dog,1,playful sharp floor scene dark stream sample calm dark looking,post_drift
4605,/home/dxzielinski/Downloads/archive/PetImages/Dog/4200.jpg,Dog,1,pattern room eyes motion quiet floor signal small air air soft long frame,post_drift
4606,/home/dxzielinski/Downloads/archive/PetImages/Dog/4932.jpg,Dog,1,bright eyes grass phase far pattern,post_drift
4607,/home/dxzielinski/Downloads/archive/PetImages/Dog/4816.jpg,Dog,1,near path field cold light background grass gentle window drift phase object center window floor photo,post_drift
4608,/home/dxzielinski/Downloads/archive/PetImages/Dog/1855.jpg,Dog,1,sequence inside color street field window playful,post_drift
4609,/home/dxzielinski/Downloads/archive/PetImages/Dog/9281.jpg,Dog,1,object color focus blur happy stream grass abrupt sample noisy foreground,post_drift
4610,/home/dxzielinski/Downloads/archive/PetImages/Dog/8133.jpg,Dog,1,room background focus soft ears,post_drift
4611,/home/dxzielinski/Downloads/archive/PetImages/Dog/10917.jpg,Dog,1,day air window garden warm looking shadow gentle,post_drift
4612,/home/dxzielinski/Downloads/archive/PetImages/Dog/3265.jpg,Dog,1,outside sharp token state abrupt random caption calm bright outside pattern motion,post_drift
4613,/home/dxzielinski/Downloads/archive/PetImages/Dog/3937.jpg,Dog,1,camera abrupt air bright color,post_drift
4614,/home/dxzielinski/Downloads/archive/PetImages/Dog/1022.jpg,Dog,1,tail far window grass looking large sleepy focus scene blanket corner sequence happy field light,post_drift
4615,/home/dxzielinski/Downloads/archive/PetImages/Dog/2512.jpg,Dog,1,running event curious sequence fast,post_drift
4616,/home/dxzielinski/Downloads/archive/PetImages/Dog/2349.jpg,Dog,1,signal sleepy tail dark caption pattern jumping foreground,post_drift
4617,/home/dxzielinski/Downloads/archive/PetImages/Dog/5946.jpg,Dog,1,event bright path tail gentle short color dark steady camera level,post_drift
4618,/home/dxzielinski/Downloads/archive/PetImages/Dog/3530.jpg,Dog,1,sharp state warm moment sharp outside clean ears floor clean sequence light long bright short,post_drift
4619,/home/dxzielinski/Downloads/archive/PetImages/Dog/10267.jpg,Dog,1,object camera blur corner center night steady running ears,post_drift
4620,/home/dxzielinski/Downloads/archive/PetImages/Dog/704.jpg,Dog,1,night random object focus tail,post_drift
4621,/home/dxzielinski/Downloads/archive/PetImages/Dog/7952.jpg,Dog,1,phase jumping air foreground foreground day shadow tail curious pattern foreground clean house calm,post_drift
4622,/home/dxzielinski/Downloads/archive/PetImages/Dog/5858.jpg,Dog,1,frame state round dark cold curious jumping warm still noisy change furry fast bright,post_drift
4623,/home/dxzielinski/Downloads/archive/PetImages/Dog/42.jpg,Dog,1,happy furry color far dark ears,post_drift
4624,/home/dxzielinski/Downloads/archive/PetImages/Dog/4643.jpg,Dog,1,online near near far ears noisy color,post_drift
4625,/home/dxzielinski/Downloads/archive/PetImages/Dog/7136.jpg,Dog,1,motion air dark change field night sitting scene grass playful,post_drift
4626,/home/dxzielinski/Downloads/archive/PetImages/Dog/1376.jpg,Dog,1,signal looking grass day foreground sharp blur sequence foreground color focus looking caption shape,post_drift
4627,/home/dxzielinski/Downloads/archive/PetImages/Dog/10875.jpg,Dog,1,cold window scene motion noisy phase soft round room stream color still sharp warm,post_drift
4628,/home/dxzielinski/Downloads/archive/PetImages/Dog/5652.jpg,Dog,1,street floor outside state street small eyes window sample abrupt center messy outside,post_drift
4629,/home/dxzielinski/Downloads/archive/PetImages/Dog/4520.jpg,Dog,1,ears sitting center running far soft sleepy fast street shadow photo jumping,post_drift
4630,/home/dxzielinski/Downloads/archive/PetImages/Dog/9925.jpg,Dog,1,long sleepy window round center calm online floor near air scene path short texture long,post_drift
4631,/home/dxzielinski/Downloads/archive/PetImages/Dog/2648.jpg,Dog,1,garden field field far pattern motion eyes level corner steady,post_drift
4632,/home/dxzielinski/Downloads/archive/PetImages/Dog/5594.jpg,Dog,1,sample focus color tail camera far,post_drift
4633,/home/dxzielinski/Downloads/archive/PetImages/Dog/12191.jpg,Dog,1,cold messy small sequence random frame change token near wild random scene calm background,post_drift
4634,/home/dxzielinski/Downloads/archive/PetImages/Dog/6185.jpg,Dog,1,garden tail window short camera calm soft round path,post_drift
4635,/home/dxzielinski/Downloads/archive/PetImages/Dog/7666.jpg,Dog,1,day sitting small shadow photo room steady focus furry wild,post_drift
4636,/home/dxzielinski/Downloads/archive/PetImages/Dog/6334.jpg,Dog,1,frame room object motion change caption long long window focus dark sharp,post_drift
4637,/home/dxzielinski/Downloads/archive/PetImages/Dog/53.jpg,Dog,1,sleepy camera focus street object warm change foreground night bright online curious still sleepy,post_drift
4638,/home/dxzielinski/Downloads/archive/PetImages/Dog/909.jpg,Dog,1,running abrupt sequence sharp tail air shadow blur house corner drift phase stream steady messy,post_drift
4639,/home/dxzielinski/Downloads/archive/PetImages/Dog/7582.jpg,Dog,1,stream dark moment inside blur window cold near small running soft furry day,post_drift
4640,/home/dxzielinski/Downloads/archive/PetImages/Dog/6444.jpg,Dog,1,change still day steady cold still far floor online warm token color street soft quiet,post_drift
4641,/home/dxzielinski/Downloads/archive/PetImages/Dog/6854.jpg,Dog,1,sample eyes soft far steady token token pattern color stream gentle happy,post_drift
4642,/home/dxzielinski/Downloads/archive/PetImages/Dog/8255.jpg,Dog,1,caption stream soft state online outside steady path garden abrupt garden field warm clean,post_drift
4643,/home/dxzielinski/Downloads/archive/PetImages/Dog/2949.jpg,Dog,1,state background air eyes light clean stream,post_drift
4644,/home/dxzielinski/Downloads/archive/PetImages/Dog/339.jpg,Dog,1,object long token center path object corner,post_drift
4645,/home/dxzielinski/Downloads/archive/PetImages/Dog/7347.jpg,Dog,1,eyes color house outside small state scene sequence,post_drift
4646,/home/dxzielinski/Downloads/archive/PetImages/Dog/7110.jpg,Dog,1,random color object room eyes abrupt stream quiet still random day steady running,post_drift
4647,/home/dxzielinski/Downloads/archive/PetImages/Dog/1426.jpg,Dog,1,level street field floor inside window room round calm motion center garden noisy scene,post_drift
4648,/home/dxzielinski/Downloads/archive/PetImages/Dog/3317.jpg,Dog,1,floor shadow messy sitting phase random state outside shape token path tail small light path camera,post_drift
4649,/home/dxzielinski/Downloads/archive/PetImages/Dog/5602.jpg,Dog,1,field jumping day frame shape short day furry,post_drift
4650,/home/dxzielinski/Downloads/archive/PetImages/Dog/10381.jpg,Dog,1,near random dark light short wild grass short sitting sequence calm happy eyes,post_drift
4651,/home/dxzielinski/Downloads/archive/PetImages/Dog/12475.jpg,Dog,1,light center grass round garden,post_drift
4652,/home/dxzielinski/Downloads/archive/PetImages/Dog/1040.jpg,Dog,1,happy background token stream path gentle floor corner foreground sitting day event short moment,post_drift
4653,/home/dxzielinski/Downloads/archive/PetImages/Dog/10488.jpg,Dog,1,scene moment sample looking noisy moment,post_drift
4654,/home/dxzielinski/Downloads/archive/PetImages/Dog/8139.jpg,Dog,1,air sitting calm drift stream sitting outside near,post_drift
4655,/home/dxzielinski/Downloads/archive/PetImages/Dog/8304.jpg,Dog,1,eyes moment ears inside stream ears photo object street furry background random blanket,post_drift
4656,/home/dxzielinski/Downloads/archive/PetImages/Dog/1463.jpg,Dog,1,object still shadow moment change happy change frame messy ears,post_drift
4657,/home/dxzielinski/Downloads/archive/PetImages/Dog/2355.jpg,Dog,1,phase air garden drift floor,post_drift
4658,/home/dxzielinski/Downloads/archive/PetImages/Dog/5857.jpg,Dog,1,floor tail jumping signal floor moment soft sitting signal soft air messy messy still,post_drift
4659,/home/dxzielinski/Downloads/archive/PetImages/Dog/5978.jpg,Dog,1,window stream dark dark long level sleepy blanket bright event playful quiet state moment soft online,post_drift
4660,/home/dxzielinski/Downloads/archive/PetImages/Dog/1085.jpg,Dog,1,scene warm air curious light house garden sequence fast near event camera,post_drift
4661,/home/dxzielinski/Downloads/archive/PetImages/Dog/9027.jpg,Dog,1,sitting stream color running frame happy bright frame state garden camera center,post_drift
4662,/home/dxzielinski/Downloads/archive/PetImages/Dog/4274.jpg,Dog,1,day far far street path night frame event,post_drift
4663,/home/dxzielinski/Downloads/archive/PetImages/Dog/12302.jpg,Dog,1,token caption happy house large object happy ears,post_drift
4664,/home/dxzielinski/Downloads/archive/PetImages/Dog/5693.jpg,Dog,1,steady sleepy outside long quiet cold inside soft eyes long corner corner round,post_drift
4665,/home/dxzielinski/Downloads/archive/PetImages/Dog/1300.jpg,Dog,1,curious sharp window near room soft event wild window sequence running token,post_drift
4666,/home/dxzielinski/Downloads/archive/PetImages/Dog/11252.jpg,Dog,1,blanket shadow street jumping sleepy window grass long near motion camera texture bright playful frame,post_drift
4667,/home/dxzielinski/Downloads/archive/PetImages/Dog/9587.jpg,Dog,1,night photo sitting online long day state air caption far,post_drift
4668,/home/dxzielinski/Downloads/archive/PetImages/Dog/5331.jpg,Dog,1,shape dark day cold sharp grass,post_drift
4669,/home/dxzielinski/Downloads/archive/PetImages/Dog/2885.jpg,Dog,1,background garden state sequence clean object ears sharp window field outside abrupt ears level playful eyes,post_drift
4670,/home/dxzielinski/Downloads/archive/PetImages/Dog/12392.jpg,Dog,1,large sample quiet dark small background large still inside light background level playful quiet,post_drift
4671,/home/dxzielinski/Downloads/archive/PetImages/Dog/6017.jpg,Dog,1,noisy corner field online long light fast,post_drift
4672,/home/dxzielinski/Downloads/archive/PetImages/Dog/3810.jpg,Dog,1,signal sitting air floor furry shape texture messy photo ears playful,post_drift
4673,/home/dxzielinski/Downloads/archive/PetImages/Dog/8665.jpg,Dog,1,fast stream tail calm bright phase sequence random phase,post_drift
4674,/home/dxzielinski/Downloads/archive/PetImages/Dog/5890.jpg,Dog,1,noisy field near far center blur fast steady sharp far,post_drift
4675,/home/dxzielinski/Downloads/archive/PetImages/Dog/2700.jpg,Dog,1,outside texture day sleepy sequence level dark playful shadow token messy background eyes eyes,post_drift
4676,/home/dxzielinski/Downloads/archive/PetImages/Dog/11994.jpg,Dog,1,corner color dark sample warm background inside phase change field steady,post_drift
4677,/home/dxzielinski/Downloads/archive/PetImages/Dog/5459.jpg,Dog,1,inside night noisy color clean pattern gentle night focus center signal quiet change abrupt moment camera,post_drift
4678,/home/dxzielinski/Downloads/archive/PetImages/Dog/3162.jpg,Dog,1,event eyes level far path shadow warm phase motion,post_drift
4679,/home/dxzielinski/Downloads/archive/PetImages/Dog/2396.jpg,Dog,1,corner messy room curious noisy,post_drift
4680,/home/dxzielinski/Downloads/archive/PetImages/Dog/9844.jpg,Dog,1,sitting inside messy curious change photo stream path center playful warm,post_drift
4681,/home/dxzielinski/Downloads/archive/PetImages/Dog/11051.jpg,Dog,1,path outside sunny window motion abrupt corner token soft clean floor round phase,post_drift
4682,/home/dxzielinski/Downloads/archive/PetImages/Dog/11744.jpg,Dog,1,fast looking grass grass sunny pattern short,post_drift
4683,/home/dxzielinski/Downloads/archive/PetImages/Dog/2230.jpg,Dog,1,stream online color pattern noisy short round focus sitting light frame floor running tail foreground,post_drift
4684,/home/dxzielinski/Downloads/archive/PetImages/Dog/10498.jpg,Dog,1,object grass motion phase window object inside object random short round sharp gentle,post_drift
4685,/home/dxzielinski/Downloads/archive/PetImages/Dog/3816.jpg,Dog,1,grass abrupt sequence camera bright still garden window small center garden shape window change,post_drift
4686,/home/dxzielinski/Downloads/archive/PetImages/Dog/4712.jpg,Dog,1,light sharp window long curious signal happy looking house light,post_drift
4687,/home/dxzielinski/Downloads/archive/PetImages/Dog/9631.jpg,Dog,1,moment curious happy street tail light sequence photo foreground outside light warm furry,post_drift
4688,/home/dxzielinski/Downloads/archive/PetImages/Dog/1656.jpg,Dog,1,blur camera event field foreground,post_drift
4689,/home/dxzielinski/Downloads/archive/PetImages/Dog/3326.jpg,Dog,1,window random still clean field night day,post_drift
4690,/home/dxzielinski/Downloads/archive/PetImages/Dog/6887.jpg,Dog,1,camera corner night corner color,post_drift
4691,/home/dxzielinski/Downloads/archive/PetImages/Dog/10411.jpg,Dog,1,light running playful house sitting cold change wild shape state photo state jumping steady,post_drift
4692,/home/dxzielinski/Downloads/archive/PetImages/Dog/3899.jpg,Dog,1,signal still sunny house light field far background playful garden eyes corner moment jumping,post_drift
4693,/home/dxzielinski/Downloads/archive/PetImages/Dog/3362.jpg,Dog,1,scene sequence texture photo wild change camera curious stream foreground curious texture,post_drift
4694,/home/dxzielinski/Downloads/archive/PetImages/Dog/5175.jpg,Dog,1,center sitting near small warm running looking abrupt scene jumping event short warm floor,post_drift
4695,/home/dxzielinski/Downloads/archive/PetImages/Dog/3562.jpg,Dog,1,far sitting garden event foreground token light still soft short day calm field shape room,post_drift
4696,/home/dxzielinski/Downloads/archive/PetImages/Dog/6598.jpg,Dog,1,small inside object curious caption window sharp photo eyes,post_drift
4697,/home/dxzielinski/Downloads/archive/PetImages/Dog/12116.jpg,Dog,1,drift curious moment calm object online window window scene stream color eyes level far jumping path,post_drift
4698,/home/dxzielinski/Downloads/archive/PetImages/Dog/7538.jpg,Dog,1,steady warm online playful gentle stream window sunny long color warm texture,post_drift
4699,/home/dxzielinski/Downloads/archive/PetImages/Dog/1060.jpg,Dog,1,steady air steady background fast scene window,post_drift
4700,/home/dxzielinski/Downloads/archive/PetImages/Dog/6595.jpg,Dog,1,focus large soft object caption bright background shadow cold far change,post_drift
4701,/home/dxzielinski/Downloads/archive/PetImages/Dog/918.jpg,Dog,1,far calm quiet window wild warm far looking focus outside tail blur clean cold messy messy,post_drift
4702,/home/dxzielinski/Downloads/archive/PetImages/Dog/12301.jpg,Dog,1,short floor corner grass tail shadow messy steady running messy color playful cold dark window,post_drift
4703,/home/dxzielinski/Downloads/archive/PetImages/Dog/7075.jpg,Dog,1,large street happy running tail background signal,post_drift
4704,/home/dxzielinski/Downloads/archive/PetImages/Dog/2689.jpg,Dog,1,curious camera background sharp round stream background running street playful phase large day,post_drift
4705,/home/dxzielinski/Downloads/archive/PetImages/Dog/8217.jpg,Dog,1,air outside abrupt motion corner day street phase window short outside clean furry blur drift blur,post_drift
4706,/home/dxzielinski/Downloads/archive/PetImages/Dog/949.jpg,Dog,1,foreground noisy wild playful street near corner playful running eyes grass sleepy state object,post_drift
4707,/home/dxzielinski/Downloads/archive/PetImages/Dog/6647.jpg,Dog,1,light blur sunny quiet long shadow,post_drift
4708,/home/dxzielinski/Downloads/archive/PetImages/Dog/12402.jpg,Dog,1,ears noisy field night window long far fast online object short phase blur camera abrupt inside,post_drift
4709,/home/dxzielinski/Downloads/archive/PetImages/Dog/1971.jpg,Dog,1,sunny house light garden cold center night eyes drift ears playful corner stream,post_drift
4710,/home/dxzielinski/Downloads/archive/PetImages/Dog/3501.jpg,Dog,1,color event window far fast,post_drift
4711,/home/dxzielinski/Downloads/archive/PetImages/Dog/7046.jpg,Dog,1,object playful moment token eyes,post_drift
4712,/home/dxzielinski/Downloads/archive/PetImages/Dog/6755.jpg,Dog,1,window frame jumping outside short near cold night object event change room shape motion moment token,post_drift
4713,/home/dxzielinski/Downloads/archive/PetImages/Dog/12124.jpg,Dog,1,house sample blur playful sample window noisy motion corner blur sitting path,post_drift
4714,/home/dxzielinski/Downloads/archive/PetImages/Dog/7703.jpg,Dog,1,scene sharp happy wild state noisy,post_drift
4715,/home/dxzielinski/Downloads/archive/PetImages/Dog/9144.jpg,Dog,1,object sunny bright soft eyes object tail sample day steady frame day camera phase still window,post_drift
4716,/home/dxzielinski/Downloads/archive/PetImages/Dog/7246.jpg,Dog,1,drift path sitting signal short sleepy sample happy,post_drift
4717,/home/dxzielinski/Downloads/archive/PetImages/Dog/3121.jpg,Dog,1,curious round curious cold tail night large near tail center playful texture warm shape,post_drift
4718,/home/dxzielinski/Downloads/archive/PetImages/Dog/12263.jpg,Dog,1,playful ears soft foreground stream soft abrupt garden small outside token warm far fast background curious,post_drift
4719,/home/dxzielinski/Downloads/archive/PetImages/Dog/2427.jpg,Dog,1,soft signal furry abrupt day random garden window fast scene,post_drift
4720,/home/dxzielinski/Downloads/archive/PetImages/Dog/11904.jpg,Dog,1,looking path random light blur object token frame still air,post_drift
4721,/home/dxzielinski/Downloads/archive/PetImages/Dog/9203.jpg,Dog,1,long path short dark phase level looking dark background round large,post_drift
4722,/home/dxzielinski/Downloads/archive/PetImages/Dog/1990.jpg,Dog,1,sitting far bright gentle caption signal dark phase clean online house,post_drift
4723,/home/dxzielinski/Downloads/archive/PetImages/Dog/12171.jpg,Dog,1,playful warm far light small room far floor photo calm quiet inside photo garden furry eyes,post_drift
4724,/home/dxzielinski/Downloads/archive/PetImages/Dog/3422.jpg,Dog,1,shape street online object dark grass tail,post_drift
4725,/home/dxzielinski/Downloads/archive/PetImages/Dog/4234.jpg,Dog,1,camera level motion sharp sunny level color,post_drift
4726,/home/dxzielinski/Downloads/archive/PetImages/Dog/7999.jpg,Dog,1,large sunny sunny outside steady motion outside corner sharp dark noisy scene small object window grass,post_drift
4727,/home/dxzielinski/Downloads/archive/PetImages/Dog/4175.jpg,Dog,1,state photo wild wild calm level online garden window round wild street happy path,post_drift
4728,/home/dxzielinski/Downloads/archive/PetImages/Dog/10918.jpg,Dog,1,pattern photo calm signal calm photo moment,post_drift
4729,/home/dxzielinski/Downloads/archive/PetImages/Dog/1133.jpg,Dog,1,motion calm sitting color quiet small gentle blur level small focus gentle shadow eyes,post_drift
4730,/home/dxzielinski/Downloads/archive/PetImages/Dog/9445.jpg,Dog,1,furry dark messy cold moment focus running light random round state tail,post_drift
4731,/home/dxzielinski/Downloads/archive/PetImages/Dog/11310.jpg,Dog,1,camera sleepy still outside short tail cold jumping warm level small eyes level clean,post_drift
4732,/home/dxzielinski/Downloads/archive/PetImages/Dog/4030.jpg,Dog,1,motion caption online quiet moment fast steady,post_drift
4733,/home/dxzielinski/Downloads/archive/PetImages/Dog/7373.jpg,Dog,1,steady change window level dark token playful signal dark bright blur level near,post_drift
4734,/home/dxzielinski/Downloads/archive/PetImages/Dog/11005.jpg,Dog,1,abrupt calm grass jumping shape sunny motion,post_drift
4735,/home/dxzielinski/Downloads/archive/PetImages/Dog/5892.jpg,Dog,1,color round curious night blanket,post_drift
4736,/home/dxzielinski/Downloads/archive/PetImages/Dog/7963.jpg,Dog,1,scene furry looking room photo long pattern photo warm shape dark event,post_drift
4737,/home/dxzielinski/Downloads/archive/PetImages/Dog/7765.jpg,Dog,1,frame playful messy gentle cold sitting street blur house,post_drift
4738,/home/dxzielinski/Downloads/archive/PetImages/Dog/12383.jpg,Dog,1,blanket sleepy caption round center sequence jumping shape focus photo large sleepy,post_drift
4739,/home/dxzielinski/Downloads/archive/PetImages/Dog/10859.jpg,Dog,1,focus scene state state dark,post_drift
4740,/home/dxzielinski/Downloads/archive/PetImages/Dog/5988.jpg,Dog,1,color cold still phase blur focus cold room object shape blur messy,post_drift
4741,/home/dxzielinski/Downloads/archive/PetImages/Dog/321.jpg,Dog,1,gentle furry sequence window scene drift texture grass,post_drift
4742,/home/dxzielinski/Downloads/archive/PetImages/Dog/7781.jpg,Dog,1,moment quiet frame state floor color,post_drift
4743,/home/dxzielinski/Downloads/archive/PetImages/Dog/8587.jpg,Dog,1,abrupt clean foreground path street photo sequence soft level window,post_drift
4744,/home/dxzielinski/Downloads/archive/PetImages/Dog/673.jpg,Dog,1,small day gentle fast window motion sequence window window sitting happy color,post_drift
4745,/home/dxzielinski/Downloads/archive/PetImages/Dog/11211.jpg,Dog,1,blanket event corner light night scene small,post_drift
4746,/home/dxzielinski/Downloads/archive/PetImages/Dog/5691.jpg,Dog,1,wild garden sharp house short soft blanket scene background field looking,post_drift
4747,/home/dxzielinski/Downloads/archive/PetImages/Dog/1703.jpg,Dog,1,outside gentle center far texture sample stream sharp motion dark color field eyes focus,post_drift
4748,/home/dxzielinski/Downloads/archive/PetImages/Dog/186.jpg,Dog,1,playful near still messy change level short sleepy abrupt color near color focus object signal event,post_drift
4749,/home/dxzielinski/Downloads/archive/PetImages/Dog/1277.jpg,Dog,1,cold room shadow field drift center focus room floor level photo stream token warm house window,post_drift
4750,/home/dxzielinski/Downloads/archive/PetImages/Dog/5960.jpg,Dog,1,change street background bright sample looking pattern change,post_drift
4751,/home/dxzielinski/Downloads/archive/PetImages/Dog/2316.jpg,Dog,1,air state shadow wild sleepy drift fast,post_drift
4752,/home/dxzielinski/Downloads/archive/PetImages/Dog/8274.jpg,Dog,1,shape token sitting change camera warm clean round day,post_drift
4753,/home/dxzielinski/Downloads/archive/PetImages/Dog/10315.jpg,Dog,1,path inside jumping large foreground field small blanket long scene pattern foreground,post_drift
4754,/home/dxzielinski/Downloads/archive/PetImages/Dog/5724.jpg,Dog,1,corner drift noisy near random bright foreground sunny looking sunny quiet abrupt random noisy,post_drift
4755,/home/dxzielinski/Downloads/archive/PetImages/Dog/4452.jpg,Dog,1,sleepy far inside day scene moment inside grass street center scene ears house ears garden near,post_drift
4756,/home/dxzielinski/Downloads/archive/PetImages/Dog/12231.jpg,Dog,1,sharp focus sample focus air sleepy state window random caption focus sequence day foreground background abrupt,post_drift
4757,/home/dxzielinski/Downloads/archive/PetImages/Dog/7658.jpg,Dog,1,change warm corner furry scene messy sunny large blur warm window level night soft gentle,post_drift
4758,/home/dxzielinski/Downloads/archive/PetImages/Dog/7815.jpg,Dog,1,color random dark event drift pattern token frame sharp,post_drift
4759,/home/dxzielinski/Downloads/archive/PetImages/Dog/5313.jpg,Dog,1,random wild eyes scene sleepy clean long jumping warm abrupt outside signal sitting,post_drift
4760,/home/dxzielinski/Downloads/archive/PetImages/Dog/10347.jpg,Dog,1,floor foreground looking photo background,post_drift
4761,/home/dxzielinski/Downloads/archive/PetImages/Dog/3411.jpg,Dog,1,level object air bright signal,post_drift
4762,/home/dxzielinski/Downloads/archive/PetImages/Dog/5856.jpg,Dog,1,happy object motion drift floor focus far level near shadow playful,post_drift
4763,/home/dxzielinski/Downloads/archive/PetImages/Dog/1901.jpg,Dog,1,object sequence running moment jumping stream color change looking motion,post_drift
4764,/home/dxzielinski/Downloads/archive/PetImages/Dog/675.jpg,Dog,1,blanket corner quiet blur color steady happy,post_drift
4765,/home/dxzielinski/Downloads/archive/PetImages/Dog/9124.jpg,Dog,1,short light messy steady playful messy wild playful caption,post_drift
4766,/home/dxzielinski/Downloads/archive/PetImages/Dog/10226.jpg,Dog,1,color short blur online sitting inside furry cold cold change scene street fast,post_drift
4767,/home/dxzielinski/Downloads/archive/PetImages/Dog/8996.jpg,Dog,1,sitting frame center quiet random sharp fast quiet corner photo stream,post_drift
4768,/home/dxzielinski/Downloads/archive/PetImages/Dog/635.jpg,Dog,1,inside sequence sharp sharp blanket calm,post_drift
4769,/home/dxzielinski/Downloads/archive/PetImages/Dog/4550.jpg,Dog,1,fast tail clean quiet signal round camera center soft curious,post_drift
4770,/home/dxzielinski/Downloads/archive/PetImages/Dog/2229.jpg,Dog,1,wild fast frame online running room,post_drift
4771,/home/dxzielinski/Downloads/archive/PetImages/Dog/8415.jpg,Dog,1,state phase shadow large level tail ears furry grass shape object day light eyes,post_drift
4772,/home/dxzielinski/Downloads/archive/PetImages/Dog/6239.jpg,Dog,1,night short playful bright token camera camera looking window room sharp change stream calm still motion,post_drift
4773,/home/dxzielinski/Downloads/archive/PetImages/Dog/1014.jpg,Dog,1,near wild signal event warm inside ears,post_drift
4774,/home/dxzielinski/Downloads/archive/PetImages/Dog/2286.jpg,Dog,1,stream path small clean light gentle sleepy bright messy blur round large,post_drift
4775,/home/dxzielinski/Downloads/archive/PetImages/Dog/2454.jpg,Dog,1,sequence messy color day day looking calm change furry eyes pattern sitting,post_drift
4776,/home/dxzielinski/Downloads/archive/PetImages/Dog/10379.jpg,Dog,1,round corner noisy window soft light event still motion sitting center path camera dark running texture,post_drift
4777,/home/dxzielinski/Downloads/archive/PetImages/Dog/2057.jpg,Dog,1,sleepy night near scene clean bright garden jumping,post_drift
4778,/home/dxzielinski/Downloads/archive/PetImages/Dog/6008.jpg,Dog,1,focus pattern sunny sharp grass change clean running sharp abrupt path,post_drift
4779,/home/dxzielinski/Downloads/archive/PetImages/Dog/5533.jpg,Dog,1,scene garden quiet sitting token night pattern motion focus camera,post_drift
4780,/home/dxzielinski/Downloads/archive/PetImages/Dog/274.jpg,Dog,1,fast wild sitting grass scene quiet calm large level air,post_drift
4781,/home/dxzielinski/Downloads/archive/PetImages/Dog/8758.jpg,Dog,1,grass caption path drift quiet,post_drift
4782,/home/dxzielinski/Downloads/archive/PetImages/Dog/6653.jpg,Dog,1,blanket ears motion calm token blanket air steady shadow warm event pattern house eyes room,post_drift
4783,/home/dxzielinski/Downloads/archive/PetImages/Dog/3512.jpg,Dog,1,day ears blur sleepy large steady event curious clean,post_drift
4784,/home/dxzielinski/Downloads/archive/PetImages/Dog/3173.jpg,Dog,1,bright motion texture state caption furry,post_drift
4785,/home/dxzielinski/Downloads/archive/PetImages/Dog/3487.jpg,Dog,1,sitting noisy room sharp field fast,post_drift
4786,/home/dxzielinski/Downloads/archive/PetImages/Dog/1604.jpg,Dog,1,large cold phase stream ears field jumping cold field,post_drift
4787,/home/dxzielinski/Downloads/archive/PetImages/Dog/8708.jpg,Dog,1,online air furry abrupt pattern shape,post_drift
4788,/home/dxzielinski/Downloads/archive/PetImages/Dog/10123.jpg,Dog,1,long gentle state night gentle moment running grass gentle,post_drift
4789,/home/dxzielinski/Downloads/archive/PetImages/Dog/7565.jpg,Dog,1,far happy furry abrupt random focus night window motion house noisy scene,post_drift
4790,/home/dxzielinski/Downloads/archive/PetImages/Dog/4386.jpg,Dog,1,night jumping light room long sunny small wild background blur house caption long,post_drift
4791,/home/dxzielinski/Downloads/archive/PetImages/Dog/8560.jpg,Dog,1,camera shape far level moment fast sharp motion level noisy air messy motion running,post_drift
4792,/home/dxzielinski/Downloads/archive/PetImages/Dog/9853.jpg,Dog,1,warm floor photo object near foreground texture shadow large abrupt short small round level,post_drift
4793,/home/dxzielinski/Downloads/archive/PetImages/Dog/1626.jpg,Dog,1,light sunny light short day dark motion,post_drift
4794,/home/dxzielinski/Downloads/archive/PetImages/Dog/7883.jpg,Dog,1,messy round field running looking,post_drift
4795,/home/dxzielinski/Downloads/archive/PetImages/Dog/994.jpg,Dog,1,center still clean sample random street background blanket cold,post_drift
4796,/home/dxzielinski/Downloads/archive/PetImages/Dog/6361.jpg,Dog,1,online background inside tail near steady near bright sitting change event online,post_drift
4797,/home/dxzielinski/Downloads/archive/PetImages/Dog/4813.jpg,Dog,1,motion curious texture soft noisy long garden gentle motion room far scene phase,post_drift
4798,/home/dxzielinski/Downloads/archive/PetImages/Dog/9150.jpg,Dog,1,sleepy blanket soft eyes signal pattern random,post_drift
4799,/home/dxzielinski/Downloads/archive/PetImages/Dog/6683.jpg,Dog,1,near sample wild moment furry,post_drift
4800,/home/dxzielinski/Downloads/archive/PetImages/Dog/3558.jpg,Dog,1,stream color shadow day long,post_drift
4801,/home/dxzielinski/Downloads/archive/PetImages/Dog/6835.jpg,Dog,1,grass sitting night round near fast abrupt texture drift room sunny playful calm sunny blur steady,post_drift
4802,/home/dxzielinski/Downloads/archive/PetImages/Dog/11098.jpg,Dog,1,token tail house state playful outside stream house sample happy clean light level shape motion,post_drift
4803,/home/dxzielinski/Downloads/archive/PetImages/Dog/10103.jpg,Dog,1,signal still far dark wild window cold moment round bright curious signal tail sample,post_drift
4804,/home/dxzielinski/Downloads/archive/PetImages/Dog/8447.jpg,Dog,1,focus sitting signal stream event foreground,post_drift
4805,/home/dxzielinski/Downloads/archive/PetImages/Dog/5258.jpg,Dog,1,fast random inside floor day jumping background window clean messy day tail abrupt abrupt gentle phase,post_drift
4806,/home/dxzielinski/Downloads/archive/PetImages/Dog/7150.jpg,Dog,1,sequence scene center event caption warm abrupt small air long far small motion,post_drift
4807,/home/dxzielinski/Downloads/archive/PetImages/Dog/2921.jpg,Dog,1,frame color ears drift event curious corner motion far object room,post_drift
4808,/home/dxzielinski/Downloads/archive/PetImages/Dog/7566.jpg,Dog,1,state sleepy abrupt stream furry bright sunny grass sitting camera phase token,post_drift
4809,/home/dxzielinski/Downloads/archive/PetImages/Dog/5503.jpg,Dog,1,abrupt abrupt noisy background path change night far motion shape drift blur window,post_drift
4810,/home/dxzielinski/Downloads/archive/PetImages/Dog/8261.jpg,Dog,1,room large sample frame noisy inside eyes cold,post_drift
4811,/home/dxzielinski/Downloads/archive/PetImages/Dog/6353.jpg,Dog,1,curious calm running wild steady background,post_drift
4812,/home/dxzielinski/Downloads/archive/PetImages/Dog/6313.jpg,Dog,1,signal background path outside corner sequence room street still object sample light field,post_drift
4813,/home/dxzielinski/Downloads/archive/PetImages/Dog/6237.jpg,Dog,1,sharp clean level floor change floor running bright,post_drift
4814,/home/dxzielinski/Downloads/archive/PetImages/Dog/12247.jpg,Dog,1,sitting air sample still texture moment background street street room grass pattern noisy tail,post_drift
4815,/home/dxzielinski/Downloads/archive/PetImages/Dog/7877.jpg,Dog,1,center night sequence sequence bright jumping corner scene noisy steady sitting dark inside abrupt online,post_drift
4816,/home/dxzielinski/Downloads/archive/PetImages/Dog/3821.jpg,Dog,1,quiet phase garden sample blur center blanket warm messy sitting stream sequence cold online,post_drift
4817,/home/dxzielinski/Downloads/archive/PetImages/Dog/1030.jpg,Dog,1,change noisy color eyes soft,post_drift
4818,/home/dxzielinski/Downloads/archive/PetImages/Dog/11398.jpg,Dog,1,photo frame bright warm curious air floor,post_drift
4819,/home/dxzielinski/Downloads/archive/PetImages/Dog/2845.jpg,Dog,1,noisy day scene still floor corner foreground day,post_drift
4820,/home/dxzielinski/Downloads/archive/PetImages/Dog/8225.jpg,Dog,1,caption event center corner soft object level large small sunny happy corner,post_drift
4821,/home/dxzielinski/Downloads/archive/PetImages/Dog/6016.jpg,Dog,1,eyes quiet jumping grass short photo curious light pattern running signal,post_drift
4822,/home/dxzielinski/Downloads/archive/PetImages/Dog/3803.jpg,Dog,1,scene signal shape pattern blur object window happy curious,post_drift
4823,/home/dxzielinski/Downloads/archive/PetImages/Dog/7958.jpg,Dog,1,noisy background steady tail cold stream random scene motion fast sleepy,post_drift
4824,/home/dxzielinski/Downloads/archive/PetImages/Dog/10767.jpg,Dog,1,random shape round window outside floor warm calm small air,post_drift
4825,/home/dxzielinski/Downloads/archive/PetImages/Dog/5224.jpg,Dog,1,pattern stream long far online dark level,post_drift
4826,/home/dxzielinski/Downloads/archive/PetImages/Dog/1392.jpg,Dog,1,gentle foreground random wild caption caption shadow house sleepy ears pattern near curious color blanket pattern,post_drift
4827,/home/dxzielinski/Downloads/archive/PetImages/Dog/5423.jpg,Dog,1,stream event blanket tail object tail moment window day curious street,post_drift
4828,/home/dxzielinski/Downloads/archive/PetImages/Dog/6079.jpg,Dog,1,blanket center blanket sample moment signal running sample happy stream,post_drift
4829,/home/dxzielinski/Downloads/archive/PetImages/Dog/11993.jpg,Dog,1,house blur photo change level grass frame texture grass motion calm house foreground light dark,post_drift
4830,/home/dxzielinski/Downloads/archive/PetImages/Dog/7261.jpg,Dog,1,large state house room shape room light sample outside online,post_drift
4831,/home/dxzielinski/Downloads/archive/PetImages/Dog/8488.jpg,Dog,1,pattern jumping steady blanket photo event scene texture corner clean level field center grass online token,post_drift
4832,/home/dxzielinski/Downloads/archive/PetImages/Dog/698.jpg,Dog,1,light soft inside inside focus sample street abrupt warm tail soft event,post_drift
4833,/home/dxzielinski/Downloads/archive/PetImages/Dog/7586.jpg,Dog,1,small long motion phase abrupt,post_drift
4834,/home/dxzielinski/Downloads/archive/PetImages/Dog/2825.jpg,Dog,1,inside running object focus texture frame room clean inside long garden abrupt,post_drift
4835,/home/dxzielinski/Downloads/archive/PetImages/Dog/3859.jpg,Dog,1,abrupt street sharp warm texture photo drift jumping steady round night token phase event,post_drift
4836,/home/dxzielinski/Downloads/archive/PetImages/Dog/9568.jpg,Dog,1,looking frame motion jumping window gentle focus light grass blanket air jumping,post_drift
4837,/home/dxzielinski/Downloads/archive/PetImages/Dog/6615.jpg,Dog,1,day light signal warm sample sleepy soft grass,post_drift
4838,/home/dxzielinski/Downloads/archive/PetImages/Dog/6581.jpg,Dog,1,frame window sequence shadow scene air playful state looking,post_drift
4839,/home/dxzielinski/Downloads/archive/PetImages/Dog/6144.jpg,Dog,1,level foreground camera furry large round random blur path warm pattern noisy color curious sitting,post_drift
4840,/home/dxzielinski/Downloads/archive/PetImages/Dog/11025.jpg,Dog,1,near camera abrupt blanket inside street tail running token calm street tail far event day,post_drift
4841,/home/dxzielinski/Downloads/archive/PetImages/Dog/1687.jpg,Dog,1,photo messy looking camera color caption caption floor street inside online background state color event color,post_drift
4842,/home/dxzielinski/Downloads/archive/PetImages/Dog/8788.jpg,Dog,1,quiet house random sample cold state,post_drift
4843,/home/dxzielinski/Downloads/archive/PetImages/Dog/48.jpg,Dog,1,foreground state warm day blanket random level curious small outside outside bright house,post_drift
4844,/home/dxzielinski/Downloads/archive/PetImages/Dog/10869.jpg,Dog,1,inside stream foreground level long looking,post_drift
4845,/home/dxzielinski/Downloads/archive/PetImages/Dog/5862.jpg,Dog,1,fast jumping online scene room blur noisy garden curious camera,post_drift
4846,/home/dxzielinski/Downloads/archive/PetImages/Dog/3138.jpg,Dog,1,floor frame event texture sample gentle frame token focus focus steady photo night calm caption path,post_drift
4847,/home/dxzielinski/Downloads/archive/PetImages/Dog/4783.jpg,Dog,1,pattern sitting eyes day noisy gentle,post_drift
4848,/home/dxzielinski/Downloads/archive/PetImages/Dog/6133.jpg,Dog,1,moment still running sample caption curious caption cold room air eyes center floor gentle happy,post_drift
4849,/home/dxzielinski/Downloads/archive/PetImages/Dog/4272.jpg,Dog,1,large fast level long jumping shadow outside,post_drift
4850,/home/dxzielinski/Downloads/archive/PetImages/Dog/11225.jpg,Dog,1,grass signal room ears still gentle sequence sleepy background,post_drift
4851,/home/dxzielinski/Downloads/archive/PetImages/Dog/6503.jpg,Dog,1,focus sharp inside far steady focus center inside street short furry frame drift caption,post_drift
4852,/home/dxzielinski/Downloads/archive/PetImages/Dog/5737.jpg,Dog,1,ears center sequence abrupt camera foreground,post_drift
4853,/home/dxzielinski/Downloads/archive/PetImages/Dog/9180.jpg,Dog,1,ears scene playful room light texture,post_drift
4854,/home/dxzielinski/Downloads/archive/PetImages/Dog/7758.jpg,Dog,1,caption floor street signal ears motion calm frame soft shadow,post_drift
4855,/home/dxzielinski/Downloads/archive/PetImages/Dog/5217.jpg,Dog,1,pattern clean noisy tail calm fast dark curious small shape cold,post_drift
4856,/home/dxzielinski/Downloads/archive/PetImages/Dog/3332.jpg,Dog,1,cold warm running gentle shadow sunny furry happy sample room clean motion background near,post_drift
4857,/home/dxzielinski/Downloads/archive/PetImages/Dog/12157.jpg,Dog,1,cold soft day garden eyes grass ears color running air garden clean random round calm abrupt,post_drift
4858,/home/dxzielinski/Downloads/archive/PetImages/Dog/6670.jpg,Dog,1,noisy soft sleepy wild frame camera jumping fast state stream,post_drift
4859,/home/dxzielinski/Downloads/archive/PetImages/Dog/10785.jpg,Dog,1,random stream warm online sample sharp light jumping shadow wild moment noisy looking ears furry happy,post_drift
4860,/home/dxzielinski/Downloads/archive/PetImages/Dog/2967.jpg,Dog,1,motion calm ears window furry color,post_drift
4861,/home/dxzielinski/Downloads/archive/PetImages/Dog/9391.jpg,Dog,1,change steady phase shape phase path small inside sequence jumping noisy cold camera blanket noisy caption,post_drift
4862,/home/dxzielinski/Downloads/archive/PetImages/Dog/1688.jpg,Dog,1,room blanket round dark scene,post_drift
4863,/home/dxzielinski/Downloads/archive/PetImages/Dog/559.jpg,Dog,1,stream texture change near window field light far street jumping looking sunny texture,post_drift
4864,/home/dxzielinski/Downloads/archive/PetImages/Dog/128.jpg,Dog,1,far signal background sitting small light phase running change steady color motion focus,post_drift
4865,/home/dxzielinski/Downloads/archive/PetImages/Dog/617.jpg,Dog,1,sleepy random playful path grass color texture noisy quiet furry,post_drift
4866,/home/dxzielinski/Downloads/archive/PetImages/Dog/2127.jpg,Dog,1,round round token sunny jumping short path day wild,post_drift
4867,/home/dxzielinski/Downloads/archive/PetImages/Dog/5905.jpg,Dog,1,eyes token object day motion tail token night foreground corner bright sunny small happy drift sunny,post_drift
4868,/home/dxzielinski/Downloads/archive/PetImages/Dog/3607.jpg,Dog,1,outside event furry fast blur near outside still playful grass,post_drift
4869,/home/dxzielinski/Downloads/archive/PetImages/Dog/2155.jpg,Dog,1,sequence street texture sitting far steady outside scene shape jumping air eyes motion small window,post_drift
4870,/home/dxzielinski/Downloads/archive/PetImages/Dog/8629.jpg,Dog,1,clean street phase random messy playful,post_drift
4871,/home/dxzielinski/Downloads/archive/PetImages/Dog/4087.jpg,Dog,1,sharp camera soft dark inside sunny small photo event long round phase room sunny stream,post_drift
4872,/home/dxzielinski/Downloads/archive/PetImages/Dog/4332.jpg,Dog,1,sharp clean caption clean background outside outside jumping moment window change background outside,post_drift
4873,/home/dxzielinski/Downloads/archive/PetImages/Dog/2465.jpg,Dog,1,sleepy furry corner token large night street noisy round,post_drift
4874,/home/dxzielinski/Downloads/archive/PetImages/Dog/8174.jpg,Dog,1,day running phase sharp signal,post_drift
4875,/home/dxzielinski/Downloads/archive/PetImages/Dog/9494.jpg,Dog,1,color sample short running window texture wild near,post_drift
4876,/home/dxzielinski/Downloads/archive/PetImages/Dog/6547.jpg,Dog,1,moment level near background change texture house,post_drift
4877,/home/dxzielinski/Downloads/archive/PetImages/Dog/3605.jpg,Dog,1,happy short bright gentle change inside far field event furry long shadow object cold playful corner,post_drift
4878,/home/dxzielinski/Downloads/archive/PetImages/Dog/9687.jpg,Dog,1,abrupt online moment curious air ears,post_drift
4879,/home/dxzielinski/Downloads/archive/PetImages/Dog/4731.jpg,Dog,1,playful corner still round texture large sleepy,post_drift
4880,/home/dxzielinski/Downloads/archive/PetImages/Dog/8153.jpg,Dog,1,day window near phase curious,post_drift
4881,/home/dxzielinski/Downloads/archive/PetImages/Dog/3445.jpg,Dog,1,scene object foreground background light house center focus short sunny change path state color pattern,post_drift
4882,/home/dxzielinski/Downloads/archive/PetImages/Dog/5554.jpg,Dog,1,ears photo change floor light,post_drift
4883,/home/dxzielinski/Downloads/archive/PetImages/Dog/9009.jpg,Dog,1,photo furry motion abrupt running sharp sequence,post_drift
4884,/home/dxzielinski/Downloads/archive/PetImages/Dog/12260.jpg,Dog,1,state state steady warm event house,post_drift
4885,/home/dxzielinski/Downloads/archive/PetImages/Dog/5981.jpg,Dog,1,street signal object texture sample,post_drift
4886,/home/dxzielinski/Downloads/archive/PetImages/Dog/5178.jpg,Dog,1,drift blur gentle grass scene night small sunny happy background signal light caption garden motion,post_drift
4887,/home/dxzielinski/Downloads/archive/PetImages/Dog/3055.jpg,Dog,1,garden happy shadow background curious blanket level,post_drift
4888,/home/dxzielinski/Downloads/archive/PetImages/Dog/5039.jpg,Dog,1,sitting frame signal photo still token still signal pattern short room sleepy grass window,post_drift
4889,/home/dxzielinski/Downloads/archive/PetImages/Dog/10155.jpg,Dog,1,house center moment near camera drift gentle window,post_drift
4890,/home/dxzielinski/Downloads/archive/PetImages/Dog/7530.jpg,Dog,1,level steady background sunny house,post_drift
4891,/home/dxzielinski/Downloads/archive/PetImages/Dog/3475.jpg,Dog,1,ears pattern clean phase sharp change warm far cold caption furry,post_drift
4892,/home/dxzielinski/Downloads/archive/PetImages/Dog/8475.jpg,Dog,1,event messy shape random foreground camera phase token steady frame phase cold soft,post_drift
4893,/home/dxzielinski/Downloads/archive/PetImages/Dog/4051.jpg,Dog,1,small pattern happy sunny shadow drift fast small running pattern sharp night,post_drift
4894,/home/dxzielinski/Downloads/archive/PetImages/Dog/9552.jpg,Dog,1,looking steady field shape event tail blur shape blanket window,post_drift
4895,/home/dxzielinski/Downloads/archive/PetImages/Dog/1868.jpg,Dog,1,round state foreground still playful round foreground ears window drift steady running,post_drift
4896,/home/dxzielinski/Downloads/archive/PetImages/Dog/1787.jpg,Dog,1,looking playful outside far pattern round playful camera photo sequence sharp room running cold floor,post_drift
4897,/home/dxzielinski/Downloads/archive/PetImages/Dog/11049.jpg,Dog,1,foreground online still long jumping room phase signal texture house,post_drift
4898,/home/dxzielinski/Downloads/archive/PetImages/Dog/8257.jpg,Dog,1,curious change online soft long calm grass signal,post_drift
4899,/home/dxzielinski/Downloads/archive/PetImages/Dog/8114.jpg,Dog,1,night eyes small noisy random quiet bright foreground shadow color,post_drift
4900,/home/dxzielinski/Downloads/archive/PetImages/Dog/2029.jpg,Dog,1,sleepy drift messy abrupt motion messy round jumping garden state quiet small camera looking,post_drift
4901,/home/dxzielinski/Downloads/archive/PetImages/Dog/10162.jpg,Dog,1,happy camera signal still focus background caption caption street scene still light,post_drift
4902,/home/dxzielinski/Downloads/archive/PetImages/Dog/11002.jpg,Dog,1,outside room level still noisy scene bright drift clean curious color street,post_drift
4903,/home/dxzielinski/Downloads/archive/PetImages/Dog/3143.jpg,Dog,1,air night color looking sitting path small warm noisy,post_drift
4904,/home/dxzielinski/Downloads/archive/PetImages/Dog/6859.jpg,Dog,1,shape tail wild still curious level short looking level soft jumping phase calm short fast,post_drift
4905,/home/dxzielinski/Downloads/archive/PetImages/Dog/10062.jpg,Dog,1,wild abrupt sunny random curious online motion blur tail messy looking focus inside,post_drift
4906,/home/dxzielinski/Downloads/archive/PetImages/Dog/9151.jpg,Dog,1,gentle caption sequence path blanket small moment quiet sleepy outside signal field quiet camera quiet grass,post_drift
4907,/home/dxzielinski/Downloads/archive/PetImages/Dog/12009.jpg,Dog,1,color house object random steady cold far corner stream sample cold,post_drift
4908,/home/dxzielinski/Downloads/archive/PetImages/Dog/11645.jpg,Dog,1,scene floor jumping messy path noisy pattern abrupt window,post_drift
4909,/home/dxzielinski/Downloads/archive/PetImages/Dog/12401.jpg,Dog,1,wild still caption soft blanket small pattern near soft token sleepy signal signal,post_drift
4910,/home/dxzielinski/Downloads/archive/PetImages/Dog/1280.jpg,Dog,1,air curious air scene eyes playful warm calm near,post_drift
4911,/home/dxzielinski/Downloads/archive/PetImages/Dog/4467.jpg,Dog,1,garden motion foreground calm room clean texture messy tail eyes eyes,post_drift
4912,/home/dxzielinski/Downloads/archive/PetImages/Dog/4759.jpg,Dog,1,house short signal camera cold motion wild quiet outside eyes moment clean tail curious,post_drift
4913,/home/dxzielinski/Downloads/archive/PetImages/Dog/3965.jpg,Dog,1,happy happy random stream still curious running curious still gentle window,post_drift
4914,/home/dxzielinski/Downloads/archive/PetImages/Dog/7330.jpg,Dog,1,happy scene running motion shape curious tail large noisy room online,post_drift
4915,/home/dxzielinski/Downloads/archive/PetImages/Dog/6234.jpg,Dog,1,sharp random cold gentle change near sunny clean curious dark furry furry calm large,post_drift
4916,/home/dxzielinski/Downloads/archive/PetImages/Dog/5548.jpg,Dog,1,jumping gentle curious sharp gentle near stream room room motion noisy stream,post_drift
4917,/home/dxzielinski/Downloads/archive/PetImages/Dog/8198.jpg,Dog,1,shape playful level window short garden,post_drift
4918,/home/dxzielinski/Downloads/archive/PetImages/Dog/11016.jpg,Dog,1,jumping near frame moment center blur,post_drift
4919,/home/dxzielinski/Downloads/archive/PetImages/Dog/6886.jpg,Dog,1,still playful event bright color state texture soft object blanket center,post_drift
4920,/home/dxzielinski/Downloads/archive/PetImages/Dog/7700.jpg,Dog,1,street street large level texture,post_drift
4921,/home/dxzielinski/Downloads/archive/PetImages/Dog/11256.jpg,Dog,1,grass motion pattern tail inside level sitting street phase furry token quiet running window,post_drift
4922,/home/dxzielinski/Downloads/archive/PetImages/Dog/8398.jpg,Dog,1,grass window outside motion motion blanket jumping change photo blanket blur token,post_drift
4923,/home/dxzielinski/Downloads/archive/PetImages/Dog/2685.jpg,Dog,1,outside scene online still fast moment corner signal,post_drift
4924,/home/dxzielinski/Downloads/archive/PetImages/Dog/1692.jpg,Dog,1,noisy sitting street short small garden,post_drift
4925,/home/dxzielinski/Downloads/archive/PetImages/Dog/6634.jpg,Dog,1,sample level far tail focus street night floor light garden corner,post_drift
4926,/home/dxzielinski/Downloads/archive/PetImages/Dog/5826.jpg,Dog,1,caption quiet wild looking inside pattern eyes room clean field quiet signal level sample curious calm,post_drift
4927,/home/dxzielinski/Downloads/archive/PetImages/Dog/6896.jpg,Dog,1,long random calm air still object jumping soft night grass event moment street field sunny scene,post_drift
4928,/home/dxzielinski/Downloads/archive/PetImages/Dog/6601.jpg,Dog,1,clean phase background state furry window,post_drift
4929,/home/dxzielinski/Downloads/archive/PetImages/Dog/10119.jpg,Dog,1,small camera ears dark messy state motion scene,post_drift
4930,/home/dxzielinski/Downloads/archive/PetImages/Dog/3669.jpg,Dog,1,state warm day level soft moment background signal shape event foreground curious scene short,post_drift
4931,/home/dxzielinski/Downloads/archive/PetImages/Dog/5823.jpg,Dog,1,sunny looking floor moment day event steady,post_drift
4932,/home/dxzielinski/Downloads/archive/PetImages/Dog/6309.jpg,Dog,1,pattern happy moment foreground warm moment cold,post_drift
4933,/home/dxzielinski/Downloads/archive/PetImages/Dog/12200.jpg,Dog,1,clean shadow noisy playful sharp room token event token calm center signal jumping center happy,post_drift
4934,/home/dxzielinski/Downloads/archive/PetImages/Dog/9318.jpg,Dog,1,sitting scene drift eyes soft frame calm,post_drift
4935,/home/dxzielinski/Downloads/archive/PetImages/Dog/11819.jpg,Dog,1,state grass fast warm round change token field sitting color room,post_drift
4936,/home/dxzielinski/Downloads/archive/PetImages/Dog/2680.jpg,Dog,1,cold garden grass fast happy photo sharp frame wild online,post_drift
4937,/home/dxzielinski/Downloads/archive/PetImages/Dog/1838.jpg,Dog,1,outside shadow clean state ears scene,post_drift
4938,/home/dxzielinski/Downloads/archive/PetImages/Dog/3748.jpg,Dog,1,corner window dark clean change token sharp,post_drift
4939,/home/dxzielinski/Downloads/archive/PetImages/Dog/5902.jpg,Dog,1,tail shape large messy curious fast,post_drift
4940,/home/dxzielinski/Downloads/archive/PetImages/Dog/9570.jpg,Dog,1,texture outside moment photo night playful abrupt street street motion short,post_drift
4941,/home/dxzielinski/Downloads/archive/PetImages/Dog/8068.jpg,Dog,1,room blanket playful happy token house path day color soft field noisy long caption clean,post_drift
4942,/home/dxzielinski/Downloads/archive/PetImages/Dog/6750.jpg,Dog,1,sitting calm phase light abrupt sequence sunny stream blur floor blur level,post_drift
4943,/home/dxzielinski/Downloads/archive/PetImages/Dog/7830.jpg,Dog,1,still messy running blanket near focus path shape,post_drift
4944,/home/dxzielinski/Downloads/archive/PetImages/Dog/2026.jpg,Dog,1,foreground scene drift window playful wild level caption photo,post_drift
4945,/home/dxzielinski/Downloads/archive/PetImages/Dog/2192.jpg,Dog,1,caption far quiet clean playful caption shape eyes center background inside soft sharp abrupt stream,post_drift
4946,/home/dxzielinski/Downloads/archive/PetImages/Dog/10936.jpg,Dog,1,state caption cold outside texture running house wild camera,post_drift
4947,/home/dxzielinski/Downloads/archive/PetImages/Dog/1055.jpg,Dog,1,small garden level sharp running caption jumping pattern camera wild gentle pattern,post_drift
4948,/home/dxzielinski/Downloads/archive/PetImages/Dog/6270.jpg,Dog,1,path event happy level texture outside eyes,post_drift
4949,/home/dxzielinski/Downloads/archive/PetImages/Dog/5119.jpg,Dog,1,window change state wild messy garden round small motion foreground abrupt photo token,post_drift
4950,/home/dxzielinski/Downloads/archive/PetImages/Dog/10737.jpg,Dog,1,moment eyes center shape change signal,post_drift
4951,/home/dxzielinski/Downloads/archive/PetImages/Dog/2601.jpg,Dog,1,floor cold floor online jumping fast signal stream caption,post_drift
4952,/home/dxzielinski/Downloads/archive/PetImages/Dog/3150.jpg,Dog,1,large corner sequence dark messy bright day room state night calm object,post_drift
4953,/home/dxzielinski/Downloads/archive/PetImages/Dog/3870.jpg,Dog,1,inside shape floor state sharp ears field state cold path long floor color near sequence sharp,post_drift
4954,/home/dxzielinski/Downloads/archive/PetImages/Dog/9891.jpg,Dog,1,photo online texture curious calm moment cold cold calm long token signal,post_drift
4955,/home/dxzielinski/Downloads/archive/PetImages/Dog/5965.jpg,Dog,1,window sequence air far inside,post_drift
4956,/home/dxzielinski/Downloads/archive/PetImages/Dog/1864.jpg,Dog,1,small round soft event photo photo sequence street long motion jumping blanket eyes corner light object,post_drift
4957,/home/dxzielinski/Downloads/archive/PetImages/Dog/6795.jpg,Dog,1,blur sunny corner noisy token running happy blur messy center background shadow,post_drift
4958,/home/dxzielinski/Downloads/archive/PetImages/Dog/7281.jpg,Dog,1,window blur curious room fast,post_drift
4959,/home/dxzielinski/Downloads/archive/PetImages/Dog/3688.jpg,Dog,1,tail dark level photo ears phase focus round state,post_drift
4960,/home/dxzielinski/Downloads/archive/PetImages/Dog/8149.jpg,Dog,1,street playful near blur light sunny,post_drift
4961,/home/dxzielinski/Downloads/archive/PetImages/Dog/7037.jpg,Dog,1,sitting color blanket camera night sharp frame quiet,post_drift
4962,/home/dxzielinski/Downloads/archive/PetImages/Dog/8086.jpg,Dog,1,frame inside sitting change online,post_drift
4963,/home/dxzielinski/Downloads/archive/PetImages/Dog/10142.jpg,Dog,1,foreground camera grass shadow quiet quiet signal cold day inside eyes jumping field color sequence pattern,post_drift
4964,/home/dxzielinski/Downloads/archive/PetImages/Dog/12397.jpg,Dog,1,camera sequence drift quiet light garden outside foreground blanket change ears sharp,post_drift
4965,/home/dxzielinski/Downloads/archive/PetImages/Dog/2264.jpg,Dog,1,sunny long happy fast steady far sequence window large large tail foreground soft wild,post_drift
4966,/home/dxzielinski/Downloads/archive/PetImages/Dog/8065.jpg,Dog,1,blanket house tail steady scene large furry window noisy,post_drift
4967,/home/dxzielinski/Downloads/archive/PetImages/Dog/3915.jpg,Dog,1,bright pattern frame far sunny change texture blanket jumping field light grass sample online,post_drift
4968,/home/dxzielinski/Downloads/archive/PetImages/Dog/2148.jpg,Dog,1,small sitting looking path jumping foreground abrupt focus looking messy house,post_drift
4969,/home/dxzielinski/Downloads/archive/PetImages/Dog/4637.jpg,Dog,1,texture ears state curious street signal long event,post_drift
4970,/home/dxzielinski/Downloads/archive/PetImages/Dog/6510.jpg,Dog,1,fast happy round texture sharp window air eyes calm calm warm large steady sequence caption,post_drift
4971,/home/dxzielinski/Downloads/archive/PetImages/Dog/9332.jpg,Dog,1,drift curious garden level house blur camera playful tail sunny ears signal outside curious curious,post_drift
4972,/home/dxzielinski/Downloads/archive/PetImages/Dog/2495.jpg,Dog,1,path signal frame window window air abrupt corner house light curious blur looking,post_drift
4973,/home/dxzielinski/Downloads/archive/PetImages/Dog/2734.jpg,Dog,1,center inside moment air online caption phase gentle caption signal steady,post_drift
4974,/home/dxzielinski/Downloads/archive/PetImages/Dog/10728.jpg,Dog,1,gentle inside random dark street looking near gentle random shape bright random online night,post_drift
4975,/home/dxzielinski/Downloads/archive/PetImages/Dog/8226.jpg,Dog,1,center corner abrupt inside event grass window tail signal focus,post_drift
4976,/home/dxzielinski/Downloads/archive/PetImages/Dog/8373.jpg,Dog,1,shape calm shadow texture drift calm,post_drift
4977,/home/dxzielinski/Downloads/archive/PetImages/Dog/1148.jpg,Dog,1,object window background change field tail clean event street,post_drift
4978,/home/dxzielinski/Downloads/archive/PetImages/Dog/11152.jpg,Dog,1,day garden texture air running,post_drift
4979,/home/dxzielinski/Downloads/archive/PetImages/Dog/3342.jpg,Dog,1,abrupt sharp messy focus focus light long messy stream eyes phase,post_drift
4980,/home/dxzielinski/Downloads/archive/PetImages/Dog/1114.jpg,Dog,1,still blur random fast token day sequence grass still clean round stream,post_drift
4981,/home/dxzielinski/Downloads/archive/PetImages/Dog/921.jpg,Dog,1,jumping shape clean photo event ears,post_drift
4982,/home/dxzielinski/Downloads/archive/PetImages/Dog/581.jpg,Dog,1,large photo blanket room foreground messy bright long focus shape shape,post_drift
4983,/home/dxzielinski/Downloads/archive/PetImages/Dog/10001.jpg,Dog,1,background center camera event running garden soft moment short pattern shape inside window,post_drift
4984,/home/dxzielinski/Downloads/archive/PetImages/Dog/714.jpg,Dog,1,floor air object color corner house center sunny stream day house,post_drift
4985,/home/dxzielinski/Downloads/archive/PetImages/Dog/3256.jpg,Dog,1,drift ears playful jumping room background,post_drift
4986,/home/dxzielinski/Downloads/archive/PetImages/Dog/3471.jpg,Dog,1,ears day sleepy far object path bright curious still cold moment focus,post_drift
4987,/home/dxzielinski/Downloads/archive/PetImages/Dog/7713.jpg,Dog,1,furry garden online state room,post_drift
4988,/home/dxzielinski/Downloads/archive/PetImages/Dog/4136.jpg,Dog,1,small moment foreground noisy day ears soft level far clean texture,post_drift
4989,/home/dxzielinski/Downloads/archive/PetImages/Dog/9661.jpg,Dog,1,short garden tail air corner drift sequence,post_drift
4990,/home/dxzielinski/Downloads/archive/PetImages/Dog/2101.jpg,Dog,1,short air camera sunny running,post_drift
4991,/home/dxzielinski/Downloads/archive/PetImages/Dog/651.jpg,Dog,1,bright near window gentle happy messy sunny field online token inside cold event,post_drift
4992,/home/dxzielinski/Downloads/archive/PetImages/Dog/4181.jpg,Dog,1,sharp house color bright tail street change messy sunny,post_drift
4993,/home/dxzielinski/Downloads/archive/PetImages/Dog/3924.jpg,Dog,1,fast gentle event warm large pattern house random window outside calm field color night path,post_drift
4994,/home/dxzielinski/Downloads/archive/PetImages/Dog/5048.jpg,Dog,1,floor phase dark shadow abrupt garden far,post_drift
4995,/home/dxzielinski/Downloads/archive/PetImages/Dog/10838.jpg,Dog,1,moment noisy far room garden ears round garden soft dark cold photo small clean light,post_drift
4996,/home/dxzielinski/Downloads/archive/PetImages/Dog/12477.jpg,Dog,1,large short path night tail still light,post_drift
4997,/home/dxzielinski/Downloads/archive/PetImages/Dog/3950.jpg,Dog,1,long fast happy color drift wild window night furry random large background round,post_drift
4998,/home/dxzielinski/Downloads/archive/PetImages/Dog/4847.jpg,Dog,1,motion bright day short grass running furry short still ears pattern change drift,post_drift
4999,/home/dxzielinski/Downloads/archive/PetImages/Dog/7803.jpg,Dog,1,running color focus path field level scene motion center,post_drift
