dataset,classifier,detector,image_label_aware_prob,trial_index,seed,classifier_precision,classifier_recall,classifier_f1,classifier_case1_accuracy,classifier_case1_precision,classifier_case1_recall,classifier_case1_f1,classifier_case1_first100_accuracy,classifier_case1_last100_accuracy,classifier_case2_accuracy,classifier_case2_precision,classifier_case2_recall,classifier_case2_f1,classifier_case2_first100_accuracy,classifier_case2_last100_accuracy,classifier_case2_replacements,classifier_case1_confusion,classifier_case2_confusion
Faces,logistic_regression,kswin,0.55,0,42,0.5840693804403482,0.584085525894629,0.5839933438935023,0.584,0.5840693804403482,0.584085525894629,0.5839933438935023,0.5,0.56,0.584,0.5840693804403482,0.584085525894629,0.5839933438935023,0.5,0.56,0.0,"[[294, 214], [202, 290]]","[[294, 214], [202, 290]]"
Faces,logistic_regression,kswin,0.55,1,1042,0.6249019231077164,0.6248284663794104,0.6248345520374485,0.625,0.6249019231077164,0.6248284663794104,0.6248345520374485,0.63,0.62,0.601,0.6010196860524961,0.6005157010774111,0.600260882371505,0.63,0.62,1.0,"[[323, 184], [191, 302]]","[[322, 185], [214, 279]]"
Faces,logistic_regression,kswin,0.55,2,2042,0.6241901340688947,0.6239059824957199,0.6237456520607931,0.624,0.6241901340688947,0.6239059824957199,0.6237456520607931,0.52,0.6599999999999999,0.624,0.6241901340688947,0.6239059824957199,0.6237456520607931,0.52,0.6599999999999999,0.0,"[[325, 177], [199, 299]]","[[325, 177], [199, 299]]"
Faces,logistic_regression,kswin,0.55,3,3042,0.6119211921192119,0.6119462705916717,0.61192393709167,0.612,0.6119211921192119,0.6119462705916717,0.61192393709167,0.5800000000000001,0.6,0.601,0.6010784690220174,0.601104757941573,0.6009900247506187,0.62,0.5800000000000001,3.0,"[[313, 196], [192, 299]]","[[303, 206], [193, 298]]"
Faces,logistic_regression,kswin,0.55,4,4042,0.6583687695501508,0.6580128205128205,0.6581107460504774,0.659,0.6583687695501508,0.6580128205128205,0.6581107460504774,0.5800000000000001,0.69,0.65,0.6493841811533774,0.6492788461538461,0.6493210856217637,0.5800000000000001,0.6599999999999999,1.0,"[[355, 165], [176, 304]]","[[347, 173], [177, 303]]"
Faces,logistic_regression,kswin,0.55,5,5042,0.6325092583324993,0.6324795561799776,0.631998527994112,0.632,0.6325092583324993,0.6324795561799776,0.631998527994112,0.69,0.63,0.632,0.6325092583324993,0.6324795561799776,0.631998527994112,0.69,0.63,0.0,"[[317, 170], [198, 315]]","[[317, 170], [198, 315]]"
Faces,logistic_regression,kswin,0.55,6,6042,0.6090217443479096,0.6090309030903089,0.6089964809683286,0.609,0.6090217443479096,0.6090309030903089,0.6089964809683286,0.54,0.5800000000000001,0.609,0.6090217443479096,0.6090309030903089,0.6089964809683286,0.54,0.5800000000000001,0.0,"[[303, 192], [199, 306]]","[[303, 192], [199, 306]]"
Faces,logistic_regression,kswin,0.55,7,7042,0.6032661615089017,0.60308564937039,0.602856631243879,0.603,0.6032661615089017,0.60308564937039,0.602856631243879,0.5700000000000001,0.65,0.588,0.5880987448770492,0.5880494087905407,0.587958795879588,0.5700000000000001,0.63,1.0,"[[311, 187], [210, 292]]","[[299, 199], [213, 289]]"
Faces,logistic_regression,kswin,0.55,8,8042,0.6261206454918034,0.6260500168002687,0.6259625962596259,0.626,0.6261206454918034,0.6260500168002687,0.6259625962596259,0.63,0.6799999999999999,0.616,0.6161470592944869,0.6160578569257108,0.6159446960362293,0.63,0.65,1.0,"[[318, 180], [194, 308]]","[[314, 184], [200, 302]]"
Faces,logistic_regression,kswin,0.55,9,9042,0.6176951696709219,0.617491675204918,0.6175042855540781,0.618,0.6176951696709219,0.617491675204918,0.6175042855540781,0.5700000000000001,0.64,0.618,0.6176951696709219,0.617491675204918,0.6175042855540781,0.5700000000000001,0.64,0.0,"[[327, 185], [197, 291]]","[[327, 185], [197, 291]]"
Faces,hoeffding_tree,kswin,0.55,0,42,0.5908278495409862,0.5849897573778887,0.5793333503093886,0.587,0.5908278495409862,0.5849897573778887,0.5793333503093886,0.53,0.5900000000000001,0.587,0.5908278495409862,0.5849897573778887,0.5793333503093886,0.53,0.5900000000000001,0.0,"[[361, 147], [266, 226]]","[[361, 147], [266, 226]]"
Faces,hoeffding_tree,kswin,0.55,1,1042,0.6217234566044672,0.6165808498465699,0.6133211863548943,0.618,0.6217234566044672,0.6165808498465699,0.6133211863548943,0.5800000000000001,0.62,0.586,0.5858724039298595,0.5856387852018996,0.5855208621166068,0.5800000000000001,0.63,2.0,"[[364, 143], [239, 254]]","[[310, 197], [217, 276]]"
Faces,hoeffding_tree,kswin,0.55,2,2042,0.6371921182266009,0.6336821389142226,0.6315223563239221,0.634,0.6371921182266009,0.6336821389142226,0.6315223563239221,0.45999999999999996,0.72,0.597,0.5989319499542265,0.597261556184899,0.5953941192593404,0.45999999999999996,0.69,2.0,"[[358, 144], [222, 276]]","[[267, 235], [168, 330]]"
Faces,hoeffding_tree,kswin,0.55,3,3042,0.6372445274406059,0.632332875851776,0.6299980590062111,0.634,0.6372445274406059,0.632332875851776,0.6299980590062111,0.51,0.64,0.584,0.5848439601663438,0.582532740607957,0.5804489196559681,0.51,0.65,2.0,"[[369, 140], [226, 265]]","[[338, 171], [245, 246]]"
Faces,hoeffding_tree,kswin,0.55,4,4042,0.6463857243673757,0.6454326923076923,0.6455022469935477,0.647,0.6463857243673757,0.6454326923076923,0.6455022469935477,0.53,0.65,0.635,0.6343301063413018,0.6332532051282052,0.6332539219222719,0.53,0.61,1.0,"[[356, 164], [189, 291]]","[[352, 168], [197, 283]]"
Faces,hoeffding_tree,kswin,0.55,5,5042,0.6258469776542066,0.622292669844815,0.618019814719506,0.62,0.6258469776542066,0.622292669844815,0.618019814719506,0.6599999999999999,0.5900000000000001,0.605,0.6064880339680906,0.606007661178957,0.6047909344042999,0.6599999999999999,0.56,1.0,"[[346, 141], [239, 274]]","[[314, 173], [222, 291]]"
Faces,hoeffding_tree,kswin,0.55,6,6042,0.6088812606451217,0.5994799479947995,0.5897272604803252,0.598,0.6088812606451217,0.5994799479947995,0.5897272604803252,0.62,0.5800000000000001,0.577,0.5814078699143558,0.5780278027802781,0.5729821894202551,0.62,0.61,1.0,"[[370, 125], [277, 228]]","[[337, 158], [265, 240]]"
Faces,hoeffding_tree,kswin,0.55,7,7042,0.6177004342471968,0.6162258596137538,0.614876981277405,0.616,0.6177004342471968,0.6162258596137538,0.614876981277405,0.51,0.6599999999999999,0.616,0.6177004342471968,0.6162258596137538,0.614876981277405,0.51,0.6599999999999999,0.0,"[[335, 163], [221, 281]]","[[335, 163], [221, 281]]"
Faces,hoeffding_tree,kswin,0.55,8,8042,0.616030159056381,0.6151738427814846,0.6143517252501456,0.615,0.616030159056381,0.6151738427814846,0.6143517252501456,0.44999999999999996,0.61,0.615,0.616030159056381,0.6151738427814846,0.6143517252501456,0.44999999999999996,0.61,0.0,"[[328, 170], [215, 287]]","[[328, 170], [215, 287]]"
Faces,hoeffding_tree,kswin,0.55,9,9042,0.6291794092019614,0.6210457223360656,0.6167004432410832,0.624,0.6291794092019614,0.6210457223360656,0.6167004432410832,0.55,0.6,0.596,0.595706056058479,0.5949506915983607,0.5946363567039521,0.55,0.5900000000000001,1.0,"[[381, 131], [245, 243]]","[[327, 185], [219, 269]]"
Faces,gaussian_nb,kswin,0.55,0,42,0.5982833481898957,0.5957285064976634,0.5937823499943049,0.597,0.5982833481898957,0.5957285064976634,0.5937823499943049,0.5800000000000001,0.5900000000000001,0.597,0.5982833481898957,0.5957285064976634,0.5937823499943049,0.5800000000000001,0.5900000000000001,0.0,"[[343, 165], [238, 254]]","[[343, 165], [238, 254]]"
Faces,gaussian_nb,kswin,0.55,1,1042,0.6257157035684052,0.6206096394893399,0.6175389745997313,0.622,0.6257157035684052,0.6206096394893399,0.6175389745997313,0.5800000000000001,0.62,0.611,0.6114141414141414,0.6103216230381154,0.6097320193308058,0.5800000000000001,0.63,2.0,"[[365, 142], [236, 257]]","[[334, 173], [216, 277]]"
Faces,gaussian_nb,kswin,0.55,2,2042,0.6360811293121484,0.6326861229779677,0.6305762105172034,0.633,0.6360811293121484,0.6326861229779677,0.6305762105172034,0.5,0.71,0.61,0.6106124816706683,0.6098337573401174,0.6092434954071082,0.5,0.6799999999999999,1.0,"[[357, 145], [222, 276]]","[[327, 175], [215, 283]]"
Faces,gaussian_nb,kswin,0.55,3,3042,0.6445736434108527,0.6417859386441207,0.6407579704938522,0.643,0.6445736434108527,0.6417859386441207,0.6407579704938522,0.5800000000000001,0.64,0.624,0.6247589116408626,0.6229418331539418,0.6221485277861522,0.61,0.63,3.0,"[[361, 148], [209, 282]]","[[347, 162], [214, 277]]"
Faces,gaussian_nb,kswin,0.55,4,4042,0.6554166196683802,0.6545673076923078,0.6546725613257363,0.656,0.6554166196683802,0.6545673076923078,0.6546725613257363,0.5700000000000001,0.65,0.654,0.6533816425120773,0.6526442307692308,0.6527498996386993,0.5700000000000001,0.62,1.0,"[[359, 161], [183, 297]]","[[357, 163], [183, 297]]"
Faces,gaussian_nb,kswin,0.55,5,5042,0.6276648064674777,0.6257229887403886,0.6230576441102758,0.624,0.6276648064674777,0.6257229887403886,0.6230576441102758,0.6799999999999999,0.61,0.624,0.6276648064674777,0.6257229887403886,0.6230576441102758,0.6799999999999999,0.61,0.0,"[[337, 150], [226, 287]]","[[337, 150], [226, 287]]"
Faces,gaussian_nb,kswin,0.55,6,6042,0.6094771037410498,0.6050205020502051,0.6003165170208642,0.604,0.6094771037410498,0.6050205020502051,0.6003165170208642,0.5700000000000001,0.5900000000000001,0.594,0.5983318900688209,0.5949394939493949,0.5908313983488133,0.5700000000000001,0.62,1.0,"[[350, 145], [251, 254]]","[[341, 154], [252, 253]]"
Faces,gaussian_nb,kswin,0.55,7,7042,0.6286515388628064,0.6262740203843261,0.6243637284009144,0.626,0.6286515388628064,0.6262740203843261,0.6243637284009144,0.5800000000000001,0.65,0.626,0.6286515388628064,0.6262740203843261,0.6243637284009144,0.5800000000000001,0.65,0.0,"[[346, 152], [222, 280]]","[[346, 152], [222, 280]]"
Faces,gaussian_nb,kswin,0.55,8,8042,0.6267645858833129,0.6242819885118162,0.6222532992557586,0.624,0.6267645858833129,0.6242819885118162,0.6222532992557586,0.51,0.61,0.624,0.6267645858833129,0.6242819885118162,0.6222532992557586,0.51,0.61,0.0,"[[346, 152], [224, 278]]","[[346, 152], [224, 278]]"
Faces,gaussian_nb,kswin,0.55,9,9042,0.6332697839320356,0.6275774846311475,0.624953372581456,0.63,0.6332697839320356,0.6275774846311475,0.624953372581456,0.5700000000000001,0.6,0.61,0.6097423510466988,0.6091028432377049,0.6089425807383164,0.5700000000000001,0.5900000000000001,1.0,"[[373, 139], [231, 257]]","[[331, 181], [209, 279]]"
Faces,logistic_regression,adwin,0.55,0,42,0.5840693804403482,0.584085525894629,0.5839933438935023,0.584,0.5840693804403482,0.584085525894629,0.5839933438935023,0.5,0.56,0.584,0.5840693804403482,0.584085525894629,0.5839933438935023,0.5,0.56,0.0,"[[294, 214], [202, 290]]","[[294, 214], [202, 290]]"
Faces,logistic_regression,adwin,0.55,1,1042,0.6249019231077164,0.6248284663794104,0.6248345520374485,0.625,0.6249019231077164,0.6248284663794104,0.6248345520374485,0.63,0.62,0.625,0.6249019231077164,0.6248284663794104,0.6248345520374485,0.63,0.62,0.0,"[[323, 184], [191, 302]]","[[323, 184], [191, 302]]"
Faces,logistic_regression,adwin,0.55,2,2042,0.6241901340688947,0.6239059824957199,0.6237456520607931,0.624,0.6241901340688947,0.6239059824957199,0.6237456520607931,0.52,0.6599999999999999,0.624,0.6241901340688947,0.6239059824957199,0.6237456520607931,0.52,0.6599999999999999,0.0,"[[325, 177], [199, 299]]","[[325, 177], [199, 299]]"
Faces,logistic_regression,adwin,0.55,3,3042,0.6119211921192119,0.6119462705916717,0.61192393709167,0.612,0.6119211921192119,0.6119462705916717,0.61192393709167,0.5800000000000001,0.6,0.612,0.6119211921192119,0.6119462705916717,0.61192393709167,0.5800000000000001,0.6,0.0,"[[313, 196], [192, 299]]","[[313, 196], [192, 299]]"
Faces,logistic_regression,adwin,0.55,4,4042,0.6583687695501508,0.6580128205128205,0.6581107460504774,0.659,0.6583687695501508,0.6580128205128205,0.6581107460504774,0.5800000000000001,0.69,0.659,0.6583687695501508,0.6580128205128205,0.6581107460504774,0.5800000000000001,0.69,0.0,"[[355, 165], [176, 304]]","[[355, 165], [176, 304]]"
Faces,logistic_regression,adwin,0.55,5,5042,0.6325092583324993,0.6324795561799776,0.631998527994112,0.632,0.6325092583324993,0.6324795561799776,0.631998527994112,0.69,0.63,0.632,0.6325092583324993,0.6324795561799776,0.631998527994112,0.69,0.63,0.0,"[[317, 170], [198, 315]]","[[317, 170], [198, 315]]"
Faces,logistic_regression,adwin,0.55,6,6042,0.6090217443479096,0.6090309030903089,0.6089964809683286,0.609,0.6090217443479096,0.6090309030903089,0.6089964809683286,0.54,0.5800000000000001,0.609,0.6090217443479096,0.6090309030903089,0.6089964809683286,0.54,0.5800000000000001,0.0,"[[303, 192], [199, 306]]","[[303, 192], [199, 306]]"
Faces,logistic_regression,adwin,0.55,7,7042,0.6032661615089017,0.60308564937039,0.602856631243879,0.603,0.6032661615089017,0.60308564937039,0.602856631243879,0.5700000000000001,0.65,0.603,0.6032661615089017,0.60308564937039,0.602856631243879,0.5700000000000001,0.65,0.0,"[[311, 187], [210, 292]]","[[311, 187], [210, 292]]"
Faces,logistic_regression,adwin,0.55,8,8042,0.6261206454918034,0.6260500168002687,0.6259625962596259,0.626,0.6261206454918034,0.6260500168002687,0.6259625962596259,0.63,0.6799999999999999,0.626,0.6261206454918034,0.6260500168002687,0.6259625962596259,0.63,0.6799999999999999,0.0,"[[318, 180], [194, 308]]","[[318, 180], [194, 308]]"
Faces,logistic_regression,adwin,0.55,9,9042,0.6176951696709219,0.617491675204918,0.6175042855540781,0.618,0.6176951696709219,0.617491675204918,0.6175042855540781,0.5700000000000001,0.64,0.618,0.6176951696709219,0.617491675204918,0.6175042855540781,0.5700000000000001,0.64,0.0,"[[327, 185], [197, 291]]","[[327, 185], [197, 291]]"
Faces,hoeffding_tree,adwin,0.55,0,42,0.5908278495409862,0.5849897573778887,0.5793333503093886,0.587,0.5908278495409862,0.5849897573778887,0.5793333503093886,0.53,0.5900000000000001,0.587,0.5908278495409862,0.5849897573778887,0.5793333503093886,0.53,0.5900000000000001,0.0,"[[361, 147], [266, 226]]","[[361, 147], [266, 226]]"
Faces,hoeffding_tree,adwin,0.55,1,1042,0.6217234566044672,0.6165808498465699,0.6133211863548943,0.618,0.6217234566044672,0.6165808498465699,0.6133211863548943,0.5800000000000001,0.62,0.618,0.6217234566044672,0.6165808498465699,0.6133211863548943,0.5800000000000001,0.62,0.0,"[[364, 143], [239, 254]]","[[364, 143], [239, 254]]"
Faces,hoeffding_tree,adwin,0.55,2,2042,0.6371921182266009,0.6336821389142226,0.6315223563239221,0.634,0.6371921182266009,0.6336821389142226,0.6315223563239221,0.45999999999999996,0.72,0.634,0.6371921182266009,0.6336821389142226,0.6315223563239221,0.45999999999999996,0.72,0.0,"[[358, 144], [222, 276]]","[[358, 144], [222, 276]]"
Faces,hoeffding_tree,adwin,0.55,3,3042,0.6372445274406059,0.632332875851776,0.6299980590062111,0.634,0.6372445274406059,0.632332875851776,0.6299980590062111,0.51,0.64,0.634,0.6372445274406059,0.632332875851776,0.6299980590062111,0.51,0.64,0.0,"[[369, 140], [226, 265]]","[[369, 140], [226, 265]]"
Faces,hoeffding_tree,adwin,0.55,4,4042,0.6463857243673757,0.6454326923076923,0.6455022469935477,0.647,0.6463857243673757,0.6454326923076923,0.6455022469935477,0.53,0.65,0.647,0.6463857243673757,0.6454326923076923,0.6455022469935477,0.53,0.65,0.0,"[[356, 164], [189, 291]]","[[356, 164], [189, 291]]"
Faces,hoeffding_tree,adwin,0.55,5,5042,0.6258469776542066,0.622292669844815,0.618019814719506,0.62,0.6258469776542066,0.622292669844815,0.618019814719506,0.6599999999999999,0.5900000000000001,0.62,0.6258469776542066,0.622292669844815,0.618019814719506,0.6599999999999999,0.5900000000000001,0.0,"[[346, 141], [239, 274]]","[[346, 141], [239, 274]]"
Faces,hoeffding_tree,adwin,0.55,6,6042,0.6088812606451217,0.5994799479947995,0.5897272604803252,0.598,0.6088812606451217,0.5994799479947995,0.5897272604803252,0.62,0.5800000000000001,0.598,0.6088812606451217,0.5994799479947995,0.5897272604803252,0.62,0.5800000000000001,0.0,"[[370, 125], [277, 228]]","[[370, 125], [277, 228]]"
Faces,hoeffding_tree,adwin,0.55,7,7042,0.6177004342471968,0.6162258596137538,0.614876981277405,0.616,0.6177004342471968,0.6162258596137538,0.614876981277405,0.51,0.6599999999999999,0.616,0.6177004342471968,0.6162258596137538,0.614876981277405,0.51,0.6599999999999999,0.0,"[[335, 163], [221, 281]]","[[335, 163], [221, 281]]"
Faces,hoeffding_tree,adwin,0.55,8,8042,0.616030159056381,0.6151738427814846,0.6143517252501456,0.615,0.616030159056381,0.6151738427814846,0.6143517252501456,0.44999999999999996,0.61,0.615,0.616030159056381,0.6151738427814846,0.6143517252501456,0.44999999999999996,0.61,0.0,"[[328, 170], [215, 287]]","[[328, 170], [215, 287]]"
Faces,hoeffding_tree,adwin,0.55,9,9042,0.6291794092019614,0.6210457223360656,0.6167004432410832,0.624,0.6291794092019614,0.6210457223360656,0.6167004432410832,0.55,0.6,0.624,0.6291794092019614,0.6210457223360656,0.6167004432410832,0.55,0.6,0.0,"[[381, 131], [245, 243]]","[[381, 131], [245, 243]]"
Faces,gaussian_nb,adwin,0.55,0,42,0.5982833481898957,0.5957285064976634,0.5937823499943049,0.597,0.5982833481898957,0.5957285064976634,0.5937823499943049,0.5800000000000001,0.5900000000000001,0.597,0.5982833481898957,0.5957285064976634,0.5937823499943049,0.5800000000000001,0.5900000000000001,0.0,"[[343, 165], [238, 254]]","[[343, 165], [238, 254]]"
Faces,gaussian_nb,adwin,0.55,1,1042,0.6257157035684052,0.6206096394893399,0.6175389745997313,0.622,0.6257157035684052,0.6206096394893399,0.6175389745997313,0.5800000000000001,0.62,0.622,0.6257157035684052,0.6206096394893399,0.6175389745997313,0.5800000000000001,0.62,0.0,"[[365, 142], [236, 257]]","[[365, 142], [236, 257]]"
Faces,gaussian_nb,adwin,0.55,2,2042,0.6360811293121484,0.6326861229779677,0.6305762105172034,0.633,0.6360811293121484,0.6326861229779677,0.6305762105172034,0.5,0.71,0.633,0.6360811293121484,0.6326861229779677,0.6305762105172034,0.5,0.71,0.0,"[[357, 145], [222, 276]]","[[357, 145], [222, 276]]"
Faces,gaussian_nb,adwin,0.55,3,3042,0.6445736434108527,0.6417859386441207,0.6407579704938522,0.643,0.6445736434108527,0.6417859386441207,0.6407579704938522,0.5800000000000001,0.64,0.643,0.6445736434108527,0.6417859386441207,0.6407579704938522,0.5800000000000001,0.64,0.0,"[[361, 148], [209, 282]]","[[361, 148], [209, 282]]"
Faces,gaussian_nb,adwin,0.55,4,4042,0.6554166196683802,0.6545673076923078,0.6546725613257363,0.656,0.6554166196683802,0.6545673076923078,0.6546725613257363,0.5700000000000001,0.65,0.656,0.6554166196683802,0.6545673076923078,0.6546725613257363,0.5700000000000001,0.65,0.0,"[[359, 161], [183, 297]]","[[359, 161], [183, 297]]"
Faces,gaussian_nb,adwin,0.55,5,5042,0.6276648064674777,0.6257229887403886,0.6230576441102758,0.624,0.6276648064674777,0.6257229887403886,0.6230576441102758,0.6799999999999999,0.61,0.624,0.6276648064674777,0.6257229887403886,0.6230576441102758,0.6799999999999999,0.61,0.0,"[[337, 150], [226, 287]]","[[337, 150], [226, 287]]"
Faces,gaussian_nb,adwin,0.55,6,6042,0.6094771037410498,0.6050205020502051,0.6003165170208642,0.604,0.6094771037410498,0.6050205020502051,0.6003165170208642,0.5700000000000001,0.5900000000000001,0.604,0.6094771037410498,0.6050205020502051,0.6003165170208642,0.5700000000000001,0.5900000000000001,0.0,"[[350, 145], [251, 254]]","[[350, 145], [251, 254]]"
Faces,gaussian_nb,adwin,0.55,7,7042,0.6286515388628064,0.6262740203843261,0.6243637284009144,0.626,0.6286515388628064,0.6262740203843261,0.6243637284009144,0.5800000000000001,0.65,0.626,0.6286515388628064,0.6262740203843261,0.6243637284009144,0.5800000000000001,0.65,0.0,"[[346, 152], [222, 280]]","[[346, 152], [222, 280]]"
Faces,gaussian_nb,adwin,0.55,8,8042,0.6267645858833129,0.6242819885118162,0.6222532992557586,0.624,0.6267645858833129,0.6242819885118162,0.6222532992557586,0.51,0.61,0.624,0.6267645858833129,0.6242819885118162,0.6222532992557586,0.51,0.61,0.0,"[[346, 152], [224, 278]]","[[346, 152], [224, 278]]"
Faces,gaussian_nb,adwin,0.55,9,9042,0.6332697839320356,0.6275774846311475,0.624953372581456,0.63,0.6332697839320356,0.6275774846311475,0.624953372581456,0.5700000000000001,0.6,0.63,0.6332697839320356,0.6275774846311475,0.624953372581456,0.5700000000000001,0.6,0.0,"[[373, 139], [231, 257]]","[[373, 139], [231, 257]]"
Faces,logistic_regression,page_hinkley,0.55,0,42,0.5840693804403482,0.584085525894629,0.5839933438935023,0.584,0.5840693804403482,0.584085525894629,0.5839933438935023,0.5,0.56,0.562,0.5618244703847817,0.5617918187055886,0.5617879053461876,0.5,0.47,2.0,"[[294, 214], [202, 290]]","[[292, 216], [222, 270]]"
Faces,logistic_regression,page_hinkley,0.55,1,1042,0.6249019231077164,0.6248284663794104,0.6248345520374485,0.625,0.6249019231077164,0.6248284663794104,0.6248345520374485,0.63,0.62,0.616,0.6159115553439314,0.6158967157562882,0.6159016708277318,0.63,0.5800000000000001,1.0,"[[323, 184], [191, 302]]","[[316, 191], [193, 300]]"
Faces,logistic_regression,page_hinkley,0.55,2,2042,0.6241901340688947,0.6239059824957199,0.6237456520607931,0.624,0.6241901340688947,0.6239059824957199,0.6237456520607931,0.52,0.6599999999999999,0.601,0.6011219740971896,0.6009096145538328,0.600750469043152,0.52,0.65,1.0,"[[325, 177], [199, 299]]","[[313, 189], [210, 288]]"
Faces,logistic_regression,page_hinkley,0.55,3,3042,0.6119211921192119,0.6119462705916717,0.61192393709167,0.612,0.6119211921192119,0.6119462705916717,0.61192393709167,0.5800000000000001,0.6,0.608,0.6078951474489,0.6079089625038512,0.6078996223033096,0.5800000000000001,0.5700000000000001,1.0,"[[313, 196], [192, 299]]","[[312, 197], [195, 296]]"
Faces,logistic_regression,page_hinkley,0.55,4,4042,0.6583687695501508,0.6580128205128205,0.6581107460504774,0.659,0.6583687695501508,0.6580128205128205,0.6581107460504774,0.5800000000000001,0.69,0.639,0.638305258890909,0.6380608974358974,0.6381311528981084,0.5800000000000001,0.61,2.0,"[[355, 165], [176, 304]]","[[344, 176], [185, 295]]"
Faces,logistic_regression,page_hinkley,0.55,5,5042,0.6325092583324993,0.6324795561799776,0.631998527994112,0.632,0.6325092583324993,0.6324795561799776,0.631998527994112,0.69,0.63,0.602,0.6034167420359763,0.6029796142192121,0.6018072747209648,0.69,0.65,2.0,"[[317, 170], [198, 315]]","[[312, 175], [223, 290]]"
Faces,logistic_regression,page_hinkley,0.55,6,6042,0.6090217443479096,0.6090309030903089,0.6089964809683286,0.609,0.6090217443479096,0.6090309030903089,0.6089964809683286,0.54,0.5800000000000001,0.59,0.5899732390366053,0.58997899789979,0.5899737583205324,0.54,0.5900000000000001,1.0,"[[303, 192], [199, 306]]","[[291, 204], [206, 299]]"
Faces,logistic_regression,page_hinkley,0.55,7,7042,0.6032661615089017,0.60308564937039,0.602856631243879,0.603,0.6032661615089017,0.60308564937039,0.602856631243879,0.5700000000000001,0.65,0.573,0.573101416557593,0.5730531688507016,0.5729483267475364,0.5700000000000001,0.63,2.0,"[[311, 187], [210, 292]]","[[292, 206], [221, 281]]"
Faces,logistic_regression,page_hinkley,0.55,8,8042,0.6261206454918034,0.6260500168002687,0.6259625962596259,0.626,0.6261206454918034,0.6260500168002687,0.6259625962596259,0.63,0.6799999999999999,0.622,0.6221891216605804,0.6220659530552488,0.6219258974759052,0.63,0.64,1.0,"[[318, 180], [194, 308]]","[[318, 180], [198, 304]]"
Faces,logistic_regression,page_hinkley,0.55,9,9042,0.6176951696709219,0.617491675204918,0.6175042855540781,0.618,0.6176951696709219,0.617491675204918,0.6175042855540781,0.5700000000000001,0.64,0.596,0.5956849845201238,0.5949987192622951,0.5947290703646635,0.5700000000000001,0.5900000000000001,1.0,"[[327, 185], [197, 291]]","[[326, 186], [218, 270]]"
Faces,hoeffding_tree,page_hinkley,0.55,0,42,0.5908278495409862,0.5849897573778887,0.5793333503093886,0.587,0.5908278495409862,0.5849897573778887,0.5793333503093886,0.53,0.5900000000000001,0.564,0.563961038961039,0.5630561423724474,0.5619745704135924,0.53,0.5700000000000001,1.0,"[[361, 147], [266, 226]]","[[316, 192], [244, 248]]"
Faces,hoeffding_tree,page_hinkley,0.55,1,1042,0.6217234566044672,0.6165808498465699,0.6133211863548943,0.618,0.6217234566044672,0.6165808498465699,0.6133211863548943,0.5800000000000001,0.62,0.584,0.5865890584119704,0.5824901680729423,0.578325954037529,0.5800000000000001,0.62,1.0,"[[364, 143], [239, 254]]","[[350, 157], [259, 234]]"
Faces,hoeffding_tree,page_hinkley,0.55,2,2042,0.6371921182266009,0.6336821389142226,0.6315223563239221,0.634,0.6371921182266009,0.6336821389142226,0.6315223563239221,0.45999999999999996,0.72,0.566,0.5674871339548496,0.5656730507688124,0.5629159348362042,0.45999999999999996,0.7,2.0,"[[358, 144], [222, 276]]","[[325, 177], [257, 241]]"
Faces,hoeffding_tree,page_hinkley,0.55,3,3042,0.6372445274406059,0.632332875851776,0.6299980590062111,0.634,0.6372445274406059,0.632332875851776,0.6299980590062111,0.51,0.64,0.596,0.5962445823778709,0.5962291782537542,0.595998383993536,0.51,0.63,2.0,"[[369, 140], [226, 265]]","[[297, 212], [192, 299]]"
Faces,hoeffding_tree,page_hinkley,0.55,4,4042,0.6463857243673757,0.6454326923076923,0.6455022469935477,0.647,0.6463857243673757,0.6454326923076923,0.6455022469935477,0.53,0.65,0.613,0.612177863514231,0.610897435897436,0.6106917916325896,0.53,0.6599999999999999,2.0,"[[356, 164], [189, 291]]","[[345, 175], [212, 268]]"
Faces,hoeffding_tree,page_hinkley,0.55,5,5042,0.6258469776542066,0.622292669844815,0.618019814719506,0.62,0.6258469776542066,0.622292669844815,0.618019814719506,0.6599999999999999,0.5900000000000001,0.583,0.587275282388503,0.5790494374196957,0.5710366408774307,0.6599999999999999,0.54,2.0,"[[346, 141], [239, 274]]","[[208, 279], [138, 375]]"
Faces,hoeffding_tree,page_hinkley,0.55,6,6042,0.6088812606451217,0.5994799479947995,0.5897272604803252,0.598,0.6088812606451217,0.5994799479947995,0.5897272604803252,0.62,0.5800000000000001,0.598,0.6088812606451217,0.5994799479947995,0.5897272604803252,0.62,0.5800000000000001,0.0,"[[370, 125], [277, 228]]","[[370, 125], [277, 228]]"
Faces,hoeffding_tree,page_hinkley,0.55,7,7042,0.6177004342471968,0.6162258596137538,0.614876981277405,0.616,0.6177004342471968,0.6162258596137538,0.614876981277405,0.51,0.6599999999999999,0.605,0.6057996852852756,0.6051576825229203,0.6044585036915537,0.51,0.64,2.0,"[[335, 163], [221, 281]]","[[321, 177], [218, 284]]"
Faces,hoeffding_tree,page_hinkley,0.55,8,8042,0.616030159056381,0.6151738427814846,0.6143517252501456,0.615,0.616030159056381,0.6151738427814846,0.6143517252501456,0.44999999999999996,0.61,0.591,0.5925828403936986,0.5907174514792237,0.5888087618921231,0.44999999999999996,0.62,1.0,"[[328, 170], [215, 287]]","[[259, 239], [170, 332]]"
Faces,hoeffding_tree,page_hinkley,0.55,9,9042,0.6291794092019614,0.6210457223360656,0.6167004432410832,0.624,0.6291794092019614,0.6210457223360656,0.6167004432410832,0.55,0.6,0.605,0.6065670712729536,0.6027792008196722,0.6004252689036782,0.55,0.62,1.0,"[[381, 131], [245, 243]]","[[356, 156], [239, 249]]"
Faces,gaussian_nb,page_hinkley,0.55,0,42,0.5982833481898957,0.5957285064976634,0.5937823499943049,0.597,0.5982833481898957,0.5957285064976634,0.5937823499943049,0.5800000000000001,0.5900000000000001,0.597,0.5982833481898957,0.5957285064976634,0.5937823499943049,0.5800000000000001,0.5900000000000001,0.0,"[[343, 165], [238, 254]]","[[343, 165], [238, 254]]"
Faces,gaussian_nb,page_hinkley,0.55,1,1042,0.6257157035684052,0.6206096394893399,0.6175389745997313,0.622,0.6257157035684052,0.6206096394893399,0.6175389745997313,0.5800000000000001,0.62,0.607,0.60844143081761,0.6059567675264352,0.6042738425009893,0.5800000000000001,0.64,1.0,"[[365, 142], [236, 257]]","[[345, 162], [231, 262]]"
Faces,gaussian_nb,page_hinkley,0.55,2,2042,0.6360811293121484,0.6326861229779677,0.6305762105172034,0.633,0.6360811293121484,0.6326861229779677,0.6305762105172034,0.5,0.71,0.619,0.6217226851111138,0.6186858989743836,0.6164837498829823,0.5,0.64,2.0,"[[357, 145], [222, 276]]","[[350, 152], [229, 269]]"
Faces,gaussian_nb,page_hinkley,0.55,3,3042,0.6445736434108527,0.6417859386441207,0.6407579704938522,0.643,0.6445736434108527,0.6417859386441207,0.6407579704938522,0.5800000000000001,0.64,0.631,0.6308723489395758,0.6308623994174112,0.6308667428941848,0.5800000000000001,0.65,2.0,"[[361, 148], [209, 282]]","[[325, 184], [185, 306]]"
Faces,gaussian_nb,page_hinkley,0.55,4,4042,0.6554166196683802,0.6545673076923078,0.6546725613257363,0.656,0.6554166196683802,0.6545673076923078,0.6546725613257363,0.5700000000000001,0.65,0.636,0.6353259212911713,0.6351762820512821,0.6352281427500591,0.5700000000000001,0.6599999999999999,2.0,"[[359, 161], [183, 297]]","[[341, 179], [185, 295]]"
Faces,gaussian_nb,page_hinkley,0.55,5,5042,0.6276648064674777,0.6257229887403886,0.6230576441102758,0.624,0.6276648064674777,0.6257229887403886,0.6230576441102758,0.6799999999999999,0.61,0.58,0.5806883342215668,0.5806004859284877,0.5799731182795699,0.6799999999999999,0.51,2.0,"[[337, 150], [226, 287]]","[[294, 193], [227, 286]]"
Faces,gaussian_nb,page_hinkley,0.55,6,6042,0.6094771037410498,0.6050205020502051,0.6003165170208642,0.604,0.6094771037410498,0.6050205020502051,0.6003165170208642,0.5700000000000001,0.5900000000000001,0.598,0.6019568454529329,0.5988798879887989,0.5952786536672587,0.5700000000000001,0.5800000000000001,1.0,"[[350, 145], [251, 254]]","[[340, 155], [247, 258]]"
Faces,gaussian_nb,page_hinkley,0.55,7,7042,0.6286515388628064,0.6262740203843261,0.6243637284009144,0.626,0.6286515388628064,0.6262740203843261,0.6243637284009144,0.5800000000000001,0.65,0.622,0.6250347614140126,0.6222979567673083,0.6200302367472981,0.5800000000000001,0.63,1.0,"[[346, 152], [222, 280]]","[[347, 151], [227, 275]]"
Faces,gaussian_nb,page_hinkley,0.55,8,8042,0.6267645858833129,0.6242819885118162,0.6222532992557586,0.624,0.6267645858833129,0.6242819885118162,0.6222532992557586,0.51,0.61,0.606,0.6069224447702992,0.6061696987151795,0.6053685897435896,0.51,0.64,1.0,"[[346, 152], [224, 278]]","[[323, 175], [219, 283]]"
Faces,gaussian_nb,page_hinkley,0.55,9,9042,0.6332697839320356,0.6275774846311475,0.624953372581456,0.63,0.6332697839320356,0.6275774846311475,0.624953372581456,0.5700000000000001,0.6,0.612,0.6136393746687865,0.6098552766393442,0.6077575051759834,0.5700000000000001,0.61,1.0,"[[373, 139], [231, 257]]","[[358, 154], [234, 254]]"
Faces,logistic_regression,hddm_w,0.55,0,42,0.5840693804403482,0.584085525894629,0.5839933438935023,0.584,0.5840693804403482,0.584085525894629,0.5839933438935023,0.5,0.56,0.576,0.5757906215921482,0.5756353626528392,0.5755653789480428,0.5,0.51,1.0,"[[294, 214], [202, 290]]","[[304, 204], [220, 272]]"
Faces,logistic_regression,hddm_w,0.55,1,1042,0.6249019231077164,0.6248284663794104,0.6248345520374485,0.625,0.6249019231077164,0.6248284663794104,0.6248345520374485,0.63,0.62,0.604,0.603943666494086,0.6036143084044473,0.6034861180089395,0.63,0.6,1.0,"[[323, 184], [191, 302]]","[[320, 187], [209, 284]]"
Faces,logistic_regression,hddm_w,0.55,2,2042,0.6241901340688947,0.6239059824957199,0.6237456520607931,0.624,0.6241901340688947,0.6239059824957199,0.6237456520607931,0.52,0.6599999999999999,0.624,0.6241901340688947,0.6239059824957199,0.6237456520607931,0.52,0.6599999999999999,0.0,"[[325, 177], [199, 299]]","[[325, 177], [199, 299]]"
Faces,logistic_regression,hddm_w,0.55,3,3042,0.6119211921192119,0.6119462705916717,0.61192393709167,0.612,0.6119211921192119,0.6119462705916717,0.61192393709167,0.5800000000000001,0.6,0.611,0.6110377766044257,0.611071987323893,0.6109809380659652,0.5800000000000001,0.56,2.0,"[[313, 196], [192, 299]]","[[309, 200], [189, 302]]"
Faces,logistic_regression,hddm_w,0.55,4,4042,0.6583687695501508,0.6580128205128205,0.6581107460504774,0.659,0.6583687695501508,0.6580128205128205,0.6581107460504774,0.5800000000000001,0.69,0.629,0.62822009103385,0.6276442307692307,0.6277040377554267,0.5800000000000001,0.63,2.0,"[[355, 165], [176, 304]]","[[344, 176], [195, 285]]"
Faces,logistic_regression,hddm_w,0.55,5,5042,0.6325092583324993,0.6324795561799776,0.631998527994112,0.632,0.6325092583324993,0.6324795561799776,0.631998527994112,0.69,0.63,0.638,0.6382788023319557,0.638327509396352,0.6379942079073266,0.69,0.63,1.0,"[[317, 170], [198, 315]]","[[317, 170], [192, 321]]"
Faces,logistic_regression,hddm_w,0.55,6,6042,0.6090217443479096,0.6090309030903089,0.6089964809683286,0.609,0.6090217443479096,0.6090309030903089,0.6089964809683286,0.54,0.5800000000000001,0.609,0.6090217443479096,0.6090309030903089,0.6089964809683286,0.54,0.5800000000000001,0.0,"[[303, 192], [199, 306]]","[[303, 192], [199, 306]]"
Faces,logistic_regression,hddm_w,0.55,7,7042,0.6032661615089017,0.60308564937039,0.602856631243879,0.603,0.6032661615089017,0.60308564937039,0.602856631243879,0.5700000000000001,0.65,0.579,0.5791595083917008,0.5790692651082416,0.5789052536820785,0.5700000000000001,0.69,2.0,"[[311, 187], [210, 292]]","[[297, 201], [220, 282]]"
Faces,logistic_regression,hddm_w,0.55,8,8042,0.6261206454918034,0.6260500168002687,0.6259625962596259,0.626,0.6261206454918034,0.6260500168002687,0.6259625962596259,0.63,0.6799999999999999,0.608,0.6082532051282051,0.608081729307669,0.607872950836071,0.63,0.64,2.0,"[[318, 180], [194, 308]]","[[313, 185], [207, 295]]"
Faces,logistic_regression,hddm_w,0.55,9,9042,0.6176951696709219,0.617491675204918,0.6175042855540781,0.618,0.6176951696709219,0.617491675204918,0.6175042855540781,0.5700000000000001,0.64,0.618,0.6176951696709219,0.617491675204918,0.6175042855540781,0.5700000000000001,0.64,0.0,"[[327, 185], [197, 291]]","[[327, 185], [197, 291]]"
Faces,hoeffding_tree,hddm_w,0.55,0,42,0.5908278495409862,0.5849897573778887,0.5793333503093886,0.587,0.5908278495409862,0.5849897573778887,0.5793333503093886,0.53,0.5900000000000001,0.587,0.5908278495409862,0.5849897573778887,0.5793333503093886,0.53,0.5900000000000001,0.0,"[[361, 147], [266, 226]]","[[361, 147], [266, 226]]"
Faces,hoeffding_tree,hddm_w,0.55,1,1042,0.6217234566044672,0.6165808498465699,0.6133211863548943,0.618,0.6217234566044672,0.6165808498465699,0.6133211863548943,0.5800000000000001,0.62,0.603,0.6032798268845683,0.602348060219803,0.6017954311793174,0.5800000000000001,0.62,1.0,"[[364, 143], [239, 254]]","[[329, 178], [219, 274]]"
Faces,hoeffding_tree,hddm_w,0.55,2,2042,0.6371921182266009,0.6336821389142226,0.6315223563239221,0.634,0.6371921182266009,0.6336821389142226,0.6315223563239221,0.45999999999999996,0.72,0.634,0.6371921182266009,0.6336821389142226,0.6315223563239221,0.45999999999999996,0.72,0.0,"[[358, 144], [222, 276]]","[[358, 144], [222, 276]]"
Faces,hoeffding_tree,hddm_w,0.55,3,3042,0.6372445274406059,0.632332875851776,0.6299980590062111,0.634,0.6372445274406059,0.632332875851776,0.6299980590062111,0.51,0.64,0.624,0.6258446674526268,0.6225817164761382,0.6209295291864099,0.51,0.54,1.0,"[[369, 140], [226, 265]]","[[357, 152], [224, 267]]"
Faces,hoeffding_tree,hddm_w,0.55,4,4042,0.6463857243673757,0.6454326923076923,0.6455022469935477,0.647,0.6463857243673757,0.6454326923076923,0.6455022469935477,0.53,0.65,0.632,0.632,0.6322115384615384,0.6318527410964385,0.53,0.6599999999999999,1.0,"[[356, 164], [189, 291]]","[[326, 194], [174, 306]]"
Faces,hoeffding_tree,hddm_w,0.55,5,5042,0.6258469776542066,0.622292669844815,0.618019814719506,0.62,0.6258469776542066,0.622292669844815,0.618019814719506,0.6599999999999999,0.5900000000000001,0.584,0.5868791086531941,0.5856438952732046,0.5830393225992687,0.6599999999999999,0.6,1.0,"[[346, 141], [239, 274]]","[[316, 171], [245, 268]]"
Faces,hoeffding_tree,hddm_w,0.55,6,6042,0.6088812606451217,0.5994799479947995,0.5897272604803252,0.598,0.6088812606451217,0.5994799479947995,0.5897272604803252,0.62,0.5800000000000001,0.602,0.6126438133573803,0.6034403440344035,0.5942733415158274,0.62,0.6,1.0,"[[370, 125], [277, 228]]","[[370, 125], [273, 232]]"
Faces,hoeffding_tree,hddm_w,0.55,7,7042,0.6177004342471968,0.6162258596137538,0.614876981277405,0.616,0.6177004342471968,0.6162258596137538,0.614876981277405,0.51,0.6599999999999999,0.596,0.5960378294474404,0.5960255364085826,0.5959935358965743,0.51,0.6599999999999999,2.0,"[[335, 163], [221, 281]]","[[300, 198], [206, 296]]"
Faces,hoeffding_tree,hddm_w,0.55,8,8042,0.616030159056381,0.6151738427814846,0.6143517252501456,0.615,0.616030159056381,0.6151738427814846,0.6143517252501456,0.44999999999999996,0.61,0.601,0.6012221648059799,0.6010776172418759,0.6008846556654873,0.44999999999999996,0.5800000000000001,1.0,"[[328, 170], [215, 287]]","[[309, 189], [210, 292]]"
Faces,hoeffding_tree,hddm_w,0.55,9,9042,0.6291794092019614,0.6210457223360656,0.6167004432410832,0.624,0.6291794092019614,0.6210457223360656,0.6167004432410832,0.55,0.6,0.624,0.6291794092019614,0.6210457223360656,0.6167004432410832,0.55,0.6,0.0,"[[381, 131], [245, 243]]","[[381, 131], [245, 243]]"
Faces,gaussian_nb,hddm_w,0.55,0,42,0.5982833481898957,0.5957285064976634,0.5937823499943049,0.597,0.5982833481898957,0.5957285064976634,0.5937823499943049,0.5800000000000001,0.5900000000000001,0.597,0.5982833481898957,0.5957285064976634,0.5937823499943049,0.5800000000000001,0.5900000000000001,0.0,"[[343, 165], [238, 254]]","[[343, 165], [238, 254]]"
Faces,gaussian_nb,hddm_w,0.55,1,1042,0.6257157035684052,0.6206096394893399,0.6175389745997313,0.622,0.6257157035684052,0.6206096394893399,0.6175389745997313,0.5800000000000001,0.62,0.611,0.6113542406821264,0.6103496285271913,0.6098197046064344,0.5800000000000001,0.63,1.0,"[[365, 142], [236, 257]]","[[333, 174], [215, 278]]"
Faces,gaussian_nb,hddm_w,0.55,2,2042,0.6360811293121484,0.6326861229779677,0.6305762105172034,0.633,0.6360811293121484,0.6326861229779677,0.6305762105172034,0.5,0.71,0.631,0.6315724909604996,0.6308540936654986,0.6304378960398767,0.5,0.7,1.0,"[[357, 145], [222, 276]]","[[335, 167], [202, 296]]"
Faces,gaussian_nb,hddm_w,0.55,3,3042,0.6445736434108527,0.6417859386441207,0.6407579704938522,0.643,0.6445736434108527,0.6417859386441207,0.6407579704938522,0.5800000000000001,0.64,0.635,0.6356097521490667,0.6340714391462834,0.6335455422572189,0.5800000000000001,0.56,1.0,"[[361, 148], [209, 282]]","[[349, 160], [205, 286]]"
Faces,gaussian_nb,hddm_w,0.55,4,4042,0.6554166196683802,0.6545673076923078,0.6546725613257363,0.656,0.6554166196683802,0.6545673076923078,0.6546725613257363,0.5700000000000001,0.65,0.631,0.6306823410785094,0.6308493589743589,0.6306894097936364,0.5700000000000001,0.6599999999999999,1.0,"[[359, 161], [183, 297]]","[[330, 190], [179, 301]]"
Faces,gaussian_nb,hddm_w,0.55,5,5042,0.6276648064674777,0.6257229887403886,0.6230576441102758,0.624,0.6276648064674777,0.6257229887403886,0.6230576441102758,0.6799999999999999,0.61,0.613,0.6146502196688071,0.6140651080130168,0.6127579737335835,0.6799999999999999,0.62,1.0,"[[337, 150], [226, 287]]","[[319, 168], [219, 294]]"
Faces,gaussian_nb,hddm_w,0.55,6,6042,0.6094771037410498,0.6050205020502051,0.6003165170208642,0.604,0.6094771037410498,0.6050205020502051,0.6003165170208642,0.5700000000000001,0.5900000000000001,0.601,0.6054915209326974,0.601930193019302,0.5979569360489545,0.5700000000000001,0.62,1.0,"[[350, 145], [251, 254]]","[[344, 151], [248, 257]]"
Faces,gaussian_nb,hddm_w,0.55,7,7042,0.6286515388628064,0.6262740203843261,0.6243637284009144,0.626,0.6286515388628064,0.6262740203843261,0.6243637284009144,0.5800000000000001,0.65,0.618,0.6183687215344154,0.618097889566233,0.6178150224708758,0.5800000000000001,0.6699999999999999,1.0,"[[346, 152], [222, 280]]","[[320, 178], [204, 298]]"
Faces,gaussian_nb,hddm_w,0.55,8,8042,0.6267645858833129,0.6242819885118162,0.6222532992557586,0.624,0.6267645858833129,0.6242819885118162,0.6222532992557586,0.51,0.61,0.616,0.6169082125603864,0.6161618585897375,0.6154447021499044,0.51,0.5700000000000001,1.0,"[[346, 152], [224, 278]]","[[327, 171], [213, 289]]"
Faces,gaussian_nb,hddm_w,0.55,9,9042,0.6332697839320356,0.6275774846311475,0.624953372581456,0.63,0.6332697839320356,0.6275774846311475,0.624953372581456,0.5700000000000001,0.6,0.63,0.6332697839320356,0.6275774846311475,0.624953372581456,0.5700000000000001,0.6,0.0,"[[373, 139], [231, 257]]","[[373, 139], [231, 257]]"
Faces,logistic_regression,kswin,0.65,0,100042,0.611395713329405,0.6118760064412239,0.6114578763110787,0.613,0.611395713329405,0.6118760064412239,0.6114578763110787,0.5700000000000001,0.5800000000000001,0.609,0.6073872313816034,0.6078502415458937,0.6074419370481441,0.5700000000000001,0.54,1.0,"[[338, 202], [185, 275]]","[[336, 204], [187, 273]]"
Faces,logistic_regression,kswin,0.65,1,101042,0.608363267937736,0.6082592188068862,0.607960796079608,0.608,0.608363267937736,0.6082592188068862,0.607960796079608,0.5700000000000001,0.63,0.608,0.608363267937736,0.6082592188068862,0.607960796079608,0.5700000000000001,0.63,0.0,"[[309, 184], [208, 299]]","[[309, 184], [208, 299]]"
Faces,logistic_regression,kswin,0.65,2,102042,0.6157415741574157,0.6160684556165779,0.6156063809340764,0.616,0.6157415741574157,0.6160684556165779,0.6156063809340764,0.6599999999999999,0.62,0.616,0.6157415741574157,0.6160684556165779,0.6156063809340764,0.6599999999999999,0.62,0.0,"[[292, 181], [203, 324]]","[[292, 181], [203, 324]]"
Faces,logistic_regression,kswin,0.65,3,103042,0.6223127975761074,0.622291722598664,0.6223016357244545,0.623,0.6223127975761074,0.622291722598664,0.6223016357244545,0.5900000000000001,0.6599999999999999,0.604,0.6030629421761191,0.6027953309638201,0.6028418869423239,0.5900000000000001,0.63,1.0,"[[333, 188], [189, 290]]","[[329, 192], [204, 275]]"
Faces,logistic_regression,kswin,0.65,4,104042,0.6318205314174203,0.6316912459368145,0.6309819181139876,0.631,0.6318205314174203,0.6316912459368145,0.6309819181139876,0.55,0.5900000000000001,0.622,0.6231702619414483,0.6228803381851371,0.6219258974759052,0.55,0.5800000000000001,2.0,"[[319, 167], [202, 312]]","[[318, 168], [210, 304]]"
Faces,logistic_regression,kswin,0.65,5,105042,0.6220898808928035,0.6225466557361239,0.6220926444392987,0.623,0.6220898808928035,0.6225466557361239,0.6220926444392987,0.6,0.5700000000000001,0.623,0.6220898808928035,0.6225466557361239,0.6220926444392987,0.6,0.5700000000000001,0.0,"[[287, 179], [198, 336]]","[[287, 179], [198, 336]]"
Faces,logistic_regression,kswin,0.65,6,106042,0.6130987397900585,0.6130458087329398,0.6129686504606873,0.613,0.6130987397900585,0.6130458087329398,0.6129686504606873,0.63,0.61,0.612,0.612,0.6120017920286724,0.6119984479937919,0.63,0.5900000000000001,1.0,"[[311, 187], [200, 302]]","[[305, 193], [195, 307]]"
Faces,logistic_regression,kswin,0.65,7,107042,0.6272291359291808,0.6278818138955717,0.6273270712227188,0.629,0.6272291359291808,0.6278818138955717,0.6273270712227188,0.52,0.63,0.612,0.6091089699416887,0.6091089699416887,0.6091089699416887,0.53,0.65,3.0,"[[348, 195], [176, 281]]","[[349, 194], [194, 263]]"
Faces,logistic_regression,kswin,0.65,8,108042,0.6193225681935152,0.6188580400198658,0.6188886793890986,0.62,0.6193225681935152,0.6188580400198658,0.6188886793890986,0.53,0.53,0.615,0.6143099340728212,0.6139596917605217,0.6139960036053776,0.53,0.5,1.0,"[[337, 181], [199, 283]]","[[333, 185], [200, 282]]"
Faces,logistic_regression,kswin,0.65,9,109042,0.6058152337103393,0.6059641413817436,0.604968002408195,0.605,0.6058152337103393,0.6059641413817436,0.604968002408195,0.55,0.61,0.605,0.6058152337103393,0.6059641413817436,0.604968002408195,0.55,0.61,0.0,"[[298, 178], [217, 307]]","[[298, 178], [217, 307]]"
Faces,hoeffding_tree,kswin,0.65,0,100042,0.6503175129554195,0.6222624798711756,0.6130425042259833,0.639,0.6503175129554195,0.6222624798711756,0.6130425042259833,0.62,0.6799999999999999,0.607,0.6135525277174446,0.5886070853462158,0.5743394951211508,0.62,0.65,1.0,"[[449, 91], [270, 190]]","[[442, 98], [295, 165]]"
Faces,hoeffding_tree,kswin,0.65,1,101042,0.624079810321421,0.6038483542774383,0.5852283063489175,0.601,0.624079810321421,0.6038483542774383,0.5852283063489175,0.5700000000000001,0.63,0.601,0.624079810321421,0.6038483542774383,0.5852283063489175,0.5700000000000001,0.63,0.0,"[[398, 95], [304, 203]]","[[398, 95], [304, 203]]"
Faces,hoeffding_tree,kswin,0.65,2,102042,0.6310281681820866,0.6156793208997436,0.5974185743304274,0.606,0.6310281681820866,0.6156793208997436,0.5974185743304274,0.65,0.5900000000000001,0.606,0.6310281681820866,0.6156793208997436,0.5974185743304274,0.65,0.5900000000000001,0.0,"[[376, 97], [297, 230]]","[[376, 97], [297, 230]]"
Faces,hoeffding_tree,kswin,0.65,3,103042,0.6453145103463708,0.6144999779611234,0.5985033571953324,0.624,0.6453145103463708,0.6144999779611234,0.5985033571953324,0.6799999999999999,0.64,0.618,0.6219792422320477,0.6206067503075425,0.6175042855540781,0.6799999999999999,0.5700000000000001,2.0,"[[438, 83], [293, 186]]","[[291, 230], [152, 327]]"
Faces,hoeffding_tree,kswin,0.65,4,104042,0.647926803469431,0.6343613392900034,0.6228169255297893,0.63,0.647926803469431,0.6343613392900034,0.6228169255297893,0.6699999999999999,0.54,0.599,0.5999498746867168,0.5997782261292853,0.5989514731282485,0.6699999999999999,0.5900000000000001,6.0,"[[384, 102], [268, 246]]","[[305, 181], [220, 294]]"
Faces,hoeffding_tree,kswin,0.65,5,105042,0.6298835981788673,0.6122349745221907,0.5893879833010953,0.599,0.6298835981788673,0.6122349745221907,0.5893879833010953,0.6599999999999999,0.5900000000000001,0.605,0.6053505350535053,0.6058293549372298,0.604667525388852,0.6599999999999999,0.5900000000000001,1.0,"[[376, 90], [311, 223]]","[[288, 178], [217, 317]]"
Faces,hoeffding_tree,kswin,0.65,6,106042,0.6278128629500581,0.6126898030368486,0.6004530944289981,0.612,0.6278128629500581,0.6126898030368486,0.6004530944289981,0.5700000000000001,0.6,0.611,0.6114329384485159,0.611109777756444,0.6107567229518449,0.5700000000000001,0.5900000000000001,1.0,"[[391, 107], [281, 221]]","[[318, 180], [209, 293]]"
Faces,hoeffding_tree,kswin,0.65,7,107042,0.638110051712993,0.6102070916498422,0.5995937657504811,0.629,0.638110051712993,0.6102070916498422,0.5995937657504811,0.63,0.7,0.629,0.638110051712993,0.6102070916498422,0.5995937657504811,0.63,0.7,0.0,"[[450, 93], [278, 179]]","[[450, 93], [278, 179]]"
Faces,hoeffding_tree,kswin,0.65,8,108042,0.6106797156360033,0.5993327352248514,0.5919248645862066,0.605,0.6106797156360033,0.5993327352248514,0.5919248645862066,0.44999999999999996,0.6,0.586,0.5858614951356886,0.5859674137682437,0.5857995269710541,0.44999999999999996,0.5800000000000001,1.0,"[[392, 126], [269, 213]]","[[304, 214], [200, 282]]"
Faces,hoeffding_tree,kswin,0.65,9,109042,0.6206278048383311,0.6009766502020656,0.5774614420652115,0.591,0.6206278048383311,0.6009766502020656,0.5774614420652115,0.5900000000000001,0.53,0.584,0.5866272418182698,0.5862146385271666,0.5838651723158303,0.5900000000000001,0.6799999999999999,4.0,"[[385, 91], [318, 206]]","[[301, 175], [241, 283]]"
Faces,gaussian_nb,kswin,0.65,0,100042,0.64486466254955,0.6371175523349436,0.6364592361946935,0.646,0.64486466254955,0.6371175523349436,0.6364592361946935,0.62,0.69,0.646,0.64486466254955,0.6371175523349436,0.6364592361946935,0.62,0.69,0.0,"[[404, 136], [218, 242]]","[[404, 136], [218, 242]]"
Faces,gaussian_nb,kswin,0.65,1,101042,0.6194339364659769,0.6153246036223099,0.6111238721584842,0.614,0.6194339364659769,0.6153246036223099,0.6111238721584842,0.63,0.62,0.615,0.6203630100688924,0.6163107969161956,0.6121981315000882,0.63,0.63,1.0,"[[350, 143], [243, 264]]","[[350, 143], [242, 265]]"
Faces,gaussian_nb,kswin,0.65,2,102042,0.6357511922847434,0.628693269574078,0.6189131968948482,0.622,0.6357511922847434,0.628693269574078,0.6189131968948482,0.73,0.61,0.628,0.6335217919693047,0.6317862888181938,0.6275172623720342,0.73,0.62,2.0,"[[356, 117], [261, 266]]","[[332, 141], [231, 296]]"
Faces,gaussian_nb,kswin,0.65,3,103042,0.6354015675308182,0.6268898336665878,0.6237588130408467,0.632,0.6354015675308182,0.6268898336665878,0.6237588130408467,0.65,0.63,0.626,0.6300063572790846,0.6204584887741977,0.616424419200932,0.65,0.5700000000000001,1.0,"[[390, 131], [237, 242]]","[[392, 129], [245, 234]]"
Faces,gaussian_nb,kswin,0.65,4,104042,0.6468538039671285,0.6376359065507358,0.6293505735951779,0.634,0.6468538039671285,0.6376359065507358,0.6293505735951779,0.6599999999999999,0.5700000000000001,0.624,0.6252910477719791,0.6249379513538614,0.6239037193521542,0.6599999999999999,0.55,3.0,"[[373, 113], [253, 261]]","[[320, 166], [210, 304]]"
Faces,gaussian_nb,kswin,0.65,5,105042,0.6262429029973838,0.6196452395878542,0.6081690211780111,0.611,0.6262429029973838,0.6196452395878542,0.6081690211780111,0.69,0.56,0.624,0.6232549948770492,0.62375624889489,0.6232026969066545,0.69,0.56,2.0,"[[348, 118], [271, 263]]","[[289, 177], [199, 335]]"
Faces,gaussian_nb,kswin,0.65,6,106042,0.6298196287344415,0.6263300212803404,0.6235909822866345,0.626,0.6298196287344415,0.6263300212803404,0.6235909822866345,0.5900000000000001,0.5800000000000001,0.626,0.6298196287344415,0.6263300212803404,0.6235909822866345,0.5900000000000001,0.5800000000000001,0.0,"[[353, 145], [229, 273]]","[[353, 145], [229, 273]]"
Faces,gaussian_nb,kswin,0.65,7,107042,0.6424337957124842,0.6365499232322256,0.6364906086580768,0.645,0.6424337957124842,0.6365499232322256,0.6364906086580768,0.6,0.7,0.638,0.6357333333333334,0.6281981535436085,0.6274861696522656,0.61,0.71,1.0,"[[399, 144], [211, 246]]","[[403, 140], [222, 235]]"
Faces,gaussian_nb,kswin,0.65,8,108042,0.6248663807739225,0.619302616190583,0.617015873015873,0.623,0.6248663807739225,0.619302616190583,0.617015873015873,0.51,0.6,0.623,0.6248663807739225,0.619302616190583,0.617015873015873,0.51,0.6,0.0,"[[374, 144], [233, 249]]","[[374, 144], [233, 249]]"
Faces,gaussian_nb,kswin,0.65,9,109042,0.6142215744417081,0.6093399191737764,0.6013192707767026,0.604,0.6142215744417081,0.6093399191737764,0.6013192707767026,0.64,0.53,0.579,0.5784290180161789,0.5785569953172108,0.5784228608965674,0.64,0.5700000000000001,5.0,"[[343, 133], [263, 261]]","[[271, 205], [216, 308]]"
Faces,logistic_regression,adwin,0.65,0,100042,0.611395713329405,0.6118760064412239,0.6114578763110787,0.613,0.611395713329405,0.6118760064412239,0.6114578763110787,0.5700000000000001,0.5800000000000001,0.613,0.611395713329405,0.6118760064412239,0.6114578763110787,0.5700000000000001,0.5800000000000001,0.0,"[[338, 202], [185, 275]]","[[338, 202], [185, 275]]"
Faces,logistic_regression,adwin,0.65,1,101042,0.608363267937736,0.6082592188068862,0.607960796079608,0.608,0.608363267937736,0.6082592188068862,0.607960796079608,0.5700000000000001,0.63,0.608,0.608363267937736,0.6082592188068862,0.607960796079608,0.5700000000000001,0.63,0.0,"[[309, 184], [208, 299]]","[[309, 184], [208, 299]]"
Faces,logistic_regression,adwin,0.65,2,102042,0.6157415741574157,0.6160684556165779,0.6156063809340764,0.616,0.6157415741574157,0.6160684556165779,0.6156063809340764,0.6599999999999999,0.62,0.616,0.6157415741574157,0.6160684556165779,0.6156063809340764,0.6599999999999999,0.62,0.0,"[[292, 181], [203, 324]]","[[292, 181], [203, 324]]"
Faces,logistic_regression,adwin,0.65,3,103042,0.6223127975761074,0.622291722598664,0.6223016357244545,0.623,0.6223127975761074,0.622291722598664,0.6223016357244545,0.5900000000000001,0.6599999999999999,0.623,0.6223127975761074,0.622291722598664,0.6223016357244545,0.5900000000000001,0.6599999999999999,0.0,"[[333, 188], [189, 290]]","[[333, 188], [189, 290]]"
Faces,logistic_regression,adwin,0.65,4,104042,0.6318205314174203,0.6316912459368145,0.6309819181139876,0.631,0.6318205314174203,0.6316912459368145,0.6309819181139876,0.55,0.5900000000000001,0.631,0.6318205314174203,0.6316912459368145,0.6309819181139876,0.55,0.5900000000000001,0.0,"[[319, 167], [202, 312]]","[[319, 167], [202, 312]]"
Faces,logistic_regression,adwin,0.65,5,105042,0.6220898808928035,0.6225466557361239,0.6220926444392987,0.623,0.6220898808928035,0.6225466557361239,0.6220926444392987,0.6,0.5700000000000001,0.623,0.6220898808928035,0.6225466557361239,0.6220926444392987,0.6,0.5700000000000001,0.0,"[[287, 179], [198, 336]]","[[287, 179], [198, 336]]"
Faces,logistic_regression,adwin,0.65,6,106042,0.6130987397900585,0.6130458087329398,0.6129686504606873,0.613,0.6130987397900585,0.6130458087329398,0.6129686504606873,0.63,0.61,0.613,0.6130987397900585,0.6130458087329398,0.6129686504606873,0.63,0.61,0.0,"[[311, 187], [200, 302]]","[[311, 187], [200, 302]]"
Faces,logistic_regression,adwin,0.65,7,107042,0.6272291359291808,0.6278818138955717,0.6273270712227188,0.629,0.6272291359291808,0.6278818138955717,0.6273270712227188,0.52,0.63,0.629,0.6272291359291808,0.6278818138955717,0.6273270712227188,0.52,0.63,0.0,"[[348, 195], [176, 281]]","[[348, 195], [176, 281]]"
Faces,logistic_regression,adwin,0.65,8,108042,0.6193225681935152,0.6188580400198658,0.6188886793890986,0.62,0.6193225681935152,0.6188580400198658,0.6188886793890986,0.53,0.53,0.62,0.6193225681935152,0.6188580400198658,0.6188886793890986,0.53,0.53,0.0,"[[337, 181], [199, 283]]","[[337, 181], [199, 283]]"
Faces,logistic_regression,adwin,0.65,9,109042,0.6058152337103393,0.6059641413817436,0.604968002408195,0.605,0.6058152337103393,0.6059641413817436,0.604968002408195,0.55,0.61,0.605,0.6058152337103393,0.6059641413817436,0.604968002408195,0.55,0.61,0.0,"[[298, 178], [217, 307]]","[[298, 178], [217, 307]]"
Faces,hoeffding_tree,adwin,0.65,0,100042,0.6503175129554195,0.6222624798711756,0.6130425042259833,0.639,0.6503175129554195,0.6222624798711756,0.6130425042259833,0.62,0.6799999999999999,0.639,0.6503175129554195,0.6222624798711756,0.6130425042259833,0.62,0.6799999999999999,0.0,"[[449, 91], [270, 190]]","[[449, 91], [270, 190]]"
Faces,hoeffding_tree,adwin,0.65,1,101042,0.624079810321421,0.6038483542774383,0.5852283063489175,0.601,0.624079810321421,0.6038483542774383,0.5852283063489175,0.5700000000000001,0.63,0.601,0.624079810321421,0.6038483542774383,0.5852283063489175,0.5700000000000001,0.63,0.0,"[[398, 95], [304, 203]]","[[398, 95], [304, 203]]"
Faces,hoeffding_tree,adwin,0.65,2,102042,0.6310281681820866,0.6156793208997436,0.5974185743304274,0.606,0.6310281681820866,0.6156793208997436,0.5974185743304274,0.65,0.5900000000000001,0.606,0.6310281681820866,0.6156793208997436,0.5974185743304274,0.65,0.5900000000000001,0.0,"[[376, 97], [297, 230]]","[[376, 97], [297, 230]]"
Faces,hoeffding_tree,adwin,0.65,3,103042,0.6453145103463708,0.6144999779611234,0.5985033571953324,0.624,0.6453145103463708,0.6144999779611234,0.5985033571953324,0.6799999999999999,0.64,0.624,0.6453145103463708,0.6144999779611234,0.5985033571953324,0.6799999999999999,0.64,0.0,"[[438, 83], [293, 186]]","[[438, 83], [293, 186]]"
Faces,hoeffding_tree,adwin,0.65,4,104042,0.647926803469431,0.6343613392900034,0.6228169255297893,0.63,0.647926803469431,0.6343613392900034,0.6228169255297893,0.6699999999999999,0.54,0.63,0.647926803469431,0.6343613392900034,0.6228169255297893,0.6699999999999999,0.54,0.0,"[[384, 102], [268, 246]]","[[384, 102], [268, 246]]"
Faces,hoeffding_tree,adwin,0.65,5,105042,0.6298835981788673,0.6122349745221907,0.5893879833010953,0.599,0.6298835981788673,0.6122349745221907,0.5893879833010953,0.6599999999999999,0.5900000000000001,0.599,0.6298835981788673,0.6122349745221907,0.5893879833010953,0.6599999999999999,0.5900000000000001,0.0,"[[376, 90], [311, 223]]","[[376, 90], [311, 223]]"
Faces,hoeffding_tree,adwin,0.65,6,106042,0.6278128629500581,0.6126898030368486,0.6004530944289981,0.612,0.6278128629500581,0.6126898030368486,0.6004530944289981,0.5700000000000001,0.6,0.612,0.6278128629500581,0.6126898030368486,0.6004530944289981,0.5700000000000001,0.6,0.0,"[[391, 107], [281, 221]]","[[391, 107], [281, 221]]"
Faces,hoeffding_tree,adwin,0.65,7,107042,0.638110051712993,0.6102070916498422,0.5995937657504811,0.629,0.638110051712993,0.6102070916498422,0.5995937657504811,0.63,0.7,0.629,0.638110051712993,0.6102070916498422,0.5995937657504811,0.63,0.7,0.0,"[[450, 93], [278, 179]]","[[450, 93], [278, 179]]"
Faces,hoeffding_tree,adwin,0.65,8,108042,0.6106797156360033,0.5993327352248514,0.5919248645862066,0.605,0.6106797156360033,0.5993327352248514,0.5919248645862066,0.44999999999999996,0.6,0.605,0.6106797156360033,0.5993327352248514,0.5919248645862066,0.44999999999999996,0.6,0.0,"[[392, 126], [269, 213]]","[[392, 126], [269, 213]]"
Faces,hoeffding_tree,adwin,0.65,9,109042,0.6206278048383311,0.6009766502020656,0.5774614420652115,0.591,0.6206278048383311,0.6009766502020656,0.5774614420652115,0.5900000000000001,0.53,0.591,0.6206278048383311,0.6009766502020656,0.5774614420652115,0.5900000000000001,0.53,0.0,"[[385, 91], [318, 206]]","[[385, 91], [318, 206]]"
Faces,gaussian_nb,adwin,0.65,0,100042,0.64486466254955,0.6371175523349436,0.6364592361946935,0.646,0.64486466254955,0.6371175523349436,0.6364592361946935,0.62,0.69,0.646,0.64486466254955,0.6371175523349436,0.6364592361946935,0.62,0.69,0.0,"[[404, 136], [218, 242]]","[[404, 136], [218, 242]]"
Faces,gaussian_nb,adwin,0.65,1,101042,0.6194339364659769,0.6153246036223099,0.6111238721584842,0.614,0.6194339364659769,0.6153246036223099,0.6111238721584842,0.63,0.62,0.614,0.6194339364659769,0.6153246036223099,0.6111238721584842,0.63,0.62,0.0,"[[350, 143], [243, 264]]","[[350, 143], [243, 264]]"
Faces,gaussian_nb,adwin,0.65,2,102042,0.6357511922847434,0.628693269574078,0.6189131968948482,0.622,0.6357511922847434,0.628693269574078,0.6189131968948482,0.73,0.61,0.622,0.6357511922847434,0.628693269574078,0.6189131968948482,0.73,0.61,0.0,"[[356, 117], [261, 266]]","[[356, 117], [261, 266]]"
Faces,gaussian_nb,adwin,0.65,3,103042,0.6354015675308182,0.6268898336665878,0.6237588130408467,0.632,0.6354015675308182,0.6268898336665878,0.6237588130408467,0.65,0.63,0.632,0.6354015675308182,0.6268898336665878,0.6237588130408467,0.65,0.63,0.0,"[[390, 131], [237, 242]]","[[390, 131], [237, 242]]"
Faces,gaussian_nb,adwin,0.65,4,104042,0.6468538039671285,0.6376359065507358,0.6293505735951779,0.634,0.6468538039671285,0.6376359065507358,0.6293505735951779,0.6599999999999999,0.5700000000000001,0.634,0.6468538039671285,0.6376359065507358,0.6293505735951779,0.6599999999999999,0.5700000000000001,0.0,"[[373, 113], [253, 261]]","[[373, 113], [253, 261]]"
Faces,gaussian_nb,adwin,0.65,5,105042,0.6262429029973838,0.6196452395878542,0.6081690211780111,0.611,0.6262429029973838,0.6196452395878542,0.6081690211780111,0.69,0.56,0.611,0.6262429029973838,0.6196452395878542,0.6081690211780111,0.69,0.56,0.0,"[[348, 118], [271, 263]]","[[348, 118], [271, 263]]"
Faces,gaussian_nb,adwin,0.65,6,106042,0.6298196287344415,0.6263300212803404,0.6235909822866345,0.626,0.6298196287344415,0.6263300212803404,0.6235909822866345,0.5900000000000001,0.5800000000000001,0.626,0.6298196287344415,0.6263300212803404,0.6235909822866345,0.5900000000000001,0.5800000000000001,0.0,"[[353, 145], [229, 273]]","[[353, 145], [229, 273]]"
Faces,gaussian_nb,adwin,0.65,7,107042,0.6424337957124842,0.6365499232322256,0.6364906086580768,0.645,0.6424337957124842,0.6365499232322256,0.6364906086580768,0.6,0.7,0.645,0.6424337957124842,0.6365499232322256,0.6364906086580768,0.6,0.7,0.0,"[[399, 144], [211, 246]]","[[399, 144], [211, 246]]"
Faces,gaussian_nb,adwin,0.65,8,108042,0.6248663807739225,0.619302616190583,0.617015873015873,0.623,0.6248663807739225,0.619302616190583,0.617015873015873,0.51,0.6,0.623,0.6248663807739225,0.619302616190583,0.617015873015873,0.51,0.6,0.0,"[[374, 144], [233, 249]]","[[374, 144], [233, 249]]"
Faces,gaussian_nb,adwin,0.65,9,109042,0.6142215744417081,0.6093399191737764,0.6013192707767026,0.604,0.6142215744417081,0.6093399191737764,0.6013192707767026,0.64,0.53,0.604,0.6142215744417081,0.6093399191737764,0.6013192707767026,0.64,0.53,0.0,"[[343, 133], [263, 261]]","[[343, 133], [263, 261]]"
Faces,logistic_regression,page_hinkley,0.65,0,100042,0.611395713329405,0.6118760064412239,0.6114578763110787,0.613,0.611395713329405,0.6118760064412239,0.6114578763110787,0.5700000000000001,0.5800000000000001,0.61,0.6082126068890279,0.6086151368760064,0.6082937274768893,0.5700000000000001,0.5900000000000001,1.0,"[[338, 202], [185, 275]]","[[338, 202], [188, 272]]"
Faces,logistic_regression,page_hinkley,0.65,1,101042,0.608363267937736,0.6082592188068862,0.607960796079608,0.608,0.608363267937736,0.6082592188068862,0.607960796079608,0.5700000000000001,0.63,0.6,0.6008215580692181,0.600453688923029,0.5997694672131147,0.5700000000000001,0.5900000000000001,1.0,"[[309, 184], [208, 299]]","[[312, 181], [219, 288]]"
Faces,logistic_regression,page_hinkley,0.65,2,102042,0.6157415741574157,0.6160684556165779,0.6156063809340764,0.616,0.6157415741574157,0.6160684556165779,0.6156063809340764,0.6599999999999999,0.62,0.616,0.6157415741574157,0.6160684556165779,0.6156063809340764,0.6599999999999999,0.62,0.0,"[[292, 181], [203, 324]]","[[292, 181], [203, 324]]"
Faces,logistic_regression,page_hinkley,0.65,3,103042,0.6223127975761074,0.622291722598664,0.6223016357244545,0.623,0.6223127975761074,0.622291722598664,0.6223016357244545,0.5900000000000001,0.6599999999999999,0.62,0.6192864100436524,0.6192443470281577,0.6192628929607721,0.5900000000000001,0.63,1.0,"[[333, 188], [189, 290]]","[[332, 189], [191, 288]]"
Faces,logistic_regression,page_hinkley,0.65,4,104042,0.6318205314174203,0.6316912459368145,0.6309819181139876,0.631,0.6318205314174203,0.6316912459368145,0.6309819181139876,0.55,0.5900000000000001,0.625,0.6257135303378079,0.625630494307537,0.6249906247656192,0.55,0.62,3.0,"[[319, 167], [202, 312]]","[[315, 171], [204, 310]]"
Faces,logistic_regression,page_hinkley,0.65,5,105042,0.6220898808928035,0.6225466557361239,0.6220926444392987,0.623,0.6220898808928035,0.6225466557361239,0.6220926444392987,0.6,0.5700000000000001,0.623,0.6220898808928035,0.6225466557361239,0.6220926444392987,0.6,0.5700000000000001,0.0,"[[287, 179], [198, 336]]","[[287, 179], [198, 336]]"
Faces,logistic_regression,page_hinkley,0.65,6,106042,0.6130987397900585,0.6130458087329398,0.6129686504606873,0.613,0.6130987397900585,0.6130458087329398,0.6129686504606873,0.63,0.61,0.613,0.6130987397900585,0.6130458087329398,0.6129686504606873,0.63,0.61,0.0,"[[311, 187], [200, 302]]","[[311, 187], [200, 302]]"
Faces,logistic_regression,page_hinkley,0.65,7,107042,0.6272291359291808,0.6278818138955717,0.6273270712227188,0.629,0.6272291359291808,0.6278818138955717,0.6273270712227188,0.52,0.63,0.607,0.6063392228410474,0.6071041422359773,0.6059751413426322,0.52,0.62,1.0,"[[348, 195], [176, 281]]","[[329, 214], [179, 278]]"
Faces,logistic_regression,page_hinkley,0.65,8,108042,0.6193225681935152,0.6188580400198658,0.6188886793890986,0.62,0.6193225681935152,0.6188580400198658,0.6188886793890986,0.53,0.53,0.589,0.5883999374897319,0.5883585126323716,0.5883739167273423,0.53,0.44999999999999996,2.0,"[[337, 181], [199, 283]]","[[314, 204], [207, 275]]"
Faces,logistic_regression,page_hinkley,0.65,9,109042,0.6058152337103393,0.6059641413817436,0.604968002408195,0.605,0.6058152337103393,0.6059641413817436,0.604968002408195,0.55,0.61,0.605,0.6058152337103393,0.6059641413817436,0.604968002408195,0.55,0.61,0.0,"[[298, 178], [217, 307]]","[[298, 178], [217, 307]]"
Faces,hoeffding_tree,page_hinkley,0.65,0,100042,0.6503175129554195,0.6222624798711756,0.6130425042259833,0.639,0.6503175129554195,0.6222624798711756,0.6130425042259833,0.62,0.6799999999999999,0.632,0.643170255977157,0.6146537842190016,0.6039791486412611,0.62,0.61,1.0,"[[449, 91], [270, 190]]","[[449, 91], [277, 183]]"
Faces,hoeffding_tree,page_hinkley,0.65,1,101042,0.624079810321421,0.6038483542774383,0.5852283063489175,0.601,0.624079810321421,0.6038483542774383,0.5852283063489175,0.5700000000000001,0.63,0.595,0.6205149893776064,0.5980432164704282,0.5765011465839327,0.5700000000000001,0.61,1.0,"[[398, 95], [304, 203]]","[[402, 91], [314, 193]]"
Faces,hoeffding_tree,page_hinkley,0.65,2,102042,0.6310281681820866,0.6156793208997436,0.5974185743304274,0.606,0.6310281681820866,0.6156793208997436,0.5974185743304274,0.65,0.5900000000000001,0.606,0.6310281681820866,0.6156793208997436,0.5974185743304274,0.65,0.5900000000000001,0.0,"[[376, 97], [297, 230]]","[[376, 97], [297, 230]]"
Faces,hoeffding_tree,page_hinkley,0.65,3,103042,0.6453145103463708,0.6144999779611234,0.5985033571953324,0.624,0.6453145103463708,0.6144999779611234,0.5985033571953324,0.6799999999999999,0.64,0.618,0.618000735297155,0.6144639143449044,0.6133211863548942,0.6799999999999999,0.63,3.0,"[[438, 83], [293, 186]]","[[364, 157], [225, 254]]"
Faces,hoeffding_tree,page_hinkley,0.65,4,104042,0.647926803469431,0.6343613392900034,0.6228169255297893,0.63,0.647926803469431,0.6343613392900034,0.6228169255297893,0.6699999999999999,0.54,0.631,0.6383918028100153,0.6337088277209332,0.628682608157511,0.6699999999999999,0.61,2.0,"[[384, 102], [268, 246]]","[[355, 131], [238, 276]]"
Faces,hoeffding_tree,page_hinkley,0.65,5,105042,0.6298835981788673,0.6122349745221907,0.5893879833010953,0.599,0.6298835981788673,0.6122349745221907,0.5893879833010953,0.6599999999999999,0.5900000000000001,0.596,0.5970280700068854,0.597402388645095,0.5958383353341337,0.6599999999999999,0.61,3.0,"[[376, 90], [311, 223]]","[[288, 178], [226, 308]]"
Faces,hoeffding_tree,page_hinkley,0.65,6,106042,0.6278128629500581,0.6126898030368486,0.6004530944289981,0.612,0.6278128629500581,0.6126898030368486,0.6004530944289981,0.5700000000000001,0.6,0.602,0.6097013903157318,0.6025136402182435,0.5955794188537218,0.5700000000000001,0.5800000000000001,2.0,"[[391, 107], [281, 221]]","[[364, 134], [264, 238]]"
Faces,hoeffding_tree,page_hinkley,0.65,7,107042,0.638110051712993,0.6102070916498422,0.5995937657504811,0.629,0.638110051712993,0.6102070916498422,0.5995937657504811,0.63,0.7,0.609,0.6055875734568001,0.6051335678679514,0.6052861372655314,0.63,0.6799999999999999,1.0,"[[450, 93], [278, 179]]","[[353, 190], [201, 256]]"
Faces,hoeffding_tree,page_hinkley,0.65,8,108042,0.6106797156360033,0.5993327352248514,0.5919248645862066,0.605,0.6106797156360033,0.5993327352248514,0.5919248645862066,0.44999999999999996,0.6,0.597,0.5974431624906456,0.597522389016165,0.5969802520323495,0.44999999999999996,0.5800000000000001,2.0,"[[392, 126], [269, 213]]","[[302, 216], [187, 295]]"
Faces,hoeffding_tree,page_hinkley,0.65,9,109042,0.6206278048383311,0.6009766502020656,0.5774614420652115,0.591,0.6206278048383311,0.6009766502020656,0.5774614420652115,0.5900000000000001,0.53,0.573,0.5718497023988698,0.5717733658348836,0.571797178273771,0.5900000000000001,0.72,2.0,"[[385, 91], [318, 206]]","[[260, 216], [211, 313]]"
Faces,gaussian_nb,page_hinkley,0.65,0,100042,0.64486466254955,0.6371175523349436,0.6364592361946935,0.646,0.64486466254955,0.6371175523349436,0.6364592361946935,0.62,0.69,0.613,0.6096081234649364,0.6083333333333334,0.608517921685376,0.62,0.49,2.0,"[[404, 136], [218, 242]]","[[360, 180], [207, 253]]"
Faces,gaussian_nb,page_hinkley,0.65,1,101042,0.6194339364659769,0.6153246036223099,0.6111238721584842,0.614,0.6194339364659769,0.6153246036223099,0.6111238721584842,0.63,0.62,0.608,0.6118994580712918,0.6091273889682378,0.6059572825527535,0.63,0.6,1.0,"[[350, 143], [243, 264]]","[[340, 153], [239, 268]]"
Faces,gaussian_nb,page_hinkley,0.65,2,102042,0.6357511922847434,0.628693269574078,0.6189131968948482,0.622,0.6357511922847434,0.628693269574078,0.6189131968948482,0.73,0.61,0.626,0.6255546797162281,0.6258810691977807,0.6255146670084428,0.73,0.5800000000000001,2.0,"[[356, 117], [261, 266]]","[[295, 178], [196, 331]]"
Faces,gaussian_nb,page_hinkley,0.65,3,103042,0.6354015675308182,0.6268898336665878,0.6237588130408467,0.632,0.6354015675308182,0.6268898336665878,0.6237588130408467,0.65,0.63,0.632,0.6354015675308182,0.6268898336665878,0.6237588130408467,0.65,0.63,0.0,"[[390, 131], [237, 242]]","[[390, 131], [237, 242]]"
Faces,gaussian_nb,page_hinkley,0.65,4,104042,0.6468538039671285,0.6376359065507358,0.6293505735951779,0.634,0.6468538039671285,0.6376359065507358,0.6293505735951779,0.6599999999999999,0.5700000000000001,0.644,0.6468686868686868,0.6455140830411042,0.6435380252807639,0.6599999999999999,0.6,1.0,"[[373, 113], [253, 261]]","[[340, 146], [210, 304]]"
Faces,gaussian_nb,page_hinkley,0.65,5,105042,0.6262429029973838,0.6196452395878542,0.6081690211780111,0.611,0.6262429029973838,0.6196452395878542,0.6081690211780111,0.69,0.56,0.591,0.593107501474299,0.5932672678465223,0.5909799580179429,0.69,0.55,2.0,"[[348, 118], [271, 263]]","[[292, 174], [235, 299]]"
Faces,gaussian_nb,page_hinkley,0.65,6,106042,0.6298196287344415,0.6263300212803404,0.6235909822866345,0.626,0.6298196287344415,0.6263300212803404,0.6235909822866345,0.5900000000000001,0.5800000000000001,0.62,0.6199939199027185,0.6199939199027185,0.6199939199027185,0.5900000000000001,0.6,2.0,"[[353, 145], [229, 273]]","[[308, 190], [190, 312]]"
Faces,gaussian_nb,page_hinkley,0.65,7,107042,0.6424337957124842,0.6365499232322256,0.6364906086580768,0.645,0.6424337957124842,0.6365499232322256,0.6364906086580768,0.6,0.7,0.627,0.6234315055871069,0.6187623664623556,0.6185310068838279,0.6,0.62,1.0,"[[399, 144], [211, 246]]","[[388, 155], [218, 239]]"
Faces,gaussian_nb,page_hinkley,0.65,8,108042,0.6248663807739225,0.619302616190583,0.617015873015873,0.623,0.6248663807739225,0.619302616190583,0.617015873015873,0.51,0.6,0.617,0.6225159021769191,0.6117808680049344,0.6060120706380239,0.51,0.55,2.0,"[[374, 144], [233, 249]]","[[392, 126], [257, 225]]"
Faces,gaussian_nb,page_hinkley,0.65,9,109042,0.6142215744417081,0.6093399191737764,0.6013192707767026,0.604,0.6142215744417081,0.6093399191737764,0.6013192707767026,0.64,0.53,0.577,0.5799625490837036,0.5794390275194047,0.5767761145646046,0.64,0.52,2.0,"[[343, 133], [263, 261]]","[[300, 176], [247, 277]]"
Faces,logistic_regression,hddm_w,0.65,0,100042,0.611395713329405,0.6118760064412239,0.6114578763110787,0.613,0.611395713329405,0.6118760064412239,0.6114578763110787,0.5700000000000001,0.5800000000000001,0.612,0.6104538386315908,0.6109500805152979,0.6105027726580977,0.5700000000000001,0.5700000000000001,1.0,"[[338, 202], [185, 275]]","[[337, 203], [185, 275]]"
Faces,logistic_regression,hddm_w,0.65,1,101042,0.608363267937736,0.6082592188068862,0.607960796079608,0.608,0.608363267937736,0.6082592188068862,0.607960796079608,0.5700000000000001,0.63,0.6,0.6004712312519285,0.6003136614776496,0.5999215846305874,0.5700000000000001,0.5900000000000001,1.0,"[[309, 184], [208, 299]]","[[307, 186], [214, 293]]"
Faces,logistic_regression,hddm_w,0.65,2,102042,0.6157415741574157,0.6160684556165779,0.6156063809340764,0.616,0.6157415741574157,0.6160684556165779,0.6156063809340764,0.6599999999999999,0.62,0.615,0.6138450179763739,0.6138198988249737,0.613831841319993,0.6599999999999999,0.64,1.0,"[[292, 181], [203, 324]]","[[280, 193], [192, 335]]"
Faces,logistic_regression,hddm_w,0.65,3,103042,0.6223127975761074,0.622291722598664,0.6223016357244545,0.623,0.6223127975761074,0.622291722598664,0.6223016357244545,0.5900000000000001,0.6599999999999999,0.616,0.6154739265338804,0.6155738723107562,0.6155016901904868,0.5900000000000001,0.61,1.0,"[[333, 188], [189, 290]]","[[326, 195], [189, 290]]"
Faces,logistic_regression,hddm_w,0.65,4,104042,0.6318205314174203,0.6316912459368145,0.6309819181139876,0.631,0.6318205314174203,0.6316912459368145,0.6309819181139876,0.55,0.5900000000000001,0.627,0.6279146674362952,0.6277441514147091,0.6269697845525488,0.55,0.63,2.0,"[[319, 167], [202, 312]]","[[318, 168], [205, 309]]"
Faces,logistic_regression,hddm_w,0.65,5,105042,0.6220898808928035,0.6225466557361239,0.6220926444392987,0.623,0.6220898808928035,0.6225466557361239,0.6220926444392987,0.6,0.5700000000000001,0.616,0.6157354070660522,0.6162656121907701,0.6154447021499044,0.6,0.5700000000000001,1.0,"[[287, 179], [198, 336]]","[[289, 177], [207, 327]]"
Faces,logistic_regression,hddm_w,0.65,6,106042,0.6130987397900585,0.6130458087329398,0.6129686504606873,0.613,0.6130987397900585,0.6130458087329398,0.6129686504606873,0.63,0.61,0.614,0.6141137295081966,0.6140498247971968,0.613961396139614,0.63,0.6,1.0,"[[311, 187], [200, 302]]","[[312, 186], [200, 302]]"
Faces,logistic_regression,hddm_w,0.65,7,107042,0.6272291359291808,0.6278818138955717,0.6273270712227188,0.629,0.6272291359291808,0.6278818138955717,0.6273270712227188,0.52,0.63,0.623,0.6218915629853805,0.6227035151984074,0.6217711344157166,0.52,0.64,1.0,"[[348, 195], [176, 281]]","[[340, 203], [174, 283]]"
Faces,logistic_regression,hddm_w,0.65,8,108042,0.6193225681935152,0.6188580400198658,0.6188886793890986,0.62,0.6193225681935152,0.6188580400198658,0.6188886793890986,0.53,0.53,0.622,0.6213328183588407,0.6207885419503677,0.6208108628659477,0.53,0.56,3.0,"[[337, 181], [199, 283]]","[[339, 179], [199, 283]]"
Faces,logistic_regression,hddm_w,0.65,9,109042,0.6058152337103393,0.6059641413817436,0.604968002408195,0.605,0.6058152337103393,0.6059641413817436,0.604968002408195,0.55,0.61,0.578,0.5780000000000001,0.5781801270126372,0.5777567879098362,0.55,0.54,2.0,"[[298, 178], [217, 307]]","[[277, 199], [223, 301]]"
Faces,hoeffding_tree,hddm_w,0.65,0,100042,0.6503175129554195,0.6222624798711756,0.6130425042259833,0.639,0.6503175129554195,0.6222624798711756,0.6130425042259833,0.62,0.6799999999999999,0.607,0.603206425473012,0.5987520128824477,0.5978301246726614,0.62,0.63,3.0,"[[449, 91], [270, 190]]","[[379, 161], [232, 228]]"
Faces,hoeffding_tree,hddm_w,0.65,1,101042,0.624079810321421,0.6038483542774383,0.5852283063489175,0.601,0.624079810321421,0.6038483542774383,0.5852283063489175,0.5700000000000001,0.63,0.581,0.5808587994105965,0.5807918351996992,0.5807782316845611,0.5700000000000001,0.65,3.0,"[[398, 95], [304, 203]]","[[279, 214], [205, 302]]"
Faces,hoeffding_tree,hddm_w,0.65,2,102042,0.6310281681820866,0.6156793208997436,0.5974185743304274,0.606,0.6310281681820866,0.6156793208997436,0.5974185743304274,0.65,0.5900000000000001,0.588,0.5930831044654663,0.5917776235502726,0.5874042116816682,0.65,0.5900000000000001,2.0,"[[376, 97], [297, 230]]","[[313, 160], [252, 275]]"
Faces,hoeffding_tree,hddm_w,0.65,3,103042,0.6453145103463708,0.6144999779611234,0.5985033571953324,0.624,0.6453145103463708,0.6144999779611234,0.5985033571953324,0.6799999999999999,0.64,0.61,0.6090228611028932,0.6077961524128563,0.6076127157627003,0.6799999999999999,0.5700000000000001,2.0,"[[438, 83], [293, 186]]","[[344, 177], [213, 266]]"
Faces,hoeffding_tree,hddm_w,0.65,4,104042,0.647926803469431,0.6343613392900034,0.6228169255297893,0.63,0.647926803469431,0.6343613392900034,0.6228169255297893,0.6699999999999999,0.54,0.639,0.6396374208585125,0.6395854349810252,0.6389967509707587,0.6699999999999999,0.61,3.0,"[[384, 102], [268, 246]]","[[321, 165], [196, 318]]"
Faces,hoeffding_tree,hddm_w,0.65,5,105042,0.6298835981788673,0.6122349745221907,0.5893879833010953,0.599,0.6298835981788673,0.6122349745221907,0.5893879833010953,0.6599999999999999,0.5900000000000001,0.614,0.6184032730275505,0.6014129334040603,0.5932234825971311,0.6599999999999999,0.62,2.0,"[[376, 90], [311, 223]]","[[194, 272], [114, 420]]"
Faces,hoeffding_tree,hddm_w,0.65,6,106042,0.6278128629500581,0.6126898030368486,0.6004530944289981,0.612,0.6278128629500581,0.6126898030368486,0.6004530944289981,0.5700000000000001,0.6,0.604,0.6039936638986224,0.6039936638986224,0.6039936638986224,0.5700000000000001,0.6,2.0,"[[391, 107], [281, 221]]","[[300, 198], [198, 304]]"
Faces,hoeffding_tree,hddm_w,0.65,7,107042,0.638110051712993,0.6102070916498422,0.5995937657504811,0.629,0.638110051712993,0.6102070916498422,0.5995937657504811,0.63,0.7,0.601,0.5976767676767676,0.5974205221820585,0.597518941323507,0.63,0.7,1.0,"[[450, 93], [278, 179]]","[[347, 196], [203, 254]]"
Faces,hoeffding_tree,hddm_w,0.65,8,108042,0.6106797156360033,0.5993327352248514,0.5919248645862066,0.605,0.6106797156360033,0.5993327352248514,0.5919248645862066,0.44999999999999996,0.6,0.611,0.6121804511278195,0.6120452105929284,0.6109809380659653,0.44999999999999996,0.5700000000000001,2.0,"[[392, 126], [269, 213]]","[[302, 216], [173, 309]]"
Faces,hoeffding_tree,hddm_w,0.65,9,109042,0.6206278048383311,0.6009766502020656,0.5774614420652115,0.591,0.6206278048383311,0.6009766502020656,0.5774614420652115,0.5900000000000001,0.53,0.599,0.5975242957188323,0.5961976393610879,0.5959416825955659,0.5900000000000001,0.69,3.0,"[[385, 91], [318, 206]]","[[256, 220], [181, 343]]"
Faces,gaussian_nb,hddm_w,0.65,0,100042,0.64486466254955,0.6371175523349436,0.6364592361946935,0.646,0.64486466254955,0.6371175523349436,0.6364592361946935,0.62,0.69,0.63,0.6268472906403941,0.6243961352657005,0.6245941558441558,0.62,0.62,1.0,"[[404, 136], [218, 242]]","[[375, 165], [205, 255]]"
Faces,gaussian_nb,hddm_w,0.65,1,101042,0.6194339364659769,0.6153246036223099,0.6111238721584842,0.614,0.6194339364659769,0.6153246036223099,0.6111238721584842,0.63,0.62,0.612,0.6161831095264112,0.6131561786110078,0.6098636131455852,0.63,0.56,2.0,"[[350, 143], [243, 264]]","[[343, 150], [238, 269]]"
Faces,gaussian_nb,hddm_w,0.65,2,102042,0.6357511922847434,0.628693269574078,0.6189131968948482,0.622,0.6357511922847434,0.628693269574078,0.6189131968948482,0.73,0.61,0.616,0.6236182370121468,0.6207260371242543,0.614876981277405,0.73,0.62,3.0,"[[356, 117], [261, 266]]","[[335, 138], [246, 281]]"
Faces,gaussian_nb,hddm_w,0.65,3,103042,0.6354015675308182,0.6268898336665878,0.6237588130408467,0.632,0.6354015675308182,0.6268898336665878,0.6237588130408467,0.65,0.63,0.612,0.6110541324291822,0.6106411710256894,0.6106903623790432,0.65,0.62,2.0,"[[390, 131], [237, 242]]","[[335, 186], [202, 277]]"
Faces,gaussian_nb,hddm_w,0.65,4,104042,0.6468538039671285,0.6376359065507358,0.6293505735951779,0.634,0.6468538039671285,0.6376359065507358,0.6293505735951779,0.6599999999999999,0.5700000000000001,0.653,0.6538594079957045,0.6537085074698563,0.6529829961668122,0.6599999999999999,0.6,3.0,"[[373, 113], [253, 261]]","[[330, 156], [191, 323]]"
Faces,gaussian_nb,hddm_w,0.65,5,105042,0.6262429029973838,0.6196452395878542,0.6081690211780111,0.611,0.6262429029973838,0.6196452395878542,0.6081690211780111,0.69,0.56,0.615,0.6140826744069663,0.6145094918905016,0.6140733902098939,0.69,0.55,2.0,"[[348, 118], [271, 263]]","[[283, 183], [202, 332]]"
Faces,gaussian_nb,hddm_w,0.65,6,106042,0.6298196287344415,0.6263300212803404,0.6235909822866345,0.626,0.6298196287344415,0.6263300212803404,0.6235909822866345,0.5900000000000001,0.5800000000000001,0.63,0.6300966052003396,0.6299300788812621,0.6298519407763106,0.5900000000000001,0.63,2.0,"[[353, 145], [229, 273]]","[[305, 193], [177, 325]]"
Faces,gaussian_nb,hddm_w,0.65,7,107042,0.6424337957124842,0.6365499232322256,0.6364906086580768,0.645,0.6424337957124842,0.6365499232322256,0.6364906086580768,0.6,0.7,0.619,0.6151967191686818,0.6136485446361288,0.6138937447746446,0.6,0.72,1.0,"[[399, 144], [211, 246]]","[[367, 176], [205, 252]]"
Faces,gaussian_nb,hddm_w,0.65,8,108042,0.6248663807739225,0.619302616190583,0.617015873015873,0.623,0.6248663807739225,0.619302616190583,0.617015873015873,0.51,0.6,0.612,0.6117845283080597,0.6094778833368044,0.6086879346791241,0.51,0.5700000000000001,2.0,"[[374, 144], [233, 249]]","[[352, 166], [222, 260]]"
Faces,gaussian_nb,hddm_w,0.65,9,109042,0.6142215744417081,0.6093399191737764,0.6013192707767026,0.604,0.6142215744417081,0.6093399191737764,0.6013192707767026,0.64,0.53,0.59,0.5903010033444815,0.5904965039450895,0.5898671169458904,0.64,0.5800000000000001,3.0,"[[343, 133], [263, 261]]","[[286, 190], [220, 304]]"
Faces,logistic_regression,kswin,0.75,0,200042,0.6212797619047619,0.6216043075625619,0.6214191719809697,0.626,0.6212797619047619,0.6216043075625619,0.6214191719809697,0.63,0.63,0.626,0.6212797619047619,0.6216043075625619,0.6214191719809697,0.63,0.63,0.0,"[[368, 190], [184, 258]]","[[368, 190], [184, 258]]"
Faces,logistic_regression,kswin,0.75,1,201042,0.6089769072313975,0.6085931841916781,0.6078101801271816,0.608,0.6089769072313975,0.6085931841916781,0.6078101801271816,0.6,0.5900000000000001,0.588,0.5887447797778322,0.588514678755917,0.5878664687358706,0.6,0.6,2.0,"[[315, 176], [216, 293]]","[[303, 188], [224, 285]]"
Faces,logistic_regression,kswin,0.75,2,202042,0.6085196268262629,0.6092750447155126,0.607491308736122,0.608,0.6085196268262629,0.6092750447155126,0.607491308736122,0.5800000000000001,0.62,0.618,0.6190765881147541,0.6198536876198457,0.6176558903012712,0.5800000000000001,0.6599999999999999,1.0,"[[286, 172], [220, 322]]","[[294, 164], [218, 324]]"
Faces,logistic_regression,kswin,0.75,3,203042,0.5919887027893505,0.5941194363603479,0.5915988953915533,0.597,0.5919887027893505,0.5941194363603479,0.5915988953915533,0.54,0.65,0.592,0.5865446474523932,0.5884756408359231,0.5862387888965963,0.54,0.5,2.0,"[[356, 226], [177, 241]]","[[355, 227], [181, 237]]"
Faces,logistic_regression,kswin,0.75,4,204042,0.6098214285714285,0.6125642689562223,0.6102708002576316,0.62,0.6098214285714285,0.6125642689562223,0.6102708002576316,0.5700000000000001,0.64,0.606,0.5997974634710903,0.6033045474966305,0.5990132061031411,0.5700000000000001,0.62,2.0,"[[389, 209], [171, 231]]","[[369, 229], [165, 237]]"
Faces,logistic_regression,kswin,0.75,5,205042,0.6167088749394881,0.6178175194568637,0.6153214269972231,0.616,0.6167088749394881,0.6178175194568637,0.6153214269972231,0.6799999999999999,0.63,0.6,0.6011269454415937,0.602058166632337,0.5994215647394838,0.6799999999999999,0.61,1.0,"[[287, 164], [220, 329]]","[[281, 170], [230, 319]]"
Faces,logistic_regression,kswin,0.75,6,206042,0.6127424379459351,0.6153691112290272,0.6126059248982837,0.618,0.6127424379459351,0.6153691112290272,0.6126059248982837,0.6699999999999999,0.6599999999999999,0.618,0.6127424379459351,0.6153691112290272,0.6126059248982837,0.6699999999999999,0.6599999999999999,0.0,"[[368, 215], [167, 250]]","[[368, 215], [167, 250]]"
Faces,logistic_regression,kswin,0.75,7,207042,0.6007388130649864,0.602862478456343,0.6007619047619047,0.607,0.6007388130649864,0.602862478456343,0.6007619047619047,0.63,0.71,0.607,0.6007388130649864,0.602862478456343,0.6007619047619047,0.63,0.71,0.0,"[[366, 217], [176, 241]]","[[366, 217], [176, 241]]"
Faces,logistic_regression,kswin,0.75,8,208042,0.6094585282112552,0.609982341203994,0.60967993754879,0.618,0.6094585282112552,0.609982341203994,0.60967993754879,0.55,0.69,0.6,0.5926510780443365,0.5937534569858771,0.5929068082265392,0.55,0.6,3.0,"[[382, 195], [187, 236]]","[[366, 211], [189, 234]]"
Faces,logistic_regression,kswin,0.75,9,209042,0.613198857879709,0.6130698091169459,0.6129129054037159,0.613,0.613198857879709,0.6130698091169459,0.6129129054037159,0.52,0.69,0.613,0.613198857879709,0.6130698091169459,0.6129129054037159,0.52,0.69,0.0,"[[314, 184], [203, 299]]","[[314, 184], [203, 299]]"
Faces,hoeffding_tree,kswin,0.75,0,200042,0.6256249431869829,0.5896543894646361,0.5735607675906182,0.62,0.6256249431869829,0.5896543894646361,0.5735607675906182,0.76,0.6799999999999999,0.682,0.6788747346072186,0.6694318753142283,0.670604223723954,0.76,0.85,2.0,"[[475, 83], [297, 145]]","[[434, 124], [194, 248]]"
Faces,hoeffding_tree,kswin,0.75,1,201042,0.6648227174542964,0.6376986143510497,0.6196865219397234,0.634,0.6648227174542964,0.6376986143510497,0.6196865219397234,0.79,0.54,0.642,0.6442675455070497,0.6429283087720421,0.6414262820512819,0.79,0.5800000000000001,1.0,"[[414, 77], [289, 220]]","[[341, 150], [208, 301]]"
Faces,hoeffding_tree,kswin,0.75,2,202042,0.6810475032928361,0.6434159428930534,0.6090343147574508,0.623,0.6810475032928361,0.6434159428930534,0.6090343147574508,0.69,0.62,0.652,0.659011660909194,0.6579867545400345,0.6519108891876321,0.69,0.69,2.0,"[[406, 52], [325, 217]]","[[334, 124], [224, 318]]"
Faces,hoeffding_tree,kswin,0.75,3,203042,0.6074999999999999,0.5707015899636626,0.5527330120504499,0.618,0.6074999999999999,0.5707015899636626,0.5527330120504499,0.77,0.62,0.626,0.62,0.5789227050757165,0.5620998599656237,0.77,0.72,2.0,"[[500, 82], [300, 118]]","[[504, 78], [296, 122]]"
Faces,hoeffding_tree,kswin,0.75,4,204042,0.6309798659483921,0.5828341569743256,0.5680314386478301,0.641,0.6309798659483921,0.5828341569743256,0.5680314386478301,0.76,0.64,0.646,0.6274619435827141,0.6175893109702325,0.6190451592907784,0.76,0.65,2.0,"[[526, 72], [287, 115]]","[[456, 142], [212, 190]]"
Faces,hoeffding_tree,kswin,0.75,5,205042,0.6533073417215354,0.6362626666505116,0.612034644696859,0.618,0.6533073417215354,0.6362626666505116,0.612034644696859,0.74,0.63,0.636,0.631469467614046,0.6289080327464973,0.6293445100219542,0.74,0.62,1.0,"[[371, 80], [302, 247]]","[[251, 200], [164, 385]]"
Faces,hoeffding_tree,kswin,0.75,6,206042,0.6450352822580645,0.6136271086047114,0.6092136011582505,0.651,0.6450352822580645,0.6136271086047114,0.6092136011582505,0.79,0.6599999999999999,0.66,0.6529202114963732,0.6554865884307991,0.653592853416797,0.79,0.65,1.0,"[[489, 94], [255, 162]]","[[398, 185], [155, 262]]"
Faces,hoeffding_tree,kswin,0.75,7,207042,0.6341008771929825,0.6006124774280062,0.5931324382246974,0.641,0.6341008771929825,0.6006124774280062,0.5931324382246974,0.76,0.8,0.672,0.6696626964267841,0.6743133794850912,0.6688193409504886,0.76,0.77,2.0,"[[492, 91], [268, 149]]","[[385, 198], [130, 287]]"
Faces,hoeffding_tree,kswin,0.75,8,208042,0.6491045818400079,0.6058523954095325,0.5952824105619858,0.646,0.6491045818400079,0.6058523954095325,0.5952824105619858,0.76,0.73,0.646,0.6491045818400079,0.6058523954095325,0.5952824105619858,0.76,0.73,0.0,"[[500, 77], [277, 146]]","[[500, 77], [277, 146]]"
Faces,hoeffding_tree,kswin,0.75,9,209042,0.6770542143653835,0.6517584281348502,0.6383535865687217,0.651,0.6770542143653835,0.6517584281348502,0.6383535865687217,0.73,0.6799999999999999,0.665,0.6790756738154049,0.6644306308900942,0.6578053576444751,0.73,0.65,2.0,"[[419, 79], [270, 232]]","[[260, 238], [97, 405]]"
Faces,gaussian_nb,kswin,0.75,0,200042,0.6241532976827094,0.6129599896203312,0.6115387684309106,0.63,0.6241532976827094,0.6129599896203312,0.6115387684309106,0.73,0.7,0.618,0.6107843137254902,0.6007963152175676,0.5989400257854265,0.73,0.72,1.0,"[[424, 134], [236, 206]]","[[418, 140], [242, 200]]"
Faces,gaussian_nb,kswin,0.75,1,201042,0.6632134383258821,0.6450529971710834,0.6328340697164002,0.642,0.6632134383258821,0.6450529971710834,0.6328340697164002,0.81,0.53,0.654,0.6580438351031115,0.6552563030421856,0.652832127276157,0.81,0.5700000000000001,1.0,"[[400, 91], [267, 242]]","[[356, 135], [211, 298]]"
Faces,gaussian_nb,kswin,0.75,2,202042,0.6616066393756646,0.6512391433958008,0.635985596726492,0.639,0.6616066393756646,0.6512391433958008,0.635985596726492,0.73,0.61,0.639,0.6616066393756646,0.6512391433958008,0.635985596726492,0.73,0.61,0.0,"[[365, 93], [268, 274]]","[[365, 93], [268, 274]]"
Faces,gaussian_nb,kswin,0.75,3,203042,0.6131837307152875,0.5995165984314113,0.5982790794111548,0.628,0.6131837307152875,0.5995165984314113,0.5982790794111548,0.72,0.63,0.626,0.6108375292794039,0.5988095825317745,0.5979808750687947,0.72,0.64,2.0,"[[450, 132], [240, 178]]","[[445, 137], [237, 181]]"
Faces,gaussian_nb,kswin,0.75,4,204042,0.6248731994319334,0.6126557846220403,0.6137152777777778,0.644,0.6248731994319334,0.6126557846220403,0.6137152777777778,0.72,0.63,0.644,0.6248731994319334,0.6126557846220403,0.6137152777777778,0.72,0.63,0.0,"[[462, 136], [220, 182]]","[[462, 136], [220, 182]]"
Faces,gaussian_nb,kswin,0.75,5,205042,0.6459474627665812,0.6407396637304674,0.6277906919581722,0.629,0.6459474627665812,0.6407396637304674,0.6277906919581722,0.6699999999999999,0.63,0.629,0.6459474627665812,0.6407396637304674,0.6277906919581722,0.6699999999999999,0.63,0.0,"[[343, 108], [263, 286]]","[[343, 108], [263, 286]]"
Faces,gaussian_nb,kswin,0.75,6,206042,0.6399324418914464,0.6274582392405115,0.6284020433616374,0.652,0.6399324418914464,0.6274582392405115,0.6284020433616374,0.83,0.6599999999999999,0.652,0.6399324418914464,0.6274582392405115,0.6284020433616374,0.83,0.6599999999999999,0.0,"[[452, 131], [217, 200]]","[[452, 131], [217, 200]]"
Faces,gaussian_nb,kswin,0.75,7,207042,0.6413684750545081,0.6269502408364903,0.627634059786732,0.653,0.6413684750545081,0.6269502408364903,0.627634059786732,0.7,0.81,0.669,0.65875,0.656718535977393,0.6575310575875494,0.7,0.76,2.0,"[[457, 126], [221, 196]]","[[426, 157], [174, 243]]"
Faces,gaussian_nb,kswin,0.75,8,208042,0.6355903322109683,0.6222574578708655,0.6224000000000001,0.646,0.6355903322109683,0.6222574578708655,0.6224000000000001,0.6599999999999999,0.75,0.646,0.6355903322109683,0.6222574578708655,0.6224000000000001,0.6599999999999999,0.75,0.0,"[[448, 129], [225, 198]]","[[448, 129], [225, 198]]"
Faces,gaussian_nb,kswin,0.75,9,209042,0.6604119151288963,0.6485463767420279,0.6415639217794722,0.648,0.6604119151288963,0.6485463767420279,0.6415639217794722,0.6699999999999999,0.6699999999999999,0.648,0.6604119151288963,0.6485463767420279,0.6415639217794722,0.6699999999999999,0.6699999999999999,0.0,"[[391, 107], [245, 257]]","[[391, 107], [245, 257]]"
Faces,logistic_regression,adwin,0.75,0,200042,0.6212797619047619,0.6216043075625619,0.6214191719809697,0.626,0.6212797619047619,0.6216043075625619,0.6214191719809697,0.63,0.63,0.626,0.6212797619047619,0.6216043075625619,0.6214191719809697,0.63,0.63,0.0,"[[368, 190], [184, 258]]","[[368, 190], [184, 258]]"
Faces,logistic_regression,adwin,0.75,1,201042,0.6089769072313975,0.6085931841916781,0.6078101801271816,0.608,0.6089769072313975,0.6085931841916781,0.6078101801271816,0.6,0.5900000000000001,0.608,0.6089769072313975,0.6085931841916781,0.6078101801271816,0.6,0.5900000000000001,0.0,"[[315, 176], [216, 293]]","[[315, 176], [216, 293]]"
Faces,logistic_regression,adwin,0.75,2,202042,0.6085196268262629,0.6092750447155126,0.607491308736122,0.608,0.6085196268262629,0.6092750447155126,0.607491308736122,0.5800000000000001,0.62,0.608,0.6085196268262629,0.6092750447155126,0.607491308736122,0.5800000000000001,0.62,0.0,"[[286, 172], [220, 322]]","[[286, 172], [220, 322]]"
Faces,logistic_regression,adwin,0.75,3,203042,0.5919887027893505,0.5941194363603479,0.5915988953915533,0.597,0.5919887027893505,0.5941194363603479,0.5915988953915533,0.54,0.65,0.597,0.5919887027893505,0.5941194363603479,0.5915988953915533,0.54,0.65,0.0,"[[356, 226], [177, 241]]","[[356, 226], [177, 241]]"
Faces,logistic_regression,adwin,0.75,4,204042,0.6098214285714285,0.6125642689562223,0.6102708002576316,0.62,0.6098214285714285,0.6125642689562223,0.6102708002576316,0.5700000000000001,0.64,0.62,0.6098214285714285,0.6125642689562223,0.6102708002576316,0.5700000000000001,0.64,0.0,"[[389, 209], [171, 231]]","[[389, 209], [171, 231]]"
Faces,logistic_regression,adwin,0.75,5,205042,0.6167088749394881,0.6178175194568637,0.6153214269972231,0.616,0.6167088749394881,0.6178175194568637,0.6153214269972231,0.6799999999999999,0.63,0.616,0.6167088749394881,0.6178175194568637,0.6153214269972231,0.6799999999999999,0.63,0.0,"[[287, 164], [220, 329]]","[[287, 164], [220, 329]]"
Faces,logistic_regression,adwin,0.75,6,206042,0.6127424379459351,0.6153691112290272,0.6126059248982837,0.618,0.6127424379459351,0.6153691112290272,0.6126059248982837,0.6699999999999999,0.6599999999999999,0.618,0.6127424379459351,0.6153691112290272,0.6126059248982837,0.6699999999999999,0.6599999999999999,0.0,"[[368, 215], [167, 250]]","[[368, 215], [167, 250]]"
Faces,logistic_regression,adwin,0.75,7,207042,0.6007388130649864,0.602862478456343,0.6007619047619047,0.607,0.6007388130649864,0.602862478456343,0.6007619047619047,0.63,0.71,0.607,0.6007388130649864,0.602862478456343,0.6007619047619047,0.63,0.71,0.0,"[[366, 217], [176, 241]]","[[366, 217], [176, 241]]"
Faces,logistic_regression,adwin,0.75,8,208042,0.6094585282112552,0.609982341203994,0.60967993754879,0.618,0.6094585282112552,0.609982341203994,0.60967993754879,0.55,0.69,0.618,0.6094585282112552,0.609982341203994,0.60967993754879,0.55,0.69,0.0,"[[382, 195], [187, 236]]","[[382, 195], [187, 236]]"
Faces,logistic_regression,adwin,0.75,9,209042,0.613198857879709,0.6130698091169459,0.6129129054037159,0.613,0.613198857879709,0.6130698091169459,0.6129129054037159,0.52,0.69,0.613,0.613198857879709,0.6130698091169459,0.6129129054037159,0.52,0.69,0.0,"[[314, 184], [203, 299]]","[[314, 184], [203, 299]]"
Faces,hoeffding_tree,adwin,0.75,0,200042,0.6256249431869829,0.5896543894646361,0.5735607675906182,0.62,0.6256249431869829,0.5896543894646361,0.5735607675906182,0.76,0.6799999999999999,0.65,0.6473825223404085,0.648988793201317,0.6475128506743584,0.76,0.5700000000000001,1.0,"[[475, 83], [297, 145]]","[[367, 191], [159, 283]]"
Faces,hoeffding_tree,adwin,0.75,1,201042,0.6648227174542964,0.6376986143510497,0.6196865219397234,0.634,0.6648227174542964,0.6376986143510497,0.6196865219397234,0.79,0.54,0.627,0.6296341305334111,0.6280494880341231,0.6261742188494384,0.79,0.5700000000000001,1.0,"[[414, 77], [289, 220]]","[[337, 154], [219, 290]]"
Faces,hoeffding_tree,adwin,0.75,2,202042,0.6810475032928361,0.6434159428930534,0.6090343147574508,0.623,0.6810475032928361,0.6434159428930534,0.6090343147574508,0.69,0.62,0.649,0.6517103874899206,0.6523429317262606,0.648921007226626,0.69,0.6699999999999999,1.0,"[[406, 52], [325, 217]]","[[317, 141], [210, 332]]"
Faces,hoeffding_tree,adwin,0.75,3,203042,0.6074999999999999,0.5707015899636626,0.5527330120504499,0.618,0.6074999999999999,0.5707015899636626,0.5527330120504499,0.77,0.62,0.633,0.6266458312329872,0.6290920600470248,0.6269836187874224,0.77,0.6,1.0,"[[500, 82], [300, 118]]","[[380, 202], [165, 253]]"
Faces,hoeffding_tree,adwin,0.75,4,204042,0.6309798659483921,0.5828341569743256,0.5680314386478301,0.641,0.6309798659483921,0.5828341569743256,0.5680314386478301,0.76,0.64,0.657,0.6402508351660894,0.6329015457827918,0.6347142837364789,0.76,0.61,1.0,"[[526, 72], [287, 115]]","[[452, 146], [197, 205]]"
Faces,hoeffding_tree,adwin,0.75,5,205042,0.6533073417215354,0.6362626666505116,0.612034644696859,0.618,0.6533073417215354,0.6362626666505116,0.612034644696859,0.74,0.63,0.644,0.6417673937200878,0.642724728290502,0.6419317980656272,0.74,0.63,1.0,"[[371, 80], [302, 247]]","[[284, 167], [189, 360]]"
Faces,hoeffding_tree,adwin,0.75,6,206042,0.6450352822580645,0.6136271086047114,0.6092136011582505,0.651,0.6450352822580645,0.6136271086047114,0.6092136011582505,0.79,0.6599999999999999,0.644,0.6317945419383778,0.6281081481298666,0.6291666666666667,0.79,0.6799999999999999,1.0,"[[489, 94], [255, 162]]","[[422, 161], [195, 222]]"
Faces,hoeffding_tree,adwin,0.75,7,207042,0.6341008771929825,0.6006124774280062,0.5931324382246974,0.641,0.6341008771929825,0.6006124774280062,0.5931324382246974,0.76,0.8,0.655,0.6469677765319554,0.6488085689253057,0.6475905922010265,0.76,0.78,1.0,"[[492, 91], [268, 149]]","[[400, 183], [162, 255]]"
Faces,hoeffding_tree,adwin,0.75,8,208042,0.6491045818400079,0.6058523954095325,0.5952824105619858,0.646,0.6491045818400079,0.6058523954095325,0.5952824105619858,0.76,0.73,0.671,0.6642785319255907,0.6660049739624945,0.6648926688905299,0.76,0.7,1.0,"[[500, 77], [277, 146]]","[[403, 174], [155, 268]]"
Faces,hoeffding_tree,adwin,0.75,9,209042,0.6770542143653835,0.6517584281348502,0.6383535865687217,0.651,0.6770542143653835,0.6517584281348502,0.6383535865687217,0.73,0.6799999999999999,0.651,0.6770542143653835,0.6517584281348502,0.6383535865687217,0.73,0.6799999999999999,0.0,"[[419, 79], [270, 232]]","[[419, 79], [270, 232]]"
Faces,gaussian_nb,adwin,0.75,0,200042,0.6241532976827094,0.6129599896203312,0.6115387684309106,0.63,0.6241532976827094,0.6129599896203312,0.6115387684309106,0.73,0.7,0.63,0.6241532976827094,0.6129599896203312,0.6115387684309106,0.73,0.7,0.0,"[[424, 134], [236, 206]]","[[424, 134], [236, 206]]"
Faces,gaussian_nb,adwin,0.75,1,201042,0.6632134383258821,0.6450529971710834,0.6328340697164002,0.642,0.6632134383258821,0.6450529971710834,0.6328340697164002,0.81,0.53,0.649,0.6671867287215288,0.6517851783978009,0.6416725622249377,0.81,0.6,1.0,"[[400, 91], [267, 242]]","[[396, 95], [256, 253]]"
Faces,gaussian_nb,adwin,0.75,2,202042,0.6616066393756646,0.6512391433958008,0.635985596726492,0.639,0.6616066393756646,0.6512391433958008,0.635985596726492,0.73,0.61,0.639,0.6616066393756646,0.6512391433958008,0.635985596726492,0.73,0.61,0.0,"[[365, 93], [268, 274]]","[[365, 93], [268, 274]]"
Faces,gaussian_nb,adwin,0.75,3,203042,0.6131837307152875,0.5995165984314113,0.5982790794111548,0.628,0.6131837307152875,0.5995165984314113,0.5982790794111548,0.72,0.63,0.628,0.6131837307152875,0.5995165984314113,0.5982790794111548,0.72,0.63,0.0,"[[450, 132], [240, 178]]","[[450, 132], [240, 178]]"
Faces,gaussian_nb,adwin,0.75,4,204042,0.6248731994319334,0.6126557846220403,0.6137152777777778,0.644,0.6248731994319334,0.6126557846220403,0.6137152777777778,0.72,0.63,0.644,0.6248731994319334,0.6126557846220403,0.6137152777777778,0.72,0.63,0.0,"[[462, 136], [220, 182]]","[[462, 136], [220, 182]]"
Faces,gaussian_nb,adwin,0.75,5,205042,0.6459474627665812,0.6407396637304674,0.6277906919581722,0.629,0.6459474627665812,0.6407396637304674,0.6277906919581722,0.6699999999999999,0.63,0.629,0.6459474627665812,0.6407396637304674,0.6277906919581722,0.6699999999999999,0.63,0.0,"[[343, 108], [263, 286]]","[[343, 108], [263, 286]]"
Faces,gaussian_nb,adwin,0.75,6,206042,0.6399324418914464,0.6274582392405115,0.6284020433616374,0.652,0.6399324418914464,0.6274582392405115,0.6284020433616374,0.83,0.6599999999999999,0.652,0.6399324418914464,0.6274582392405115,0.6284020433616374,0.83,0.6599999999999999,0.0,"[[452, 131], [217, 200]]","[[452, 131], [217, 200]]"
Faces,gaussian_nb,adwin,0.75,7,207042,0.6413684750545081,0.6269502408364903,0.627634059786732,0.653,0.6413684750545081,0.6269502408364903,0.627634059786732,0.7,0.81,0.629,0.6140454675846242,0.6046600112705719,0.6048950415925178,0.7,0.76,1.0,"[[457, 126], [221, 196]]","[[438, 145], [226, 191]]"
Faces,gaussian_nb,adwin,0.75,8,208042,0.6355903322109683,0.6222574578708655,0.6224000000000001,0.646,0.6355903322109683,0.6222574578708655,0.6224000000000001,0.6599999999999999,0.75,0.646,0.6355903322109683,0.6222574578708655,0.6224000000000001,0.6599999999999999,0.75,0.0,"[[448, 129], [225, 198]]","[[448, 129], [225, 198]]"
Faces,gaussian_nb,adwin,0.75,9,209042,0.6604119151288963,0.6485463767420279,0.6415639217794722,0.648,0.6604119151288963,0.6485463767420279,0.6415639217794722,0.6699999999999999,0.6699999999999999,0.648,0.6604119151288963,0.6485463767420279,0.6415639217794722,0.6699999999999999,0.6699999999999999,0.0,"[[391, 107], [245, 257]]","[[391, 107], [245, 257]]"
Faces,logistic_regression,page_hinkley,0.75,0,200042,0.6212797619047619,0.6216043075625619,0.6214191719809697,0.626,0.6212797619047619,0.6216043075625619,0.6214191719809697,0.63,0.63,0.626,0.6212797619047619,0.6216043075625619,0.6214191719809697,0.63,0.63,0.0,"[[368, 190], [184, 258]]","[[368, 190], [184, 258]]"
Faces,logistic_regression,page_hinkley,0.75,1,201042,0.6089769072313975,0.6085931841916781,0.6078101801271816,0.608,0.6089769072313975,0.6085931841916781,0.6078101801271816,0.6,0.5900000000000001,0.598,0.5989383188978433,0.5985899431415779,0.5978053377834872,0.6,0.62,1.0,"[[315, 176], [216, 293]]","[[310, 181], [221, 288]]"
Faces,logistic_regression,page_hinkley,0.75,2,202042,0.6085196268262629,0.6092750447155126,0.607491308736122,0.608,0.6085196268262629,0.6092750447155126,0.607491308736122,0.5800000000000001,0.62,0.623,0.6239840082599979,0.6248046214086596,0.6226373544976722,0.5800000000000001,0.64,1.0,"[[286, 172], [220, 322]]","[[296, 162], [215, 327]]"
Faces,logistic_regression,page_hinkley,0.75,3,203042,0.5919887027893505,0.5941194363603479,0.5915988953915533,0.597,0.5919887027893505,0.5941194363603479,0.5915988953915533,0.54,0.65,0.591,0.5871177944862156,0.5893018629046844,0.5862631265357073,0.54,0.5900000000000001,1.0,"[[356, 226], [177, 241]]","[[349, 233], [176, 242]]"
Faces,logistic_regression,page_hinkley,0.75,4,204042,0.6098214285714285,0.6125642689562223,0.6102708002576316,0.62,0.6098214285714285,0.6125642689562223,0.6102708002576316,0.5700000000000001,0.64,0.622,0.6115633988202603,0.6142365097588978,0.6120689655172413,0.5700000000000001,0.6599999999999999,1.0,"[[389, 209], [171, 231]]","[[391, 207], [171, 231]]"
Faces,logistic_regression,page_hinkley,0.75,5,205042,0.6167088749394881,0.6178175194568637,0.6153214269972231,0.616,0.6167088749394881,0.6178175194568637,0.6153214269972231,0.6799999999999999,0.63,0.593,0.5958070622964495,0.5964745414965327,0.5927845830444305,0.6799999999999999,0.61,2.0,"[[287, 164], [220, 329]]","[[285, 166], [241, 308]]"
Faces,logistic_regression,page_hinkley,0.75,6,206042,0.6127424379459351,0.6153691112290272,0.6126059248982837,0.618,0.6127424379459351,0.6153691112290272,0.6126059248982837,0.6699999999999999,0.6599999999999999,0.609,0.602229268528828,0.6042363364882708,0.6023832598267774,0.6699999999999999,0.65,1.0,"[[368, 215], [167, 250]]","[[369, 214], [177, 240]]"
Faces,logistic_regression,page_hinkley,0.75,7,207042,0.6007388130649864,0.602862478456343,0.6007619047619047,0.607,0.6007388130649864,0.602862478456343,0.6007619047619047,0.63,0.71,0.605,0.5995400154400412,0.6018300282586967,0.5993260562830239,0.63,0.6699999999999999,1.0,"[[366, 217], [176, 241]]","[[362, 221], [174, 243]]"
Faces,logistic_regression,page_hinkley,0.75,8,208042,0.6094585282112552,0.609982341203994,0.60967993754879,0.618,0.6094585282112552,0.609982341203994,0.60967993754879,0.55,0.69,0.593,0.5859213250517599,0.5870566351594413,0.5861124980805587,0.55,0.6799999999999999,1.0,"[[382, 195], [187, 236]]","[[361, 216], [191, 232]]"
Faces,logistic_regression,page_hinkley,0.75,9,209042,0.613198857879709,0.6130698091169459,0.6129129054037159,0.613,0.613198857879709,0.6130698091169459,0.6129129054037159,0.52,0.69,0.607,0.6070706909038528,0.6070377126034017,0.6069807420563608,0.52,0.69,2.0,"[[314, 184], [203, 299]]","[[307, 191], [202, 300]]"
Faces,hoeffding_tree,page_hinkley,0.75,0,200042,0.6256249431869829,0.5896543894646361,0.5735607675906182,0.62,0.6256249431869829,0.5896543894646361,0.5735607675906182,0.76,0.6799999999999999,0.696,0.6957548407409351,0.6815063494380382,0.6827993789545737,0.76,0.85,2.0,"[[475, 83], [297, 145]]","[[450, 108], [196, 246]]"
Faces,hoeffding_tree,page_hinkley,0.75,1,201042,0.6648227174542964,0.6376986143510497,0.6196865219397234,0.634,0.6648227174542964,0.6376986143510497,0.6196865219397234,0.79,0.54,0.672,0.6836946579445897,0.669552935150989,0.664654594232059,0.79,0.8,2.0,"[[414, 77], [289, 220]]","[[262, 229], [99, 410]]"
Faces,hoeffding_tree,page_hinkley,0.75,2,202042,0.6810475032928361,0.6434159428930534,0.6090343147574508,0.623,0.6810475032928361,0.6434159428930534,0.6090343147574508,0.69,0.62,0.656,0.6682000296779937,0.6643838927472244,0.6553327241539622,0.69,0.6799999999999999,2.0,"[[406, 52], [325, 217]]","[[350, 108], [236, 306]]"
Faces,hoeffding_tree,page_hinkley,0.75,3,203042,0.6074999999999999,0.5707015899636626,0.5527330120504499,0.618,0.6074999999999999,0.5707015899636626,0.5527330120504499,0.77,0.62,0.671,0.660558975862406,0.6553338594847005,0.6568595241298678,0.77,0.72,3.0,"[[500, 82], [300, 118]]","[[437, 145], [184, 234]]"
Faces,hoeffding_tree,page_hinkley,0.75,4,204042,0.6309798659483921,0.5828341569743256,0.5680314386478301,0.641,0.6309798659483921,0.5828341569743256,0.5680314386478301,0.76,0.64,0.685,0.6722317440856718,0.6718040233614535,0.6720113202950024,0.76,0.6799999999999999,2.0,"[[526, 72], [287, 115]]","[[442, 156], [159, 243]]"
Faces,hoeffding_tree,page_hinkley,0.75,5,205042,0.6533073417215354,0.6362626666505116,0.612034644696859,0.618,0.6533073417215354,0.6362626666505116,0.612034644696859,0.74,0.63,0.644,0.6423435440776482,0.6435163308414008,0.642346208869814,0.74,0.64,2.0,"[[371, 80], [302, 247]]","[[288, 163], [193, 356]]"
Faces,hoeffding_tree,page_hinkley,0.75,6,206042,0.6450352822580645,0.6136271086047114,0.6092136011582505,0.651,0.6450352822580645,0.6136271086047114,0.6092136011582505,0.79,0.6599999999999999,0.689,0.6796058062740782,0.6718227476337969,0.6739272889308274,0.79,0.8200000000000001,3.0,"[[489, 94], [255, 162]]","[[452, 131], [180, 237]]"
Faces,hoeffding_tree,page_hinkley,0.75,7,207042,0.6341008771929825,0.6006124774280062,0.5931324382246974,0.641,0.6341008771929825,0.6006124774280062,0.5931324382246974,0.76,0.8,0.696,0.6894075484780132,0.6730464684855889,0.6757333333333333,0.76,0.74,3.0,"[[492, 91], [268, 149]]","[[473, 110], [194, 223]]"
Faces,hoeffding_tree,page_hinkley,0.75,8,208042,0.6491045818400079,0.6058523954095325,0.5952824105619858,0.646,0.6491045818400079,0.6058523954095325,0.5952824105619858,0.76,0.73,0.661,0.6560493409935789,0.6589168725493811,0.6564566390514555,0.76,0.7,2.0,"[[500, 77], [277, 146]]","[[388, 189], [150, 273]]"
Faces,hoeffding_tree,page_hinkley,0.75,9,209042,0.6770542143653835,0.6517584281348502,0.6383535865687217,0.651,0.6770542143653835,0.6517584281348502,0.6383535865687217,0.73,0.6799999999999999,0.685,0.6862051734629318,0.6848309572953167,0.6843608306821313,0.73,0.75,2.0,"[[419, 79], [270, 232]]","[[320, 178], [137, 365]]"
Faces,gaussian_nb,page_hinkley,0.75,0,200042,0.6241532976827094,0.6129599896203312,0.6115387684309106,0.63,0.6241532976827094,0.6129599896203312,0.6115387684309106,0.73,0.7,0.647,0.6410987602800646,0.6357182244279018,0.6363670076713169,0.73,0.6799999999999999,2.0,"[[424, 134], [236, 206]]","[[409, 149], [204, 238]]"
Faces,gaussian_nb,page_hinkley,0.75,1,201042,0.6632134383258821,0.6450529971710834,0.6328340697164002,0.642,0.6632134383258821,0.6450529971710834,0.6328340697164002,0.81,0.53,0.67,0.6712161548994334,0.6706132787022996,0.6698402026580865,0.81,0.73,3.0,"[[400, 91], [267, 242]]","[[346, 145], [185, 324]]"
Faces,gaussian_nb,page_hinkley,0.75,2,202042,0.6616066393756646,0.6512391433958008,0.635985596726492,0.639,0.6616066393756646,0.6512391433958008,0.635985596726492,0.73,0.61,0.658,0.6626758407322064,0.6626758407322064,0.658,0.73,0.61,1.0,"[[365, 93], [268, 274]]","[[329, 129], [213, 329]]"
Faces,gaussian_nb,page_hinkley,0.75,3,203042,0.6131837307152875,0.5995165984314113,0.5982790794111548,0.628,0.6131837307152875,0.5995165984314113,0.5982790794111548,0.72,0.63,0.653,0.6412872908569254,0.6358251533237969,0.6371503650978387,0.72,0.6599999999999999,2.0,"[[450, 132], [240, 178]]","[[431, 151], [196, 222]]"
Faces,gaussian_nb,page_hinkley,0.75,4,204042,0.6248731994319334,0.6126557846220403,0.6137152777777778,0.644,0.6248731994319334,0.6126557846220403,0.6137152777777778,0.72,0.63,0.67,0.6547394308872685,0.6486630393184579,0.6505362679814974,0.72,0.69,2.0,"[[462, 136], [220, 182]]","[[453, 145], [185, 217]]"
Faces,gaussian_nb,page_hinkley,0.75,5,205042,0.6459474627665812,0.6407396637304674,0.6277906919581722,0.629,0.6459474627665812,0.6407396637304674,0.6277906919581722,0.6699999999999999,0.63,0.645,0.6444327983229585,0.6458123821178599,0.6439228666716819,0.6699999999999999,0.6599999999999999,2.0,"[[343, 108], [263, 286]]","[[295, 156], [199, 350]]"
Faces,gaussian_nb,page_hinkley,0.75,6,206042,0.6399324418914464,0.6274582392405115,0.6284020433616374,0.652,0.6399324418914464,0.6274582392405115,0.6284020433616374,0.83,0.6599999999999999,0.65,0.6376226944234711,0.6312054987228056,0.6325366728400506,0.83,0.62,1.0,"[[452, 131], [217, 200]]","[[434, 149], [201, 216]]"
Faces,gaussian_nb,page_hinkley,0.75,7,207042,0.6413684750545081,0.6269502408364903,0.627634059786732,0.653,0.6413684750545081,0.6269502408364903,0.627634059786732,0.7,0.81,0.676,0.6662309368191721,0.6647704135148143,0.6653984856183313,0.7,0.78,2.0,"[[457, 126], [221, 196]]","[[427, 156], [168, 249]]"
Faces,gaussian_nb,page_hinkley,0.75,8,208042,0.6355903322109683,0.6222574578708655,0.6224000000000001,0.646,0.6355903322109683,0.6222574578708655,0.6224000000000001,0.6599999999999999,0.75,0.628,0.6167630470479046,0.6139156229130048,0.6146690919034933,0.6599999999999999,0.73,1.0,"[[448, 129], [225, 198]]","[[407, 170], [202, 221]]"
Faces,gaussian_nb,page_hinkley,0.75,9,209042,0.6604119151288963,0.6485463767420279,0.6415639217794722,0.648,0.6604119151288963,0.6485463767420279,0.6415639217794722,0.6699999999999999,0.6699999999999999,0.666,0.6730394848499975,0.6663946623145971,0.6628932239519412,0.6699999999999999,0.71,2.0,"[[391, 107], [245, 257]]","[[381, 117], [217, 285]]"
Faces,logistic_regression,hddm_w,0.75,0,200042,0.6212797619047619,0.6216043075625619,0.6214191719809697,0.626,0.6212797619047619,0.6216043075625619,0.6214191719809697,0.63,0.63,0.609,0.6049496816594784,0.6056658395368073,0.6051298779336274,0.63,0.5800000000000001,1.0,"[[368, 190], [184, 258]]","[[354, 204], [187, 255]]"
Faces,logistic_regression,hddm_w,0.75,1,201042,0.6089769072313975,0.6085931841916781,0.6078101801271816,0.608,0.6089769072313975,0.6085931841916781,0.6078101801271816,0.6,0.5900000000000001,0.603,0.6035965629458632,0.6034295111616164,0.6029328956593665,0.6,0.62,3.0,"[[315, 176], [216, 293]]","[[308, 183], [214, 295]]"
Faces,logistic_regression,hddm_w,0.75,2,202042,0.6085196268262629,0.6092750447155126,0.607491308736122,0.608,0.6085196268262629,0.6092750447155126,0.607491308736122,0.5800000000000001,0.62,0.612,0.6128851540616247,0.6136418569425869,0.6116022807354731,0.5800000000000001,0.6699999999999999,3.0,"[[286, 172], [220, 322]]","[[290, 168], [220, 322]]"
Faces,logistic_regression,hddm_w,0.75,3,203042,0.5919887027893505,0.5941194363603479,0.5915988953915533,0.597,0.5919887027893505,0.5941194363603479,0.5915988953915533,0.54,0.65,0.573,0.57060354318887,0.5724896825005343,0.5689441959395957,0.54,0.65,1.0,"[[356, 226], [177, 241]]","[[335, 247], [180, 238]]"
Faces,logistic_regression,hddm_w,0.75,4,204042,0.6098214285714285,0.6125642689562223,0.6102708002576316,0.62,0.6098214285714285,0.6125642689562223,0.6102708002576316,0.5700000000000001,0.64,0.588,0.5799954850361198,0.5825471305678963,0.5795214709400349,0.5700000000000001,0.5800000000000001,2.0,"[[389, 209], [171, 231]]","[[365, 233], [179, 223]]"
Faces,logistic_regression,hddm_w,0.75,5,205042,0.6167088749394881,0.6178175194568637,0.6153214269972231,0.616,0.6167088749394881,0.6178175194568637,0.6153214269972231,0.6799999999999999,0.63,0.618,0.6179024716098864,0.619045311168462,0.6170426065162907,0.6799999999999999,0.63,1.0,"[[287, 164], [220, 329]]","[[284, 167], [215, 334]]"
Faces,logistic_regression,hddm_w,0.75,6,206042,0.6127424379459351,0.6153691112290272,0.6126059248982837,0.618,0.6127424379459351,0.6153691112290272,0.6126059248982837,0.6699999999999999,0.6599999999999999,0.602,0.5953019457606614,0.597208682453694,0.5953705511093761,0.6699999999999999,0.65,2.0,"[[368, 215], [167, 250]]","[[365, 218], [180, 237]]"
Faces,logistic_regression,hddm_w,0.75,7,207042,0.6007388130649864,0.602862478456343,0.6007619047619047,0.607,0.6007388130649864,0.602862478456343,0.6007619047619047,0.63,0.71,0.601,0.5949677938808373,0.5970338651891522,0.5948708003383184,0.63,0.6599999999999999,1.0,"[[366, 217], [176, 241]]","[[362, 221], [178, 239]]"
Faces,logistic_regression,hddm_w,0.75,8,208042,0.6094585282112552,0.609982341203994,0.60967993754879,0.618,0.6094585282112552,0.609982341203994,0.60967993754879,0.55,0.69,0.6,0.5921977616329775,0.5931224930450565,0.5924621804903495,0.55,0.64,2.0,"[[382, 195], [187, 236]]","[[368, 209], [191, 232]]"
Faces,logistic_regression,hddm_w,0.75,9,209042,0.613198857879709,0.6130698091169459,0.6129129054037159,0.613,0.613198857879709,0.6130698091169459,0.6129129054037159,0.52,0.69,0.602,0.6023808377853717,0.6021056336901391,0.6017706198770492,0.52,0.62,1.0,"[[314, 184], [203, 299]]","[[313, 185], [213, 289]]"
Faces,hoeffding_tree,hddm_w,0.75,0,200042,0.6256249431869829,0.5896543894646361,0.5735607675906182,0.62,0.6256249431869829,0.5896543894646361,0.5735607675906182,0.76,0.6799999999999999,0.647,0.6505710652261996,0.6521797304529753,0.6466604406834968,0.76,0.5800000000000001,2.0,"[[475, 83], [297, 145]]","[[339, 219], [134, 308]]"
Faces,hoeffding_tree,hddm_w,0.75,1,201042,0.6648227174542964,0.6376986143510497,0.6196865219397234,0.634,0.6648227174542964,0.6376986143510497,0.6196865219397234,0.79,0.54,0.654,0.6563839110820318,0.6549321980321624,0.6534455128205128,0.79,0.8,4.0,"[[414, 77], [289, 220]]","[[347, 144], [202, 307]]"
Faces,hoeffding_tree,hddm_w,0.75,2,202042,0.6810475032928361,0.6434159428930534,0.6090343147574508,0.623,0.6810475032928361,0.6434159428930534,0.6090343147574508,0.69,0.62,0.666,0.6665279800291242,0.6676872008894761,0.6655665742802672,0.69,0.71,2.0,"[[406, 52], [325, 217]]","[[315, 143], [191, 351]]"
Faces,hoeffding_tree,hddm_w,0.75,3,203042,0.6074999999999999,0.5707015899636626,0.5527330120504499,0.618,0.6074999999999999,0.5707015899636626,0.5527330120504499,0.77,0.62,0.673,0.6635870934694872,0.6627821897762212,0.6631501742451009,0.77,0.72,2.0,"[[500, 82], [300, 118]]","[[422, 160], [167, 251]]"
Faces,hoeffding_tree,hddm_w,0.75,4,204042,0.6309798659483921,0.5828341569743256,0.5680314386478301,0.641,0.6309798659483921,0.5828341569743256,0.5680314386478301,0.76,0.64,0.653,0.6399914903812391,0.6409715635867486,0.6404260588519954,0.76,0.63,1.0,"[[526, 72], [287, 115]]","[[420, 178], [169, 233]]"
Faces,hoeffding_tree,hddm_w,0.75,5,205042,0.6533073417215354,0.6362626666505116,0.612034644696859,0.618,0.6533073417215354,0.6362626666505116,0.612034644696859,0.74,0.63,0.631,0.626287893798296,0.6235626961336678,0.6239417629487858,0.74,0.64,2.0,"[[371, 80], [302, 247]]","[[247, 204], [165, 384]]"
Faces,hoeffding_tree,hddm_w,0.75,6,206042,0.6450352822580645,0.6136271086047114,0.6092136011582505,0.651,0.6450352822580645,0.6136271086047114,0.6092136011582505,0.79,0.6599999999999999,0.648,0.6468667858900345,0.6509989264163283,0.6451255166851497,0.79,0.63,1.0,"[[489, 94], [255, 162]]","[[369, 214], [138, 279]]"
Faces,hoeffding_tree,hddm_w,0.75,7,207042,0.6341008771929825,0.6006124774280062,0.5931324382246974,0.641,0.6341008771929825,0.6006124774280062,0.5931324382246974,0.76,0.8,0.673,0.677392712810315,0.681999169103825,0.6718577367817372,0.76,0.75,1.0,"[[492, 91], [268, 149]]","[[366, 217], [110, 307]]"
Faces,hoeffding_tree,hddm_w,0.75,8,208042,0.6491045818400079,0.6058523954095325,0.5952824105619858,0.646,0.6491045818400079,0.6058523954095325,0.5952824105619858,0.76,0.73,0.663,0.6674568031958416,0.6710608798259523,0.66212117718185,0.76,0.69,1.0,"[[500, 77], [277, 146]]","[[357, 220], [117, 306]]"
Faces,hoeffding_tree,hddm_w,0.75,9,209042,0.6770542143653835,0.6517584281348502,0.6383535865687217,0.651,0.6770542143653835,0.6517584281348502,0.6383535865687217,0.73,0.6799999999999999,0.662,0.6802767300094745,0.6613545816733069,0.6526578865157271,0.73,0.65,1.0,"[[419, 79], [270, 232]]","[[249, 249], [89, 413]]"
Faces,gaussian_nb,hddm_w,0.75,0,200042,0.6241532976827094,0.6129599896203312,0.6115387684309106,0.63,0.6241532976827094,0.6129599896203312,0.6115387684309106,0.73,0.7,0.641,0.6352114178348287,0.633634181546895,0.6341330430856751,0.73,0.6,1.0,"[[424, 134], [236, 206]]","[[389, 169], [190, 252]]"
Faces,gaussian_nb,hddm_w,0.75,1,201042,0.6632134383258821,0.6450529971710834,0.6328340697164002,0.642,0.6632134383258821,0.6450529971710834,0.6328340697164002,0.81,0.53,0.657,0.6594949494949495,0.6579511761810827,0.6564224461319478,0.81,0.62,3.0,"[[400, 91], [267, 242]]","[[349, 142], [201, 308]]"
Faces,gaussian_nb,hddm_w,0.75,2,202042,0.6616066393756646,0.6512391433958008,0.635985596726492,0.639,0.6616066393756646,0.6512391433958008,0.635985596726492,0.73,0.61,0.65,0.658302258553028,0.6566493175848789,0.6497982838114753,0.73,0.5800000000000001,2.0,"[[365, 93], [268, 274]]","[[337, 121], [229, 313]]"
Faces,gaussian_nb,hddm_w,0.75,3,203042,0.6131837307152875,0.5995165984314113,0.5982790794111548,0.628,0.6131837307152875,0.5995165984314113,0.5982790794111548,0.72,0.63,0.609,0.5982956716056178,0.5983615317581676,0.5983279759941895,0.72,0.5900000000000001,2.0,"[[450, 132], [240, 178]]","[[386, 196], [195, 223]]"
Faces,gaussian_nb,hddm_w,0.75,4,204042,0.6248731994319334,0.6126557846220403,0.6137152777777778,0.644,0.6248731994319334,0.6126557846220403,0.6137152777777778,0.72,0.63,0.645,0.6319426970973184,0.6330596182964774,0.6324195594211901,0.72,0.6,1.0,"[[462, 136], [220, 182]]","[[415, 183], [172, 230]]"
Faces,gaussian_nb,hddm_w,0.75,5,205042,0.6459474627665812,0.6407396637304674,0.6277906919581722,0.629,0.6459474627665812,0.6407396637304674,0.6277906919581722,0.6699999999999999,0.63,0.636,0.6434502798367585,0.6429589780249516,0.6359767025089607,0.6699999999999999,0.63,2.0,"[[343, 108], [263, 286]]","[[322, 129], [235, 314]]"
Faces,gaussian_nb,hddm_w,0.75,6,206042,0.6399324418914464,0.6274582392405115,0.6284020433616374,0.652,0.6399324418914464,0.6274582392405115,0.6284020433616374,0.83,0.6599999999999999,0.651,0.6386284722222222,0.6313803159873473,0.6327363457371634,0.83,0.62,1.0,"[[452, 131], [217, 200]]","[[437, 146], [203, 214]]"
Faces,gaussian_nb,hddm_w,0.75,7,207042,0.6413684750545081,0.6269502408364903,0.627634059786732,0.653,0.6413684750545081,0.6269502408364903,0.627634059786732,0.7,0.81,0.669,0.6656687346703218,0.67003344151437,0.665310043226573,0.7,0.71,2.0,"[[457, 126], [221, 196]]","[[387, 196], [135, 282]]"
Faces,gaussian_nb,hddm_w,0.75,8,208042,0.6355903322109683,0.6222574578708655,0.6224000000000001,0.646,0.6355903322109683,0.6222574578708655,0.6224000000000001,0.6599999999999999,0.75,0.646,0.6355903322109683,0.6222574578708655,0.6224000000000001,0.6599999999999999,0.75,0.0,"[[448, 129], [225, 198]]","[[448, 129], [225, 198]]"
Faces,gaussian_nb,hddm_w,0.75,9,209042,0.6604119151288963,0.6485463767420279,0.6415639217794722,0.648,0.6604119151288963,0.6485463767420279,0.6415639217794722,0.6699999999999999,0.6699999999999999,0.643,0.6440322924673715,0.6431582905326485,0.6425105970073031,0.6699999999999999,0.64,2.0,"[[391, 107], [245, 257]]","[[340, 158], [199, 303]]"
Faces,logistic_regression,kswin,0.85,0,300042,0.5764155254012768,0.5878235146749918,0.5754026192004488,0.617,0.5764155254012768,0.5878235146749918,0.5754026192004488,0.51,0.69,0.618,0.5771012352309345,0.5885317299724422,0.5762166575697467,0.51,0.7,1.0,"[[465, 241], [142, 152]]","[[466, 240], [142, 152]]"
Faces,logistic_regression,kswin,0.85,1,301042,0.6298953518233179,0.6298666912717484,0.6298803881742271,0.631,0.6298953518233179,0.6298666912717484,0.6298803881742271,0.65,0.65,0.636,0.6346607520919447,0.6339606291947318,0.6341031909418424,0.65,0.7,1.0,"[[343, 184], [185, 288]]","[[354, 173], [191, 282]]"
Faces,logistic_regression,kswin,0.85,2,302042,0.6143589495769555,0.6136013601360136,0.6131814920371507,0.614,0.6143589495769555,0.6136013601360136,0.6131814920371507,0.62,0.54,0.617,0.6173510466988728,0.6166116611661165,0.6162228512738295,0.62,0.55,2.0,"[[330, 175], [211, 284]]","[[331, 174], [209, 286]]"
Faces,logistic_regression,kswin,0.85,3,303042,0.6307836899942163,0.6312184919665849,0.630923947203017,0.633,0.6307836899942163,0.6312184919665849,0.630923947203017,0.52,0.76,0.605,0.6034455128205128,0.6040495504753154,0.6034259977852096,0.52,0.74,2.0,"[[354, 189], [178, 279]]","[[334, 209], [186, 271]]"
Faces,logistic_regression,kswin,0.85,4,304042,0.6054062065622758,0.6057144923285833,0.6039223687842817,0.604,0.6054062065622758,0.6057144923285833,0.6039223687842817,0.54,0.65,0.609,0.6091337461399382,0.6096094588025439,0.6086238875559413,0.54,0.6599999999999999,1.0,"[[295, 172], [224, 309]]","[[289, 178], [213, 320]]"
Faces,logistic_regression,kswin,0.85,5,305042,0.6177363052633265,0.6178934625667913,0.6169689744869334,0.617,0.6177363052633265,0.6178934625667913,0.6169689744869334,0.55,0.65,0.61,0.6107897107396657,0.6109247167005383,0.6099750384024577,0.55,0.6799999999999999,2.0,"[[304, 173], [210, 313]]","[[301, 176], [214, 309]]"
Faces,logistic_regression,kswin,0.85,6,306042,0.6456745583762871,0.647159090909091,0.6459377152996265,0.649,0.6456745583762871,0.647159090909091,0.6459377152996265,0.63,0.73,0.624,0.6210195172059578,0.6224025974025974,0.6210655314757482,0.63,0.73,2.0,"[[371, 189], [162, 278]]","[[356, 204], [172, 268]]"
Faces,logistic_regression,kswin,0.85,7,307042,0.624405304180585,0.6291509037410676,0.6247847652334815,0.635,0.624405304180585,0.6291509037410676,0.6247847652334815,0.6,0.72,0.618,0.6077251552795031,0.6119798234552334,0.6077045995095282,0.6,0.69,1.0,"[[400, 210], [155, 235]]","[[390, 220], [162, 228]]"
Faces,logistic_regression,kswin,0.85,8,308042,0.6032259613653008,0.6032024198194738,0.6029964269678427,0.603,0.6032259613653008,0.6032024198194738,0.6029964269678427,0.51,0.6699999999999999,0.603,0.6032259613653008,0.6032024198194738,0.6029964269678427,0.51,0.6699999999999999,0.0,"[[303, 189], [208, 300]]","[[303, 189], [208, 300]]"
Faces,logistic_regression,kswin,0.85,9,309042,0.6550877192982456,0.6554186558647184,0.6529718907231485,0.653,0.6550877192982456,0.6554186558647184,0.6529718907231485,0.6799999999999999,0.6799999999999999,0.658,0.6582821300563236,0.6590072495217887,0.6576919227304574,0.6799999999999999,0.72,2.0,"[[322, 144], [203, 331]]","[[314, 152], [190, 344]]"
Faces,hoeffding_tree,kswin,0.85,0,300042,0.5947361777328957,0.5289260179992676,0.49743319909065764,0.702,0.5947361777328957,0.5289260179992676,0.49743319909065764,0.79,0.84,0.74,0.6836109885260371,0.6282881424524484,0.638436935057711,0.79,0.84,2.0,"[[670, 36], [262, 32]]","[[635, 71], [189, 105]]"
Faces,hoeffding_tree,kswin,0.85,1,301042,0.6659104658197217,0.6408266505128957,0.6327363457371633,0.651,0.6659104658197217,0.6408266505128957,0.6327363457371633,0.85,0.7,0.728,0.7530896083267689,0.7358697963260868,0.7249090784049581,0.85,0.63,2.0,"[[437, 90], [259, 214]]","[[311, 216], [56, 417]]"
Faces,hoeffding_tree,kswin,0.85,2,302042,0.6800935550935551,0.6386138613861386,0.6180749488018298,0.641,0.6800935550935551,0.6386138613861386,0.6180749488018298,0.84,0.5900000000000001,0.66,0.6671266708459729,0.6589058905890589,0.6553625585883651,0.84,0.62,1.0,"[[443, 62], [297, 198]]","[[388, 117], [223, 272]]"
Faces,hoeffding_tree,kswin,0.85,3,303042,0.6770239564357212,0.6456734004698752,0.6391673653114565,0.663,0.6770239564357212,0.6456734004698752,0.6391673653114565,0.88,0.5900000000000001,0.715,0.7177270867430442,0.7058585296855544,0.7068236034773806,0.88,0.83,1.0,"[[460, 83], [254, 203]]","[[441, 102], [183, 274]]"
Faces,hoeffding_tree,kswin,0.85,4,304042,0.6897103840295116,0.6566081852549707,0.6302859810227239,0.642,0.6897103840295116,0.6566081852549707,0.6302859810227239,0.84,0.6,0.773,0.7728723659578554,0.7740618132585542,0.7727215839403269,0.84,0.87,4.0,"[[410, 57], [301, 232]]","[[369, 98], [129, 404]]"
Faces,hoeffding_tree,kswin,0.85,5,305042,0.686162247059683,0.6634418429396604,0.6467303098226381,0.655,0.686162247059683,0.6634418429396604,0.6467303098226381,0.84,0.56,0.724,0.7237423127331384,0.7224005996688994,0.7227178473260356,0.84,0.85,2.0,"[[404, 73], [272, 251]]","[[328, 149], [127, 396]]"
Faces,hoeffding_tree,kswin,0.85,6,306042,0.6562364472200538,0.6169642857142856,0.6067295899322774,0.646,0.6562364472200538,0.6169642857142856,0.6067295899322774,0.83,0.79,0.646,0.6597297054597702,0.6155032467532467,0.6033240103270223,0.83,0.79,1.0,"[[481, 79], [275, 165]]","[[487, 73], [281, 159]]"
Faces,hoeffding_tree,kswin,0.85,7,307042,0.6352515318694258,0.6042875157629256,0.602117107113776,0.656,0.6352515318694258,0.6042875157629256,0.602117107113776,0.86,0.73,0.779,0.7829729558738363,0.7444094157208911,0.7536119265206102,0.86,0.94,2.0,"[[512, 98], [246, 144]]","[[550, 60], [161, 229]]"
Faces,hoeffding_tree,kswin,0.85,8,308042,0.6653005464480874,0.6297452147749824,0.6062428407789233,0.626,0.6653005464480874,0.6297452147749824,0.6062428407789233,0.84,0.48,0.649,0.6493089328385989,0.6492462070289995,0.6489912247806195,0.84,0.5900000000000001,2.0,"[[425, 67], [307, 201]]","[[327, 165], [186, 322]]"
Faces,hoeffding_tree,kswin,0.85,9,309042,0.6842204038735831,0.6577856006172542,0.6348852760308338,0.644,0.6842204038735831,0.6577856006172542,0.6348852760308338,0.8200000000000001,0.6,0.684,0.6839999999999999,0.6848547684493096,0.6836342812291009,0.8200000000000001,0.61,1.0,"[[401, 65], [291, 243]]","[[325, 141], [175, 359]]"
Faces,gaussian_nb,kswin,0.85,0,300042,0.6085590162964875,0.5972760208899424,0.6009218072794396,0.685,0.6085590162964875,0.5972760208899424,0.6009218072794396,0.6599999999999999,0.79,0.708,0.629275370106666,0.5927232082634754,0.5974767859899865,0.6599999999999999,0.81,2.0,"[[572, 134], [181, 113]]","[[616, 90], [202, 92]]"
Faces,gaussian_nb,kswin,0.85,1,301042,0.6639412209694735,0.6451893722093625,0.6398819312320201,0.654,0.6639412209694735,0.6451893722093625,0.6398819312320201,0.81,0.7,0.708,0.7080548322193289,0.7086624597325801,0.7078024744727436,0.81,0.6799999999999999,1.0,"[[426, 101], [245, 228]]","[[367, 160], [132, 341]]"
Faces,gaussian_nb,kswin,0.85,2,302042,0.6640252155545876,0.64010401040104,0.6276976322401371,0.642,0.6640252155545876,0.64010401040104,0.6276976322401371,0.81,0.5900000000000001,0.668,0.6730570828378586,0.6670867086708672,0.6647805524254944,0.81,0.6,1.0,"[[419, 86], [272, 223]]","[[383, 122], [210, 285]]"
Faces,gaussian_nb,kswin,0.85,3,303042,0.6681577727921306,0.6476983771977546,0.6444784772739705,0.662,0.6681577727921306,0.6476983771977546,0.6444784772739705,0.87,0.5900000000000001,0.71,0.710055933598172,0.7026407308453321,0.7036837222229034,0.87,0.78,1.0,"[[442, 101], [237, 220]]","[[428, 115], [175, 282]]"
Faces,gaussian_nb,kswin,0.85,4,304042,0.6686851869257175,0.6514175749565105,0.633811412877632,0.64,0.6686851869257175,0.6514175749565105,0.633811412877632,0.81,0.5700000000000001,0.706,0.7118786687217578,0.7104145658488376,0.7058823529411764,0.81,0.6599999999999999,3.0,"[[385, 82], [278, 255]]","[[363, 104], [190, 343]]"
Faces,gaussian_nb,kswin,0.85,5,305042,0.6857002704565944,0.668440419928569,0.6550808423353163,0.661,0.6857002704565944,0.668440419928569,0.6550808423353163,0.86,0.56,0.687,0.7013627819548872,0.6923750656388918,0.6847221172974742,0.86,0.75,1.0,"[[396, 81], [258, 265]]","[[386, 91], [222, 301]]"
Faces,gaussian_nb,kswin,0.85,6,306042,0.6569883710583133,0.6360389610389611,0.6339377096453678,0.657,0.6569883710583133,0.6360389610389611,0.6339377096453678,0.84,0.78,0.658,0.6598500927359988,0.6357142857142857,0.6327934753198563,0.84,0.79,1.0,"[[454, 106], [237, 203]]","[[460, 100], [242, 198]]"
Faces,gaussian_nb,kswin,0.85,7,307042,0.6465838929090374,0.6276376628835645,0.629798857379176,0.667,0.6465838929090374,0.6276376628835645,0.629798857379176,0.84,0.73,0.747,0.7400020607065414,0.7154056326187473,0.7217942839171805,0.84,0.89,2.0,"[[492, 118], [215, 175]]","[[524, 86], [167, 223]]"
Faces,gaussian_nb,kswin,0.85,8,308042,0.6516994199151573,0.6300572946674349,0.6143662528082512,0.627,0.6516994199151573,0.6300572946674349,0.6143662528082512,0.79,0.47,0.645,0.647833240797403,0.6459493630369375,0.6441455935701619,0.79,0.62,1.0,"[[404, 88], [285, 223]]","[[347, 145], [210, 298]]"
Faces,gaussian_nb,kswin,0.85,9,309042,0.6679310391127462,0.6507812123257944,0.6328909381009378,0.639,0.6679310391127462,0.6507812123257944,0.6328909381009378,0.78,0.5900000000000001,0.669,0.6740031260223184,0.6731325649804697,0.6689255082393539,0.78,0.62,1.0,"[[384, 82], [279, 255]]","[[342, 124], [207, 327]]"
Faces,logistic_regression,adwin,0.85,0,300042,0.5764155254012768,0.5878235146749918,0.5754026192004488,0.617,0.5764155254012768,0.5878235146749918,0.5754026192004488,0.51,0.69,0.617,0.5764155254012768,0.5878235146749918,0.5754026192004488,0.51,0.69,0.0,"[[465, 241], [142, 152]]","[[465, 241], [142, 152]]"
Faces,logistic_regression,adwin,0.85,1,301042,0.6298953518233179,0.6298666912717484,0.6298803881742271,0.631,0.6298953518233179,0.6298666912717484,0.6298803881742271,0.65,0.65,0.631,0.6298953518233179,0.6298666912717484,0.6298803881742271,0.65,0.65,0.0,"[[343, 184], [185, 288]]","[[343, 184], [185, 288]]"
Faces,logistic_regression,adwin,0.85,2,302042,0.6143589495769555,0.6136013601360136,0.6131814920371507,0.614,0.6143589495769555,0.6136013601360136,0.6131814920371507,0.62,0.54,0.614,0.6143589495769555,0.6136013601360136,0.6131814920371507,0.62,0.54,0.0,"[[330, 175], [211, 284]]","[[330, 175], [211, 284]]"
Faces,logistic_regression,adwin,0.85,3,303042,0.6307836899942163,0.6312184919665849,0.630923947203017,0.633,0.6307836899942163,0.6312184919665849,0.630923947203017,0.52,0.76,0.633,0.6307836899942163,0.6312184919665849,0.630923947203017,0.52,0.76,0.0,"[[354, 189], [178, 279]]","[[354, 189], [178, 279]]"
Faces,logistic_regression,adwin,0.85,4,304042,0.6054062065622758,0.6057144923285833,0.6039223687842817,0.604,0.6054062065622758,0.6057144923285833,0.6039223687842817,0.54,0.65,0.604,0.6054062065622758,0.6057144923285833,0.6039223687842817,0.54,0.65,0.0,"[[295, 172], [224, 309]]","[[295, 172], [224, 309]]"
Faces,logistic_regression,adwin,0.85,5,305042,0.6177363052633265,0.6178934625667913,0.6169689744869334,0.617,0.6177363052633265,0.6178934625667913,0.6169689744869334,0.55,0.65,0.617,0.6177363052633265,0.6178934625667913,0.6169689744869334,0.55,0.65,0.0,"[[304, 173], [210, 313]]","[[304, 173], [210, 313]]"
Faces,logistic_regression,adwin,0.85,6,306042,0.6456745583762871,0.647159090909091,0.6459377152996265,0.649,0.6456745583762871,0.647159090909091,0.6459377152996265,0.63,0.73,0.649,0.6456745583762871,0.647159090909091,0.6459377152996265,0.63,0.73,0.0,"[[371, 189], [162, 278]]","[[371, 189], [162, 278]]"
Faces,logistic_regression,adwin,0.85,7,307042,0.624405304180585,0.6291509037410676,0.6247847652334815,0.635,0.624405304180585,0.6291509037410676,0.6247847652334815,0.6,0.72,0.635,0.624405304180585,0.6291509037410676,0.6247847652334815,0.6,0.72,0.0,"[[400, 210], [155, 235]]","[[400, 210], [155, 235]]"
Faces,logistic_regression,adwin,0.85,8,308042,0.6032259613653008,0.6032024198194738,0.6029964269678427,0.603,0.6032259613653008,0.6032024198194738,0.6029964269678427,0.51,0.6699999999999999,0.603,0.6032259613653008,0.6032024198194738,0.6029964269678427,0.51,0.6699999999999999,0.0,"[[303, 189], [208, 300]]","[[303, 189], [208, 300]]"
Faces,logistic_regression,adwin,0.85,9,309042,0.6550877192982456,0.6554186558647184,0.6529718907231485,0.653,0.6550877192982456,0.6554186558647184,0.6529718907231485,0.6799999999999999,0.6799999999999999,0.653,0.6550877192982456,0.6554186558647184,0.6529718907231485,0.6799999999999999,0.6799999999999999,0.0,"[[322, 144], [203, 331]]","[[322, 144], [203, 331]]"
Faces,hoeffding_tree,adwin,0.85,0,300042,0.5947361777328957,0.5289260179992676,0.49743319909065764,0.702,0.5947361777328957,0.5289260179992676,0.49743319909065764,0.79,0.84,0.79,0.7628403465346535,0.6964502514886974,0.7145979092258266,0.79,0.84,2.0,"[[670, 36], [262, 32]]","[[652, 54], [156, 138]]"
Faces,hoeffding_tree,adwin,0.85,1,301042,0.6659104658197217,0.6408266505128957,0.6327363457371633,0.651,0.6659104658197217,0.6408266505128957,0.6327363457371633,0.85,0.7,0.731,0.7423768440463646,0.7362248316089718,0.7301231701799146,0.85,0.83,2.0,"[[437, 90], [259, 214]]","[[337, 190], [79, 394]]"
Faces,hoeffding_tree,adwin,0.85,2,302042,0.6800935550935551,0.6386138613861386,0.6180749488018298,0.641,0.6800935550935551,0.6386138613861386,0.6180749488018298,0.84,0.5900000000000001,0.68,0.702514188602769,0.6782878287828783,0.6695293685119321,0.84,0.55,2.0,"[[443, 62], [297, 198]]","[[429, 76], [244, 251]]"
Faces,hoeffding_tree,adwin,0.85,3,303042,0.6770239564357212,0.6456734004698752,0.6391673653114565,0.663,0.6770239564357212,0.6456734004698752,0.6391673653114565,0.88,0.5900000000000001,0.689,0.6865456780538303,0.6859029381304125,0.6861676631600193,0.88,0.64,1.0,"[[460, 83], [254, 203]]","[[392, 151], [160, 297]]"
Faces,hoeffding_tree,adwin,0.85,4,304042,0.6897103840295116,0.6566081852549707,0.6302859810227239,0.642,0.6897103840295116,0.6566081852549707,0.6302859810227239,0.84,0.6,0.693,0.6952439396127128,0.6955678937451539,0.6929849562628568,0.84,0.87,2.0,"[[410, 57], [301, 232]]","[[343, 124], [183, 350]]"
Faces,hoeffding_tree,adwin,0.85,5,305042,0.686162247059683,0.6634418429396604,0.6467303098226381,0.655,0.686162247059683,0.6634418429396604,0.6467303098226381,0.84,0.56,0.675,0.6765106806081211,0.676477426233911,0.674999674999675,0.84,0.61,1.0,"[[404, 73], [272, 251]]","[[338, 139], [186, 337]]"
Faces,hoeffding_tree,adwin,0.85,6,306042,0.6562364472200538,0.6169642857142856,0.6067295899322774,0.646,0.6562364472200538,0.6169642857142856,0.6067295899322774,0.83,0.79,0.723,0.7279529631072954,0.730275974025974,0.7227979196834492,0.83,0.86,2.0,"[[481, 79], [275, 165]]","[[375, 185], [92, 348]]"
Faces,hoeffding_tree,adwin,0.85,7,307042,0.6352515318694258,0.6042875157629256,0.602117107113776,0.656,0.6352515318694258,0.6042875157629256,0.602117107113776,0.86,0.73,0.682,0.676757953506281,0.6852459016393442,0.6760074334898278,0.86,0.6699999999999999,2.0,"[[512, 98], [246, 144]]","[[409, 201], [117, 273]]"
Faces,hoeffding_tree,adwin,0.85,8,308042,0.6653005464480874,0.6297452147749824,0.6062428407789233,0.626,0.6653005464480874,0.6297452147749824,0.6062428407789233,0.84,0.48,0.662,0.6743309685431872,0.6639939824595096,0.657549513477149,0.84,0.55,2.0,"[[425, 67], [307, 201]]","[[388, 104], [234, 274]]"
Faces,hoeffding_tree,adwin,0.85,9,309042,0.6842204038735831,0.6577856006172542,0.6348852760308338,0.644,0.6842204038735831,0.6577856006172542,0.6348852760308338,0.8200000000000001,0.6,0.682,0.6825907432302669,0.6833920046294064,0.6817848865833304,0.8200000000000001,0.61,1.0,"[[401, 65], [291, 243]]","[[328, 138], [180, 354]]"
Faces,gaussian_nb,adwin,0.85,0,300042,0.6085590162964875,0.5972760208899424,0.6009218072794396,0.685,0.6085590162964875,0.5972760208899424,0.6009218072794396,0.6599999999999999,0.79,0.667,0.6010128375134863,0.6023925150796863,0.601662729148599,0.6599999999999999,0.76,1.0,"[[572, 134], [181, 113]]","[[536, 170], [163, 131]]"
Faces,gaussian_nb,adwin,0.85,1,301042,0.6639412209694735,0.6451893722093625,0.6398819312320201,0.654,0.6639412209694735,0.6451893722093625,0.6398819312320201,0.81,0.7,0.707,0.7065426170468188,0.7070637980350702,0.7065983331180385,0.81,0.6699999999999999,1.0,"[[426, 101], [245, 228]]","[[372, 155], [138, 335]]"
Faces,gaussian_nb,adwin,0.85,2,302042,0.6640252155545876,0.64010401040104,0.6276976322401371,0.642,0.6640252155545876,0.64010401040104,0.6276976322401371,0.81,0.5900000000000001,0.669,0.669875515995872,0.6685768576857686,0.6682033562583763,0.81,0.61,1.0,"[[419, 86], [272, 223]]","[[359, 146], [185, 310]]"
Faces,gaussian_nb,adwin,0.85,3,303042,0.6681577727921306,0.6476983771977546,0.6444784772739705,0.662,0.6681577727921306,0.6476983771977546,0.6444784772739705,0.87,0.5900000000000001,0.671,0.669626074113856,0.6629169336412104,0.6633234377030677,0.87,0.61,1.0,"[[442, 101], [237, 220]]","[[411, 132], [197, 260]]"
Faces,gaussian_nb,adwin,0.85,4,304042,0.6686851869257175,0.6514175749565105,0.633811412877632,0.64,0.6686851869257175,0.6514175749565105,0.633811412877632,0.81,0.5700000000000001,0.67,0.6746451646750689,0.6738593312469116,0.6699353073202348,0.81,0.61,1.0,"[[385, 82], [278, 255]]","[[342, 125], [205, 328]]"
Faces,gaussian_nb,adwin,0.85,5,305042,0.6857002704565944,0.668440419928569,0.6550808423353163,0.661,0.6857002704565944,0.668440419928569,0.6550808423353163,0.86,0.56,0.676,0.6820669311362018,0.6793695459592497,0.6754274540289069,0.86,0.5700000000000001,1.0,"[[396, 81], [258, 265]]","[[359, 118], [206, 317]]"
Faces,gaussian_nb,adwin,0.85,6,306042,0.6569883710583133,0.6360389610389611,0.6339377096453678,0.657,0.6569883710583133,0.6360389610389611,0.6339377096453678,0.84,0.78,0.72,0.7159893706656297,0.716396103896104,0.7161809306021829,0.84,0.84,2.0,"[[454, 106], [237, 203]]","[[418, 142], [138, 302]]"
Faces,gaussian_nb,adwin,0.85,7,307042,0.6465838929090374,0.6276376628835645,0.629798857379176,0.667,0.6465838929090374,0.6276376628835645,0.629798857379176,0.84,0.73,0.687,0.6767571357360254,0.6833333333333333,0.6780203083804215,0.84,0.6599999999999999,2.0,"[[492, 118], [215, 175]]","[[427, 183], [130, 260]]"
Faces,gaussian_nb,adwin,0.85,8,308042,0.6516994199151573,0.6300572946674349,0.6143662528082512,0.627,0.6516994199151573,0.6300572946674349,0.6143662528082512,0.79,0.47,0.664,0.6734934914811278,0.6657384290378336,0.6607417639005004,0.79,0.5900000000000001,3.0,"[[404, 88], [285, 223]]","[[381, 111], [225, 283]]"
Faces,gaussian_nb,adwin,0.85,9,309042,0.6679310391127462,0.6507812123257944,0.6328909381009378,0.639,0.6679310391127462,0.6507812123257944,0.6328909381009378,0.78,0.5900000000000001,0.65,0.6588377882599581,0.6558888299496873,0.649381508981844,0.78,0.61,1.0,"[[384, 82], [279, 255]]","[[346, 120], [230, 304]]"
Faces,logistic_regression,page_hinkley,0.85,0,300042,0.5764155254012768,0.5878235146749918,0.5754026192004488,0.617,0.5764155254012768,0.5878235146749918,0.5754026192004488,0.51,0.69,0.607,0.5726333139181837,0.5847112215991213,0.569539144007229,0.51,0.62,1.0,"[[465, 241], [142, 152]]","[[451, 255], [138, 156]]"
Faces,logistic_regression,page_hinkley,0.85,1,301042,0.6298953518233179,0.6298666912717484,0.6298803881742271,0.631,0.6298953518233179,0.6298666912717484,0.6298803881742271,0.65,0.65,0.612,0.6117411741174117,0.6120567575048842,0.6116022807354731,0.65,0.63,2.0,"[[343, 184], [185, 288]]","[[322, 205], [183, 290]]"
Faces,logistic_regression,page_hinkley,0.85,2,302042,0.6143589495769555,0.6136013601360136,0.6131814920371507,0.614,0.6143589495769555,0.6136013601360136,0.6131814920371507,0.62,0.54,0.613,0.6133252818035426,0.6126112611261126,0.612214734838047,0.62,0.55,2.0,"[[330, 175], [211, 284]]","[[329, 176], [211, 284]]"
Faces,logistic_regression,page_hinkley,0.85,3,303042,0.6307836899942163,0.6312184919665849,0.630923947203017,0.633,0.6307836899942163,0.6312184919665849,0.630923947203017,0.52,0.76,0.612,0.6111077761636632,0.6118814753919992,0.6108652831657113,0.52,0.73,2.0,"[[354, 189], [178, 279]]","[[333, 210], [178, 279]]"
Faces,logistic_regression,page_hinkley,0.85,4,304042,0.6054062065622758,0.6057144923285833,0.6039223687842817,0.604,0.6054062065622758,0.6057144923285833,0.6039223687842817,0.54,0.65,0.589,0.5904647435897437,0.5907151552161214,0.5889305292594449,0.54,0.6699999999999999,1.0,"[[295, 172], [224, 309]]","[[288, 179], [232, 301]]"
Faces,logistic_regression,page_hinkley,0.85,5,305042,0.6177363052633265,0.6178934625667913,0.6169689744869334,0.617,0.6177363052633265,0.6178934625667913,0.6169689744869334,0.55,0.65,0.595,0.5957190437302845,0.5958468118538829,0.5949671923425797,0.55,0.61,1.0,"[[304, 173], [210, 313]]","[[293, 184], [221, 302]]"
Faces,logistic_regression,page_hinkley,0.85,6,306042,0.6456745583762871,0.647159090909091,0.6459377152996265,0.649,0.6456745583762871,0.647159090909091,0.6459377152996265,0.63,0.73,0.649,0.6456745583762871,0.647159090909091,0.6459377152996265,0.63,0.73,0.0,"[[371, 189], [162, 278]]","[[371, 189], [162, 278]]"
Faces,logistic_regression,page_hinkley,0.85,7,307042,0.624405304180585,0.6291509037410676,0.6247847652334815,0.635,0.624405304180585,0.6291509037410676,0.6247847652334815,0.6,0.72,0.625,0.616039923379373,0.6209541824295923,0.6157688465380773,0.6,0.62,1.0,"[[400, 210], [155, 235]]","[[390, 220], [155, 235]]"
Faces,logistic_regression,page_hinkley,0.85,8,308042,0.6032259613653008,0.6032024198194738,0.6029964269678427,0.603,0.6032259613653008,0.6032024198194738,0.6029964269678427,0.51,0.6699999999999999,0.59,0.5899417562724014,0.5899590295115549,0.5899409514970155,0.51,0.6799999999999999,1.0,"[[303, 189], [208, 300]]","[[289, 203], [207, 301]]"
Faces,logistic_regression,page_hinkley,0.85,9,309042,0.6550877192982456,0.6554186558647184,0.6529718907231485,0.653,0.6550877192982456,0.6554186558647184,0.6529718907231485,0.6799999999999999,0.6799999999999999,0.621,0.6214998139635368,0.6220403144138497,0.6207235074369215,0.6799999999999999,0.6599999999999999,2.0,"[[322, 144], [203, 331]]","[[297, 169], [210, 324]]"
Faces,hoeffding_tree,page_hinkley,0.85,0,300042,0.5947361777328957,0.5289260179992676,0.49743319909065764,0.702,0.5947361777328957,0.5289260179992676,0.49743319909065764,0.79,0.84,0.802,0.7821782178217822,0.7109036249060531,0.7309066001272077,0.79,0.84,3.0,"[[670, 36], [262, 32]]","[[658, 48], [150, 144]]"
Faces,hoeffding_tree,page_hinkley,0.85,1,301042,0.6659104658197217,0.6408266505128957,0.6327363457371633,0.651,0.6659104658197217,0.6408266505128957,0.6327363457371633,0.85,0.7,0.769,0.7705128205128204,0.7708698565015586,0.7689886804453419,0.85,0.85,3.0,"[[437, 90], [259, 214]]","[[388, 139], [92, 381]]"
Faces,hoeffding_tree,page_hinkley,0.85,2,302042,0.6800935550935551,0.6386138613861386,0.6180749488018298,0.641,0.6800935550935551,0.6386138613861386,0.6180749488018298,0.84,0.5900000000000001,0.774,0.7824457324413885,0.7731173117311732,0.7718978102189781,0.84,0.83,3.0,"[[443, 62], [297, 198]]","[[435, 70], [156, 339]]"
Faces,hoeffding_tree,page_hinkley,0.85,3,303042,0.6770239564357212,0.6456734004698752,0.6391673653114565,0.663,0.6770239564357212,0.6456734004698752,0.6391673653114565,0.88,0.5900000000000001,0.727,0.7269368562472011,0.720547166845993,0.7217780522629227,0.88,0.83,3.0,"[[460, 83], [254, 203]]","[[432, 111], [162, 295]]"
Faces,hoeffding_tree,page_hinkley,0.85,4,304042,0.6897103840295116,0.6566081852549707,0.6302859810227239,0.642,0.6897103840295116,0.6566081852549707,0.6302859810227239,0.84,0.6,0.729,0.7299459957850369,0.7244336329049339,0.7252387938489989,0.84,0.87,3.0,"[[410, 57], [301, 232]]","[[306, 161], [110, 423]]"
Faces,hoeffding_tree,page_hinkley,0.85,5,305042,0.686162247059683,0.6634418429396604,0.6467303098226381,0.655,0.686162247059683,0.6634418429396604,0.6467303098226381,0.84,0.56,0.7,0.7200379696499353,0.7062784852748416,0.6967197204968945,0.84,0.53,3.0,"[[404, 73], [272, 251]]","[[402, 75], [225, 298]]"
Faces,hoeffding_tree,page_hinkley,0.85,6,306042,0.6562364472200538,0.6169642857142856,0.6067295899322774,0.646,0.6562364472200538,0.6169642857142856,0.6067295899322774,0.83,0.79,0.802,0.8018353050799514,0.7944805194805195,0.7969305748710817,0.83,0.88,3.0,"[[481, 79], [275, 165]]","[[480, 80], [118, 322]]"
Faces,hoeffding_tree,page_hinkley,0.85,7,307042,0.6352515318694258,0.6042875157629256,0.602117107113776,0.656,0.6352515318694258,0.6042875157629256,0.602117107113776,0.86,0.73,0.768,0.7562044283898588,0.7575872215216477,0.7568654082355555,0.86,0.94,2.0,"[[512, 98], [246, 144]]","[[491, 119], [113, 277]]"
Faces,hoeffding_tree,page_hinkley,0.85,8,308042,0.6653005464480874,0.6297452147749824,0.6062428407789233,0.626,0.6653005464480874,0.6297452147749824,0.6062428407789233,0.84,0.48,0.726,0.7288773335055875,0.7268260674732732,0.7255608974358976,0.84,0.87,3.0,"[[425, 67], [307, 201]]","[[383, 109], [165, 343]]"
Faces,hoeffding_tree,page_hinkley,0.85,9,309042,0.6842204038735831,0.6577856006172542,0.6348852760308338,0.644,0.6842204038735831,0.6577856006172542,0.6348852760308338,0.8200000000000001,0.6,0.684,0.7044692832474183,0.6931893073572197,0.6815337977296182,0.8200000000000001,0.5900000000000001,2.0,"[[401, 65], [291, 243]]","[[386, 80], [236, 298]]"
Faces,gaussian_nb,page_hinkley,0.85,0,300042,0.6085590162964875,0.5972760208899424,0.6009218072794396,0.685,0.6085590162964875,0.5972760208899424,0.6009218072794396,0.6599999999999999,0.79,0.724,0.6656788952764772,0.6616176215528704,0.6635065543071161,0.6599999999999999,0.81,2.0,"[[572, 134], [181, 113]]","[[574, 132], [144, 150]]"
Faces,gaussian_nb,page_hinkley,0.85,1,301042,0.6639412209694735,0.6451893722093625,0.6398819312320201,0.654,0.6639412209694735,0.6451893722093625,0.6398819312320201,0.81,0.7,0.73,0.7302535046396592,0.7272606921783922,0.7277951406391774,0.81,0.7,2.0,"[[426, 101], [245, 228]]","[[410, 117], [153, 320]]"
Faces,gaussian_nb,page_hinkley,0.85,2,302042,0.6640252155545876,0.64010401040104,0.6276976322401371,0.642,0.6640252155545876,0.64010401040104,0.6276976322401371,0.81,0.5900000000000001,0.704,0.70892719786435,0.7031903190319032,0.7016898864809081,0.81,0.78,3.0,"[[419, 86], [272, 223]]","[[396, 109], [187, 308]]"
Faces,gaussian_nb,page_hinkley,0.85,3,303042,0.6681577727921306,0.6476983771977546,0.6444784772739705,0.662,0.6681577727921306,0.6476983771977546,0.6444784772739705,0.87,0.5900000000000001,0.735,0.7337561957108505,0.7303395916196187,0.7313220677859216,0.87,0.84,3.0,"[[442, 101], [237, 220]]","[[426, 117], [148, 309]]"
Faces,gaussian_nb,page_hinkley,0.85,4,304042,0.6686851869257175,0.6514175749565105,0.633811412877632,0.64,0.6686851869257175,0.6514175749565105,0.633811412877632,0.81,0.5700000000000001,0.722,0.7237807492416624,0.7243633266508913,0.7219599622345617,0.81,0.75,3.0,"[[385, 82], [278, 255]]","[[355, 112], [166, 367]]"
Faces,gaussian_nb,page_hinkley,0.85,5,305042,0.6857002704565944,0.668440419928569,0.6550808423353163,0.661,0.6857002704565944,0.668440419928569,0.6550808423353163,0.86,0.56,0.714,0.7343999999999999,0.7202159770073475,0.7109931729715966,0.86,0.5700000000000001,3.0,"[[396, 81], [258, 265]]","[[408, 69], [217, 306]]"
Faces,gaussian_nb,page_hinkley,0.85,6,306042,0.6569883710583133,0.6360389610389611,0.6339377096453678,0.657,0.6569883710583133,0.6360389610389611,0.6339377096453678,0.84,0.78,0.73,0.7263771413496892,0.7228896103896104,0.7241193275868412,0.84,0.8,2.0,"[[454, 106], [237, 203]]","[[438, 122], [148, 292]]"
Faces,gaussian_nb,page_hinkley,0.85,7,307042,0.6465838929090374,0.6276376628835645,0.629798857379176,0.667,0.6465838929090374,0.6276376628835645,0.629798857379176,0.84,0.73,0.749,0.7389120754937846,0.723055905842791,0.7281404917949335,0.84,0.89,2.0,"[[492, 118], [215, 175]]","[[513, 97], [154, 236]]"
Faces,gaussian_nb,page_hinkley,0.85,8,308042,0.6516994199151573,0.6300572946674349,0.6143662528082512,0.627,0.6516994199151573,0.6300572946674349,0.6143662528082512,0.79,0.47,0.683,0.6872037432611129,0.684087126304334,0.6819667098402711,0.79,0.72,3.0,"[[404, 88], [285, 223]]","[[370, 122], [195, 313]]"
Faces,gaussian_nb,page_hinkley,0.85,9,309042,0.6679310391127462,0.6507812123257944,0.6328909381009378,0.639,0.6679310391127462,0.6507812123257944,0.6328909381009378,0.78,0.5900000000000001,0.667,0.6771573166173046,0.6733093825850733,0.6662627744688017,0.78,0.61,3.0,"[[384, 82], [279, 255]]","[[357, 109], [224, 310]]"
Faces,logistic_regression,hddm_w,0.85,0,300042,0.5764155254012768,0.5878235146749918,0.5754026192004488,0.617,0.5764155254012768,0.5878235146749918,0.5754026192004488,0.51,0.69,0.593,0.5650598671614434,0.5767811373841322,0.5591760165758483,0.51,0.6599999999999999,1.0,"[[465, 241], [142, 152]]","[[435, 271], [136, 158]]"
Faces,logistic_regression,hddm_w,0.85,1,301042,0.6298953518233179,0.6298666912717484,0.6298803881742271,0.631,0.6298953518233179,0.6298666912717484,0.6298803881742271,0.65,0.65,0.628,0.626912075612486,0.626912075612486,0.626912075612486,0.65,0.6599999999999999,1.0,"[[343, 184], [185, 288]]","[[341, 186], [186, 287]]"
Faces,logistic_regression,hddm_w,0.85,2,302042,0.6143589495769555,0.6136013601360136,0.6131814920371507,0.614,0.6143589495769555,0.6136013601360136,0.6131814920371507,0.62,0.54,0.595,0.5951697001882875,0.5946294629462947,0.5942497678207005,0.62,0.54,2.0,"[[330, 175], [211, 284]]","[[319, 186], [219, 276]]"
Faces,logistic_regression,hddm_w,0.85,3,303042,0.6307836899942163,0.6312184919665849,0.630923947203017,0.633,0.6307836899942163,0.6312184919665849,0.630923947203017,0.52,0.76,0.633,0.6308912083500602,0.6313917735572292,0.6310337790083353,0.52,0.74,1.0,"[[354, 189], [178, 279]]","[[353, 190], [177, 280]]"
Faces,logistic_regression,hddm_w,0.85,4,304042,0.6054062065622758,0.6057144923285833,0.6039223687842817,0.604,0.6054062065622758,0.6057144923285833,0.6039223687842817,0.54,0.65,0.574,0.5756781349335194,0.5758483956112828,0.573957395739574,0.54,0.64,2.0,"[[295, 172], [224, 309]]","[[282, 185], [241, 292]]"
Faces,logistic_regression,hddm_w,0.85,5,305042,0.6177363052633265,0.6178934625667913,0.6169689744869334,0.617,0.6177363052633265,0.6178934625667913,0.6169689744869334,0.55,0.65,0.602,0.6016979327948278,0.6018936068721414,0.6016414773295966,0.55,0.64,2.0,"[[304, 173], [210, 313]]","[[286, 191], [207, 316]]"
Faces,logistic_regression,hddm_w,0.85,6,306042,0.6456745583762871,0.647159090909091,0.6459377152996265,0.649,0.6456745583762871,0.647159090909091,0.6459377152996265,0.63,0.73,0.628,0.625801282051282,0.6274350649350648,0.6256038647342995,0.63,0.72,1.0,"[[371, 189], [162, 278]]","[[354, 206], [166, 274]]"
Faces,logistic_regression,hddm_w,0.85,7,307042,0.624405304180585,0.6291509037410676,0.6247847652334815,0.635,0.624405304180585,0.6291509037410676,0.6247847652334815,0.6,0.72,0.623,0.6140235910878112,0.6188524590163934,0.6137196137196137,0.6,0.65,1.0,"[[400, 210], [155, 235]]","[[389, 221], [156, 234]]"
Faces,logistic_regression,hddm_w,0.85,8,308042,0.6032259613653008,0.6032024198194738,0.6029964269678427,0.603,0.6032259613653008,0.6032024198194738,0.6029964269678427,0.51,0.6699999999999999,0.599,0.5990899089908991,0.5991053709749696,0.5989963909675187,0.51,0.6699999999999999,1.0,"[[303, 189], [208, 300]]","[[298, 194], [207, 301]]"
Faces,logistic_regression,hddm_w,0.85,9,309042,0.6550877192982456,0.6554186558647184,0.6529718907231485,0.653,0.6550877192982456,0.6554186558647184,0.6529718907231485,0.6799999999999999,0.6799999999999999,0.641,0.6436602299238272,0.6437728054524119,0.6409967689709207,0.6599999999999999,0.7,2.0,"[[322, 144], [203, 331]]","[[319, 147], [212, 322]]"
Faces,hoeffding_tree,hddm_w,0.85,0,300042,0.5947361777328957,0.5289260179992676,0.49743319909065764,0.702,0.5947361777328957,0.5289260179992676,0.49743319909065764,0.79,0.84,0.729,0.6759890220542434,0.6810381376346573,0.6782966579652441,0.79,0.84,2.0,"[[670, 36], [262, 32]]","[[563, 143], [128, 166]]"
Faces,hoeffding_tree,hddm_w,0.85,1,301042,0.6659104658197217,0.6408266505128957,0.6327363457371633,0.651,0.6659104658197217,0.6408266505128957,0.6327363457371633,0.85,0.7,0.716,0.7490315108430847,0.7251344921791946,0.7111178923812431,0.85,0.6699999999999999,1.0,"[[437, 90], [259, 214]]","[[293, 234], [50, 423]]"
Faces,hoeffding_tree,hddm_w,0.85,2,302042,0.6800935550935551,0.6386138613861386,0.6180749488018298,0.641,0.6800935550935551,0.6386138613861386,0.6180749488018298,0.84,0.5900000000000001,0.689,0.6920644634842921,0.6883188318831883,0.6872407291011942,0.84,0.83,3.0,"[[443, 62], [297, 198]]","[[382, 123], [188, 307]]"
Faces,hoeffding_tree,hddm_w,0.85,3,303042,0.6770239564357212,0.6456734004698752,0.6391673653114565,0.663,0.6770239564357212,0.6456734004698752,0.6391673653114565,0.88,0.5900000000000001,0.743,0.748364459627129,0.7484495327441759,0.742999742999743,0.88,0.83,2.0,"[[460, 83], [254, 203]]","[[372, 171], [86, 371]]"
Faces,hoeffding_tree,hddm_w,0.85,4,304042,0.6897103840295116,0.6566081852549707,0.6302859810227239,0.642,0.6897103840295116,0.6566081852549707,0.6302859810227239,0.84,0.6,0.74,0.7447355466827108,0.7336919621872878,0.7344944774851316,0.84,0.87,3.0,"[[410, 57], [301, 232]]","[[298, 169], [91, 442]]"
Faces,hoeffding_tree,hddm_w,0.85,5,305042,0.686162247059683,0.6634418429396604,0.6467303098226381,0.655,0.686162247059683,0.6634418429396604,0.6467303098226381,0.84,0.56,0.73,0.7317647058823529,0.7270303963186102,0.7273817745629021,0.84,0.85,2.0,"[[404, 73], [272, 251]]","[[316, 161], [109, 414]]"
Faces,hoeffding_tree,hddm_w,0.85,6,306042,0.6562364472200538,0.6169642857142856,0.6067295899322774,0.646,0.6562364472200538,0.6169642857142856,0.6067295899322774,0.83,0.79,0.688,0.6984920131948845,0.6982954545454545,0.6879987519950079,0.83,0.77,1.0,"[[481, 79], [275, 165]]","[[343, 217], [95, 345]]"
Faces,hoeffding_tree,hddm_w,0.85,7,307042,0.6352515318694258,0.6042875157629256,0.602117107113776,0.656,0.6352515318694258,0.6042875157629256,0.602117107113776,0.86,0.73,0.674,0.6781909354523462,0.6870113493064313,0.6712171822303981,0.86,0.5900000000000001,2.0,"[[512, 98], [246, 144]]","[[383, 227], [99, 291]]"
Faces,hoeffding_tree,hddm_w,0.85,8,308042,0.6653005464480874,0.6297452147749824,0.6062428407789233,0.626,0.6653005464480874,0.6297452147749824,0.6062428407789233,0.84,0.48,0.701,0.7041843945543199,0.6998831700915434,0.6990253050262774,0.84,0.87,3.0,"[[425, 67], [307, 201]]","[[310, 182], [117, 391]]"
Faces,hoeffding_tree,hddm_w,0.85,9,309042,0.6842204038735831,0.6577856006172542,0.6348852760308338,0.644,0.6842204038735831,0.6577856006172542,0.6348852760308338,0.8200000000000001,0.6,0.706,0.7054021608643457,0.7062738100978927,0.7054297119222815,0.8200000000000001,0.81,3.0,"[[401, 65], [291, 243]]","[[331, 135], [159, 375]]"
Faces,gaussian_nb,hddm_w,0.85,0,300042,0.6085590162964875,0.5972760208899424,0.6009218072794396,0.685,0.6085590162964875,0.5972760208899424,0.6009218072794396,0.6599999999999999,0.79,0.699,0.6450940832731256,0.653836888863194,0.6485118974635637,0.6699999999999999,0.75,2.0,"[[572, 134], [181, 113]]","[[539, 167], [134, 160]]"
Faces,gaussian_nb,hddm_w,0.85,1,301042,0.6639412209694735,0.6451893722093625,0.6398819312320201,0.654,0.6639412209694735,0.6451893722093625,0.6398819312320201,0.81,0.7,0.701,0.7005402160864346,0.7010462508675297,0.7005901078576571,0.81,0.6799999999999999,1.0,"[[426, 101], [245, 228]]","[[369, 158], [141, 332]]"
Faces,gaussian_nb,hddm_w,0.85,2,302042,0.6640252155545876,0.64010401040104,0.6276976322401371,0.642,0.6640252155545876,0.64010401040104,0.6276976322401371,0.81,0.5900000000000001,0.711,0.7136653179284682,0.7104010401040104,0.7096968290656758,0.81,0.75,4.0,"[[419, 86], [272, 223]]","[[389, 116], [173, 322]]"
Faces,gaussian_nb,hddm_w,0.85,3,303042,0.6681577727921306,0.6476983771977546,0.6444784772739705,0.662,0.6681577727921306,0.6476983771977546,0.6444784772739705,0.87,0.5900000000000001,0.73,0.7294429708222812,0.7311072693642178,0.7293233082706767,0.87,0.78,2.0,"[[442, 101], [237, 220]]","[[390, 153], [117, 340]]"
Faces,gaussian_nb,hddm_w,0.85,4,304042,0.6686851869257175,0.6514175749565105,0.633811412877632,0.64,0.6686851869257175,0.6514175749565105,0.633811412877632,0.81,0.5700000000000001,0.705,0.7057422969187674,0.706559774377187,0.7048438624032112,0.81,0.76,3.0,"[[385, 82], [278, 255]]","[[341, 126], [169, 364]]"
Faces,gaussian_nb,hddm_w,0.85,5,305042,0.6857002704565944,0.668440419928569,0.6550808423353163,0.661,0.6857002704565944,0.668440419928569,0.6550808423353163,0.86,0.56,0.712,0.7119548478193913,0.7124034456910824,0.7118340163934427,0.86,0.7,2.0,"[[396, 81], [258, 265]]","[[344, 133], [155, 368]]"
Faces,gaussian_nb,hddm_w,0.85,6,306042,0.6569883710583133,0.6360389610389611,0.6339377096453678,0.657,0.6569883710583133,0.6360389610389611,0.6339377096453678,0.84,0.78,0.712,0.709446342911232,0.7119318181818182,0.7098540807814597,0.84,0.76,2.0,"[[454, 106], [237, 203]]","[[399, 161], [127, 313]]"
Faces,gaussian_nb,hddm_w,0.85,7,307042,0.6465838929090374,0.6276376628835645,0.629798857379176,0.667,0.6465838929090374,0.6276376628835645,0.629798857379176,0.84,0.73,0.693,0.6815193616579298,0.687326607818411,0.6830709291389956,0.84,0.6,1.0,"[[492, 118], [215, 175]]","[[435, 175], [132, 258]]"
Faces,gaussian_nb,hddm_w,0.85,8,308042,0.6516994199151573,0.6300572946674349,0.6143662528082512,0.627,0.6516994199151573,0.6300572946674349,0.6143662528082512,0.79,0.47,0.647,0.6538091824769734,0.6485260226618015,0.6444310140767042,0.79,0.5700000000000001,2.0,"[[404, 88], [285, 223]]","[[366, 126], [227, 281]]"
Faces,gaussian_nb,hddm_w,0.85,9,309042,0.6679310391127462,0.6507812123257944,0.6328909381009378,0.639,0.6679310391127462,0.6507812123257944,0.6328909381009378,0.78,0.5900000000000001,0.692,0.6976740424430642,0.6964443587146967,0.6919001756569128,0.77,0.65,5.0,"[[384, 82], [279, 255]]","[[355, 111], [197, 337]]"
