dataset,image_label_aware_prob,drift_target,detector,classifier,drift_type,modality,recall_mean,recall_std,recall_count,precision_mean,precision_std,precision_count,f1_mean,f1_std,f1_count,mean_detection_delay_mean,mean_detection_delay_std,mean_detection_delay_count,median_detection_delay_mean,median_detection_delay_std,median_detection_delay_count,missed_detection_rate_mean,missed_detection_rate_std,missed_detection_rate_count,mean_time_to_detection_mean,mean_time_to_detection_std,mean_time_to_detection_count,mean_time_between_false_alarms_mean,mean_time_between_false_alarms_std,mean_time_between_false_alarms_count,mean_time_ratio_mean,mean_time_ratio_std,mean_time_ratio_count,raw_alarm_count_mean,raw_alarm_count_std,raw_alarm_count_count,selected_alarm_count_mean,selected_alarm_count_std,selected_alarm_count_count,n_drift_events_mean,n_drift_events_std,n_drift_events_count,mean_embedding_time_ms_mean,mean_embedding_time_ms_std,mean_embedding_time_ms_count,mean_detector_time_ms_mean,mean_detector_time_ms_std,mean_detector_time_ms_count,mean_total_time_ms_mean,mean_total_time_ms_std,mean_total_time_ms_count,median_total_time_ms_mean,median_total_time_ms_std,median_total_time_ms_count,p95_total_time_ms_mean,p95_total_time_ms_std,p95_total_time_ms_count,throughput_samples_per_s_mean,throughput_samples_per_s_std,throughput_samples_per_s_count,total_wall_time_ms_mean,total_wall_time_ms_std,total_wall_time_ms_count,wall_time_s_mean,wall_time_s_std,wall_time_s_count,classifier_precision_mean,classifier_precision_std,classifier_precision_count,classifier_recall_mean,classifier_recall_std,classifier_recall_count,classifier_f1_mean,classifier_f1_std,classifier_f1_count,classifier_case1_accuracy_mean,classifier_case1_accuracy_std,classifier_case1_accuracy_count,classifier_case1_precision_mean,classifier_case1_precision_std,classifier_case1_precision_count,classifier_case1_recall_mean,classifier_case1_recall_std,classifier_case1_recall_count,classifier_case1_f1_mean,classifier_case1_f1_std,classifier_case1_f1_count,classifier_case2_accuracy_mean,classifier_case2_accuracy_std,classifier_case2_accuracy_count,classifier_case2_precision_mean,classifier_case2_precision_std,classifier_case2_precision_count,classifier_case2_recall_mean,classifier_case2_recall_std,classifier_case2_recall_count,classifier_case2_f1_mean,classifier_case2_f1_std,classifier_case2_f1_count,classifier_case1_first100_accuracy_mean,classifier_case1_first100_accuracy_std,classifier_case1_first100_accuracy_count,classifier_case1_last100_accuracy_mean,classifier_case1_last100_accuracy_std,classifier_case1_last100_accuracy_count,classifier_case2_first100_accuracy_mean,classifier_case2_first100_accuracy_std,classifier_case2_first100_accuracy_count,classifier_case2_last100_accuracy_mean,classifier_case2_last100_accuracy_std,classifier_case2_last100_accuracy_count,classifier_case2_replacements_mean,classifier_case2_replacements_std,classifier_case2_replacements_count
Faces,0.55,data,frechet,none,gradual_recurrent,both,0.4666666666666667,0.44305337860837524,10,0.18323446239531138,0.22311645833040952,10,0.24976006600996453,0.2831154316555582,10,123.29629629629628,81.69938875815896,9,123.0,83.94790050978047,9,0.23333333333333334,0.34426518632954817,10,123.29629629629628,81.69938875815896,9,15.628557961646196,11.356835019141728,9,0.17914178583658522,0.15318048279809357,9,47.9,27.810669415412015,10,47.9,27.810669415412015,10,2.4,0.5163977794943222,10,3.423008049000964,0.6956539814063695,10,1.239477035497839,0.16443520839388182,10,4.6631911653043066,0.8558723831418109,10,4.789060300117853,0.9571264293883952,10,5.046727159851798,0.9315458766806763,10,220.19095910430823,34.83277454570668,10,4663.191165304306,855.8723831418108,10,5.116321763399901,0.8565717986974045,10,,,0,,,0,,,0,,,0,,,0,,,0,,,0,,,0,,,0,,,0,,,0,,,0,,,0,,,0,,,0,,,0
Faces,0.55,data,kswin,none,gradual_recurrent,both,0.6666666666666666,0.3424674446093876,10,0.29773809523809525,0.16576613287631448,10,0.40047952047952046,0.20469201664950315,10,90.28333333333333,40.05906518759148,10,87.75,40.74804017100427,10,0.03333333333333334,0.10540925533894599,10,90.28333333333333,40.05906518759148,10,253.29761904761907,128.8785842726672,7,3.27907104337629,1.7159651342197206,7,7.3,1.5670212364724212,10,7.3,1.5670212364724212,10,2.4,0.5163977794943222,10,3.9639878469031826,1.0056411804264285,10,0.1654801400973156,0.04225315967052957,10,4.130163797996284,1.038540453670346,10,4.040489099770639,0.9350733413121632,10,4.513286719648022,1.3064492986478309,10,256.2933536889785,62.89265964057915,10,4130.163797996283,1038.540453670346,10,4.607733615399956,1.0762679200139067,10,,,0,,,0,,,0,,,0,,,0,,,0,,,0,,,0,,,0,,,0,,,0,,,0,,,0,,,0,,,0,,,0
Faces,0.55,data,mmd,none,gradual_recurrent,both,0.75,0.4249182927993988,10,0.2829685712952358,0.2287641138126731,10,0.39373957620114786,0.2870425859854889,10,115.31666666666665,100.20027629887238,10,112.45,102.59614731774505,10,0.06666666666666668,0.21081851067789198,10,115.31666666666665,100.20027629887238,10,19.092933137222733,12.651069716056277,9,0.6962889644004059,1.0183983432910646,9,53.6,22.40634830677334,10,53.6,22.40634830677334,10,2.4,0.5163977794943222,10,36.89284291519525,0.6991980540031919,10,1.979027659600797,0.14635078533845017,10,38.872845115301246,0.8418837007848569,10,41.00724675035963,0.665555001513344,10,52.81947401521393,3.0821194738926683,10,25.735581557815244,0.548134141569783,10,38872.84511530124,841.8837007848582,10,40.11322249659988,2.331741925505231,10,,,0,,,0,,,0,,,0,,,0,,,0,,,0,,,0,,,0,,,0,,,0,,,0,,,0,,,0,,,0,,,0
Faces,0.55,performance,adwin,gaussian_nb,gradual_recurrent,both,0.0,0.0,10,0.0,0.0,10,0.0,0.0,10,,,0,,,0,1.0,0.0,10,,,0,,,0,,,0,0.0,0.0,10,0.0,0.0,10,2.4,0.5163977794943222,10,3.7698262068994155,0.50363297912002,10,0.04333466129428416,0.007105767814159091,10,6.339928964694627,0.9738470276014701,10,6.248784150284337,1.4652652221621045,10,7.874243944488626,0.9088972204582635,10,160.84890308964296,22.753316948551255,10,6339.928964694627,973.8470276014701,10,6.8912902937998295,0.9687418751121302,10,0.6285898263036365,0.01615690842732268,10,0.6254254499619283,0.016659467024432273,10,0.6232272628300096,0.017574127807141675,10,0.6259,0.017006208016812914,10,0.6285898263036365,0.01615690842732268,10,0.6254254499619283,0.016659467024432273,10,0.6232272628300096,0.017574127807141675,10,0.6259,0.017006208016812914,10,0.6285898263036365,0.01615690842732268,10,0.6254254499619283,0.016659467024432273,10,0.6232272628300096,0.017574127807141675,10,0.5720000000000001,0.04825856285561026,10,0.627,0.03683295625749671,10,0.5720000000000001,0.04825856285561026,10,0.627,0.03683295625749671,10,0.0,0.0,10
Faces,0.55,performance,adwin,hoeffding_tree,gradual_recurrent,both,0.0,0.0,10,0.0,0.0,10,0.0,0.0,10,,,0,,,0,1.0,0.0,10,,,0,,,0,,,0,0.0,0.0,10,0.0,0.0,10,2.4,0.5163977794943222,10,3.308542125416534,0.0944050513588642,10,0.045509818403115784,0.0012067058830748543,10,6.9812992185025,0.1934298520716654,10,6.330675249773776,0.03131137728184504,10,8.684690740074075,1.516282012287633,10,143.33890343229515,3.9755357559847346,10,6981.2992185025,193.42985207166535,10,7.52048473790037,0.17074533864267244,10,0.6231011916984903,0.01602110613922213,10,0.6187236356869068,0.017231100891395654,10,0.6153353423956428,0.019302499605064083,10,0.6193,0.017480465287476384,10,0.6231011916984903,0.01602110613922213,10,0.6187236356869068,0.017231100891395654,10,0.6153353423956428,0.019302499605064083,10,0.6193,0.017480465287476384,10,0.6231011916984903,0.01602110613922213,10,0.6187236356869068,0.017231100891395654,10,0.6153353423956428,0.019302499605064083,10,0.54,0.06582805886043833,10,0.626,0.04273952113286558,10,0.54,0.06582805886043833,10,0.626,0.04273952113286558,10,0.0,0.0,10
Faces,0.55,performance,adwin,logistic_regression,gradual_recurrent,both,0.0,0.0,10,0.0,0.0,10,0.0,0.0,10,,,0,,,0,1.0,0.0,10,,,0,,,0,,,0,0.0,0.0,10,0.0,0.0,10,2.4,0.5163977794943222,10,3.9220940685920143,0.7200717538337368,10,0.0505666804881912,0.009605337250127582,10,6.263713536200339,1.2383143921694788,10,6.228359600299882,1.4880455911018684,10,6.952684270236205,1.295902645298057,10,165.50180141517785,33.07113879723514,10,6263.713536200339,1238.3143921694787,10,6.812040060199616,1.2298901319805187,10,0.6192064378638358,0.01961724648380613,10,0.6190916866520115,0.019536453248241194,10,0.6189926753153915,0.01955648558327916,10,0.6192,0.019747292360107402,10,0.6192064378638358,0.01961724648380613,10,0.6190916866520115,0.019536453248241194,10,0.6189926753153915,0.01955648558327916,10,0.6192,0.019747292360107402,10,0.6192064378638358,0.01961724648380613,10,0.6190916866520115,0.019536453248241194,10,0.6189926753153915,0.01955648558327916,10,0.5810000000000001,0.05665686189686116,10,0.631,0.04201851443775171,10,0.5810000000000001,0.05665686189686116,10,0.631,0.04201851443775171,10,0.0,0.0,10
Faces,0.55,performance,hddm_w,gaussian_nb,gradual_recurrent,both,0.11666666666666665,0.1932503014547343,10,0.3,0.48304589153964794,10,0.16666666666666666,0.2721655269759087,10,159.85714285714286,101.76186019563612,7,159.85714285714286,101.76186019563612,7,0.7166666666666667,0.20861092617242877,10,159.85714285714286,101.76186019563612,7,,,0,,,0,0.8,0.4216370213557839,10,0.8,0.4216370213557839,10,2.4,0.5163977794943222,10,3.7520528981021926,0.3673126696878915,10,0.024457256695495744,0.002146022806600446,10,6.546042345502246,0.8628713569811629,10,6.368560399823764,1.4200808053339733,10,8.284478234563721,0.9170399827336441,10,155.09235349127715,19.722625726373778,10,6546.0423455022465,862.8713569811629,10,7.193957551499989,0.8788183265087604,10,0.6285898263036365,0.01615690842732268,10,0.6254254499619283,0.016659467024432273,10,0.6232272628300096,0.017574127807141675,10,0.6259,0.017006208016812914,10,0.6285898263036365,0.01615690842732268,10,0.6254254499619283,0.016659467024432273,10,0.6232272628300096,0.017574127807141675,10,0.6183,0.013241768931847616,10,0.619619063168844,0.012754231587462583,10,0.6179685560630432,0.012961486775778781,10,0.6167202909676246,0.013656654549252318,10,0.5720000000000001,0.04825856285561026,10,0.627,0.03683295625749671,10,0.5720000000000001,0.04825856285561026,10,0.622,0.044671641514002505,10,0.8,0.4216370213557839,10
Faces,0.55,performance,hddm_w,hoeffding_tree,gradual_recurrent,both,0.11666666666666665,0.1932503014547343,10,0.25,0.42491829279939874,10,0.15,0.24152294576982397,10,171.14285714285714,92.35335866736443,7,171.14285714285714,92.35335866736443,7,0.7166666666666667,0.20861092617242877,10,171.14285714285714,92.35335866736443,7,,,0,,,0,0.8,0.6324555320336759,10,0.8,0.6324555320336759,10,2.4,0.5163977794943222,10,3.257930660599777,0.11927313965077348,10,0.026186534989574285,0.0015022390787436377,10,7.3367202709929185,0.49667878336550847,10,6.829062500128202,0.7348395298018693,10,8.931374910116574,0.9550789527612239,10,136.86477072384696,9.264517366984995,10,7336.720270992919,496.6787833655085,10,7.9482618379001,0.49645027966546523,10,0.6231011916984903,0.01602110613922213,10,0.6187236356869068,0.017231100891395654,10,0.6153353423956428,0.019302499605064083,10,0.6193,0.017480465287476384,10,0.6231011916984903,0.01602110613922213,10,0.6187236356869068,0.017231100891395654,10,0.6153353423956428,0.019302499605064083,10,0.6087,0.01834878137037385,10,0.6115106787570739,0.018396204492277902,10,0.6083046326743723,0.017953547780377985,10,0.6056324707013718,0.018784113695895686,10,0.54,0.06582805886043833,10,0.626,0.04273952113286558,10,0.54,0.06582805886043833,10,0.617,0.05078276172963504,10,0.8,0.6324555320336759,10
Faces,0.55,performance,hddm_w,logistic_regression,gradual_recurrent,both,0.31666666666666665,0.32820123306093174,10,0.45,0.43779751788545657,10,0.36333333333333334,0.3557117712383593,10,89.28571428571429,41.39027375972237,7,89.28571428571429,41.39027375972237,7,0.5833333333333334,0.3356401659331826,10,89.28571428571429,41.39027375972237,7,,,0,,,0,1.1,0.875595035770913,10,1.1,0.875595035770913,10,2.4,0.5163977794943222,10,3.856956266898851,0.5745016395126308,10,0.02866646129750734,0.0030238555338443773,10,6.340250527098578,1.1160132555900864,10,6.269501250335452,1.4971883446756071,10,7.762959309811772,0.7821735737778246,10,161.8919733103386,26.646209467769204,10,6340.2505270985785,1116.0132555900861,10,6.989036831400336,1.0955204753399985,10,0.6192064378638358,0.01961724648380613,10,0.6190916866520115,0.019536453248241194,10,0.6189926753153915,0.01955648558327916,10,0.6192,0.019747292360107402,10,0.6192064378638358,0.01961724648380613,10,0.6190916866520115,0.019536453248241194,10,0.6189926753153915,0.01955648558327916,10,0.6096,0.019895281405957112,10,0.6095590719664098,0.019870345493878044,10,0.609387295375362,0.01984298905353011,10,0.609275530378705,0.019828901413450783,10,0.5810000000000001,0.05665686189686116,10,0.631,0.04201851443775171,10,0.5810000000000001,0.05665686189686116,10,0.614,0.05253570214625479,10,1.1,0.875595035770913,10
Faces,0.55,performance,kswin,gaussian_nb,gradual_recurrent,both,0.18333333333333332,0.24152294576982394,10,0.2833333333333333,0.41611074024608896,10,0.21666666666666665,0.29449685068219045,10,91.6,65.2479884747415,5,91.6,65.2479884747415,5,0.7333333333333334,0.2854496128592251,10,91.6,65.2479884747415,5,,,0,,,0,0.9,0.9944289260117533,10,0.9,0.9944289260117533,10,2.4,0.5163977794943222,10,4.1272883360888954,0.3999478384093695,10,0.3056663600049433,0.04096040953823402,10,7.249577030303226,0.7798298212451819,10,7.11855094987186,1.509971043663643,10,8.535888759797672,0.10094173775867989,10,139.33670376342138,14.502090302351256,10,7249.577030303226,779.8298212451818,10,7.81151874890038,0.7710435001154881,10,0.6285898263036365,0.01615690842732268,10,0.6254254499619283,0.016659467024432273,10,0.6232272628300096,0.017574127807141675,10,0.6259,0.017006208016812914,10,0.6285898263036365,0.01615690842732268,10,0.6254254499619283,0.016659467024432273,10,0.6232272628300096,0.017574127807141675,10,0.6174,0.01718655805499687,10,0.6189605697756762,0.01671232723294253,10,0.61717912856227,0.017055739476928334,10,0.6157104943011149,0.017664197972478913,10,0.5720000000000001,0.04825856285561026,10,0.627,0.03683295625749671,10,0.575,0.04972144630058764,10,0.623,0.027100635498903746,10,0.9,0.9944289260117533,10
Faces,0.55,performance,kswin,hoeffding_tree,gradual_recurrent,both,0.18333333333333332,0.24152294576982394,10,0.25,0.3535533905932738,10,0.20666666666666664,0.2743342108801949,10,93.33333333333333,60.767315776383164,6,93.33333333333333,60.767315776383164,6,0.7,0.2698879511442471,10,93.33333333333333,60.767315776383164,6,,,0,,,0,1.0,0.816496580927726,10,1.0,0.816496580927726,10,2.4,0.5163977794943222,10,3.2921867287928763,0.0939325102176954,10,0.25294415209773435,0.013073427783067259,10,7.112626240807003,0.20786050705043763,10,6.493436199707503,0.054801135553748034,10,8.630423054946732,1.5699441169315698,10,140.70258128285408,4.089739816583952,10,7112.626240807003,207.8605070504376,10,7.65103412519984,0.21099261757954,10,0.6231011916984903,0.01602110613922213,10,0.6187236356869068,0.017231100891395654,10,0.6153353423956428,0.019302499605064083,10,0.6193,0.017480465287476384,10,0.6231011916984903,0.01602110613922213,10,0.6187236356869068,0.017231100891395654,10,0.6153353423956428,0.019302499605064083,10,0.5997999999999999,0.01796787256311789,10,0.6012138823177221,0.017175097929766216,10,0.5994061902453683,0.017901876481722253,10,0.5975589360319633,0.019135280137685336,10,0.54,0.06582805886043833,10,0.626,0.04273952113286558,10,0.54,0.06582805886043833,10,0.62,0.03829708431025347,10,1.0,0.816496580927726,10
Faces,0.55,performance,kswin,logistic_regression,gradual_recurrent,both,0.16666666666666666,0.22222222222222224,10,0.36666666666666664,0.48304589153964794,10,0.22777777777777777,0.30140275612405565,10,71.75,53.77344449943051,4,71.75,53.77344449943051,4,0.8333333333333334,0.2222222222222222,10,71.75,53.77344449943051,4,,,0,,,0,0.7,0.9486832980505138,10,0.7,0.9486832980505138,10,2.4,0.5163977794943222,10,4.006258263804011,0.6815520552967399,10,0.30434694730574846,0.06143869168480012,10,6.623232720396845,1.2125513902008542,10,6.494406350066129,1.4938318688315713,10,7.535055359821854,1.2341483399221918,10,155.79107326031667,29.419462618345438,10,6623.232720396845,1212.5513902008543,10,7.181719934600187,1.2304872887507508,10,0.6192064378638358,0.01961724648380613,10,0.6190916866520115,0.019536453248241194,10,0.6189926753153915,0.01955648558327916,10,0.6192,0.019747292360107402,10,0.6192064378638358,0.01961724648380613,10,0.6190916866520115,0.019536453248241194,10,0.6189926753153915,0.01955648558327916,10,0.6123000000000001,0.02013868582273101,10,0.6123213827260001,0.02004304501632701,10,0.6122000213754635,0.020025986635522394,10,0.612071377513052,0.020019356136624596,10,0.5810000000000001,0.05665686189686116,10,0.631,0.04201851443775171,10,0.5850000000000001,0.05797509043642029,10,0.621,0.03573047252229757,10,0.7,0.9486832980505138,10
Faces,0.55,performance,page_hinkley,gaussian_nb,gradual_recurrent,both,0.11666666666666665,0.1932503014547343,10,0.25,0.42491829279939874,10,0.15666666666666668,0.26012817353502227,10,199.5,136.51975262628795,8,199.5,136.51975262628795,8,0.5833333333333334,0.23895347964007294,10,199.5,136.51975262628795,8,,,0,,,0,1.3,0.6749485577105528,10,1.3,0.6749485577105528,10,2.4,0.5163977794943222,10,3.758954190607619,0.4399361886099489,10,0.014906351405807072,0.001312722893960818,10,6.320983129405431,0.8120691709223916,10,6.266096300078061,1.4252394652268334,10,7.604071670302801,1.2311417540557417,10,160.69314015367897,21.683751828991372,10,6320.983129405431,812.0691709223917,10,6.902018723199944,0.8098240570017561,10,0.6285898263036365,0.01615690842732268,10,0.6254254499619283,0.016659467024432273,10,0.6232272628300096,0.017574127807141675,10,0.6259,0.017006208016812914,10,0.6285898263036365,0.01615690842732268,10,0.6254254499619283,0.016659467024432273,10,0.6232272628300096,0.017574127807141675,10,0.6108,0.016923356641044954,10,0.6122887494876965,0.01658121575022662,10,0.6104213160506294,0.01672223444686998,10,0.6089042931636219,0.017137128411659205,10,0.5720000000000001,0.04825856285561026,10,0.627,0.03683295625749671,10,0.5720000000000001,0.04825856285561026,10,0.615,0.04503085362035431,10,1.3,0.6749485577105528,10
Faces,0.55,performance,page_hinkley,hoeffding_tree,gradual_recurrent,both,0.25,0.27498597046143514,10,0.4,0.4594682917363407,10,0.2966666666666667,0.325633286131865,10,155.27777777777777,114.83768738721817,9,155.27777777777777,114.83768738721817,9,0.4833333333333334,0.25398065445916584,10,155.27777777777777,114.83768738721817,9,,,0,,,0,1.4,0.6992058987801011,10,1.4,0.6992058987801011,10,2.4,0.5163977794943222,10,3.3864877080215594,0.1869581835154807,10,0.018050915291314595,0.0006907318162068511,10,7.064067609313315,0.412176384208447,10,6.238739250056824,0.046755891883466114,10,8.82341106502281,1.5652956301640553,10,141.97530767724206,7.900894119930865,10,7064.067609313315,412.1763842084473,10,7.622884814600002,0.4059798488907185,10,0.6231011916984903,0.01602110613922213,10,0.6187236356869068,0.017231100891395654,10,0.6153353423956428,0.019302499605064083,10,0.6193,0.017480465287476384,10,0.6231011916984903,0.01602110613922213,10,0.6187236356869068,0.017231100891395654,10,0.6153353423956428,0.019302499605064083,10,0.5904999999999999,0.01637918733569463,10,0.5927565817205513,0.016819470275609767,10,0.5895529695601704,0.016502656047086155,10,0.5864363070758561,0.01722795984038497,10,0.54,0.06582805886043833,10,0.626,0.04273952113286558,10,0.54,0.06582805886043833,10,0.618,0.045898438608155984,10,1.4,0.6992058987801011,10
Faces,0.55,performance,page_hinkley,logistic_regression,gradual_recurrent,both,0.2333333333333333,0.2509242175696937,10,0.35,0.4116363011742823,10,0.26666666666666666,0.2854496128592251,10,145.15,77.11393086423057,10,145.15,77.11393086423057,10,0.4833333333333334,0.19953649995631081,10,145.15,77.11393086423057,10,,,0,,,0,1.4,0.5163977794943222,10,1.4,0.5163977794943222,10,2.4,0.5163977794943222,10,4.193465463102257,0.6495881928746498,10,0.019212304194479658,0.001844468731420306,10,6.6951843546072265,1.1104257688366033,10,6.751731149870466,1.3496452973677877,10,7.4531752848452015,0.8763748576578444,10,153.67708122566617,29.080396632372867,10,6695.184354607227,1110.4257688366033,10,7.2955960476996555,1.1143399979352875,10,0.6192064378638358,0.01961724648380613,10,0.6190916866520115,0.019536453248241194,10,0.6189926753153915,0.01955648558327916,10,0.6192,0.019747292360107402,10,0.6192064378638358,0.01961724648380613,10,0.6190916866520115,0.019536453248241194,10,0.6189926753153915,0.01955648558327916,10,0.6009,0.022634536050518527,10,0.600942390997659,0.022556775321594696,10,0.6007644462242705,0.02252427652246673,10,0.6005855148048092,0.02253556094504937,10,0.5810000000000001,0.05665686189686116,10,0.631,0.04201851443775171,10,0.5810000000000001,0.05665686189686116,10,0.5980000000000001,0.05370702416299425,10,1.4,0.5163977794943222,10
Faces,0.65,data,frechet,none,gradual_recurrent,both,0.65,0.21444732295131977,10,0.3755841847278875,0.23158899633282717,10,0.44780469337005674,0.19036247223507397,10,87.56666666666668,46.026844019228285,10,62.5,45.23088915037304,10,0.13333333333333336,0.21942686286812776,10,87.56666666666668,46.026844019228285,10,8.65767359858162,5.055075206340082,10,0.6266667958331416,1.6760206430145936,10,74.7,22.29125389025929,10,74.7,22.29125389025929,10,2.6,0.5163977794943222,10,3.62905856489906,0.8195943765485264,10,1.264507576397773,0.18828787059043606,10,4.894308409585028,1.0079888904508154,10,5.011812800239568,1.0462942779356794,10,5.233981699821015,1.015372152051127,10,211.80776220496585,40.40282165423156,10,4894.308409585028,1007.9888904508152,10,5.356697079400329,0.9954966456188447,10,,,0,,,0,,,0,,,0,,,0,,,0,,,0,,,0,,,0,,,0,,,0,,,0,,,0,,,0,,,0,,,0
Faces,0.65,data,kswin,none,gradual_recurrent,both,0.4833333333333333,0.355295043451544,10,0.26666666666666666,0.19811971313552373,10,0.3402974802974803,0.248690913278139,10,135.98333333333332,89.52716844002657,10,133.65,88.29182987243057,10,0.03333333333333334,0.105409255338946,10,135.98333333333332,89.52716844002657,10,253.16666666666669,99.36483467691359,4,4.384131317035356,2.906237892874669,4,6.5,1.6499158227686108,10,6.5,1.6499158227686108,10,2.6,0.5163977794943222,10,3.2622327182107256,0.3762738013002778,10,0.1558421592850209,0.038235237403162085,10,3.4187244339842437,0.40833263554935423,10,3.346812800009502,0.46951019268858757,10,3.910102409845422,0.8361716438966228,10,295.75771485518555,30.38663761672305,10,3418.7244339842437,408.3326355493542,10,3.8384747340000103,0.40940240165616315,10,,,0,,,0,,,0,,,0,,,0,,,0,,,0,,,0,,,0,,,0,,,0,,,0,,,0,,,0,,,0,,,0
Faces,0.65,data,mmd,none,gradual_recurrent,both,0.7666666666666666,0.35311663515712677,10,0.4970697655775175,0.25314458822526914,10,0.5644175857171132,0.2527237430074759,10,58.13333333333334,66.48339623777234,10,58.2,66.35142131944961,10,0.1,0.16101529717988267,10,58.13333333333334,66.48339623777234,10,12.855655535667577,8.8572243790226,10,0.6156618957475286,0.7281326824983743,10,55.9,31.561051946980474,10,55.9,31.561051946980474,10,2.6,0.5163977794943222,10,36.57673017609686,0.20722443420230724,10,1.9637272945001314,0.055304300203740234,10,38.54139016009613,0.2508499465296386,10,40.8127620000414,0.3877044294279528,10,52.303685890128676,1.4491333979627057,10,25.94712316682294,0.16919788056821525,10,38541.390160096125,250.84994652964025,10,39.0164530576003,0.2588102310123344,10,,,0,,,0,,,0,,,0,,,0,,,0,,,0,,,0,,,0,,,0,,,0,,,0,,,0,,,0,,,0,,,0
Faces,0.65,performance,adwin,gaussian_nb,gradual_recurrent,both,0.0,0.0,10,0.0,0.0,10,0.0,0.0,10,,,0,,,0,1.0,0.0,10,,,0,,,0,,,0,0.0,0.0,10,0.0,0.0,10,2.6,0.5163977794943222,10,3.507612855592197,0.5416111503526123,10,0.03998117821083724,0.007481740312530033,10,5.869889310089275,1.0073683864932514,10,5.705732149817777,1.2194157563541823,10,6.746292784700927,1.5164783046147667,10,174.22588415602218,25.25421114238985,10,5869.889310089275,1007.3683864932514,10,6.427143423600137,1.0197734137326575,10,0.6319889445458158,0.01097170647549307,10,0.6256828885213435,0.009742257918906167,10,0.6206191447799349,0.011696551190487925,10,0.6256999999999999,0.013896842167277514,10,0.6319889445458158,0.01097170647549307,10,0.6256828885213435,0.009742257918906167,10,0.6206191447799349,0.011696551190487925,10,0.6256999999999999,0.013896842167277514,10,0.6319889445458158,0.01097170647549307,10,0.6256828885213435,0.009742257918906167,10,0.6206191447799349,0.011696551190487925,10,0.632,0.05959119994689742,10,0.609,0.054252496102329975,10,0.632,0.05959119994689742,10,0.609,0.054252496102329975,10,0.0,0.0,10
Faces,0.65,performance,adwin,hoeffding_tree,gradual_recurrent,both,0.0,0.0,10,0.0,0.0,10,0.0,0.0,10,,,0,,,0,1.0,0.0,10,,,0,,,0,,,0,0.0,0.0,10,0.0,0.0,10,2.6,0.5163977794943222,10,3.3288139101141496,0.14445882257895598,10,0.04545115279688616,0.0020546899051623177,10,6.811763868497655,0.26456462696722455,10,6.280212800083973,0.031002310821939282,10,8.511679044831908,1.615738627665763,10,147.006517860197,5.770529472280124,10,6811.7638684976555,264.56462696722485,10,7.342838047800251,0.2650590966856483,10,0.6325780838590982,0.012780314467399715,10,0.6126092726935283,0.010400811267144426,10,0.5975830817762443,0.01310466552450801,10,0.6136,0.01590387793380389,10,0.6325780838590982,0.012780314467399715,10,0.6126092726935283,0.010400811267144426,10,0.5975830817762443,0.01310466552450801,10,0.6136,0.01590387793380389,10,0.6325780838590982,0.012780314467399715,10,0.6126092726935283,0.010400811267144426,10,0.5975830817762443,0.01310466552450801,10,0.609,0.0685484419143782,10,0.61,0.05436502143433361,10,0.609,0.0685484419143782,10,0.61,0.05436502143433361,10,0.0,0.0,10
Faces,0.65,performance,adwin,logistic_regression,gradual_recurrent,both,0.0,0.0,10,0.0,0.0,10,0.0,0.0,10,,,0,,,0,1.0,0.0,10,,,0,,,0,,,0,0.0,0.0,10,0.0,0.0,10,2.6,0.5163977794943222,10,4.379206585291831,0.691075032721324,10,0.05673639838860254,0.009004211662071927,10,7.04726168639736,1.1804857509686362,10,7.07373990007909,1.2168628895602571,10,7.235406229601722,1.186236011879996,10,146.74512542829623,32.1586134179471,10,7047.26168639736,1180.4857509686362,10,7.59671959240004,1.1894461758785313,10,0.6177189442933981,0.00834362848436716,10,0.617848310916641,0.008368063908335017,10,0.6174553655083204,0.008386918365687621,10,0.6181,0.008608135686662943,10,0.6177189442933981,0.00834362848436716,10,0.617848310916641,0.008368063908335017,10,0.6174553655083204,0.008386918365687621,10,0.6181,0.008608135686662943,10,0.6177189442933981,0.00834362848436716,10,0.617848310916641,0.008368063908335017,10,0.6174553655083204,0.008386918365687621,10,0.5770000000000001,0.04398231968012196,10,0.603,0.036832956257496705,10,0.5770000000000001,0.04398231968012196,10,0.603,0.036832956257496705,10,0.0,0.0,10
Faces,0.65,performance,hddm_w,gaussian_nb,gradual_recurrent,both,0.45,0.2611702060787368,10,0.6,0.37018513886572624,10,0.5033333333333333,0.2865072769635815,10,132.95,116.06708495467844,10,127.35,115.70365642930699,10,0.3166666666666667,0.24152294576982397,10,132.95,116.06708495467844,10,,,0,,,0,2.1,0.7378647873726217,10,2.1,0.7378647873726217,10,2.6,0.5163977794943222,10,3.770526471191624,0.4547675700116564,10,0.026744525097456062,0.002848985029527759,10,6.501952569390414,0.8596417183948881,10,6.1075097999491845,1.335502040366862,10,7.7678594352892105,1.286705355828019,10,156.3876814855651,21.943209206015048,10,6501.952569390414,859.6417183948882,10,7.1307436233999395,0.8704091788928457,10,0.6319889445458158,0.01097170647549307,10,0.6256828885213435,0.009742257918906167,10,0.6206191447799349,0.011696551190487925,10,0.6256999999999999,0.013896842167277514,10,0.6319889445458158,0.01097170647549307,10,0.6256828885213435,0.009742257918906167,10,0.6206191447799349,0.011696551190487925,10,0.6189,0.016366972162797214,10,0.6193023708032368,0.016349376255467032,10,0.6180690532186295,0.01634190583520133,10,0.6169382236198866,0.016453050465179815,10,0.632,0.05959119994689742,10,0.609,0.054252496102329975,10,0.632,0.05959119994689742,10,0.607,0.04877385456255109,10,2.1,0.7378647873726217,10
Faces,0.65,performance,hddm_w,hoeffding_tree,gradual_recurrent,both,0.5166666666666666,0.3088209357708288,10,0.5666666666666667,0.2960647243216495,10,0.5266666666666666,0.27612843674682785,10,120.53333333333333,69.44656885639438,10,120.0,69.51138995397325,10,0.2666666666666667,0.1956312984628779,10,120.53333333333333,69.44656885639438,10,,,0,,,0,2.3,0.6749485577105528,10,2.3,0.6749485577105528,10,2.6,0.5163977794943222,10,3.388007742098125,0.15586468288191938,10,0.029147846999512693,0.0014626013929421437,10,6.9461636238051145,0.25237076859393176,10,6.128838500080747,0.17064080767752393,10,9.088070779544069,0.7767113761341388,10,144.1347145533241,5.213931351453912,10,6946.163623805114,252.37076859393179,10,7.573834824799815,0.2476084373395416,10,0.6325780838590982,0.012780314467399715,10,0.6126092726935283,0.010400811267144426,10,0.5975830817762443,0.01310466552450801,10,0.6136,0.01590387793380389,10,0.6325780838590982,0.012780314467399715,10,0.6126092726935283,0.010400811267144426,10,0.5975830817762443,0.01310466552450801,10,0.6054,0.015699964614255952,10,0.6055587062760073,0.015925433493404202,10,0.6029773028465059,0.015496975893575436,10,0.6014280743253141,0.0159729695868715,10,0.609,0.0685484419143782,10,0.61,0.05436502143433361,10,0.609,0.0685484419143782,10,0.623,0.04547282460742651,10,2.3,0.6749485577105528,10
Faces,0.65,performance,hddm_w,logistic_regression,gradual_recurrent,both,0.21666666666666665,0.24907235301622105,10,0.3833333333333333,0.45845957857283903,10,0.26,0.29514591494904874,10,143.3,119.68504965579916,10,143.3,119.68504965579916,10,0.5166666666666667,0.21444732295131985,10,143.3,119.68504965579916,10,,,0,,,0,1.4,0.6992058987801011,10,1.4,0.6992058987801011,10,2.6,0.5163977794943222,10,3.825954235601239,0.5972974992690708,10,0.028928646996428144,0.0033193278258315255,10,6.318095632015866,1.1531860228290098,10,6.270810149908357,1.4120810652668638,10,8.175943214855579,1.267553364630131,10,163.24251529236807,30.413221004614794,10,6318.095632015866,1153.1860228290097,10,6.964043355400645,1.1372411997576584,10,0.6177189442933981,0.00834362848436716,10,0.617848310916641,0.008368063908335017,10,0.6174553655083204,0.008386918365687621,10,0.6181,0.008608135686662943,10,0.6177189442933981,0.00834362848436716,10,0.617848310916641,0.008368063908335017,10,0.6174553655083204,0.008386918365687621,10,0.6123000000000001,0.014103191128251797,10,0.6119232199748539,0.013997454942479393,10,0.6120389285692766,0.013982549952640555,10,0.6116472556832733,0.013936420880251611,10,0.5770000000000001,0.04398231968012196,10,0.603,0.036832956257496705,10,0.5770000000000001,0.04398231968012196,10,0.595,0.03503966006938102,10,1.4,0.6992058987801011,10
Faces,0.65,performance,kswin,gaussian_nb,gradual_recurrent,both,0.2,0.3583225665910466,10,0.19666666666666668,0.32449390794943483,10,0.19555555555555557,0.33535191269738457,10,180.86111111111111,120.86789927054276,6,179.25,122.41313246543444,6,0.65,0.355295043451544,10,180.86111111111111,120.86789927054276,6,246.0,,1,2.806083650190114,,1,1.5,1.5811388300841898,10,1.5,1.5811388300841898,10,2.6,0.5163977794943222,10,4.1470147127989545,0.5169658853723464,10,0.29768893740601926,0.057089108398488096,10,7.279846740207904,0.9764384440339775,10,6.902616800107353,1.587194463287936,10,8.565721955428671,0.07863876524824889,10,139.58260154270027,18.40749221176218,10,7279.846740207904,976.4384440339775,10,7.864564603800136,0.9872393294853005,10,0.6319889445458158,0.01097170647549307,10,0.6256828885213435,0.009742257918906167,10,0.6206191447799349,0.011696551190487925,10,0.6256999999999999,0.013896842167277514,10,0.6319889445458158,0.01097170647549307,10,0.6256828885213435,0.009742257918906167,10,0.6206191447799349,0.011696551190487925,10,0.6229,0.01763487705908067,10,0.6246150225373736,0.017709840965586556,10,0.6206755113424025,0.016003350757613274,10,0.6186221351377897,0.01568467828460285,10,0.632,0.05959119994689742,10,0.609,0.054252496102329975,10,0.633,0.05907622195096769,10,0.608,0.05493430419854038,10,1.5,1.5811388300841898,10
Faces,0.65,performance,kswin,hoeffding_tree,gradual_recurrent,both,0.26666666666666666,0.2960647243216495,10,0.3583333333333333,0.4268207187168002,10,0.28169934640522876,0.30672100735656177,10,105.5,26.167622063237694,6,112.83333333333333,32.07127479017114,6,0.6333333333333334,0.39126259692575577,10,105.5,26.167622063237694,6,203.0,,1,2.369649805447471,,1,1.6,1.9550504398153572,10,1.6,1.9550504398153572,10,2.6,0.5163977794943222,10,3.354725863391104,0.13459381486509772,10,0.24878090128731856,0.030907754961873857,10,6.988072180391282,0.27872074478013914,10,6.355672450172278,0.2012978934799945,10,8.722342090086384,1.415465165218791,10,143.30638269620417,5.7249279854730215,10,6988.072180391282,278.72074478013917,10,7.541362890200071,0.26738078680768856,10,0.6325780838590982,0.012780314467399715,10,0.6126092726935283,0.010400811267144426,10,0.5975830817762443,0.01310466552450801,10,0.6136,0.01590387793380389,10,0.6325780838590982,0.012780314467399715,10,0.6126092726935283,0.010400811267144426,10,0.5975830817762443,0.01310466552450801,10,0.6045999999999999,0.013492384683385083,10,0.611797188530869,0.017663687963903992,10,0.6027848013599152,0.012410249001861896,10,0.5958124847860885,0.013396180193398267,10,0.609,0.0685484419143782,10,0.61,0.05436502143433361,10,0.609,0.0685484419143782,10,0.617,0.04547282460742649,10,1.6,1.9550504398153572,10
Faces,0.65,performance,kswin,logistic_regression,gradual_recurrent,both,0.08333333333333333,0.18002057495577392,10,0.13333333333333333,0.3220305943597653,10,0.09,0.19119507199599983,10,201.0,157.43951219436624,6,201.0,157.43951219436624,6,0.7,0.2698879511442471,10,201.0,157.43951219436624,6,,,0,,,0,0.9,0.9944289260117533,10,0.9,0.9944289260117533,10,2.6,0.5163977794943222,10,4.097756646892049,0.6075015281763589,10,0.3130790643932414,0.0648693953054449,10,6.809865472884849,1.1146958702610803,10,6.5566085001592,1.546448328318623,10,8.095635640356704,0.2113061449480148,10,150.57205416968833,25.39777633568639,10,6809.865472884849,1114.6958702610807,10,7.373972613799924,1.1344921481767987,10,0.6177189442933981,0.00834362848436716,10,0.617848310916641,0.008368063908335017,10,0.6174553655083204,0.008386918365687621,10,0.6181,0.008608135686662943,10,0.6177189442933981,0.00834362848436716,10,0.617848310916641,0.008368063908335017,10,0.6174553655083204,0.008386918365687621,10,0.6125999999999999,0.0065012819248719475,10,0.6121049296211976,0.006723006639199104,10,0.6121434835967066,0.00675384723456974,10,0.6117940966868409,0.006630905358576991,10,0.5770000000000001,0.04398231968012196,10,0.603,0.036832956257496705,10,0.5780000000000001,0.04263540521418526,10,0.592,0.04613988392799541,10,0.9,0.9944289260117533,10
Faces,0.65,performance,page_hinkley,gaussian_nb,gradual_recurrent,both,0.15,0.1995364999563108,10,0.25,0.35355339059327373,10,0.18,0.2347575581554535,10,190.05555555555554,73.63526857272797,9,190.05555555555554,73.63526857272797,9,0.4666666666666667,0.2698879511442471,10,190.05555555555554,73.63526857272797,9,,,0,,,0,1.5,0.7071067811865475,10,1.5,0.7071067811865475,10,2.6,0.5163977794943222,10,3.812336993011377,0.5406614752462743,10,0.01522660229311441,0.0015647307332802558,10,6.41598706588884,1.0043998527877187,10,6.359466800040536,1.4360277532154997,10,7.609121110235719,1.1976524021586463,10,159.33299362549266,24.843779768714132,10,6415.987065888839,1004.3998527877186,10,7.013012465599968,0.9798645154556719,10,0.6319889445458158,0.01097170647549307,10,0.6256828885213435,0.009742257918906167,10,0.6206191447799349,0.011696551190487925,10,0.6256999999999999,0.013896842167277514,10,0.6319889445458158,0.01097170647549307,10,0.6256828885213435,0.009742257918906167,10,0.6206191447799349,0.011696551190487925,10,0.6155,0.01970476535708502,10,0.6168343893876709,0.019458494401414905,10,0.6138989157942979,0.018390924919806734,10,0.61195797795753,0.01882421893486529,10,0.632,0.05959119994689742,10,0.609,0.054252496102329975,10,0.632,0.05959119994689742,10,0.5740000000000001,0.04526465385804789,10,1.5,0.7071067811865475,10
Faces,0.65,performance,page_hinkley,hoeffding_tree,gradual_recurrent,both,0.3,0.28109134757052257,10,0.35,0.3464992473225039,10,0.3166666666666667,0.3003084833719907,10,140.12962962962965,80.16509777474589,9,138.83333333333334,81.2788410350443,9,0.4166666666666667,0.2965855070008698,10,140.12962962962965,80.16509777474589,9,,,0,,,0,1.7,0.9486832980505138,10,1.7,0.9486832980505138,10,2.6,0.5163977794943222,10,3.389753622392527,0.24289878680439161,10,0.01806985800722032,0.0008604662955053046,10,6.790366744598759,0.4799924334826734,10,6.06567000013456,0.21498296648709542,10,8.23565854003391,1.5547092667796323,10,147.91110920304348,10.135806260125843,10,6790.366744598759,479.99243348267345,10,7.350457097800063,0.4729120474675317,10,0.6325780838590982,0.012780314467399715,10,0.6126092726935283,0.010400811267144426,10,0.5975830817762443,0.01310466552450801,10,0.6136,0.01590387793380389,10,0.6325780838590982,0.012780314467399715,10,0.6126092726935283,0.010400811267144426,10,0.5975830817762443,0.01310466552450801,10,0.6059,0.01782912722983879,10,0.6132715850312953,0.021646239871070935,10,0.605089441523735,0.016306679460638965,10,0.5985383985827534,0.016407312030576597,10,0.609,0.0685484419143782,10,0.61,0.05436502143433361,10,0.609,0.0685484419143782,10,0.622,0.044919681407794676,10,1.7,0.9486832980505138,10
Faces,0.65,performance,page_hinkley,logistic_regression,gradual_recurrent,both,0.08333333333333333,0.1800205749557739,10,0.08333333333333333,0.1800205749557739,10,0.08333333333333333,0.1800205749557739,10,202.3,63.876443232227636,5,202.3,63.876443232227636,5,0.75,0.27498597046143514,10,202.3,63.876443232227636,5,,,0,,,0,0.9,0.9944289260117533,10,0.9,0.9944289260117533,10,2.6,0.5163977794943222,10,4.166016013104854,0.6713357122759324,10,0.019045808393275365,0.002025541219265917,10,6.64377366770168,1.1367467968276719,10,6.742736600062926,1.3752740364090608,10,7.439392610049254,0.9041066371384378,10,155.26008958671935,30.905243748877044,10,6643.77366770168,1136.746796827672,10,7.210521208999671,1.1524586268434078,10,0.6177189442933981,0.00834362848436716,10,0.617848310916641,0.008368063908335017,10,0.6174553655083204,0.008386918365687621,10,0.6181,0.008608135686662943,10,0.6177189442933981,0.00834362848436716,10,0.617848310916641,0.008368063908335017,10,0.6174553655083204,0.008386918365687621,10,0.6108,0.011093541664710457,10,0.6105518694221101,0.011074268272005812,10,0.6107031383470465,0.011127673047171105,10,0.6102301448728628,0.011121800035318959,10,0.5770000000000001,0.04398231968012196,10,0.603,0.036832956257496705,10,0.5770000000000001,0.04398231968012196,10,0.591,0.05279941077112296,10,0.9,0.9944289260117533,10
Faces,0.75,data,frechet,none,gradual_recurrent,both,0.8,0.3583225665910466,10,0.38346558210594783,0.22824042614079726,10,0.48758121545288063,0.26144285202093853,10,50.08333333333333,53.60050269250176,10,48.25,54.84029844314611,10,0.1,0.22498285257018433,10,50.08333333333333,53.60050269250176,10,8.728039571794607,5.425324189312336,10,1.0792200520682553,2.5534979865693543,10,81.7,32.01752992068911,10,81.7,32.01752992068911,10,2.3,0.48304589153964794,10,4.269908286894679,0.6625139325569881,10,1.4213665980882069,0.15457654037986104,10,5.69211953220456,0.8169676462398996,10,5.83211500024845,0.8576836204976723,10,6.0317073948590405,0.8202371005688249,10,179.872034660962,32.44181161230528,10,5692.1195322045605,816.9676462398996,10,6.159792058099993,0.8263358183489671,10,,,0,,,0,,,0,,,0,,,0,,,0,,,0,,,0,,,0,,,0,,,0,,,0,,,0,,,0,,,0,,,0
Faces,0.75,data,kswin,none,gradual_recurrent,both,0.6333333333333333,0.31229931827900437,10,0.24,0.11882942968191257,10,0.3457287157287158,0.169266812543815,10,135.61666666666667,87.47521871300974,10,123.95,95.8762078005916,10,0.05,0.15811388300841897,10,135.61666666666667,87.47521871300974,10,231.14285714285714,181.730962846574,7,2.63471138438306,2.497778613814873,7,7.0,1.4907119849998598,10,7.0,1.4907119849998598,10,2.3,0.48304589153964794,10,3.2656091197135537,0.3213133321012926,10,0.14724186359726446,0.02693438812263125,10,3.413493513882713,0.33304744806463565,10,3.3362089502588788,0.3960052480701682,10,4.016324784906828,0.793409400393459,10,295.2701236151071,26.426872513743668,10,3413.493513882713,333.04744806463566,10,3.854345111800467,0.37357405225186396,10,,,0,,,0,,,0,,,0,,,0,,,0,,,0,,,0,,,0,,,0,,,0,,,0,,,0,,,0,,,0,,,0
Faces,0.75,data,mmd,none,gradual_recurrent,both,0.8,0.2194268628681278,10,0.33648875714669907,0.18560827314749456,10,0.45238828314395957,0.22773729013381322,10,56.583333333333336,34.0033812770378,10,52.45,37.38868664300592,10,0.03333333333333334,0.105409255338946,10,56.583333333333336,34.0033812770378,10,17.859518440677867,15.45615700324044,10,0.448333938546963,0.41833596982852383,10,60.4,26.546395444788942,10,60.4,26.546395444788942,10,2.3,0.48304589153964794,10,36.59154765109488,0.3632072681185436,10,1.9540044753053736,0.0796325501877529,10,38.54653813089844,0.43650626034684037,10,40.808336500140285,0.3954581499941793,10,51.630041379830786,1.7707557453939609,10,25.94565678847234,0.29337537589676055,10,38546.53813089844,436.5062603468399,10,39.02207323760031,0.4512827519453591,10,,,0,,,0,,,0,,,0,,,0,,,0,,,0,,,0,,,0,,,0,,,0,,,0,,,0,,,0,,,0,,,0
Faces,0.75,performance,adwin,gaussian_nb,gradual_recurrent,both,0.05,0.15811388300841897,10,0.1,0.31622776601683794,10,0.06666666666666667,0.21081851067789195,10,161.0,176.7766952966369,2,161.0,176.7766952966369,2,0.9166666666666666,0.1800205749557739,10,161.0,176.7766952966369,2,,,0,,,0,0.2,0.4216370213557839,10,0.2,0.4216370213557839,10,2.3,0.48304589153964794,10,3.634976542102777,0.4720252171500264,10,0.041677243703634306,0.006610876265584818,10,6.140099853594256,0.8781089434081321,10,6.017050450009265,1.437509395297253,10,7.624807724905622,1.2189819827435606,10,165.689325735311,22.061284648712125,10,6140.099853594256,878.1089434081321,10,6.694605891000355,0.9041469222844689,10,0.6410280932583877,0.01721605273290931,10,0.628737649166103,0.017375580490337578,10,0.624014350894875,0.012919932432723867,10,0.6411,0.009350579304691919,10,0.6410280932583877,0.01721605273290931,10,0.628737649166103,0.017375580490337578,10,0.624014350894875,0.012919932432723867,10,0.6394,0.00957078889120432,10,0.638693121550964,0.019813133182561136,10,0.6271818443321828,0.019817298085895704,10,0.6226242983263073,0.015163809650998124,10,0.724,0.056999025332797486,10,0.662,0.07771743691090179,10,0.724,0.056999025332797486,10,0.6639999999999999,0.05621387729022078,10,0.2,0.4216370213557839,10
Faces,0.75,performance,adwin,hoeffding_tree,gradual_recurrent,both,0.2333333333333333,0.25092421756969363,10,0.5,0.5270462766947299,10,0.31666666666666665,0.3374742788552764,10,154.55555555555554,52.12032020026141,9,154.55555555555554,52.12032020026141,9,0.6,0.16101529717988264,10,154.55555555555554,52.12032020026141,9,,,0,,,0,0.9,0.31622776601683794,10,0.9,0.31622776601683794,10,2.3,0.48304589153964794,10,3.4310539552996486,0.2490407193948019,10,0.046823591300562836,0.0038732485485597863,10,6.821481694991962,0.5404008525075465,10,6.122635650081065,0.25894841615218056,10,8.466222665065288,1.4556479447133033,10,147.40071877791016,11.307389414830748,10,6821.481694991962,540.4008525075466,10,7.395569273900219,0.545124054451953,10,0.6468577327260482,0.023257453279373407,10,0.6132417769874339,0.02794243551655615,10,0.5971062736196587,0.026057140879944273,10,0.6343,0.013532265967761038,10,0.6468577327260482,0.023257453279373407,10,0.6132417769874339,0.02794243551655615,10,0.5971062736196587,0.026057140879944273,10,0.6481,0.012341888924399781,10,0.6457486165244213,0.015735599873531056,10,0.6428779666234536,0.012924807607245044,10,0.6406241291666895,0.012118465296390653,10,0.755,0.029533408577782277,10,0.6599999999999999,0.07007932013876214,10,0.755,0.029533408577782277,10,0.649,0.06573515886579351,10,0.9,0.31622776601683794,10
Faces,0.75,performance,adwin,logistic_regression,gradual_recurrent,both,0.0,0.0,10,0.0,0.0,10,0.0,0.0,10,,,0,,,0,1.0,0.0,10,,,0,,,0,,,0,0.0,0.0,10,0.0,0.0,10,2.3,0.48304589153964794,10,3.912376457994651,0.6694782454260829,10,0.05015582669075229,0.00885663790200198,10,6.232078734602692,1.1422945900914043,10,6.201077899913798,1.4549431240288486,10,6.938097919583015,1.3287734230673778,10,165.58052819146548,31.2495197867889,10,6232.078734602692,1142.2945900914044,10,6.785191401099837,1.172876492399414,10,0.6093433939364574,0.00816104628118161,10,0.6105257501249497,0.007770868028344051,10,0.6089872456103376,0.00815776311981142,10,0.6131,0.008292566952799762,10,0.6093433939364574,0.00816104628118161,10,0.6105257501249497,0.007770868028344051,10,0.6089872456103376,0.00815776311981142,10,0.6131,0.008292566952799762,10,0.6093433939364574,0.00816104628118161,10,0.6105257501249497,0.007770868028344051,10,0.6089872456103376,0.00815776311981142,10,0.597,0.054579198316656176,10,0.651,0.036953424138441535,10,0.597,0.054579198316656176,10,0.651,0.036953424138441535,10,0.0,0.0,10
Faces,0.75,performance,hddm_w,gaussian_nb,gradual_recurrent,both,0.18333333333333332,0.24152294576982394,10,0.2333333333333333,0.34426518632954817,10,0.2,0.2698879511442471,10,145.625,46.80716520241013,8,145.625,46.80716520241013,8,0.55,0.24907235301622102,10,145.625,46.80716520241013,8,,,0,,,0,1.6,0.8432740427115678,10,1.6,0.8432740427115678,10,2.3,0.48304589153964794,10,3.5819620272024624,0.3667831395913564,10,0.02487484880566626,0.0021959075608504407,10,6.281910955091371,0.7073119348088209,10,6.226458950004599,1.1831533038049316,10,8.114563389854084,1.40440331334952,10,161.05839834720328,18.536879170558628,10,6281.910955091371,707.3119348088209,10,6.914236628199978,0.7338840685575875,10,0.6410280932583877,0.01721605273290931,10,0.628737649166103,0.017375580490337578,10,0.624014350894875,0.012919932432723867,10,0.6411,0.009350579304691919,10,0.6410280932583877,0.01721605273290931,10,0.628737649166103,0.017375580490337578,10,0.624014350894875,0.012919932432723867,10,0.6447,0.015556706306641898,10,0.6410617105993385,0.018971408597484144,10,0.6389444309297685,0.02033221727789734,10,0.6370034996924477,0.018648693104746244,10,0.724,0.056999025332797486,10,0.662,0.07771743691090179,10,0.724,0.056999025332797486,10,0.634,0.05460972644339307,10,1.6,0.8432740427115678,10
Faces,0.75,performance,hddm_w,hoeffding_tree,gradual_recurrent,both,0.4833333333333333,0.09460770203292443,10,0.8,0.2581988897471611,10,0.5871428571428571,0.11344598909358147,10,80.23333333333332,38.404619706681316,10,74.3,41.155666546526604,10,0.4166666666666667,0.161970885967925,10,80.23333333333332,38.404619706681316,10,,,0,,,0,1.7,0.948683298050514,10,1.7,0.948683298050514,10,2.3,0.48304589153964794,10,3.4764164132955555,0.2664390252210537,10,0.029082108894181148,0.003168491582499249,10,7.0248357832972035,0.7669978484798747,10,6.381452599907789,0.6942589244006905,10,8.643494545003703,1.672953569016781,10,143.87650726312273,15.555304114417575,10,7024.835783297203,766.9978484798748,10,7.660601976700309,0.766233105600652,10,0.6468577327260482,0.023257453279373407,10,0.6132417769874339,0.02794243551655615,10,0.5971062736196587,0.026057140879944273,10,0.6343,0.013532265967761038,10,0.6468577327260482,0.023257453279373407,10,0.6132417769874339,0.02794243551655615,10,0.5971062736196587,0.026057140879944273,10,0.657,0.013063945294843627,10,0.6575342465892043,0.016915631499625668,10,0.6567529135890664,0.01642205967177644,10,0.6524952840994623,0.014150797834937853,10,0.755,0.029533408577782277,10,0.6599999999999999,0.07007932013876214,10,0.755,0.029533408577782277,10,0.6799999999999999,0.06616477747093069,10,1.7,0.948683298050514,10
Faces,0.75,performance,hddm_w,logistic_regression,gradual_recurrent,both,0.3833333333333333,0.2727319490807461,10,0.5333333333333333,0.4142522640512721,10,0.4333333333333333,0.3063121944908938,10,133.05,97.84808236354058,10,133.05,97.84808236354058,10,0.38333333333333336,0.22291558497487643,10,133.05,97.84808236354058,10,,,0,,,0,1.7,0.8232726023485645,10,1.7,0.8232726023485645,10,2.3,0.48304589153964794,10,3.999470899687185,0.6940628490749428,10,0.030643430989221086,0.0031718813494730404,10,6.512550791701505,1.1163398452605424,10,6.425103250239772,1.2670055848715733,10,7.642622560315431,1.3011664081741074,10,157.95207759284511,28.710117709099006,10,6512.550791701506,1116.3398452605427,10,7.15670146800021,1.0904690418710923,10,0.6093433939364574,0.00816104628118161,10,0.6105257501249497,0.007770868028344051,10,0.6089872456103376,0.00815776311981142,10,0.6131,0.008292566952799762,10,0.6093433939364574,0.00816104628118161,10,0.6105257501249497,0.007770868028344051,10,0.6089872456103376,0.00815776311981142,10,0.6008,0.012620970203945847,10,0.597478123756169,0.01429309124772706,10,0.5986290006255945,0.013758368987686878,10,0.5969647479539482,0.014373512491436357,10,0.597,0.054579198316656176,10,0.651,0.036953424138441535,10,0.597,0.054579198316656176,10,0.63,0.03091206165165226,10,1.7,0.8232726023485645,10
Faces,0.75,performance,kswin,gaussian_nb,gradual_recurrent,both,0.15,0.24152294576982397,10,0.2,0.34960294939005054,10,0.16666666666666666,0.2721655269759087,10,105.625,57.0195507406597,4,105.625,57.0195507406597,4,0.7666666666666667,0.34426518632954817,10,105.625,57.0195507406597,4,,,0,,,0,0.6,0.8432740427115678,10,0.6,0.8432740427115678,10,2.3,0.48304589153964794,10,4.294539508796333,0.420874179240442,10,0.3234345933982695,0.044275103082790285,10,7.583680414996342,0.7879209608359846,10,7.81749480011058,1.2712507495337393,10,8.586864615217564,0.11342373302022846,10,133.2753183050993,15.199360675751569,10,7583.680414996343,787.9209608359847,10,8.144169003099886,0.790771340397621,10,0.6410280932583877,0.01721605273290931,10,0.628737649166103,0.017375580490337578,10,0.624014350894875,0.012919932432723867,10,0.6411,0.009350579304691919,10,0.6410280932583877,0.01721605273290931,10,0.628737649166103,0.017375580490337578,10,0.624014350894875,0.012919932432723867,10,0.6425,0.015042532292728441,10,0.6406777668913496,0.01984296717253089,10,0.6314477402370634,0.02219644073032327,10,0.627714161732148,0.02032212615171665,10,0.724,0.056999025332797486,10,0.662,0.07771743691090179,10,0.724,0.056999025332797486,10,0.6639999999999999,0.06186005711819757,10,0.6,0.8432740427115678,10
Faces,0.75,performance,kswin,hoeffding_tree,gradual_recurrent,both,0.3333333333333333,0.3333333333333333,10,0.45,0.43779751788545657,10,0.36666666666666664,0.3496029493900505,10,112.55555555555556,67.485389365238,9,112.55555555555556,67.485389365238,9,0.55,0.24907235301622108,10,112.55555555555556,67.485389365238,9,,,0,,,0,1.5,0.7071067811865476,10,1.5,0.7071067811865476,10,2.3,0.48304589153964794,10,3.5529476529893147,0.2629784608402538,10,0.2617823268965367,0.02047143983163962,10,7.276418101095624,0.5491048010746975,10,6.507420149773679,0.5575394513168701,10,9.485034109839034,0.580087587449176,10,138.1087577752421,10.004006111382656,10,7276.418101095624,549.1048010746975,10,7.82633285180018,0.5513015827709623,10,0.6468577327260482,0.023257453279373407,10,0.6132417769874339,0.02794243551655615,10,0.5971062736196587,0.026057140879944273,10,0.6343,0.013532265967761038,10,0.6468577327260482,0.023257453279373407,10,0.6132417769874339,0.02794243551655615,10,0.5971062736196587,0.026057140879944273,10,0.6527000000000001,0.0171013319819117,10,0.6511848515798793,0.02088719197621694,10,0.6395849981634268,0.03114923770048878,10,0.6349930886814971,0.03461361443450344,10,0.755,0.029533408577782277,10,0.6599999999999999,0.07007932013876214,10,0.755,0.029533408577782277,10,0.6910000000000001,0.079085045643563,10,1.5,0.7071067811865476,10
Faces,0.75,performance,kswin,logistic_regression,gradual_recurrent,both,0.13333333333333333,0.21942686286812776,10,0.18333333333333332,0.3374742788552765,10,0.13999999999999999,0.2270584848790187,10,146.0,56.32406235349151,6,146.0,56.32406235349151,6,0.6166666666666667,0.4010018318359686,10,146.0,56.32406235349151,6,,,0,,,0,1.1,1.1005049346146119,10,1.1,1.1005049346146119,10,2.3,0.48304589153964794,10,4.0178026194013,0.7041752131524138,10,0.30260525179128306,0.06747896091462406,10,6.646382045804421,1.2820834473591274,10,6.8252986999141285,1.5224422608334722,10,7.295559870144643,1.4153600764920369,10,155.95696066861245,31.81260127891956,10,6646.382045804421,1282.0834473591276,10,7.198433381299947,1.2772039192731854,10,0.6093433939364574,0.00816104628118161,10,0.6105257501249497,0.007770868028344051,10,0.6089872456103376,0.00815776311981142,10,0.6131,0.008292566952799762,10,0.6093433939364574,0.00816104628118161,10,0.6105257501249497,0.007770868028344051,10,0.6089872456103376,0.00815776311981142,10,0.6068,0.012127104628338412,10,0.6035901373097392,0.012418727865112332,10,0.6048865884691408,0.012275765030819818,10,0.6030802634047776,0.012427922695268297,10,0.597,0.054579198316656176,10,0.651,0.036953424138441535,10,0.597,0.054579198316656176,10,0.6279999999999999,0.05865151319446073,10,1.1,1.1005049346146119,10
Faces,0.75,performance,page_hinkley,gaussian_nb,gradual_recurrent,both,0.2833333333333333,0.3429177636002436,10,0.35,0.4116363011742823,10,0.3,0.34960294939005054,10,169.8148148148148,51.87601702111785,9,170.88888888888889,51.661626098208636,9,0.25,0.36217791140014716,10,169.8148148148148,51.87601702111785,9,,,0,,,0,1.8,0.6324555320336759,10,1.8,0.6324555320336759,10,2.3,0.48304589153964794,10,3.96647430918656,0.5847493471493832,10,0.015561066412738,0.0016993753096578568,10,6.709869609694397,1.0494625299151874,10,6.860775249879225,1.5055141555581484,10,7.9095530446466,0.9124122969772176,10,152.55527996895185,25.130232170394702,10,6709.869609694397,1049.4625299151876,10,7.263987294699655,1.0497903166021634,10,0.6410280932583877,0.01721605273290931,10,0.628737649166103,0.017375580490337578,10,0.624014350894875,0.012919932432723867,10,0.6411,0.009350579304691919,10,0.6410280932583877,0.01721605273290931,10,0.628737649166103,0.017375580490337578,10,0.624014350894875,0.012919932432723867,10,0.6563000000000001,0.014629118603357874,10,0.6509106439119402,0.017836487756870405,10,0.6475594116087744,0.018536762557963174,10,0.6471314184394238,0.017384943086987553,10,0.724,0.056999025332797486,10,0.662,0.07771743691090179,10,0.724,0.056999025332797486,10,0.6869999999999999,0.05250396810400781,10,1.8,0.6324555320336759,10
Faces,0.75,performance,page_hinkley,hoeffding_tree,gradual_recurrent,both,0.7,0.21942686286812776,10,0.7166666666666666,0.2611702060787368,10,0.6900000000000001,0.19692073983655906,10,90.55,42.272561366026125,10,90.55,42.272561366026125,10,0.2,0.2194268628681278,10,90.55,42.272561366026125,10,,,0,,,0,2.3,0.48304589153964794,10,2.3,0.48304589153964794,10,2.3,0.48304589153964794,10,3.6239560516896745,0.3741690885457406,10,0.018889992010554125,0.0013705266321633262,10,7.1117623004873165,0.7313437811912682,10,6.428951300040353,1.0683914162640773,10,8.764809954564043,1.1655245042464792,10,141.92836637230957,14.264288937104883,10,7111.762300487317,731.3437811912681,10,7.67531682209974,0.7234574537272445,10,0.6468577327260482,0.023257453279373407,10,0.6132417769874339,0.02794243551655615,10,0.5971062736196587,0.026057140879944273,10,0.6343,0.013532265967761038,10,0.6468577327260482,0.023257453279373407,10,0.6132417769874339,0.02794243551655615,10,0.5971062736196587,0.026057140879944273,10,0.6755,0.017696515664578305,10,0.6734051661597846,0.01674411990855023,10,0.667471443698789,0.012361822649314248,10,0.6664481842633027,0.01358419411314022,10,0.755,0.029533408577782277,10,0.6599999999999999,0.07007932013876214,10,0.755,0.029533408577782277,10,0.738,0.06779052703405952,10,2.3,0.48304589153964794,10
Faces,0.75,performance,page_hinkley,logistic_regression,gradual_recurrent,both,0.11666666666666665,0.19325030145473426,10,0.25,0.42491829279939874,10,0.15,0.24152294576982394,10,159.38888888888889,94.41457043863046,9,159.38888888888889,94.41457043863046,9,0.5166666666666667,0.2539806544591658,10,159.38888888888889,94.41457043863046,9,,,0,,,0,1.1,0.5676462121975466,10,1.1,0.5676462121975466,10,2.3,0.48304589153964794,10,3.8179406526985984,0.6831712784613663,10,0.018100840809165675,0.001985380287281742,10,6.044251189409079,1.1585226653628027,10,5.7265345000814705,1.3037681546080782,10,7.139263745011704,1.114489441038095,10,170.75817950176025,31.008009026607294,10,6044.2511894090785,1158.5226653628026,10,6.611956792500132,1.1872647953569282,10,0.6093433939364574,0.00816104628118161,10,0.6105257501249497,0.007770868028344051,10,0.6089872456103376,0.00815776311981142,10,0.6131,0.008292566952799762,10,0.6093433939364574,0.00816104628118161,10,0.6105257501249497,0.007770868028344051,10,0.6089872456103376,0.00815776311981142,10,0.6067,0.013241768931847626,10,0.603345164459001,0.012857837873412823,10,0.6045172498782725,0.012683589535912412,10,0.6027781095606228,0.013051265676250038,10,0.597,0.054579198316656176,10,0.651,0.036953424138441535,10,0.597,0.054579198316656176,10,0.6439999999999999,0.03204163957519438,10,1.1,0.5676462121975466,10
Faces,0.85,data,frechet,none,gradual_recurrent,both,0.7833333333333333,0.19325030145473426,10,0.43511600062929673,0.21132835084326437,10,0.5398682336931689,0.19018085390538192,10,38.983333333333334,25.98865493220427,10,25.25,25.196174753764154,10,0.08333333333333334,0.18002057495577392,10,38.983333333333334,25.98865493220427,10,8.190671873123176,4.927865098617988,10,0.24721778149893225,0.16578586751726843,10,94.7,26.49129836170528,10,94.7,26.49129836170528,10,2.6,0.5163977794943223,10,3.0095554330091545,0.022707329589487225,10,1.1204204357130947,0.005113304049255533,10,4.130626710392607,0.026987475250362755,10,4.211223949823761,0.01789347466621175,10,4.448095170046145,0.0966143075887349,10,242.1033012608321,1.5794687628251467,10,4130.6267103926075,26.98747525036302,10,4.592091163299665,0.061803356854141164,10,,,0,,,0,,,0,,,0,,,0,,,0,,,0,,,0,,,0,,,0,,,0,,,0,,,0,,,0,,,0,,,0
Faces,0.85,data,kswin,none,gradual_recurrent,both,0.45,0.26117020607873687,10,0.19761904761904764,0.14881746010583138,10,0.26875901875901875,0.17949794700634808,10,103.53333333333333,61.68657336352323,10,102.5,63.671029518926424,10,0.15,0.19953649995631081,10,103.53333333333333,61.68657336352323,10,275.92857142857144,172.4210999683209,7,2.6154156919790528,1.2312436781339828,7,6.4,1.1737877907772671,10,6.4,1.1737877907772671,10,2.6,0.5163977794943223,10,3.188946806897911,0.26393754666141306,10,0.14950711230158048,0.026509241213591588,10,3.3390925541925753,0.28619011850449955,10,3.233110450037202,0.10816827483001597,10,3.8433726549646963,0.7066333113947411,10,301.2473000285083,22.93318097484196,10,3339.0925541925753,286.1901185044994,10,3.7805017818001945,0.3058016529180764,10,,,0,,,0,,,0,,,0,,,0,,,0,,,0,,,0,,,0,,,0,,,0,,,0,,,0,,,0,,,0,,,0
Faces,0.85,data,mmd,none,gradual_recurrent,both,0.7166666666666666,0.314760343871451,10,0.41888409211174454,0.24884728580966664,10,0.503408300518843,0.2726211928456499,10,45.81481481481482,24.970460943945078,9,45.77777777777778,28.772937709668167,9,0.1,0.31622776601683794,10,45.81481481481482,24.970460943945078,9,13.874274002289255,4.062353465062858,9,0.45064588929447563,0.43880793600341456,9,62.9,22.452171387195495,10,62.9,22.452171387195495,10,2.6,0.5163977794943223,10,36.483442600504716,0.1765030626336776,10,1.923490791219774,0.052786783115231314,10,38.407974082400145,0.1847881998949475,10,40.68428524997216,0.2833246283360362,10,51.478431895166054,1.763901589090754,10,26.036800205204266,0.12475444390576167,10,38407.97408240014,184.78819989494733,10,38.925107941800704,0.19498405209659989,10,,,0,,,0,,,0,,,0,,,0,,,0,,,0,,,0,,,0,,,0,,,0,,,0,,,0,,,0,,,0,,,0
Faces,0.85,performance,adwin,gaussian_nb,gradual_recurrent,both,0.2,0.21942686286812776,10,0.3333333333333333,0.408248290463863,10,0.2333333333333333,0.2509242175696937,10,153.86666666666667,88.82125204485025,10,152.8,88.56736293792301,10,0.4333333333333334,0.30631219449089386,10,153.86666666666667,88.82125204485025,10,,,0,,,0,1.4,0.6992058987801011,10,1.4,0.6992058987801011,10,2.6,0.5163977794943223,10,3.936773326600087,0.6401536061504525,10,0.04585980351130274,0.008972134252867964,10,6.680253300806908,1.1842619300565167,10,6.629207700188999,1.5552602296553713,10,7.726358899999468,1.0888857666036922,10,154.06963489800634,27.553056544033932,10,6680.253300806908,1184.2619300565166,10,7.267228399600208,1.2003750556261665,10,0.6582271405990245,0.020466309884881646,10,0.6394640906498934,0.018948759727888637,10,0.6312865861172249,0.015105043786796973,10,0.6534000000000001,0.016807405775100707,10,0.6582271405990245,0.020466309884881646,10,0.6394640906498934,0.018948759727888637,10,0.6312865861172249,0.015105043786796973,10,0.6781,0.021042021449154204,10,0.6728846926624045,0.030688762295341437,10,0.6715535677864855,0.030953193601843038,10,0.6689475129442173,0.031240020530952768,10,0.807,0.05926400443964468,10,0.637,0.10614978934401034,10,0.807,0.05926400443964468,10,0.653,0.08499019551297272,10,1.4,0.6992058987801011,10
Faces,0.85,performance,adwin,hoeffding_tree,gradual_recurrent,both,0.4166666666666667,0.2515384760593727,10,0.6,0.3162277660168379,10,0.47000000000000003,0.24060109910158115,10,133.55,68.80021398545533,10,133.55,68.80021398545533,10,0.30000000000000004,0.29186501192363773,10,133.55,68.80021398545533,10,,,0,,,0,1.7,0.4830458915396479,10,1.7,0.4830458915396479,10,2.6,0.5163977794943223,10,3.470240816001751,0.41489834328403036,10,0.047177115590784524,0.006298581519497731,10,6.871458914911273,0.9650673367115843,10,6.517273999907047,1.1424056662849689,10,7.9418645050463965,1.5894980142829918,10,147.92426132507327,19.01441634997511,10,6871.458914911273,965.0673367115844,10,7.456630128400502,0.9523939374350034,10,0.6634645715582239,0.029204981391116314,10,0.6282872575432256,0.03951540348517533,10,0.611440296364228,0.04288263961373171,10,0.6526,0.020111909130882833,10,0.6634645715582239,0.029204981391116314,10,0.6282872575432256,0.03951540348517533,10,0.611440296364228,0.04288263961373171,10,0.7007,0.03781842584420102,10,0.7027664305845482,0.031115242978136136,10,0.6931819032744259,0.02311721848840063,10,0.6906542495573981,0.02419898158793459,10,0.8390000000000001,0.02378141197564927,10,0.648,0.11242775458044157,10,0.8390000000000001,0.02378141197564927,10,0.7030000000000001,0.1319132711712931,10,1.7,0.4830458915396479,10
Faces,0.85,performance,adwin,logistic_regression,gradual_recurrent,both,0.0,0.0,10,0.0,0.0,10,0.0,0.0,10,,,0,,,0,1.0,0.0,10,,,0,,,0,,,0,0.0,0.0,10,0.0,0.0,10,2.6,0.5163977794943223,10,4.021111991308317,0.715789548163815,10,0.05200169480576733,0.009550174232856288,10,6.462527013289764,1.2308489532358966,10,6.506851899848698,1.4627046265133343,10,7.352830085046662,1.310763387793607,10,160.26995827118054,32.46569585834342,10,6462.527013289764,1230.8489532358967,10,7.018363323799894,1.218046587384334,10,0.6202989571841787,0.022494318469625626,10,0.6221049083279064,0.02060657106309541,10,0.6196970588110158,0.02258578425209628,10,0.6256,0.01741774318842079,10,0.6202989571841787,0.022494318469625626,10,0.6221049083279064,0.02060657106309541,10,0.6196970588110158,0.02258578425209628,10,0.6256,0.01741774318842079,10,0.6202989571841787,0.022494318469625626,10,0.6221049083279064,0.02060657106309541,10,0.6196970588110158,0.02258578425209628,10,0.5810000000000001,0.06261877602693228,10,0.674,0.06022181221672646,10,0.5810000000000001,0.06261877602693228,10,0.674,0.06022181221672646,10,0.0,0.0,10
Faces,0.85,performance,hddm_w,gaussian_nb,gradual_recurrent,both,0.4333333333333333,0.19563129846287788,10,0.5816666666666667,0.3388843351242317,10,0.47523809523809524,0.21625549683024717,10,85.55,40.21808219945935,10,87.45,41.88506098041799,10,0.33333333333333337,0.19245008972987526,10,85.55,40.21808219945935,10,,,0,,,0,2.4,1.2649110640673518,10,2.4,1.2649110640673518,10,2.6,0.5163977794943223,10,3.6169512892287456,0.4235647280066472,10,0.027099064389403793,0.004292977614973297,10,6.2856621918042945,0.7670122863370934,10,6.236025650468946,1.2966472844584649,10,7.902467229796455,1.1745694836195337,10,161.23370760120673,19.588042014442713,10,6285.662191804295,767.0122863370932,10,6.923134530600146,0.7866779236458742,10,0.6582271405990245,0.020466309884881646,10,0.6394640906498934,0.018948759727888637,10,0.6312865861172249,0.015105043786796973,10,0.6534000000000001,0.016807405775100707,10,0.6582271405990245,0.020466309884881646,10,0.6394640906498934,0.018948759727888637,10,0.6312865861172249,0.015105043786796973,10,0.7001999999999999,0.021750095785229663,10,0.6948888662337668,0.026983545472545337,10,0.6959583476643949,0.0262608579968951,10,0.69340562211083,0.027630744311120847,10,0.807,0.05926400443964468,10,0.637,0.10614978934401034,10,0.807,0.05716448003592598,10,0.7,0.07333333333333335,10,2.4,1.2649110640673518,10
Faces,0.85,performance,hddm_w,hoeffding_tree,gradual_recurrent,both,0.4666666666666666,0.1314684396244359,10,0.6,0.2383067843280802,10,0.5133333333333333,0.14332902663641864,10,81.15,38.31943790020483,10,81.45,39.16592197873611,10,0.33333333333333337,0.19245008972987526,10,81.15,38.31943790020483,10,,,0,,,0,2.2,0.7888106377466153,10,2.2,0.7888106377466153,10,2.6,0.5163977794943223,10,3.4967916511828663,0.313524355243002,10,0.03067859980801586,0.002716392635244076,10,7.021622798900353,0.7149414493061265,10,6.2608896996607655,0.5861730246481838,10,8.639107020462689,1.6451695474924342,10,143.74157641099444,14.477878058727244,10,7021.622798900353,714.9414493061265,10,7.654417756599287,0.7278679045196895,10,0.6634645715582239,0.029204981391116314,10,0.6282872575432256,0.03951540348517533,10,0.611440296364228,0.04288263961373171,10,0.6526,0.020111909130882833,10,0.6634645715582239,0.029204981391116314,10,0.6282872575432256,0.03951540348517533,10,0.611440296364228,0.04288263961373171,10,0.7116,0.023754297856738806,10,0.7128219212639709,0.028428390857108538,10,0.7095127136988436,0.022722871785439185,10,0.7045202225669424,0.024369010984619775,10,0.8390000000000001,0.02378141197564927,10,0.648,0.11242775458044157,10,0.8390000000000001,0.02378141197564927,10,0.7929999999999999,0.09262229153335004,10,2.2,0.7888106377466153,10
Faces,0.85,performance,hddm_w,logistic_regression,gradual_recurrent,both,0.2333333333333333,0.2629368792488718,10,0.45,0.49721446300587663,10,0.30333333333333334,0.3364484074329934,10,142.05,121.44968093823879,10,142.05,121.44968093823879,10,0.5,0.13608276348795437,10,142.05,121.44968093823879,10,,,0,,,0,1.4,0.5163977794943222,10,1.4,0.5163977794943222,10,2.6,0.5163977794943223,10,4.307893375197091,0.6050339904885423,10,0.03189952149077726,0.0029212151088919137,10,7.1536613244014005,0.9947333543878417,10,7.153461950292694,1.0307069658202,10,8.302884210497723,1.0833542574045565,10,142.78878743452628,24.1789441197167,10,7153.661324401401,994.7333543878423,10,7.803240157099571,1.016073397090786,10,0.6202989571841787,0.022494318469625626,10,0.6221049083279064,0.02060657106309541,10,0.6196970588110158,0.02258578425209628,10,0.6256,0.01741774318842079,10,0.6202989571841787,0.022494318469625626,10,0.6221049083279064,0.02060657106309541,10,0.6196970588110158,0.02258578425209628,10,0.6115999999999999,0.021798063114771355,10,0.6077983931094444,0.02511831823031376,10,0.6096622152362406,0.023466098658619,10,0.6066287150478893,0.026149270407842224,10,0.5810000000000001,0.06261877602693228,10,0.674,0.06022181221672646,10,0.579,0.05933895104491744,10,0.662,0.05473166867139674,10,1.4,0.5163977794943222,10
Faces,0.85,performance,kswin,gaussian_nb,gradual_recurrent,both,0.31666666666666665,0.40406881213262624,10,0.5,0.5270462766947299,10,0.36666666666666664,0.4216370213557839,10,120.86666666666665,87.8889872172508,10,121.6,87.2852284817489,10,0.4833333333333334,0.2658552469778978,10,120.86666666666665,87.8889872172508,10,,,0,,,0,1.4,0.6992058987801011,10,1.4,0.6992058987801011,10,2.6,0.5163977794943223,10,3.7906622357955713,0.43199143292940834,10,0.26841710160570076,0.04253344758009719,10,6.625701982900137,0.8300567177041094,10,6.270219450289005,1.3921571410199876,10,8.509353240024211,0.21271683338792025,10,152.9313205369292,17.96620098382791,10,6625.7019829001365,830.0567177041092,10,7.227576124100051,0.8240589915523244,10,0.6582271405990245,0.020466309884881646,10,0.6394640906498934,0.018948759727888637,10,0.6312865861172249,0.015105043786796973,10,0.6534000000000001,0.016807405775100707,10,0.6582271405990245,0.020466309884881646,10,0.6394640906498934,0.018948759727888637,10,0.6312865861172249,0.015105043786796973,10,0.6906,0.030790330372447185,10,0.6855373189700933,0.03424511779848328,10,0.6744104585350424,0.039868227310070455,10,0.6732006866396331,0.03942489012553202,10,0.807,0.05926400443964468,10,0.637,0.10614978934401034,10,0.807,0.05926400443964468,10,0.72,0.0977525219907679,10,1.4,0.6992058987801011,10
Faces,0.85,performance,kswin,hoeffding_tree,gradual_recurrent,both,0.35,0.38849186082326864,10,0.425,0.40909792362111924,10,0.3657142857142857,0.3677596572938362,10,111.83333333333334,79.55047314615908,10,112.7,78.85013915298086,10,0.4,0.29606472432164954,10,111.83333333333334,79.55047314615908,10,,,0,,,0,1.8,0.9189365834726815,10,1.8,0.9189365834726815,10,2.6,0.5163977794943223,10,3.476244517406849,0.17474450345040038,10,0.25308693469123683,0.023968895829713455,10,7.133452508507071,0.3825112946995409,10,6.309177000002819,0.24360339159672084,10,9.215799584771958,1.0327601855540918,10,140.55204941185963,7.627236099802916,10,7133.452508507071,382.51129469954094,10,7.701354279300176,0.3912608752643952,10,0.6634645715582239,0.029204981391116314,10,0.6282872575432256,0.03951540348517533,10,0.611440296364228,0.04288263961373171,10,0.6526,0.020111909130882833,10,0.6634645715582239,0.029204981391116314,10,0.6282872575432256,0.03951540348517533,10,0.611440296364228,0.04288263961373171,10,0.7098,0.048496964395264526,10,0.7094180627305022,0.048075038545619224,10,0.6919398409933049,0.053131682816135894,10,0.691053304965213,0.05430761075628061,10,0.8390000000000001,0.02378141197564927,10,0.648,0.11242775458044157,10,0.8390000000000001,0.02378141197564927,10,0.757,0.13021776632497833,10,1.8,0.9189365834726815,10
Faces,0.85,performance,kswin,logistic_regression,gradual_recurrent,both,0.16666666666666666,0.2222222222222222,10,0.25,0.3535533905932738,10,0.19666666666666668,0.2640847226568412,10,174.78571428571428,166.78375648896818,7,174.78571428571428,166.78375648896818,7,0.6666666666666667,0.24845199749997665,10,174.78571428571428,166.78375648896818,7,,,0,,,0,1.4,0.6992058987801011,10,1.4,0.6992058987801011,10,2.6,0.5163977794943223,10,3.681259850697825,0.6578707120838145,10,0.2655278925843959,0.054362055385698486,10,6.027477199785244,1.1820375155513767,10,6.182392799746594,1.4630069476891945,10,6.705383060498207,1.522184981302261,10,171.2885647811566,30.62760161804282,10,6027.477199785244,1182.0375155513768,10,6.605083668800217,1.2035684739176689,10,0.6202989571841787,0.022494318469625626,10,0.6221049083279064,0.02060657106309541,10,0.6196970588110158,0.02258578425209628,10,0.6256,0.01741774318842079,10,0.6202989571841787,0.022494318469625626,10,0.6221049083279064,0.02060657106309541,10,0.6196970588110158,0.02258578425209628,10,0.6198,0.0165583144606502,10,0.6142734767628955,0.021369461515996755,10,0.6160279836510781,0.019314426853111587,10,0.6138026104212604,0.02137703765469782,10,0.5810000000000001,0.06261877602693228,10,0.674,0.06022181221672646,10,0.5810000000000001,0.06261877602693228,10,0.6839999999999999,0.05358275012642698,10,1.4,0.6992058987801011,10
Faces,0.85,performance,page_hinkley,gaussian_nb,gradual_recurrent,both,0.4333333333333333,0.3063121944908938,10,0.4333333333333333,0.3063121944908938,10,0.4333333333333333,0.3063121944908938,10,127.38333333333333,28.81561755046757,10,110.55,25.702842471429324,10,0.0,0.0,10,127.38333333333333,28.81561755046757,10,,,0,,,0,2.6,0.5163977794943223,10,2.6,0.5163977794943223,10,2.6,0.5163977794943223,10,3.732294861376795,0.3302124042758363,10,0.014927162385356496,0.0009624690848326074,10,6.320648977693418,0.6451964777368949,10,5.773360249622783,1.1561294231141839,10,8.154919259523012,0.0616911415821203,10,159.63224348476885,15.560337014031193,10,6320.648977693418,645.196477736895,10,6.906356893999691,0.638956874436977,10,0.6582271405990245,0.020466309884881646,10,0.6394640906498934,0.018948759727888637,10,0.6312865861172249,0.015105043786796973,10,0.6534000000000001,0.016807405775100707,10,0.6582271405990245,0.020466309884881646,10,0.6394640906498934,0.018948759727888637,10,0.6312865861172249,0.015105043786796973,10,0.7158,0.024898906714061853,10,0.712644681945489,0.02657866349398309,10,0.7070329553162832,0.025112572638663976,10,0.7057756088110129,0.02623570822069638,10,0.807,0.05926400443964468,10,0.637,0.10614978934401034,10,0.807,0.05926400443964468,10,0.747,0.10000555540124313,10,2.6,0.5163977794943223,10
Faces,0.85,performance,page_hinkley,hoeffding_tree,gradual_recurrent,both,0.6333333333333333,0.2810913475705226,10,0.5833333333333333,0.26352313834736496,10,0.5966666666666667,0.2466816812247149,10,102.36666666666666,32.67231621592782,10,97.4,32.86572006750431,10,0.06666666666666668,0.14054567378526134,10,102.36666666666666,32.67231621592782,10,,,0,,,0,2.8,0.42163702135578385,10,2.8,0.42163702135578385,10,2.6,0.5163977794943223,10,3.570200339123403,0.20952001041291146,10,0.01878054237931792,0.000706327491451007,10,6.9739196141115825,0.4314896625500834,10,5.960266449801566,0.20207495568394215,10,9.158559189891093,0.668803604553228,10,143.88213571256253,8.837025359913362,10,6973.919614111583,431.48966255008355,10,7.567931910499465,0.4331202171535799,10,0.6634645715582239,0.029204981391116314,10,0.6282872575432256,0.03951540348517533,10,0.611440296364228,0.04288263961373171,10,0.6526,0.020111909130882833,10,0.6634645715582239,0.029204981391116314,10,0.6282872575432256,0.03951540348517533,10,0.611440296364228,0.04288263961373171,10,0.7481,0.04087229433790628,10,0.7503443942680981,0.032632899089458746,10,0.7378233193997213,0.03374581439268073,10,0.7376420335672497,0.03568431927037191,10,0.8390000000000001,0.02378141197564927,10,0.648,0.11242775458044157,10,0.8390000000000001,0.02378141197564927,10,0.8029999999999999,0.13275290329530773,10,2.8,0.42163702135578385,10
Faces,0.85,performance,page_hinkley,logistic_regression,gradual_recurrent,both,0.11666666666666665,0.1932503014547343,10,0.25,0.4249182927993987,10,0.15,0.24152294576982397,10,165.83333333333334,99.66224209799817,9,165.83333333333334,99.66224209799817,9,0.5333333333333334,0.26988795114424713,10,165.83333333333334,99.66224209799817,9,,,0,,,0,1.3,0.674948557710553,10,1.3,0.674948557710553,10,2.6,0.5163977794943223,10,3.609371551020922,0.5956458824823714,10,0.01741072979330056,0.00169967413468637,10,5.696484997372863,1.0191958792424878,10,5.610686100317253,1.3294724855938362,10,6.855664079539565,1.2906022880150823,10,180.16713136549006,28.894541239437824,10,5696.484997372863,1019.1958792424879,10,6.270335146201068,1.0241736895813756,10,0.6202989571841787,0.022494318469625626,10,0.6221049083279064,0.02060657106309541,10,0.6196970588110158,0.02258578425209628,10,0.6256,0.01741774318842079,10,0.6202989571841787,0.022494318469625626,10,0.6221049083279064,0.02060657106309541,10,0.6196970588110158,0.02258578425209628,10,0.6113,0.01808037610228285,10,0.6068147385314427,0.020383632552479845,10,0.6087935299956209,0.019029729058265863,10,0.6060490185120126,0.021085185169482663,10,0.5810000000000001,0.06261877602693228,10,0.674,0.06022181221672646,10,0.5810000000000001,0.06261877602693228,10,0.65,0.0557773351022717,10,1.3,0.674948557710553,10
GarbageDataset,0.55,data,frechet,none,gradual_recurrent,both,0.7666666666666666,0.27442420078285484,10,0.5910992899311622,0.20425202486067237,10,0.622751170278438,0.2090449439742006,10,29.78333333333333,20.127993221161198,10,28.55,18.197145685824225,10,0.23333333333333334,0.2744242007828549,10,29.78333333333333,20.127993221161198,10,3.8775500599384487,1.953194595084839,10,0.32835007933621957,0.6599992367317156,10,92.6,27.354463377421002,10,92.6,27.354463377421002,10,2.6,0.5163977794943223,10,3.2292680614176787,0.034003064407554774,10,1.4810954071974265,0.008128900985765752,10,4.711254122897299,0.03896995824310883,10,4.87106685013714,0.035404202989228375,10,5.014118690560281,0.029966584450517315,10,212.27085285969233,1.7658070043790974,10,4711.254122897299,38.96995824310843,10,5.265139871499559,0.0727603834437512,10,,,0,,,0,,,0,,,0,,,0,,,0,,,0,,,0,,,0,,,0,,,0,,,0,,,0,,,0,,,0,,,0
GarbageDataset,0.55,data,kswin,none,gradual_recurrent,both,0.5333333333333333,0.1314684396244359,10,0.2469047619047619,0.097301069420409,10,0.3315858585858586,0.11056536772769832,10,105.76666666666668,43.52430851947869,10,107.6,49.94430231100774,10,0.03333333333333334,0.10540925533894599,10,105.76666666666668,43.52430851947869,10,329.46666666666664,212.7477118299722,5,3.2379963622812347,2.5338926553631085,5,6.5,1.1785113019775793,10,6.5,1.1785113019775793,10,2.6,0.5163977794943223,10,2.8553894699300146,0.6449102343258738,10,0.2067645732899109,0.052039430140926886,10,3.062911209170488,0.693106420372339,10,3.1297795996579225,0.7270954008604034,10,3.2909031743110972,0.7328266606829554,10,346.08986937967535,96.27083507623335,10,3062.9112091704883,693.1064203723391,10,3.6161463823998927,0.7303538550924562,10,,,0,,,0,,,0,,,0,,,0,,,0,,,0,,,0,,,0,,,0,,,0,,,0,,,0,,,0,,,0,,,0
GarbageDataset,0.55,data,mmd,none,gradual_recurrent,both,0.9333333333333332,0.14054567378526134,10,0.5306992629097844,0.25112751939929046,10,0.642735032669882,0.23339154773804846,10,74.85,45.09074868843886,10,72.05,42.97056486066298,10,0.0,0.0,10,74.85,45.09074868843886,10,12.264895971735267,5.161633526998356,10,0.2192185991695778,0.15597097481116168,10,68.5,25.915460850834027,10,68.5,25.915460850834027,10,2.6,0.5163977794943223,10,37.14445362638507,0.7181915015248881,10,1.9147199467319296,0.12352863209307423,10,39.06016370057805,0.7002566389200262,10,41.03362305031624,0.632023275835236,10,53.73328844956632,1.214061747237015,10,25.608843171375515,0.45325710311148165,10,39060.16370057805,700.256638920028,10,39.882577093099464,1.3725633113976083,10,,,0,,,0,,,0,,,0,,,0,,,0,,,0,,,0,,,0,,,0,,,0,,,0,,,0,,,0,,,0,,,0
GarbageDataset,0.55,performance,adwin,gaussian_nb,gradual_recurrent,both,0.2,0.21942686286812776,10,0.5,0.5270462766947299,10,0.2833333333333333,0.30479703831878224,10,100.5,59.11973322963202,8,100.5,59.11973322963202,8,0.6833333333333333,0.18341748910243533,10,100.5,59.11973322963202,8,,,0,,,0,0.8,0.4216370213557839,10,0.8,0.4216370213557839,10,2.6,0.5163977794943223,10,2.1331489280950335,0.07263397464343006,10,0.03606230452460295,0.0015284937072815486,10,7.241432293503749,0.29775547070739566,10,6.76890774993808,0.028448890936442813,10,8.766248558840742,1.9659307625833748,10,138.29845528475911,5.522557013274892,10,7241.432293503749,297.7554707073957,10,7.8967690728994056,0.31243534233389514,10,0.7319208308823304,0.028404437748852644,10,0.7028294459364057,0.021490930525410852,10,0.7105434740174925,0.02371062461273104,10,0.7951,0.018199206331901148,10,0.7319208308823304,0.028404437748852644,10,0.7028294459364057,0.021490930525410852,10,0.7105434740174925,0.02371062461273104,10,0.7625,0.026986622200226875,10,0.6986195559943077,0.032328399934318824,10,0.6433830709598942,0.03923313014180676,10,0.6613452203569963,0.035136382903852396,10,0.5800000000000001,0.029814239699997185,10,0.82,0.04242640687119283,10,0.5800000000000001,0.029814239699997185,10,0.8109999999999999,0.048636977245256056,10,0.8,0.4216370213557839,10
GarbageDataset,0.55,performance,adwin,hoeffding_tree,gradual_recurrent,both,0.06666666666666667,0.14054567378526128,10,0.2,0.4216370213557839,10,0.1,0.21081851067789195,10,167.5,65.19415447551856,10,167.5,65.19415447551856,10,0.6,0.08606629658238707,10,167.5,65.19415447551856,10,,,0,,,0,1.1,0.31622776601683794,10,1.1,0.31622776601683794,10,2.6,0.5163977794943223,10,2.166789300296659,0.03127655941474472,10,0.048897148296236995,0.0009659467526895103,10,10.205600736281122,0.29131159832897474,10,9.721191099924908,0.7598526581457765,10,12.603085570081019,0.5356413242814319,10,98.05762182497128,2.812319077839324,10,10205.600736281121,291.3115983289748,10,10.904775964299915,0.2933299681434789,10,0.6616671368757923,0.025057630347877356,10,0.5214307011349799,0.02168882542607578,10,0.5593174667070442,0.018338820126202266,10,0.6688000000000001,0.017712519113139508,10,0.6616671368757923,0.025057630347877356,10,0.5214307011349799,0.02168882542607578,10,0.5593174667070442,0.018338820126202266,10,0.5496000000000001,0.021282230459548496,10,0.5517947809991884,0.02524021965137481,10,0.3525969128434956,0.03777602168731594,10,0.36922217770205423,0.04081296996520481,10,0.535,0.03171049598406743,10,0.8140000000000001,0.039496835316262975,10,0.535,0.03171049598406743,10,0.742,0.055337349251859055,10,1.1,0.31622776601683794,10
GarbageDataset,0.55,performance,adwin,logistic_regression,gradual_recurrent,both,0.21666666666666665,0.23635608206869607,10,0.5,0.5270462766947299,10,0.3,0.3220305943597653,10,89.6,87.88401447362313,10,89.6,87.88401447362313,10,0.6,0.08606629658238707,10,89.6,87.88401447362313,10,,,0,,,0,1.0,0.0,10,1.0,0.0,10,2.6,0.5163977794943223,10,2.149306977492961,0.04126523700752595,10,0.04373890610040689,0.0007301080645614869,10,7.136666996002168,0.10542909151960772,10,7.016007450147299,0.03343012173308317,10,8.16447314011384,1.3954030038579985,10,140.14907972668223,2.0795885409910917,10,7136.666996002168,105.42909151960762,10,7.814893085999938,0.136499187625269,10,0.7126074761070852,0.031402346009513624,10,0.7091658152802465,0.026385668525063025,10,0.7088789537894115,0.02860376310523248,10,0.8079000000000001,0.019513243366151733,10,0.7126074761070852,0.031402346009513624,10,0.7091658152802465,0.026385668525063025,10,0.7088789537894115,0.02860376310523248,10,0.7682,0.016477594214906216,10,0.6565953754186251,0.02463154175251556,10,0.6619433024805303,0.017436175723388462,10,0.65690036223485,0.020447528685530177,10,0.599,0.04508017549014447,10,0.8630000000000001,0.033349995835415355,10,0.599,0.04508017549014447,10,0.8130000000000001,0.05396500923952688,10,1.0,0.0,10
GarbageDataset,0.55,performance,hddm_w,gaussian_nb,gradual_recurrent,both,0.0,0.0,10,0.0,0.0,10,0.0,0.0,10,299.0,,1,299.0,,1,0.95,0.15811388300841897,10,299.0,,1,,,0,,,0,0.1,0.31622776601683794,10,0.1,0.31622776601683794,10,2.6,0.5163977794943223,10,2.0997563158962294,0.029256063479358208,10,0.02149819370933983,0.0005509748266618204,10,7.173808434024977,0.2494940452865768,10,6.777498299561557,0.0716871937482121,10,8.396941340470217,1.4029088159171463,10,139.5443118199534,4.74486594923097,10,7173.808434024977,249.4940452865768,10,7.8786046437999175,0.28022590447658363,10,0.7319208308823304,0.028404437748852644,10,0.7028294459364057,0.021490930525410852,10,0.7105434740174925,0.02371062461273104,10,0.7951,0.018199206331901148,10,0.7319208308823304,0.028404437748852644,10,0.7028294459364057,0.021490930525410852,10,0.7105434740174925,0.02371062461273104,10,0.7946000000000001,0.01942049318517826,10,0.730254551177886,0.031370591977285124,10,0.7011918519152073,0.023511890154151813,10,0.7089610003095321,0.02614963944027994,10,0.5800000000000001,0.029814239699997185,10,0.82,0.04242640687119283,10,0.5800000000000001,0.029814239699997185,10,0.818,0.04442221666388714,10,0.1,0.31622776601683794,10
GarbageDataset,0.55,performance,hddm_w,hoeffding_tree,gradual_recurrent,both,0.45,0.2611702060787368,10,0.8666666666666666,0.3220305943597653,10,0.5599999999999999,0.23029771392056206,10,51.611111111111114,31.37652165411442,9,51.611111111111114,31.37652165411442,9,0.55,0.26117020607873687,10,51.611111111111114,31.37652165411442,9,,,0,,,0,1.2,0.7888106377466155,10,1.2,0.7888106377466155,10,2.6,0.5163977794943223,10,2.1651371432177258,0.03561881592809332,10,0.030883955704484833,0.0015196277598556777,10,10.559448715589316,0.8253197794211928,10,10.04191454994725,0.9537157176804788,10,13.496167069897638,1.7330741502088578,10,95.18408361243567,6.87657287912034,10,10559.448715589315,825.3197794211931,10,11.261948791799659,0.8215794959154012,10,0.6616671368757923,0.025057630347877356,10,0.5214307011349799,0.02168882542607578,10,0.5593174667070442,0.018338820126202266,10,0.6688000000000001,0.017712519113139508,10,0.6616671368757923,0.025057630347877356,10,0.5214307011349799,0.02168882542607578,10,0.5593174667070442,0.018338820126202266,10,0.5854999999999999,0.062179399947070724,10,0.5541852575421286,0.11208821938720313,10,0.3898536371109826,0.09200031656208238,10,0.4084034409071696,0.11279779648685989,10,0.535,0.03171049598406743,10,0.8140000000000001,0.039496835316262975,10,0.535,0.03171049598406743,10,0.773,0.07379400758568111,10,1.2,0.7888106377466155,10
GarbageDataset,0.55,performance,hddm_w,logistic_regression,gradual_recurrent,both,0.05,0.15811388300841897,10,0.1,0.31622776601683794,10,0.06666666666666667,0.21081851067789195,10,34.0,,1,34.0,,1,0.95,0.15811388300841897,10,34.0,,1,,,0,,,0,0.1,0.31622776601683794,10,0.1,0.31622776601683794,10,2.6,0.5163977794943223,10,2.1623325489996206,0.0733209641781782,10,0.02549114331632154,0.0008657202019669981,10,7.418794468693159,0.5862644085858797,10,7.24514889971033,0.7456274087344241,10,8.835856150326434,1.5703870860934512,10,135.46950669326412,9.52781131350936,10,7418.794468693159,586.2644085858798,10,8.103384340199772,0.5814584280643144,10,0.7126074761070852,0.031402346009513624,10,0.7091658152802465,0.026385668525063025,10,0.7088789537894115,0.02860376310523248,10,0.8079000000000001,0.019513243366151733,10,0.7126074761070852,0.031402346009513624,10,0.7091658152802465,0.026385668525063025,10,0.7088789537894115,0.02860376310523248,10,0.8027,0.03175269017474474,10,0.7061744005856995,0.044886376684965285,10,0.7054580540313987,0.03423578695165569,10,0.7037438437770422,0.03940836697357527,10,0.599,0.04508017549014447,10,0.8630000000000001,0.033349995835415355,10,0.599,0.04508017549014447,10,0.86,0.03858612300930075,10,0.1,0.31622776601683794,10
GarbageDataset,0.55,performance,kswin,gaussian_nb,gradual_recurrent,both,0.03333333333333333,0.10540925533894598,10,0.1,0.31622776601683794,10,0.05,0.15811388300841897,10,175.0,,1,175.0,,1,0.9666666666666666,0.10540925533894596,10,175.0,,1,,,0,,,0,0.2,0.42163702135578396,10,0.2,0.42163702135578396,10,2.6,0.5163977794943223,10,2.1343635843197264,0.08397788985423382,10,0.23889089192416577,0.012106109977893624,10,7.36631454747876,0.33162356186027786,10,6.974509249630501,0.04459676858957863,10,8.660554694761231,1.9209328546241564,10,135.9824061781661,5.665279452377361,10,7366.31454747876,331.62356186027773,10,7.985689773100239,0.3370947631348065,10,0.7319208308823304,0.028404437748852644,10,0.7028294459364057,0.021490930525410852,10,0.7105434740174925,0.02371062461273104,10,0.7951,0.018199206331901148,10,0.7319208308823304,0.028404437748852644,10,0.7028294459364057,0.021490930525410852,10,0.7105434740174925,0.02371062461273104,10,0.7879,0.026252830535222496,10,0.72679988242564,0.03252840398946286,10,0.6892866603127134,0.04331763215674982,10,0.7000829625583622,0.0378945442821546,10,0.5800000000000001,0.029814239699997185,10,0.82,0.04242640687119283,10,0.5800000000000001,0.029814239699997185,10,0.8160000000000001,0.04526465385804786,10,0.2,0.42163702135578396,10
GarbageDataset,0.55,performance,kswin,hoeffding_tree,gradual_recurrent,both,0.3,0.32203059435976533,10,0.45,0.43779751788545657,10,0.3466666666666667,0.34361908281420295,10,96.48148148148148,54.38139773629477,9,99.44444444444444,55.695850633397974,9,0.5666666666666667,0.25092421756969363,10,96.48148148148148,54.38139773629477,9,,,0,,,0,1.5,0.8498365855987975,10,1.5,0.8498365855987975,10,2.6,0.5163977794943223,10,2.1727407688067615,0.02842883285064993,10,0.2613962969990098,0.016601727957657186,10,10.393214036006611,0.40215544815713145,10,9.658848449726065,0.6619672539605657,10,13.330702969687986,0.8988893973113186,10,96.34439353007855,3.6715727275608714,10,10393.214036006611,402.15544815713145,10,11.038685535299374,0.40200202390531253,10,0.6616671368757923,0.025057630347877356,10,0.5214307011349799,0.02168882542607578,10,0.5593174667070442,0.018338820126202266,10,0.6688000000000001,0.017712519113139508,10,0.6616671368757923,0.025057630347877356,10,0.5214307011349799,0.02168882542607578,10,0.5593174667070442,0.018338820126202266,10,0.5561,0.061178155142719605,10,0.539770141372079,0.09308741278870483,10,0.36074109734875937,0.08236382143599127,10,0.3746257105731552,0.09647188198662619,10,0.535,0.03171049598406743,10,0.8140000000000001,0.039496835316262975,10,0.535,0.03171049598406743,10,0.762,0.06356099432828283,10,1.5,0.8498365855987975,10
GarbageDataset,0.55,performance,kswin,logistic_regression,gradual_recurrent,both,0.03333333333333333,0.10540925533894598,10,0.1,0.31622776601683794,10,0.05,0.15811388300841897,10,74.0,,1,74.0,,1,0.9666666666666666,0.10540925533894596,10,74.0,,1,,,0,,,0,0.3,0.48304589153964794,10,0.3,0.48304589153964794,10,2.6,0.5163977794943223,10,2.1573972581129057,0.06982558245911967,10,0.26430030458868714,0.009993858193904815,10,7.463866605796284,0.23488888009145242,10,7.246379199568764,0.04707861347298531,10,9.4525463003265,2.0438644851208547,10,134.0967202574687,4.164761105453,10,7463.866605796284,234.8888800914524,10,8.115687094399618,0.21632561189685642,10,0.7126074761070852,0.031402346009513624,10,0.7091658152802465,0.026385668525063025,10,0.7088789537894115,0.02860376310523248,10,0.8079000000000001,0.019513243366151733,10,0.7126074761070852,0.031402346009513624,10,0.7091658152802465,0.026385668525063025,10,0.7088789537894115,0.02860376310523248,10,0.7997,0.025871691951715164,10,0.6999418178671818,0.042661727018854186,10,0.6987212518554434,0.036218497691737704,10,0.6974143606385766,0.03928301523181867,10,0.599,0.04508017549014447,10,0.8630000000000001,0.033349995835415355,10,0.592,0.04157990967870044,10,0.8550000000000001,0.04275251779460219,10,0.3,0.48304589153964794,10
GarbageDataset,0.55,performance,page_hinkley,gaussian_nb,gradual_recurrent,both,0.11666666666666665,0.1932503014547343,10,0.2,0.34960294939005054,10,0.13999999999999999,0.2270584848790187,10,170.75,97.18114529063752,6,170.75,97.18114529063752,6,0.6833333333333333,0.3374742788552764,10,170.75,97.18114529063752,6,,,0,,,0,1.5,0.5270462766947299,10,1.5,0.5270462766947299,10,2.6,0.5163977794943223,10,2.117456764602321,0.06652801620374202,10,0.0139800889952312,0.0003364091535050569,10,7.199283962218033,0.22943264348923753,10,6.777474399495986,0.04900270685610531,10,8.852516750412176,1.8070658129009594,10,139.02616605592243,4.30758545262484,10,7199.283962218033,229.43264348923745,10,7.875693130300351,0.19154524975366025,10,0.7319208308823304,0.028404437748852644,10,0.7028294459364057,0.021490930525410852,10,0.7105434740174925,0.02371062461273104,10,0.7951,0.018199206331901148,10,0.7319208308823304,0.028404437748852644,10,0.7028294459364057,0.021490930525410852,10,0.7105434740174925,0.02371062461273104,10,0.7466,0.025465444996875482,10,0.692929324700309,0.03637296360279318,10,0.6170552852105448,0.03401752570735301,10,0.6411025876763984,0.033884369809066235,10,0.5800000000000001,0.029814239699997185,10,0.82,0.04242640687119283,10,0.5800000000000001,0.029814239699997185,10,0.767,0.09006787563955433,10,1.5,0.5270462766947299,10
GarbageDataset,0.55,performance,page_hinkley,hoeffding_tree,gradual_recurrent,both,0.4333333333333333,0.11653431646335019,10,0.5,0.20786985482077452,10,0.45666666666666667,0.1324507828460942,10,99.6,25.556908176764175,10,97.6,23.90350973764685,10,0.3666666666666667,0.1531560972454469,10,99.6,25.556908176764175,10,,,0,,,0,2.5,0.5270462766947299,10,2.5,0.5270462766947299,10,2.6,0.5163977794943223,10,2.1604399585052305,0.015620120973870685,10,0.02028958560404135,0.0003202548425170317,10,9.884085902776132,0.1972172571231986,10,9.125831499659398,0.06382952066196763,10,13.30232608977894,1.0306803099272412,10,101.20918260472453,2.029867172214559,10,9884.085902776133,197.21725712319852,10,10.580636100100673,0.20874675447276747,10,0.6616671368757923,0.025057630347877356,10,0.5214307011349799,0.02168882542607578,10,0.5593174667070442,0.018338820126202266,10,0.6688000000000001,0.017712519113139508,10,0.6616671368757923,0.025057630347877356,10,0.5214307011349799,0.02168882542607578,10,0.5593174667070442,0.018338820126202266,10,0.517,0.022166040091395074,10,0.4965554556494249,0.0732202609583836,10,0.30377315679132705,0.0209383434188513,10,0.29561039661063143,0.030358727851969504,10,0.535,0.03171049598406743,10,0.8140000000000001,0.039496835316262975,10,0.535,0.03171049598406743,10,0.616,0.10232844722319942,10,2.5,0.5270462766947299,10
GarbageDataset,0.55,performance,page_hinkley,logistic_regression,gradual_recurrent,both,0.16666666666666666,0.22222222222222224,10,0.2,0.2581988897471611,10,0.18,0.23475755815545346,10,157.5,121.6220237731089,7,157.5,121.6220237731089,7,0.6833333333333333,0.24152294576982397,10,157.5,121.6220237731089,7,,,0,,,0,1.7,0.48304589153964794,10,1.7,0.48304589153964794,10,2.6,0.5163977794943223,10,2.1253767561116548,0.045197141888981995,10,0.01740783512177586,0.0003839484398885664,10,7.033615524301422,0.1694469298540749,10,6.958997249967069,0.02813824625824668,10,7.790631189873238,1.4658964620321837,10,142.24509698703463,3.2618528120548547,10,7033.615524301422,169.44692985407485,10,7.695472293799685,0.16602844229174815,10,0.7126074761070852,0.031402346009513624,10,0.7091658152802465,0.026385668525063025,10,0.7088789537894115,0.02860376310523248,10,0.8079000000000001,0.019513243366151733,10,0.7126074761070852,0.031402346009513624,10,0.7091658152802465,0.026385668525063025,10,0.7088789537894115,0.02860376310523248,10,0.7577,0.021883783950679126,10,0.6406031317447554,0.031153186674294515,10,0.6494350190780988,0.02508338440012934,10,0.6423901656904637,0.027382115059043165,10,0.599,0.04508017549014447,10,0.8630000000000001,0.033349995835415355,10,0.599,0.04508017549014447,10,0.791,0.10016098153583668,10,1.7,0.48304589153964794,10
GarbageDataset,0.65,data,frechet,none,gradual_recurrent,both,0.6166666666666666,0.1932503014547343,10,0.6328717894541593,0.23813502463098934,10,0.60467682321229,0.17480787435576,10,50.95,19.10271941082968,10,50.95,19.10271941082968,10,0.3833333333333334,0.19325030145473432,10,50.95,19.10271941082968,10,2.7804691480200576,0.8343926668025151,10,0.04431079508014127,0.03214655970325929,10,88.0,30.147784145586705,10,88.0,30.147784145586705,10,2.8,0.42163702135578396,10,2.7014233148980566,0.6914779751806486,10,1.334956735607193,0.19026231992143894,10,4.037176454504879,0.8813586823449906,10,4.17395780023071,0.9152404731571883,10,4.324182594918966,0.9248217449022352,10,259.86654991761486,61.9436261197622,10,4037.176454504879,881.3586823449905,10,4.616779946300812,0.8835215061137467,10,,,0,,,0,,,0,,,0,,,0,,,0,,,0,,,0,,,0,,,0,,,0,,,0,,,0,,,0,,,0,,,0
GarbageDataset,0.65,data,kswin,none,gradual_recurrent,both,0.55,0.3853009085422156,10,0.2571428571428571,0.1809106050356399,10,0.3477777777777778,0.2419655452804813,10,82.51666666666667,42.8147351178292,10,85.45,45.25019950846134,10,0.2166666666666667,0.24907235301622105,10,82.51666666666667,42.8147351178292,10,122.0,23.922792479140053,6,1.617925867501583,1.178795899444849,6,6.8,1.3165611772087664,10,6.8,1.3165611772087664,10,2.8,0.42163702135578396,10,2.1695212682978307,0.5496879586192333,10,0.15786887017929985,0.04441962704019736,10,2.3280418765018114,0.5905945251152079,10,2.3639540500880685,0.6471601968070646,10,2.586629770248692,0.6322010444862751,10,448.7103982293227,84.01631743261034,10,2328.041876501811,590.594525115208,10,2.8648715104005533,0.5869230003106524,10,,,0,,,0,,,0,,,0,,,0,,,0,,,0,,,0,,,0,,,0,,,0,,,0,,,0,,,0,,,0,,,0
GarbageDataset,0.65,data,mmd,none,gradual_recurrent,both,0.7333333333333333,0.3063121944908938,10,0.5227892123127017,0.21010951695096294,10,0.5818162670251026,0.24803186514678352,10,78.98333333333332,42.73637606894357,10,74.45,45.199834070491896,10,0.13333333333333336,0.23306863292670038,10,78.98333333333332,42.73637606894357,10,13.21293666912849,9.077086971298602,10,0.1744509808104373,0.1549197848091957,10,66.3,27.78108869157019,10,66.3,27.78108869157019,10,2.8,0.42163702135578396,10,35.97188135739343,0.36148074989266316,10,1.9178568281167827,0.06792565990649606,10,37.89071963749702,0.38849089421122296,10,39.879102100167074,0.36217946490645336,10,52.2330981095547,1.0699117309232797,10,26.39419248138423,0.271568716276305,10,37890.71963749702,388.4908942112233,10,38.460675453199656,0.38026009681306244,10,,,0,,,0,,,0,,,0,,,0,,,0,,,0,,,0,,,0,,,0,,,0,,,0,,,0,,,0,,,0,,,0
GarbageDataset,0.65,performance,adwin,gaussian_nb,gradual_recurrent,both,0.1,0.16101529717988264,10,0.3,0.4830458915396479,10,0.15,0.24152294576982394,10,152.75,71.22349130929847,8,152.75,71.22349130929847,8,0.7,0.17213259316477406,10,152.75,71.22349130929847,8,,,0,,,0,0.8,0.4216370213557839,10,0.8,0.4216370213557839,10,2.8,0.42163702135578396,10,2.132251813696348,0.08166457832842881,10,0.03552611200793763,0.0006896306661330765,10,7.103721574600786,0.18228004746922677,10,6.781047300682985,0.06319194722655012,10,8.541019120439156,1.6362280315132722,10,140.85345038408465,3.5584966193557017,10,7103.721574600786,182.2800474692268,10,7.771256196099785,0.1804445055935238,10,0.7232690003425569,0.02904898482260767,10,0.6821756879993112,0.021401189829375684,10,0.6963491199046007,0.02303706895192918,10,0.8236000000000001,0.012799305536716491,10,0.7232690003425569,0.02904898482260767,10,0.6821756879993112,0.021401189829375684,10,0.6963491199046007,0.02303706895192918,10,0.7927000000000001,0.018991518574821148,10,0.7007539479886076,0.041045027552996646,10,0.6145214468057698,0.04318374401583845,10,0.6430913077540952,0.039933219709277636,10,0.634,0.04221637386396681,10,0.867,0.030203016773531446,10,0.634,0.04221637386396681,10,0.849,0.041486276177925524,10,0.8,0.4216370213557839,10
GarbageDataset,0.65,performance,adwin,hoeffding_tree,gradual_recurrent,both,0.3333333333333333,0.20786985482077452,10,0.6,0.39440531887330776,10,0.41,0.24244128727957576,10,123.1,35.01253743700644,10,123.1,35.01253743700644,10,0.5666666666666667,0.1405456737852613,10,123.1,35.01253743700644,10,,,0,,,0,1.7,0.4830458915396479,10,1.7,0.4830458915396479,10,2.8,0.42163702135578396,10,2.1680911612016645,0.033569417773469425,10,0.048351994903350716,0.0009995483246309084,10,10.083323142689915,0.2627322207973678,10,9.368557449670334,0.5955335784552314,10,13.451231684848604,1.9908038548868523,10,99.23352000798886,2.5536671344674,10,10083.323142689915,262.73222079736775,10,10.75264048680001,0.2550414583633511,10,0.6325703561922331,0.020276702410531453,10,0.48343010344726534,0.029636732090343537,10,0.5205688299417062,0.025391148477262652,10,0.6872999999999999,0.026217254708387053,10,0.6325703561922331,0.020276702410531453,10,0.48343010344726534,0.029636732090343537,10,0.5205688299417062,0.025391148477262652,10,0.5837,0.03011846978553561,10,0.5463604905133507,0.06458252365066398,10,0.3277112292375133,0.046391189479533086,10,0.33297942865824115,0.057316701993002234,10,0.635,0.04196559437338052,10,0.8550000000000001,0.023213980461973545,10,0.635,0.04196559437338052,10,0.751,0.05087020520675911,10,1.7,0.4830458915396479,10
GarbageDataset,0.65,performance,adwin,logistic_regression,gradual_recurrent,both,0.21666666666666665,0.19325030145473426,10,0.6,0.5163977794943222,10,0.31666666666666665,0.27722166555276995,10,134.6,64.6085649636847,10,134.6,64.6085649636847,10,0.6333333333333334,0.07027283689263068,10,134.6,64.6085649636847,10,,,0,,,0,1.0,0.0,10,1.0,0.0,10,2.8,0.42163702135578396,10,2.1494083176945424,0.06327681905076953,10,0.04410739020058827,0.0013473652659112476,10,7.155698928593847,0.24681095443195336,10,6.995119900602731,0.0466999155081628,10,8.717073549505583,1.8770167749729922,10,139.8924579386398,4.633118712125983,10,7155.698928593847,246.8109544319533,10,7.824120102499364,0.23571104214720653,10,0.6706716505628203,0.02999082470187226,10,0.6729352578334139,0.028317779338259956,10,0.6692186350023921,0.028863344886989623,10,0.8219999999999998,0.015267976654131724,10,0.6706716505628203,0.02999082470187226,10,0.6729352578334139,0.028317779338259956,10,0.6692186350023921,0.028863344886989623,10,0.7779,0.014301903525211074,10,0.61581820811491,0.025297465268064565,10,0.6314858007505839,0.02455568752017376,10,0.6206785289979091,0.02535626057161343,10,0.592,0.04962078417580906,10,0.876,0.025033311140691468,10,0.592,0.04962078417580906,10,0.8619999999999999,0.039101008796307124,10,1.0,0.0,10
GarbageDataset,0.65,performance,hddm_w,gaussian_nb,gradual_recurrent,both,0.0,0.0,10,0.0,0.0,10,0.0,0.0,10,146.0,,1,146.0,,1,0.9666666666666666,0.10540925533894596,10,146.0,,1,,,0,,,0,0.1,0.31622776601683794,10,0.1,0.31622776601683794,10,2.8,0.42163702135578396,10,2.1019127567931717,0.0325927055491228,10,0.021776141391092095,0.0007236100537089728,10,7.315984044200013,0.6598326410858398,10,6.999820800047019,0.7560376250400594,10,8.494268839767754,1.5318082255880137,10,137.57644965330047,10.983859261617896,10,7315.984044200013,659.8326410858398,10,8.027353291599866,0.6307212154456481,10,0.7232690003425569,0.02904898482260767,10,0.6821756879993112,0.021401189829375684,10,0.6963491199046007,0.02303706895192918,10,0.8236000000000001,0.012799305536716491,10,0.7232690003425569,0.02904898482260767,10,0.6821756879993112,0.021401189829375684,10,0.6963491199046007,0.02303706895192918,10,0.8201,0.018793911543665148,10,0.7199529006796592,0.03426028084596437,10,0.6744880240987003,0.03575942143986102,10,0.6904700810706841,0.03368283432942073,10,0.634,0.04221637386396681,10,0.867,0.030203016773531446,10,0.634,0.04221637386396681,10,0.86,0.04082482904638626,10,0.1,0.31622776601683794,10
GarbageDataset,0.65,performance,hddm_w,hoeffding_tree,gradual_recurrent,both,0.36666666666666664,0.07027283689263066,10,0.8,0.2581988897471611,10,0.4866666666666667,0.07888106377466152,10,56.8,39.58057885153048,10,56.8,39.58057885153048,10,0.6333333333333334,0.07027283689263068,10,56.8,39.58057885153048,10,,,0,,,0,1.5,0.5270462766947299,10,1.5,0.5270462766947299,10,2.8,0.42163702135578396,10,2.1944389636126287,0.03229100932124791,10,0.03201134150440339,0.002188705076039539,10,10.443141477019163,1.0541637425960433,10,9.849125949949666,1.145580705394551,10,13.297946591083015,1.9695351861059454,10,96.4889147904231,8.09174159538263,10,10443.141477019162,1054.1637425960432,10,11.207169079600135,1.0310716348555085,10,0.6325703561922331,0.020276702410531453,10,0.48343010344726534,0.029636732090343537,10,0.5205688299417062,0.025391148477262652,10,0.6872999999999999,0.026217254708387053,10,0.6325703561922331,0.020276702410531453,10,0.48343010344726534,0.029636732090343537,10,0.5205688299417062,0.025391148477262652,10,0.6152,0.016705288583758963,10,0.5795432947432804,0.04561803363035862,10,0.3655451074964301,0.031133519638846825,10,0.3846778339099795,0.036509767963588236,10,0.635,0.04196559437338052,10,0.8550000000000001,0.023213980461973545,10,0.635,0.04196559437338052,10,0.8240000000000001,0.039777157040470114,10,1.5,0.5270462766947299,10
GarbageDataset,0.65,performance,hddm_w,logistic_regression,gradual_recurrent,both,0.0,0.0,10,0.0,0.0,10,0.0,0.0,10,,,0,,,0,1.0,0.0,10,,,0,,,0,,,0,0.0,0.0,10,0.0,0.0,10,2.8,0.42163702135578396,10,2.1581359873947803,0.06713955430127717,10,0.025506074904842534,0.0007885381811278871,10,7.489770371613849,0.5834035385690607,10,7.261270099843387,0.7309411074958763,10,9.071971750618102,1.7336768207129978,10,134.1833741493511,9.555495643475577,10,7489.770371613849,583.4035385690606,10,8.204016582900294,0.6645255399289434,10,0.6706716505628203,0.02999082470187226,10,0.6729352578334139,0.028317779338259956,10,0.6692186350023921,0.028863344886989623,10,0.8219999999999998,0.015267976654131724,10,0.6706716505628203,0.02999082470187226,10,0.6729352578334139,0.028317779338259956,10,0.6692186350023921,0.028863344886989623,10,0.8219999999999998,0.015267976654131724,10,0.6706716505628203,0.02999082470187226,10,0.6729352578334139,0.028317779338259956,10,0.6692186350023921,0.028863344886989623,10,0.592,0.04962078417580906,10,0.876,0.025033311140691468,10,0.592,0.04962078417580906,10,0.876,0.025033311140691468,10,0.0,0.0,10
GarbageDataset,0.65,performance,kswin,gaussian_nb,gradual_recurrent,both,0.0,0.0,10,0.0,0.0,10,0.0,0.0,10,,,0,,,0,1.0,0.0,10,,,0,,,0,,,0,0.1,0.31622776601683794,10,0.1,0.31622776601683794,10,2.8,0.42163702135578396,10,2.1389062603029743,0.09464498681079744,10,0.24366260500719364,0.010074624542067733,10,7.392068490476959,0.33949104519065787,10,7.008101700193947,0.08406190840075499,10,9.164111124846386,2.1495254175822187,10,135.53148747951852,6.08356649575042,10,7392.068490476959,339.49104519065787,10,8.052389682999637,0.3599767547190143,10,0.7232690003425569,0.02904898482260767,10,0.6821756879993112,0.021401189829375684,10,0.6963491199046007,0.02303706895192918,10,0.8236000000000001,0.012799305536716491,10,0.7232690003425569,0.02904898482260767,10,0.6821756879993112,0.021401189829375684,10,0.6963491199046007,0.02303706895192918,10,0.8209,0.016980053657813386,10,0.7226558099461704,0.02980397115445798,10,0.6776873659064422,0.028170583290970556,10,0.6927726318550353,0.02856031380444663,10,0.634,0.04221637386396681,10,0.867,0.030203016773531446,10,0.634,0.04221637386396681,10,0.867,0.030203016773531446,10,0.1,0.31622776601683794,10
GarbageDataset,0.65,performance,kswin,hoeffding_tree,gradual_recurrent,both,0.2333333333333333,0.21081851067789195,10,0.31666666666666665,0.3374742788552764,10,0.2538095238095238,0.22962773997710775,10,104.1,72.27793577572619,10,104.1,72.27793577572619,10,0.6333333333333334,0.07027283689263068,10,104.1,72.27793577572619,10,60.0,,1,0.7999999999999998,,1,1.9,0.9944289260117533,10,1.9,0.9944289260117533,10,2.8,0.42163702135578396,10,2.180041125009666,0.03907837047992425,10,0.2551818213909428,0.018352616679025935,10,10.30673248378007,0.35649879844723353,10,9.855759849779133,0.7313605939974582,10,13.2103348347664,0.9678319651188257,10,97.12780867292943,3.3379263652078617,10,10306.73248378007,356.49879844723375,10,10.975760957199963,0.3471922743424918,10,0.6325703561922331,0.020276702410531453,10,0.48343010344726534,0.029636732090343537,10,0.5205688299417062,0.025391148477262652,10,0.6872999999999999,0.026217254708387053,10,0.6325703561922331,0.020276702410531453,10,0.48343010344726534,0.029636732090343537,10,0.5205688299417062,0.025391148477262652,10,0.5772,0.02946108544428658,10,0.5626876186123606,0.04804443254238235,10,0.32774958051728836,0.043561286667480326,10,0.33740882699844715,0.05307411153340559,10,0.635,0.04196559437338052,10,0.8550000000000001,0.023213980461973545,10,0.635,0.04196559437338052,10,0.785,0.032403703492039325,10,1.9,0.9944289260117533,10
GarbageDataset,0.65,performance,kswin,logistic_regression,gradual_recurrent,both,0.0,0.0,10,0.0,0.0,10,0.0,0.0,10,,,0,,,0,1.0,0.0,10,,,0,,,0,,,0,0.0,0.0,10,0.0,0.0,10,2.8,0.42163702135578396,10,2.1561882772068204,0.07031408923330087,10,0.27099604369796,0.00864553237674411,10,7.540259622523808,0.2630803941755035,10,7.2825539000405115,0.0283273303563149,10,9.686771319957188,1.9982331416615695,10,132.76181107316265,4.473262182489119,10,7540.2596225238085,263.0803941755035,10,8.189291941899864,0.27068401687689564,10,0.6706716505628203,0.02999082470187226,10,0.6729352578334139,0.028317779338259956,10,0.6692186350023921,0.028863344886989623,10,0.8219999999999998,0.015267976654131724,10,0.6706716505628203,0.02999082470187226,10,0.6729352578334139,0.028317779338259956,10,0.6692186350023921,0.028863344886989623,10,0.8219999999999998,0.015267976654131724,10,0.6706716505628203,0.02999082470187226,10,0.6729352578334139,0.028317779338259956,10,0.6692186350023921,0.028863344886989623,10,0.592,0.04962078417580906,10,0.876,0.025033311140691468,10,0.592,0.04962078417580906,10,0.876,0.025033311140691468,10,0.0,0.0,10
GarbageDataset,0.65,performance,page_hinkley,gaussian_nb,gradual_recurrent,both,0.18333333333333332,0.1995364999563108,10,0.35,0.4116363011742823,10,0.22999999999999998,0.24517567397911058,10,140.3125,90.24685886896168,8,140.3125,90.24685886896168,8,0.5833333333333334,0.30681558381075724,10,140.3125,90.24685886896168,8,,,0,,,0,1.5,0.5270462766947299,10,1.5,0.5270462766947299,10,2.8,0.42163702135578396,10,2.109999358803543,0.03109147528534724,10,0.013818731586070498,0.000163351389643,10,7.146042456302894,0.1669081490274854,10,6.7574505004813545,0.04256459326444124,10,9.094365295059102,1.658722053361992,10,140.00708465540112,3.3061691472770662,10,7146.042456302894,166.90814902748534,10,7.803841018599632,0.1539068180400139,10,0.7232690003425569,0.02904898482260767,10,0.6821756879993112,0.021401189829375684,10,0.6963491199046007,0.02303706895192918,10,0.8236000000000001,0.012799305536716491,10,0.7232690003425569,0.02904898482260767,10,0.6821756879993112,0.021401189829375684,10,0.6963491199046007,0.02303706895192918,10,0.7748,0.021096603202095523,10,0.6868729549072539,0.043184312389226216,10,0.5752578475784171,0.044328863323629605,10,0.609226408306333,0.04395821678538855,10,0.634,0.04221637386396681,10,0.867,0.030203016773531446,10,0.634,0.04221637386396681,10,0.819,0.06806043066438988,10,1.5,0.5270462766947299,10
GarbageDataset,0.65,performance,page_hinkley,hoeffding_tree,gradual_recurrent,both,0.4666666666666666,0.1531560972454469,10,0.4916666666666666,0.23057228854941259,10,0.47190476190476194,0.17854779385038194,10,123.16666666666667,60.17720744847085,10,118.0,57.18051338621499,10,0.2833333333333333,0.22291558497487646,10,123.16666666666667,60.17720744847085,10,,,0,,,0,2.8,0.6324555320336758,10,2.8,0.6324555320336758,10,2.8,0.42163702135578396,10,2.1717177852318854,0.06007668663035284,10,0.020017614588869036,0.0005816378486433642,10,9.769378495901401,0.4499207170997471,10,9.11080989990296,0.09724239220084917,10,13.349476564017092,1.4964294393765665,10,102.54715406353118,4.505686632647235,10,9769.378495901401,449.92071709974726,10,10.422554153100283,0.4497866775185835,10,0.6325703561922331,0.020276702410531453,10,0.48343010344726534,0.029636732090343537,10,0.5205688299417062,0.025391148477262652,10,0.6872999999999999,0.026217254708387053,10,0.6325703561922331,0.020276702410531453,10,0.48343010344726534,0.029636732090343537,10,0.5205688299417062,0.025391148477262652,10,0.5530999999999999,0.026429991381845798,10,0.41769811305964355,0.15692865859315824,10,0.2837699929297754,0.02374054582402529,10,0.26387523022845555,0.03473065723063397,10,0.635,0.04196559437338052,10,0.8550000000000001,0.023213980461973545,10,0.635,0.04196559437338052,10,0.687,0.05417051268397268,10,2.8,0.6324555320336758,10
GarbageDataset,0.65,performance,page_hinkley,logistic_regression,gradual_recurrent,both,0.26666666666666666,0.25092421756969363,10,0.45,0.43779751788545657,10,0.32666666666666666,0.30501973220930645,10,88.42857142857143,90.81456774265742,7,88.42857142857143,90.81456774265742,7,0.6333333333333334,0.28109134757052257,10,88.42857142857143,90.81456774265742,7,,,0,,,0,1.5,0.5270462766947299,10,1.5,0.5270462766947299,10,2.8,0.42163702135578396,10,2.177021757890543,0.06999251735674213,10,0.0179497718152561,0.0005514845225758447,10,7.206203790075596,0.2612770312178578,10,7.014417699610931,0.02547933724685201,10,9.407115340727612,2.2203725152882816,10,138.9319887963557,4.987197626200268,10,7206.203790075597,261.27703121785754,10,7.894979114399757,0.24440195381945964,10,0.6706716505628203,0.02999082470187226,10,0.6729352578334139,0.028317779338259956,10,0.6692186350023921,0.028863344886989623,10,0.8219999999999998,0.015267976654131724,10,0.6706716505628203,0.02999082470187226,10,0.6729352578334139,0.028317779338259956,10,0.6692186350023921,0.028863344886989623,10,0.7791,0.02272272479748462,10,0.6100769644819283,0.0374591974750815,10,0.6225966638988318,0.034122308583475265,10,0.6138197773774074,0.03600929375825806,10,0.592,0.04962078417580906,10,0.876,0.025033311140691468,10,0.592,0.04962078417580906,10,0.825,0.05642103626603584,10,1.5,0.5270462766947299,10
GarbageDataset,0.75,data,frechet,none,gradual_recurrent,both,0.7,0.33147630867058436,10,0.5638954863457751,0.15241603271053633,10,0.6015250536259573,0.20259062544410866,10,34.45,22.239167150672607,10,34.45,22.239167150672607,10,0.2666666666666667,0.3063121944908938,10,34.45,22.239167150672607,10,3.1120389558463204,1.6992186950157928,10,0.11390076952411361,0.1400426586112813,10,104.2,33.664356356373254,10,104.2,33.664356356373254,10,2.5,0.5270462766947299,10,2.5965942760081817,0.6804749810567737,10,1.2982596640253177,0.19482892004133412,10,3.895623710907239,0.8746399304255459,10,4.006452750400058,0.932651931544965,10,4.159366784297163,0.9287903189177439,10,268.9442142163074,60.64389682833775,10,3895.623710907239,874.6399304255459,10,4.4570063330000265,0.9054307013328412,10,,,0,,,0,,,0,,,0,,,0,,,0,,,0,,,0,,,0,,,0,,,0,,,0,,,0,,,0,,,0,,,0
GarbageDataset,0.75,data,kswin,none,gradual_recurrent,both,0.75,0.27498597046143514,10,0.2716774891774892,0.14516746965095342,10,0.39096903096903096,0.18556333248199197,10,74.33333333333334,47.22647039714952,10,70.4,48.67796672463266,10,0.03333333333333334,0.105409255338946,10,74.33333333333334,47.22647039714952,10,164.7888888888889,80.38898314514938,9,2.1804426248913686,0.9100165168229022,9,8.7,1.567021236472421,10,8.7,1.567021236472421,10,2.5,0.5270462766947299,10,2.0370316356205875,0.4298670220842892,10,0.12038921577877773,0.022505038431854148,10,2.15804429300224,0.4418213167734439,10,2.1283896994646057,0.4208479296609318,10,2.394640330094262,0.4874551984032172,10,475.314862774624,64.92499114214306,10,2158.04429300224,441.8213167734438,10,2.69409350560054,0.43818065932923295,10,,,0,,,0,,,0,,,0,,,0,,,0,,,0,,,0,,,0,,,0,,,0,,,0,,,0,,,0,,,0,,,0
GarbageDataset,0.75,data,mmd,none,gradual_recurrent,both,0.6666666666666666,0.26057865332352387,10,0.43273333984349616,0.24662980513859953,10,0.4855810674289339,0.2158389366241486,10,67.31666666666666,47.791435386440284,10,67.25,47.80530537735558,10,0.16666666666666669,0.23570226039551587,10,67.31666666666666,47.791435386440284,10,9.43695247995213,5.875207379726169,10,0.13671229248560327,0.10657749064171831,10,65.9,17.829127229838754,10,65.9,17.829127229838754,10,2.5,0.5270462766947299,10,35.161613416892216,0.23581156205708637,10,2.012972885407726,0.07314697897705325,10,37.17583442508985,0.2665950702818811,10,39.22397779988387,0.2271929969329602,10,51.01266982053858,0.9152969957947291,10,26.90043687460773,0.19250556086473014,10,37175.83442508985,266.5950702818826,10,37.748965582600064,0.3293230825858299,10,,,0,,,0,,,0,,,0,,,0,,,0,,,0,,,0,,,0,,,0,,,0,,,0,,,0,,,0,,,0,,,0
GarbageDataset,0.75,performance,adwin,gaussian_nb,gradual_recurrent,both,0.0,0.0,10,0.0,0.0,10,0.0,0.0,10,292.0,19.79898987322333,2,292.0,19.79898987322333,2,0.9,0.21081851067789195,10,292.0,19.79898987322333,2,,,0,,,0,0.2,0.4216370213557839,10,0.2,0.4216370213557839,10,2.5,0.5270462766947299,10,2.0946917039716935,0.028980208137536614,10,0.03534985106743989,0.0005810586110975123,10,7.026254843207425,0.12478531899596729,10,6.785855100679328,0.06511971085203268,10,7.8666647795580475,1.4407824328975536,10,142.36289674252905,2.4761901969310456,10,7026.254843207425,124.7853189959673,10,7.6691640304998145,0.13832507335207334,10,0.7141026713387844,0.030697570337408157,10,0.6366450849425508,0.01547540637802641,10,0.6632362816977062,0.02001383749944604,10,0.8398999999999999,0.014843255108709203,10,0.7141026713387844,0.030697570337408157,10,0.6366450849425508,0.01547540637802641,10,0.6632362816977062,0.02001383749944604,10,0.8315999999999999,0.015861904047118625,10,0.7113102004502143,0.03312663737881815,10,0.6108627750086373,0.055007447744117824,10,0.6421014324429148,0.04616357185702052,10,0.744,0.031692971530679244,10,0.8470000000000001,0.026687491868330793,10,0.744,0.031692971530679244,10,0.833,0.03917198545446023,10,0.2,0.4216370213557839,10
GarbageDataset,0.75,performance,adwin,hoeffding_tree,gradual_recurrent,both,0.4166666666666667,0.23895347964007296,10,0.5,0.3333333333333333,10,0.45,0.2718251071716682,10,95.3,39.93132994418181,10,95.3,39.93132994418181,10,0.4833333333333334,0.12297746456210365,10,95.3,39.93132994418181,10,,,0,,,0,2.0,0.0,10,2.0,0.0,10,2.5,0.5270462766947299,10,2.148137333702107,0.018486614008780235,10,0.04774872140224033,0.0006600412721094712,10,9.431898958694001,0.17167843426659107,10,8.947619949867658,0.11551665305354518,10,12.340102049911364,0.3612489848867651,10,106.05540724670507,1.967037013469734,10,9431.898958694,171.67843426659167,10,10.087527197600139,0.1812273300833938,10,0.5929756962525694,0.04769585001121712,10,0.39650207643847313,0.02565806043989147,10,0.432475409438733,0.029353387629411254,10,0.6874,0.023415094846416226,10,0.5929756962525694,0.04769585001121712,10,0.39650207643847313,0.02565806043989147,10,0.432475409438733,0.029353387629411254,10,0.6006,0.0238383444615323,10,0.34267851368449564,0.09938557831926163,10,0.25963966594979804,0.03246635515732604,10,0.24508225031794245,0.031712902593902116,10,0.742,0.034253953543107056,10,0.819,0.036040101122068,10,0.742,0.034253953543107056,10,0.718,0.024855135843076345,10,2.0,0.0,10
GarbageDataset,0.75,performance,adwin,logistic_regression,gradual_recurrent,both,0.13333333333333333,0.2194268628681278,10,0.3,0.48304589153964794,10,0.18333333333333332,0.2986595567936802,10,152.8,53.09279088957788,10,152.8,53.09279088957788,10,0.5833333333333334,0.08784104611578833,10,152.8,53.09279088957788,10,,,0,,,0,1.0,0.0,10,1.0,0.0,10,2.5,0.5270462766947299,10,2.17791776279264,0.04306390571436066,10,0.044789938590474775,0.00106404179424193,10,7.19560891170695,0.12169131673451966,10,7.0291899999574525,0.023125557599965915,10,9.417046544695037,1.7053896465264298,10,139.0095796706172,2.3611600758187072,10,7195.60891170695,121.69131673451973,10,7.882680842699483,0.14732595694985462,10,0.615071167882047,0.033743461922889455,10,0.6486963625873858,0.02485750369066398,10,0.6275716447045321,0.030004892270227027,10,0.8315999999999999,0.015629032812898742,10,0.615071167882047,0.033743461922889455,10,0.6486963625873858,0.02485750369066398,10,0.6275716447045321,0.030004892270227027,10,0.7815000000000001,0.026605137348514756,10,0.5490591099255504,0.03868766193243954,10,0.5978472860201556,0.024657869323928463,10,0.5659610295776897,0.032869005075765845,10,0.5640000000000001,0.04033195589934448,10,0.884,0.02988868236194653,10,0.5640000000000001,0.04033195589934448,10,0.884,0.03627058802329453,10,1.0,0.0,10
GarbageDataset,0.75,performance,hddm_w,gaussian_nb,gradual_recurrent,both,0.0,0.0,10,0.0,0.0,10,0.0,0.0,10,81.0,15.556349186104045,2,81.0,15.556349186104045,2,0.9166666666666666,0.18002057495577392,10,81.0,15.556349186104045,2,,,0,,,0,0.3,0.48304589153964794,10,0.3,0.48304589153964794,10,2.5,0.5270462766947299,10,2.137528600913356,0.10140425978392603,10,0.022504083488456672,0.0011652952168213476,10,7.539958876506352,0.9236281672585472,10,7.229847350208729,0.9616412559807591,10,9.036555530292386,1.911129283128141,10,134.20726402749293,14.363593970036023,10,7539.958876506353,923.6281672585474,10,8.241226511100468,0.8924554643793795,10,0.7141026713387844,0.030697570337408157,10,0.6366450849425508,0.01547540637802641,10,0.6632362816977062,0.02001383749944604,10,0.8398999999999999,0.014843255108709203,10,0.7141026713387844,0.030697570337408157,10,0.6366450849425508,0.01547540637802641,10,0.6632362816977062,0.02001383749944604,10,0.8356,0.017689921801221545,10,0.7114907222659481,0.03607783959417861,10,0.6113071377898247,0.053901077124616045,10,0.6426487254011006,0.049089417460380244,10,0.744,0.031692971530679244,10,0.8470000000000001,0.026687491868330793,10,0.744,0.031692971530679244,10,0.843,0.02907843798341918,10,0.3,0.48304589153964794,10
GarbageDataset,0.75,performance,hddm_w,hoeffding_tree,gradual_recurrent,both,0.55,0.26117020607873687,10,0.9333333333333332,0.1405456737852613,10,0.64,0.13221755360572016,10,51.9,22.37160899195426,10,51.9,22.37160899195426,10,0.45,0.26117020607873687,10,51.9,22.37160899195426,10,,,0,,,0,1.5,0.8498365855987974,10,1.5,0.8498365855987974,10,2.5,0.5270462766947299,10,2.1805363912117173,0.0252965399787309,10,0.03257436730236805,0.0017699565803693332,10,10.481968648892144,0.9237717627646694,10,9.834134750235535,1.061046806437845,10,14.157859720180564,1.8113356156155755,10,96.01521352483904,7.796030536820061,10,10481.968648892143,923.7717627646692,10,11.18291595950068,0.9277243273836383,10,0.5929756962525694,0.04769585001121712,10,0.39650207643847313,0.02565806043989147,10,0.432475409438733,0.029353387629411254,10,0.6874,0.023415094846416226,10,0.5929756962525694,0.04769585001121712,10,0.39650207643847313,0.02565806043989147,10,0.432475409438733,0.029353387629411254,10,0.6344000000000001,0.04592554360653289,10,0.4914973916259324,0.13135924612591973,10,0.2999620284207064,0.0458858289527785,10,0.30156996290181465,0.054586836399966386,10,0.742,0.034253953543107056,10,0.819,0.036040101122068,10,0.742,0.034253953543107056,10,0.771,0.05425249610233005,10,1.5,0.8498365855987974,10
GarbageDataset,0.75,performance,hddm_w,logistic_regression,gradual_recurrent,both,0.0,0.0,10,0.0,0.0,10,0.0,0.0,10,,,0,,,0,1.0,0.0,10,,,0,,,0,,,0,0.0,0.0,10,0.0,0.0,10,2.5,0.5270462766947299,10,2.1600657606893945,0.07661828391952014,10,0.025712400516567868,0.0007017963215601683,10,7.17608710260356,0.25862004758699325,10,7.017557149811182,0.026238650610942788,10,8.60056017485476,1.7177673017338546,10,139.5090236565906,4.854620428693681,10,7176.08710260356,258.6200475869928,10,7.865978103099769,0.24234195203782694,10,0.615071167882047,0.033743461922889455,10,0.6486963625873858,0.02485750369066398,10,0.6275716447045321,0.030004892270227027,10,0.8315999999999999,0.015629032812898742,10,0.615071167882047,0.033743461922889455,10,0.6486963625873858,0.02485750369066398,10,0.6275716447045321,0.030004892270227027,10,0.8315999999999999,0.015629032812898742,10,0.615071167882047,0.033743461922889455,10,0.6486963625873858,0.02485750369066398,10,0.6275716447045321,0.030004892270227027,10,0.5640000000000001,0.04033195589934448,10,0.884,0.02988868236194653,10,0.5640000000000001,0.04033195589934448,10,0.884,0.02988868236194653,10,0.0,0.0,10
GarbageDataset,0.75,performance,kswin,gaussian_nb,gradual_recurrent,both,0.0,0.0,10,0.0,0.0,10,0.0,0.0,10,,,0,,,0,1.0,0.0,10,,,0,,,0,,,0,0.3,0.48304589153964794,10,0.3,0.48304589153964794,10,2.5,0.5270462766947299,10,2.114664106393684,0.05614381669295082,10,0.23880346079349693,0.008656662489774796,10,7.366053370384543,0.20899621588918305,10,7.025074950252019,0.04284264673256443,10,9.108250069202764,1.9458445680509724,10,135.8555107092588,3.8232396361621763,10,7366.053370384543,208.99621588918308,10,7.995689130399842,0.20582321747422486,10,0.7141026713387844,0.030697570337408157,10,0.6366450849425508,0.01547540637802641,10,0.6632362816977062,0.02001383749944604,10,0.8398999999999999,0.014843255108709203,10,0.7141026713387844,0.030697570337408157,10,0.6366450849425508,0.01547540637802641,10,0.6632362816977062,0.02001383749944604,10,0.834,0.01223837316712385,10,0.7148067664700924,0.030441270217756364,10,0.61932168472142,0.03309400314038017,10,0.6490942958325829,0.029609249058133523,10,0.744,0.031692971530679244,10,0.8470000000000001,0.026687491868330793,10,0.744,0.031692971530679244,10,0.85,0.026246692913372692,10,0.3,0.48304589153964794,10
GarbageDataset,0.75,performance,kswin,hoeffding_tree,gradual_recurrent,both,0.45,0.30479703831878224,10,0.4916666666666666,0.35670387483315574,10,0.45285714285714285,0.29239499819768716,10,94.6,71.53507298288488,10,94.6,71.53507298288488,10,0.4,0.17916128329552336,10,94.6,71.53507298288488,10,172.0,,1,1.9271708683473388,,1,2.6,0.9660917830792959,10,2.6,0.9660917830792959,10,2.5,0.5270462766947299,10,2.1656112800927074,0.03110567257614351,10,0.24061768750543705,0.015542079509948192,10,9.697874602298906,0.2651673729588452,10,9.200386049815279,0.1720381446509817,10,13.039036774389384,0.7646134354139495,10,103.18530813773616,2.8432464052383977,10,9697.874602298907,265.16737295884536,10,10.383715692600527,0.274178613516295,10,0.5929756962525694,0.04769585001121712,10,0.39650207643847313,0.02565806043989147,10,0.432475409438733,0.029353387629411254,10,0.6874,0.023415094846416226,10,0.5929756962525694,0.04769585001121712,10,0.39650207643847313,0.02565806043989147,10,0.432475409438733,0.029353387629411254,10,0.6019,0.04886591631984178,10,0.37455601340491496,0.10695916683000889,10,0.26329905956704247,0.04148957462962524,10,0.2493869813734671,0.040246179906695885,10,0.742,0.034253953543107056,10,0.819,0.036040101122068,10,0.742,0.034253953543107056,10,0.714,0.028751811537130467,10,2.6,0.9660917830792959,10
GarbageDataset,0.75,performance,kswin,logistic_regression,gradual_recurrent,both,0.0,0.0,10,0.0,0.0,10,0.0,0.0,10,,,0,,,0,1.0,0.0,10,,,0,,,0,,,0,0.3,0.48304589153964794,10,0.3,0.48304589153964794,10,2.5,0.5270462766947299,10,2.127596035281749,0.05291935436148792,10,0.26305761649855414,0.0058490246910400685,10,7.317311589997916,0.17996592466800349,10,7.269159400311764,0.031866205040708355,10,8.368446809818124,1.5263327783940976,10,136.7342616326144,3.2561171379277014,10,7317.311589997917,179.9659246680034,10,7.9970198056005755,0.26408237176877364,10,0.615071167882047,0.033743461922889455,10,0.6486963625873858,0.02485750369066398,10,0.6275716447045321,0.030004892270227027,10,0.8315999999999999,0.015629032812898742,10,0.615071167882047,0.033743461922889455,10,0.6486963625873858,0.02485750369066398,10,0.6275716447045321,0.030004892270227027,10,0.8253999999999999,0.019322985736624058,10,0.6053495141074292,0.039763500295831436,10,0.6393468739515035,0.03141365334615642,10,0.6175834620188777,0.03653640043689352,10,0.5640000000000001,0.04033195589934448,10,0.884,0.02988868236194653,10,0.5640000000000001,0.04033195589934448,10,0.883,0.02790858091857933,10,0.3,0.48304589153964794,10
GarbageDataset,0.75,performance,page_hinkley,gaussian_nb,gradual_recurrent,both,0.2833333333333333,0.3429177636002437,10,0.4,0.45946829173634074,10,0.31666666666666665,0.3638782865291737,10,133.01851851851853,47.43090328488118,9,133.61111111111111,47.52944993486787,9,0.35,0.3884918608232687,10,133.01851851851853,47.43090328488118,9,,,0,,,0,1.6,0.6992058987801011,10,1.6,0.6992058987801011,10,2.5,0.5270462766947299,10,2.126860386293629,0.07720276646046417,10,0.013896201989700785,0.0003387075868765598,10,7.063343144789542,0.2972364991729704,10,6.73681350035622,0.05235325031819119,10,8.376573515597556,1.9702939744628194,10,141.79246274053148,5.719778150833058,10,7063.343144789542,297.2364991729704,10,7.7413431502995085,0.31055121954711357,10,0.7141026713387844,0.030697570337408157,10,0.6366450849425508,0.01547540637802641,10,0.6632362816977062,0.02001383749944604,10,0.8398999999999999,0.014843255108709203,10,0.7141026713387844,0.030697570337408157,10,0.6366450849425508,0.01547540637802641,10,0.6632362816977062,0.02001383749944604,10,0.8031,0.01618950277185805,10,0.6764431102284393,0.05248378074697978,10,0.5048425721821281,0.049546245717535756,10,0.5443657336168253,0.052516011552238034,10,0.744,0.031692971530679244,10,0.8470000000000001,0.026687491868330793,10,0.744,0.031692971530679244,10,0.792,0.04709328803319829,10,1.6,0.6992058987801011,10
GarbageDataset,0.75,performance,page_hinkley,hoeffding_tree,gradual_recurrent,both,0.5333333333333333,0.20487876571761973,10,0.4833333333333333,0.12297746456210364,10,0.5038095238095238,0.1513157211524171,10,96.23333333333332,29.356177973046577,10,91.9,32.38209381741706,10,0.33333333333333337,0.19245008972987523,10,96.23333333333332,29.356177973046577,10,,,0,,,0,2.7,0.6749485577105531,10,2.7,0.6749485577105531,10,2.5,0.5270462766947299,10,2.1730024050197243,0.06388826101999837,10,0.019739198404204218,0.000772963177842085,10,9.374847735729782,0.3927845432553571,10,8.91142625023349,0.2406392434452354,10,12.386180894372954,1.0026210587174533,10,106.82958729957818,4.277789689418384,10,9374.847735729782,392.78454325535705,10,10.062509700999726,0.42330520815659695,10,0.5929756962525694,0.04769585001121712,10,0.39650207643847313,0.02565806043989147,10,0.432475409438733,0.029353387629411254,10,0.6874,0.023415094846416226,10,0.5929756962525694,0.04769585001121712,10,0.39650207643847313,0.02565806043989147,10,0.432475409438733,0.029353387629411254,10,0.6193,0.02473436655523829,10,0.30296116367927833,0.09204190864177282,10,0.26432381449971687,0.032201959110667096,10,0.24605270155626133,0.028095858326262067,10,0.742,0.034253953543107056,10,0.819,0.036040101122068,10,0.742,0.034253953543107056,10,0.735,0.04034572812303405,10,2.7,0.6749485577105531,10
GarbageDataset,0.75,performance,page_hinkley,logistic_regression,gradual_recurrent,both,0.26666666666666666,0.2383067843280802,10,0.4,0.39440531887330776,10,0.31333333333333335,0.2842360347612352,10,103.27777777777777,75.99716734487177,9,103.27777777777777,75.99716734487177,9,0.6,0.17916128329552333,10,103.27777777777777,75.99716734487177,9,,,0,,,0,1.6,0.5163977794943222,10,1.6,0.5163977794943222,10,2.5,0.5270462766947299,10,2.1507688205016167,0.06018633876202851,10,0.017630080723029094,0.000613233928861279,10,7.065271697793287,0.24723806716214666,10,6.982571599837684,0.04037229340125057,10,8.62991330453951,1.6989609317787817,10,141.69103225636533,4.883707184708033,10,7065.271697793287,247.23806716214636,10,7.760512002999894,0.27000300180995807,10,0.615071167882047,0.033743461922889455,10,0.6486963625873858,0.02485750369066398,10,0.6275716447045321,0.030004892270227027,10,0.8315999999999999,0.015629032812898742,10,0.615071167882047,0.033743461922889455,10,0.6486963625873858,0.02485750369066398,10,0.6275716447045321,0.030004892270227027,10,0.7692,0.033684153874221356,10,0.5326644041795295,0.045093946292425274,10,0.5762623333015431,0.034579906993076566,10,0.546728475838077,0.04164087186249734,10,0.5640000000000001,0.04033195589934448,10,0.884,0.02988868236194653,10,0.5640000000000001,0.04033195589934448,10,0.837,0.10055954565441425,10,1.6,0.5163977794943222,10
GarbageDataset,0.85,data,frechet,none,gradual_recurrent,both,0.7,0.2810913475705226,10,0.5907281863673999,0.27288730226972696,10,0.6180949590793767,0.26818258260294964,10,32.1,23.749619879999013,10,33.6,26.131930234442645,10,0.25,0.2859897261385278,10,32.1,23.749619879999013,10,3.3096684959579576,2.270803081774418,10,inf,,10,105.2,38.91243731479407,10,105.2,38.91243731479407,10,2.5,0.5270462766947299,10,2.426631363328852,0.6548275805710617,10,1.2520360588914627,0.1709669249587021,10,3.6794112029008827,0.8257689896744729,10,3.828546450313297,0.8984030777326375,10,3.993784914509888,0.8936454030016996,10,283.46275085538525,57.90010726706541,10,3679.411202900883,825.7689896744729,10,4.247940993100201,0.860221795274466,10,,,0,,,0,,,0,,,0,,,0,,,0,,,0,,,0,,,0,,,0,,,0,,,0,,,0,,,0,,,0,,,0
GarbageDataset,0.85,data,kswin,none,gradual_recurrent,both,0.8166666666666667,0.2539806544591658,10,0.3075974025974026,0.13768039101312296,10,0.4407750582750583,0.17033243362595374,10,70.96666666666667,37.435772157617336,10,64.2,43.031125685691485,10,0.06666666666666668,0.1405456737852613,10,70.96666666666667,37.435772157617336,10,275.95500000000004,133.15119319780803,10,4.638845712325197,3.6941626688055176,10,8.4,1.8973665961010273,10,8.4,1.8973665961010273,10,2.5,0.5270462766947299,10,2.325370335777916,0.6468391603651165,10,0.1422192853780871,0.05148612629782046,10,2.4682631342071546,0.6922861851693465,10,2.4761897499047336,0.731087648128097,10,2.6936057149941917,0.732183955648795,10,429.86505028402553,97.9627869446718,10,2468.2631342071545,692.2861851693465,10,3.0071241746009036,0.6821755207752602,10,,,0,,,0,,,0,,,0,,,0,,,0,,,0,,,0,,,0,,,0,,,0,,,0,,,0,,,0,,,0,,,0
GarbageDataset,0.85,data,mmd,none,gradual_recurrent,both,0.65,0.26585524697789775,10,0.5186998071639857,0.28150338019817034,10,0.5313899214314215,0.23994216995313755,10,53.15,20.12053953330057,10,53.65,20.342962200994993,10,0.3,0.2810913475705226,10,53.15,20.12053953330057,10,5.366219001407316,3.7615764562080645,10,0.08671514286142,0.07564043906938331,10,71.8,22.12489799097639,10,71.8,22.12489799097639,10,2.5,0.5270462766947299,10,34.94644660240956,0.3735686795297021,10,2.0722316577775928,0.09441736938627601,10,37.019621093896056,0.43574886539919405,10,39.1142085492902,0.3331446732876173,10,50.42169167521933,1.7518396999574164,10,27.016078363341194,0.318724109753705,10,37019.62109389606,435.7488653991943,10,37.62098839690007,0.4180872883592811,10,,,0,,,0,,,0,,,0,,,0,,,0,,,0,,,0,,,0,,,0,,,0,,,0,,,0,,,0,,,0,,,0
GarbageDataset,0.85,performance,adwin,gaussian_nb,gradual_recurrent,both,0.0,0.0,10,0.0,0.0,10,0.0,0.0,10,,,0,,,0,1.0,0.0,10,,,0,,,0,,,0,0.0,0.0,10,0.0,0.0,10,2.5,0.5270462766947299,10,2.132068079604869,0.05912430673025236,10,0.0360974906852789,0.0009723429596076003,10,7.028650282020317,0.19073792240520784,10,6.773891550255939,0.08085404778381027,10,9.180097055013897,1.6433212570726647,10,142.36891218115514,3.853971267555611,10,7028.650282020317,190.73792240520788,10,7.732293539800958,0.20795600022367003,10,0.6998177607506629,0.06611792534301716,10,0.5431407291777581,0.03351989288263363,10,0.5863463667282834,0.039531846368772966,10,0.8554999999999999,0.011597413504743189,10,0.6998177607506629,0.06611792534301716,10,0.5431407291777581,0.03351989288263363,10,0.5863463667282834,0.039531846368772966,10,0.8554999999999999,0.011597413504743189,10,0.6998177607506629,0.06611792534301716,10,0.5431407291777581,0.03351989288263363,10,0.5863463667282834,0.039531846368772966,10,0.8390000000000001,0.032128215360057284,10,0.861,0.05195083145522208,10,0.8390000000000001,0.032128215360057284,10,0.861,0.05195083145522208,10,0.0,0.0,10
GarbageDataset,0.85,performance,adwin,hoeffding_tree,gradual_recurrent,both,0.4333333333333333,0.25092421756969363,10,0.55,0.3689323936863109,10,0.48,0.2936362072739366,10,84.25,27.94165548265011,10,84.25,27.94165548265011,10,0.45,0.11249142628509214,10,84.25,27.94165548265011,10,,,0,,,0,2.0,0.0,10,2.0,0.0,10,2.5,0.5270462766947299,10,2.1520923255091473,0.041825551852280735,10,0.04760568171441264,0.0008498077834409,10,8.929275357413644,0.3267062702952438,10,8.400794599765504,0.5388215962399525,10,11.93112112519884,1.327637711310366,10,112.12543865815701,4.079048145800143,10,8929.275357413644,326.706270295244,10,9.61545405850011,0.2887040488328148,10,0.46640496388665315,0.10756077403904984,10,0.2924270979513551,0.029299995398571203,10,0.3025119888767139,0.032052882004026555,10,0.679,0.02702262426601497,10,0.46640496388665315,0.10756077403904984,10,0.2924270979513551,0.029299995398571203,10,0.3025119888767139,0.032052882004026555,10,0.6506000000000001,0.044013129354268335,10,0.26279821844118023,0.04219059005933807,10,0.25040969427892146,0.0367600660891969,10,0.23341471832085303,0.0356169283640394,10,0.8400000000000001,0.028674417556808714,10,0.8210000000000001,0.052799410771123004,10,0.8400000000000001,0.028674417556808714,10,0.701,0.1962113373097714,10,2.0,0.0,10
GarbageDataset,0.85,performance,adwin,logistic_regression,gradual_recurrent,both,0.21666666666666665,0.23635608206869607,10,0.5,0.5270462766947299,10,0.3,0.3220305943597653,10,132.0,58.997175073614045,10,132.0,58.997175073614045,10,0.5833333333333334,0.08784104611578836,10,132.0,58.997175073614045,10,,,0,,,0,1.0,0.0,10,1.0,0.0,10,2.5,0.5270462766947299,10,2.1630216677735006,0.06556262086990539,10,0.04430249061551876,0.0011736762315579042,10,7.021817522084893,0.22567744458054328,10,7.009299699893745,0.028281244735256807,10,8.35588398089385,1.6167049489704686,10,142.54301518397887,4.487481676263455,10,7021.817522084893,225.67744458054324,10,7.694615147499644,0.2690784352711754,10,0.5141459229754684,0.04983086474933221,10,0.5758714111615699,0.036123547382155556,10,0.5334800955470721,0.044607958253340727,10,0.8241999999999999,0.015266521105565154,10,0.5141459229754684,0.04983086474933221,10,0.5758714111615699,0.036123547382155556,10,0.5334800955470721,0.044607958253340727,10,0.7509,0.034378449321890256,10,0.4356033170016997,0.045394846670592355,10,0.5029002018751434,0.028423810304780573,10,0.4499266004606176,0.04302575927153404,10,0.5660000000000001,0.06077280093375102,10,0.915,0.026770630673681677,10,0.5660000000000001,0.06077280093375102,10,0.9029999999999999,0.027100635498903777,10,1.0,0.0,10
GarbageDataset,0.85,performance,hddm_w,gaussian_nb,gradual_recurrent,both,0.05,0.15811388300841897,10,0.1,0.31622776601683794,10,0.06666666666666667,0.21081851067789195,10,195.0,,1,195.0,,1,0.95,0.15811388300841897,10,195.0,,1,,,0,,,0,0.1,0.31622776601683794,10,0.1,0.31622776601683794,10,2.5,0.5270462766947299,10,2.0982375432111438,0.0331426512729198,10,0.021777372901851777,0.000612441560914652,10,7.2078059263978504,0.547319861925044,10,7.054612799765891,0.5570301953914036,10,8.380909700208576,2.01836182312342,10,139.4056503665944,9.775805267586467,10,7207.80592639785,547.319861925044,10,7.893370845499521,0.5250362193186374,10,0.6998177607506629,0.06611792534301716,10,0.5431407291777581,0.03351989288263363,10,0.5863463667282834,0.039531846368772966,10,0.8554999999999999,0.011597413504743189,10,0.6998177607506629,0.06611792534301716,10,0.5431407291777581,0.03351989288263363,10,0.5863463667282834,0.039531846368772966,10,0.8567,0.009286190463981055,10,0.7012916370683298,0.062305821559236016,10,0.5393695670552802,0.04381930457549244,10,0.5831981365490732,0.04839207762593722,10,0.8390000000000001,0.032128215360057284,10,0.861,0.05195083145522208,10,0.8390000000000001,0.032128215360057284,10,0.8699999999999999,0.03858612300930078,10,0.1,0.31622776601683794,10
GarbageDataset,0.85,performance,hddm_w,hoeffding_tree,gradual_recurrent,both,0.6166666666666666,0.23635608206869607,10,0.9166666666666666,0.18002057495577392,10,0.7166666666666667,0.19196836159078884,10,61.9,35.36853592295465,10,61.9,35.36853592295465,10,0.35,0.21444732295131982,10,61.9,35.36853592295465,10,,,0,,,0,2.0,0.6666666666666667,10,2.0,0.6666666666666667,10,2.5,0.5270462766947299,10,2.1667915679936414,0.03902590934187421,10,0.033230727595582724,0.000964092878074294,10,9.370943651311972,0.8907232664311358,10,8.956968849997793,1.1249130159009924,10,13.057047895363208,1.8485219291960286,10,107.45759835417212,8.726532747637775,10,9370.943651311973,890.7232664311355,10,10.064807032599855,0.8925220918041812,10,0.46640496388665315,0.10756077403904984,10,0.2924270979513551,0.029299995398571203,10,0.3025119888767139,0.032052882004026555,10,0.679,0.02702262426601497,10,0.46640496388665315,0.10756077403904984,10,0.2924270979513551,0.029299995398571203,10,0.3025119888767139,0.032052882004026555,10,0.671,0.061802552985742866,10,0.2779218058054068,0.036145283545863396,10,0.26278994161804864,0.03586586291050152,10,0.24536387669849452,0.03382997621822909,10,0.8400000000000001,0.028674417556808714,10,0.8210000000000001,0.052799410771123004,10,0.8400000000000001,0.028674417556808714,10,0.756,0.16001388828612484,10,2.0,0.6666666666666667,10
GarbageDataset,0.85,performance,hddm_w,logistic_regression,gradual_recurrent,both,0.0,0.0,10,0.0,0.0,10,0.0,0.0,10,,,0,,,0,1.0,0.0,10,,,0,,,0,,,0,0.1,0.31622776601683794,10,0.1,0.31622776601683794,10,2.5,0.5270462766947299,10,2.164311541301868,0.06311588216396533,10,0.026292803584510693,0.0008588387187198032,10,7.286246140998628,0.7467628513252,10,7.240202799766848,0.7176407689826056,10,8.755816144912387,1.8927056570716967,10,138.3130089512294,11.612404188015377,10,7286.246140998628,746.7628513251999,10,7.978677348400015,0.8264501461105824,10,0.5141459229754684,0.04983086474933221,10,0.5758714111615699,0.036123547382155556,10,0.5334800955470721,0.044607958253340727,10,0.8241999999999999,0.015266521105565154,10,0.5141459229754684,0.04983086474933221,10,0.5758714111615699,0.036123547382155556,10,0.5334800955470721,0.044607958253340727,10,0.8238,0.015208184930782777,10,0.5127558699388753,0.05009945007884635,10,0.5730986580189698,0.037855540441296597,10,0.5318111436611268,0.04516606759071764,10,0.5660000000000001,0.06077280093375102,10,0.915,0.026770630673681677,10,0.563,0.05558776843874918,10,0.915,0.026770630673681677,10,0.1,0.31622776601683794,10
GarbageDataset,0.85,performance,kswin,gaussian_nb,gradual_recurrent,both,0.0,0.0,10,0.0,0.0,10,0.0,0.0,10,,,0,,,0,1.0,0.0,10,,,0,,,0,,,0,0.0,0.0,10,0.0,0.0,10,2.5,0.5270462766947299,10,2.1171074615824184,0.05384890412712131,10,0.2436919107069116,0.007224296503469608,10,7.265557583830014,0.23285751436650826,10,7.021874800375372,0.06202594505687708,10,8.897312689532553,2.0876461317159096,10,137.7608596796609,4.341362541906536,10,7265.557583830014,232.85751436650827,10,7.88858655490003,0.22698708788011276,10,0.6998177607506629,0.06611792534301716,10,0.5431407291777581,0.03351989288263363,10,0.5863463667282834,0.039531846368772966,10,0.8554999999999999,0.011597413504743189,10,0.6998177607506629,0.06611792534301716,10,0.5431407291777581,0.03351989288263363,10,0.5863463667282834,0.039531846368772966,10,0.8554999999999999,0.011597413504743189,10,0.6998177607506629,0.06611792534301716,10,0.5431407291777581,0.03351989288263363,10,0.5863463667282834,0.039531846368772966,10,0.8390000000000001,0.032128215360057284,10,0.861,0.05195083145522208,10,0.8390000000000001,0.032128215360057284,10,0.861,0.05195083145522208,10,0.0,0.0,10
GarbageDataset,0.85,performance,kswin,hoeffding_tree,gradual_recurrent,both,0.55,0.1932503014547343,10,0.5583333333333333,0.20050091591798433,10,0.5457142857142857,0.17391205209659705,10,95.73333333333332,62.4562661803056,10,96.9,62.47390566379606,10,0.3666666666666667,0.21942686286812776,10,95.73333333333332,62.4562661803056,10,,,0,,,0,2.5,0.7071067811865476,10,2.5,0.7071067811865476,10,2.5,0.5270462766947299,10,2.149855219700112,0.035181658207684145,10,0.23983334350523364,0.011582465409541354,10,9.135655556837445,0.2884850004441457,10,8.555030049319612,0.5482420463245886,10,12.705402264236906,1.000182908514258,10,109.5589229675016,3.4387554220054897,10,9135.655556837446,288.4850004441456,10,9.824474514200483,0.31187296625395133,10,0.46640496388665315,0.10756077403904984,10,0.2924270979513551,0.029299995398571203,10,0.3025119888767139,0.032052882004026555,10,0.679,0.02702262426601497,10,0.46640496388665315,0.10756077403904984,10,0.2924270979513551,0.029299995398571203,10,0.3025119888767139,0.032052882004026555,10,0.6758,0.05148419390669552,10,0.27380587356692787,0.03566180673283827,10,0.26360854679730333,0.04821111801478585,10,0.24811538188048893,0.04736706109685286,10,0.8400000000000001,0.028674417556808714,10,0.8210000000000001,0.052799410771123004,10,0.8400000000000001,0.028674417556808714,10,0.733,0.2023226246479727,10,2.5,0.7071067811865476,10
GarbageDataset,0.85,performance,kswin,logistic_regression,gradual_recurrent,both,0.0,0.0,10,0.0,0.0,10,0.0,0.0,10,,,0,,,0,1.0,0.0,10,,,0,,,0,,,0,0.4,0.5163977794943222,10,0.4,0.5163977794943222,10,2.5,0.5270462766947299,10,2.1519157160186295,0.06614723482867343,10,0.2614425451854913,0.007436950341233938,10,7.312966176285772,0.18206102573217803,10,7.264254450092267,0.042054859175228484,10,8.499477595287315,1.109146931394122,10,136.8185717149996,3.3545174853707413,10,7312.966176285772,182.06102573217794,10,7.982059588099946,0.1981921782024422,10,0.5141459229754684,0.04983086474933221,10,0.5758714111615699,0.036123547382155556,10,0.5334800955470721,0.044607958253340727,10,0.8241999999999999,0.015266521105565154,10,0.5141459229754684,0.04983086474933221,10,0.5758714111615699,0.036123547382155556,10,0.5334800955470721,0.044607958253340727,10,0.8186,0.01622207001450665,10,0.5019660140286364,0.04542647381341111,10,0.5615595384798797,0.03462727282279079,10,0.5198801514186364,0.0407119692475326,10,0.5660000000000001,0.06077280093375102,10,0.915,0.026770630673681677,10,0.5660000000000001,0.05738757124441957,10,0.9189999999999999,0.022827858224351898,10,0.4,0.5163977794943222,10
GarbageDataset,0.85,performance,page_hinkley,gaussian_nb,gradual_recurrent,both,0.13333333333333333,0.2194268628681278,10,0.25,0.42491829279939874,10,0.16666666666666666,0.2721655269759087,10,189.3,41.297094328778144,5,189.3,41.297094328778144,5,0.6833333333333333,0.40406881213262624,10,189.3,41.297094328778144,5,,,0,,,0,0.7,0.8232726023485646,10,0.7,0.8232726023485646,10,2.5,0.5270462766947299,10,2.1429094227605674,0.04541927467704611,10,0.014046189668806618,0.0003566113458102368,10,7.080029890013248,0.16838571420342868,10,6.799092600704171,0.04314791927158036,10,8.846567244672768,1.9089275911504364,10,141.31308903251698,3.306230087131325,10,7080.0298900132475,168.38571420342862,10,7.7523458245999795,0.16028739726181668,10,0.6998177607506629,0.06611792534301716,10,0.5431407291777581,0.03351989288263363,10,0.5863463667282834,0.039531846368772966,10,0.8554999999999999,0.011597413504743189,10,0.6998177607506629,0.06611792534301716,10,0.5431407291777581,0.03351989288263363,10,0.5863463667282834,0.039531846368772966,10,0.8518000000000001,0.013870832707519775,10,0.6724574648720568,0.08016591032165211,10,0.4777898011291186,0.08353102776068531,10,0.5160707422775976,0.09148788845706875,10,0.8390000000000001,0.032128215360057284,10,0.861,0.05195083145522208,10,0.8390000000000001,0.032128215360057284,10,0.861,0.039285281382896234,10,0.7,0.8232726023485646,10
GarbageDataset,0.85,performance,page_hinkley,hoeffding_tree,gradual_recurrent,both,0.7,0.28109134757052257,10,0.5833333333333333,0.15713484026367724,10,0.628095238095238,0.20394756241165482,10,85.91666666666666,44.058130091510854,10,79.95,44.259619167915226,10,0.2,0.2698879511442472,10,85.91666666666666,44.058130091510854,10,69.0,16.97056274847714,2,0.6650806451612903,0.5375152031826127,2,3.0,0.6666666666666666,10,3.0,0.6666666666666666,10,2.5,0.5270462766947299,10,2.1513239152038297,0.03436376807298449,10,0.01934751250410045,0.0002157369144528412,10,8.78900110510549,0.13275405116046116,10,8.208809349889634,0.3258535989637839,10,12.417066305260956,0.9006787316895145,10,113.80187524397925,1.7142862805766836,10,8789.00110510549,132.75405116046107,10,9.459274577599354,0.14901933359523892,10,0.46640496388665315,0.10756077403904984,10,0.2924270979513551,0.029299995398571203,10,0.3025119888767139,0.032052882004026555,10,0.679,0.02702262426601497,10,0.46640496388665315,0.10756077403904984,10,0.2924270979513551,0.029299995398571203,10,0.3025119888767139,0.032052882004026555,10,0.6859,0.0699848396281493,10,0.2535927084742094,0.031091339195102905,10,0.264328139789083,0.028121286831708052,10,0.24653784936956286,0.028165347525903037,10,0.8400000000000001,0.028674417556808714,10,0.8210000000000001,0.052799410771123004,10,0.8400000000000001,0.028674417556808714,10,0.756,0.19805723078612067,10,3.0,0.6666666666666666,10
GarbageDataset,0.85,performance,page_hinkley,logistic_regression,gradual_recurrent,both,0.3333333333333333,0.19245008972987523,10,0.8,0.4216370213557839,10,0.4666666666666666,0.2581988897471611,10,93.5,63.87705204357648,10,93.5,63.87705204357648,10,0.5833333333333334,0.08784104611578836,10,93.5,63.87705204357648,10,,,0,,,0,1.2,0.4216370213557839,10,1.2,0.4216370213557839,10,2.5,0.5270462766947299,10,2.1667250159182005,0.09164487057242195,10,0.017492127315199467,0.00037218107614651424,10,6.922328339194792,0.15342474389615163,10,6.9817660507396795,0.02848293173688713,10,7.734126779923827,0.753205583450337,10,144.52467172098665,3.240061265533092,10,6922.328339194792,153.42474389615154,10,7.595492321600614,0.10872898801928835,10,0.5141459229754684,0.04983086474933221,10,0.5758714111615699,0.036123547382155556,10,0.5334800955470721,0.044607958253340727,10,0.8241999999999999,0.015266521105565154,10,0.5141459229754684,0.04983086474933221,10,0.5758714111615699,0.036123547382155556,10,0.5334800955470721,0.044607958253340727,10,0.7678,0.02946862738574707,10,0.4404006736274252,0.04609111025424528,10,0.5020626775092898,0.03922557233918228,10,0.45434536129869885,0.04622879778908714,10,0.5660000000000001,0.06077280093375102,10,0.915,0.026770630673681677,10,0.5660000000000001,0.06077280093375102,10,0.8800000000000001,0.11430952132988162,10,1.2,0.4216370213557839,10
PetImages,0.55,data,frechet,none,gradual_recurrent,both,0.55,0.2727319490807461,10,0.32211666104080033,0.2640058034418544,10,0.3715958285498357,0.22826645532826836,10,76.0,41.38697795737742,9,68.55555555555556,44.04219882996054,9,0.2,0.3220305943597653,10,76.0,41.38697795737742,9,11.786276587843403,9.657207830662342,9,0.20738062156787046,0.17544353198997947,9,63.0,31.116269413639902,10,63.0,31.116269413639902,10,2.7,0.4830458915396479,10,2.6532704489269237,0.7040789322942673,10,1.1916181690987286,0.15268251625575308,10,3.8455759754207977,0.8567586439645376,10,3.9851878498666338,0.9143003879388931,10,4.451518885525729,0.9911738793870264,10,269.1795310868282,45.59623624060676,10,3845.5759754207975,856.7586439645377,10,4.343324608399416,0.8575311002666381,10,,,0,,,0,,,0,,,0,,,0,,,0,,,0,,,0,,,0,,,0,,,0,,,0,,,0,,,0,,,0,,,0
PetImages,0.55,data,kswin,none,gradual_recurrent,both,0.36666666666666664,0.28109134757052257,10,0.1732142857142857,0.1303802436587228,10,0.23306762203313927,0.17530105228191775,10,132.51666666666668,52.05252866807472,10,133.35,52.914527515817646,10,0.15,0.19953649995631081,10,132.51666666666668,52.05252866807472,10,177.41666666666669,78.44761167669655,4,1.999614182515956,1.2245383012245898,4,6.2,1.9321835661585915,10,6.2,1.9321835661585915,10,2.7,0.4830458915396479,10,2.9188983202097005,0.7852095336450567,10,0.1779369023955951,0.052583004128827514,10,3.097515709774234,0.8310502842154575,10,3.1468559498534887,0.8595512605587203,10,3.7431192396979895,1.064324317263304,10,342.5400650140208,81.84368437505499,10,3097.515709774234,831.0502842154575,10,3.5787393567992694,0.8104648382461062,10,,,0,,,0,,,0,,,0,,,0,,,0,,,0,,,0,,,0,,,0,,,0,,,0,,,0,,,0,,,0,,,0
PetImages,0.55,data,mmd,none,gradual_recurrent,both,0.6166666666666666,0.3337959752399956,10,0.2699720524772272,0.24391590129611854,10,0.33576858883452776,0.21821002897780983,10,92.18333333333332,96.10528081224257,10,79.35,100.74170768190633,10,0.2,0.2698879511442471,10,92.18333333333332,96.10528081224257,10,8.772685196688533,4.496020272242393,10,0.1566614084476757,0.21067608350815478,10,57.1,31.72958661354835,10,57.1,31.72958661354835,10,2.7,0.4830458915396479,10,38.414976913696954,0.41093944959478157,10,1.8905812129083643,0.06939778491909508,10,40.30665112600436,0.4578527861210721,10,42.44023869996454,0.4782760482267472,10,54.94295124532073,0.9005742957828894,10,24.812657261546185,0.2793871488263568,10,40306.65112600436,457.85278612107135,10,41.579142985100404,2.4253195499955438,10,,,0,,,0,,,0,,,0,,,0,,,0,,,0,,,0,,,0,,,0,,,0,,,0,,,0,,,0,,,0,,,0
PetImages,0.55,performance,adwin,gaussian_nb,gradual_recurrent,both,0.0,0.0,10,0.0,0.0,10,0.0,0.0,10,,,0,,,0,1.0,0.0,10,,,0,,,0,,,0,0.0,0.0,10,0.0,0.0,10,2.7,0.4830458915396479,10,2.877139378399079,0.6128065711295186,10,0.04051360949888476,0.007432918710633716,10,5.285216011705051,1.074452835846109,10,5.049807049726951,1.2438774721115529,10,6.718329825453111,1.6589979373787527,10,195.36860621283773,34.19238181514028,10,5285.216011705052,1074.452835846109,10,5.886636076800642,1.0396500446137862,10,0.9678872834958389,0.00514041896414688,10,0.9670295318077317,0.005469064024574924,10,0.9669757652635838,0.005520614033556423,10,0.967,0.005517648452415639,10,0.9678872834958389,0.00514041896414688,10,0.9670295318077317,0.005469064024574924,10,0.9669757652635838,0.005520614033556423,10,0.967,0.005517648452415639,10,0.9678872834958389,0.00514041896414688,10,0.9670295318077317,0.005469064024574924,10,0.9669757652635838,0.005520614033556423,10,0.907,0.022135943621178673,10,0.9709999999999999,0.01728840330651992,10,0.907,0.022135943621178673,10,0.9709999999999999,0.01728840330651992,10,0.0,0.0,10
PetImages,0.55,performance,adwin,hoeffding_tree,gradual_recurrent,both,0.2,0.2194268628681278,10,0.5,0.5270462766947299,10,0.2833333333333333,0.30479703831878224,10,83.5,60.87938895882579,6,83.5,60.87938895882579,6,0.7666666666666667,0.21081851067789192,10,83.5,60.87938895882579,6,,,0,,,0,1.0,0.0,10,1.0,0.0,10,2.7,0.4830458915396479,10,2.6769981081637524,0.14609186591560455,10,0.046364605904454945,0.002436969842667212,10,6.4711260171952745,0.3890608073587531,10,5.709890750404156,0.12886319222174783,10,8.299074659644246,1.5733548139790277,10,155.0404810265916,9.40719878495085,10,6471.1260171952745,389.06080735875304,10,7.0634985627992135,0.4282109152752155,10,0.9490672697142075,0.011634648104745272,10,0.9480556827952773,0.01131922137178468,10,0.9480576532245779,0.011428041563101383,10,0.9480999999999999,0.011445037740824124,10,0.9490672697142075,0.011634648104745272,10,0.9480556827952773,0.01131922137178468,10,0.9480576532245779,0.011428041563101383,10,0.9251000000000001,0.006314885412877879,10,0.9260931921488659,0.007199251861311084,10,0.9249623116848584,0.006122863587197854,10,0.925024132245629,0.006257406372199604,10,0.759,0.04886489310105756,10,0.9650000000000001,0.015811388300841913,10,0.759,0.04886489310105756,10,0.9650000000000001,0.020682789409984782,10,1.0,0.0,10
PetImages,0.55,performance,adwin,logistic_regression,gradual_recurrent,both,0.05,0.15811388300841897,10,0.1,0.31622776601683794,10,0.06666666666666667,0.21081851067789195,10,203.0,,1,203.0,,1,0.95,0.15811388300841897,10,203.0,,1,,,0,,,0,0.1,0.31622776601683794,10,0.1,0.31622776601683794,10,2.7,0.4830458915396479,10,2.892362661103107,0.6298816004113498,10,0.04585707057995023,0.007465862174479711,10,4.98515343969666,1.036347349203412,10,4.736429850345303,1.2411771568458627,10,6.838175449938717,1.1784841981208662,10,207.1374657829187,35.278596930529545,10,4985.15343969666,1036.3473492034118,10,5.555258236100781,1.0259849729891983,10,0.9766819186792406,0.003042017243738246,10,0.9766172327423865,0.003029688913151121,10,0.976592539424743,0.0030631791259956554,10,0.9766,0.0030623157540949253,10,0.9766819186792406,0.003042017243738246,10,0.9766172327423865,0.003029688913151121,10,0.976592539424743,0.0030631791259956554,10,0.9763999999999999,0.003502380143083684,10,0.9764882189888808,0.0034732793409823423,10,0.9764219202423865,0.0034453271467682132,10,0.9763926392468664,0.003502650230416823,10,0.9279999999999999,0.032249030993194185,10,0.9810000000000001,0.011005049346146134,10,0.9279999999999999,0.032249030993194185,10,0.9810000000000001,0.011005049346146134,10,0.1,0.31622776601683794,10
PetImages,0.55,performance,hddm_w,gaussian_nb,gradual_recurrent,both,0.0,0.0,10,0.0,0.0,10,0.0,0.0,10,,,0,,,0,1.0,0.0,10,,,0,,,0,,,0,0.0,0.0,10,0.0,0.0,10,2.7,0.4830458915396479,10,3.1656793249021575,0.7137599907714695,10,0.02710667878636741,0.004186917590321543,10,5.808663856116619,1.221904959749768,10,5.88057619988831,1.5363570773202913,10,7.047904600458423,1.5213967451812995,10,179.23673141588853,37.645988779858044,10,5808.663856116618,1221.904959749768,10,6.3946303264991,1.2443523533131458,10,0.9678872834958389,0.00514041896414688,10,0.9670295318077317,0.005469064024574924,10,0.9669757652635838,0.005520614033556423,10,0.967,0.005517648452415639,10,0.9678872834958389,0.00514041896414688,10,0.9670295318077317,0.005469064024574924,10,0.9669757652635838,0.005520614033556423,10,0.967,0.005517648452415639,10,0.9678872834958389,0.00514041896414688,10,0.9670295318077317,0.005469064024574924,10,0.9669757652635838,0.005520614033556423,10,0.907,0.022135943621178673,10,0.9709999999999999,0.01728840330651992,10,0.907,0.022135943621178673,10,0.9709999999999999,0.01728840330651992,10,0.0,0.0,10
PetImages,0.55,performance,hddm_w,hoeffding_tree,gradual_recurrent,both,0.0,0.0,10,0.0,0.0,10,0.0,0.0,10,,,0,,,0,1.0,0.0,10,,,0,,,0,,,0,0.0,0.0,10,0.0,0.0,10,2.7,0.4830458915396479,10,2.7594347996273427,0.16585230575489396,10,0.02851858539324894,0.0020755670489648837,10,6.57790800970397,0.48016517540557985,10,5.665081699589791,0.26557845489238174,10,8.8096287699409,1.3548468670213263,10,152.78450631716785,11.622456834589917,10,6577.90800970397,480.1651754055799,10,7.1421301140992,0.4785469986294633,10,0.9490672697142075,0.011634648104745272,10,0.9480556827952773,0.01131922137178468,10,0.9480576532245779,0.011428041563101383,10,0.9480999999999999,0.011445037740824124,10,0.9490672697142075,0.011634648104745272,10,0.9480556827952773,0.01131922137178468,10,0.9480576532245779,0.011428041563101383,10,0.9480999999999999,0.011445037740824124,10,0.9490672697142075,0.011634648104745272,10,0.9480556827952773,0.01131922137178468,10,0.9480576532245779,0.011428041563101383,10,0.759,0.04886489310105756,10,0.9650000000000001,0.015811388300841913,10,0.759,0.04886489310105756,10,0.9650000000000001,0.015811388300841913,10,0.0,0.0,10
PetImages,0.55,performance,hddm_w,logistic_regression,gradual_recurrent,both,0.0,0.0,10,0.0,0.0,10,0.0,0.0,10,,,0,,,0,1.0,0.0,10,,,0,,,0,,,0,0.0,0.0,10,0.0,0.0,10,2.7,0.4830458915396479,10,2.7125524185932592,0.5761525436795174,10,0.028338805993917048,0.002713551245860145,10,4.671277081296284,0.9415722663762155,10,4.686546950142656,1.1469768252400712,10,5.523162520075857,1.4015115143246408,10,220.62545489490168,36.2843883189881,10,4671.277081296284,941.5722663762156,10,5.263257132299986,0.9336873716343693,10,0.9766819186792406,0.003042017243738246,10,0.9766172327423865,0.003029688913151121,10,0.976592539424743,0.0030631791259956554,10,0.9766,0.0030623157540949253,10,0.9766819186792406,0.003042017243738246,10,0.9766172327423865,0.003029688913151121,10,0.976592539424743,0.0030631791259956554,10,0.9766,0.0030623157540949253,10,0.9766819186792406,0.003042017243738246,10,0.9766172327423865,0.003029688913151121,10,0.976592539424743,0.0030631791259956554,10,0.9279999999999999,0.032249030993194185,10,0.9810000000000001,0.011005049346146134,10,0.9279999999999999,0.032249030993194185,10,0.9810000000000001,0.011005049346146134,10,0.0,0.0,10
PetImages,0.55,performance,kswin,gaussian_nb,gradual_recurrent,both,0.0,0.0,10,0.0,0.0,10,0.0,0.0,10,,,0,,,0,1.0,0.0,10,,,0,,,0,,,0,0.0,0.0,10,0.0,0.0,10,2.7,0.4830458915396479,10,3.159859940798924,0.5695307045530331,10,0.3018671529069252,0.04758891663677183,10,6.043128034651454,1.0647827571079056,10,5.702412550817826,1.483281706665863,10,8.23418885573119,0.3120590731568349,10,169.94727283042235,28.33519617800778,10,6043.128034651454,1064.7827571079056,10,6.624635956999555,1.0456609439730715,10,0.9678872834958389,0.00514041896414688,10,0.9670295318077317,0.005469064024574924,10,0.9669757652635838,0.005520614033556423,10,0.967,0.005517648452415639,10,0.9678872834958389,0.00514041896414688,10,0.9670295318077317,0.005469064024574924,10,0.9669757652635838,0.005520614033556423,10,0.967,0.005517648452415639,10,0.9678872834958389,0.00514041896414688,10,0.9670295318077317,0.005469064024574924,10,0.9669757652635838,0.005520614033556423,10,0.907,0.022135943621178673,10,0.9709999999999999,0.01728840330651992,10,0.907,0.022135943621178673,10,0.9709999999999999,0.01728840330651992,10,0.0,0.0,10
PetImages,0.55,performance,kswin,hoeffding_tree,gradual_recurrent,both,0.0,0.0,10,0.0,0.0,10,0.0,0.0,10,,,0,,,0,1.0,0.0,10,,,0,,,0,,,0,0.3,0.48304589153964794,10,0.3,0.48304589153964794,10,2.7,0.4830458915396479,10,2.6480681010994886,0.08607123464067817,10,0.27548993501295627,0.014130107071264138,10,6.651518942714029,0.23137775505243294,10,5.935510649760545,0.1253973506740815,10,9.10438187931504,1.25328914526131,10,150.5053304888463,5.231427043625925,10,6651.5189427140285,231.37775505243297,10,7.223185358600313,0.2199442524150822,10,0.9490672697142075,0.011634648104745272,10,0.9480556827952773,0.01131922137178468,10,0.9480576532245779,0.011428041563101383,10,0.9480999999999999,0.011445037740824124,10,0.9490672697142075,0.011634648104745272,10,0.9480556827952773,0.01131922137178468,10,0.9480576532245779,0.011428041563101383,10,0.9445,0.014516274391944415,10,0.9453022820951281,0.014815503034141737,10,0.9444018254836068,0.014375533304302308,10,0.9444571888309431,0.014495663017216557,10,0.759,0.04886489310105756,10,0.9650000000000001,0.015811388300841913,10,0.724,0.08896940797575059,10,0.97,0.018257418583505554,10,0.3,0.48304589153964794,10
PetImages,0.55,performance,kswin,logistic_regression,gradual_recurrent,both,0.0,0.0,10,0.0,0.0,10,0.0,0.0,10,,,0,,,0,1.0,0.0,10,,,0,,,0,,,0,0.0,0.0,10,0.0,0.0,10,2.7,0.4830458915396479,10,2.9184415073174024,0.7363620408018771,10,0.29087070440036766,0.06174918165945695,10,5.255340683523537,1.2795569622624217,10,5.226635499457188,1.4067825358342063,10,6.349869734895037,1.6835475825934292,10,199.02406991383197,40.21485675989847,10,5255.340683523536,1279.5569622624218,10,5.847303144100806,1.2614661717417455,10,0.9766819186792406,0.003042017243738246,10,0.9766172327423865,0.003029688913151121,10,0.976592539424743,0.0030631791259956554,10,0.9766,0.0030623157540949253,10,0.9766819186792406,0.003042017243738246,10,0.9766172327423865,0.003029688913151121,10,0.976592539424743,0.0030631791259956554,10,0.9766,0.0030623157540949253,10,0.9766819186792406,0.003042017243738246,10,0.9766172327423865,0.003029688913151121,10,0.976592539424743,0.0030631791259956554,10,0.9279999999999999,0.032249030993194185,10,0.9810000000000001,0.011005049346146134,10,0.9279999999999999,0.032249030993194185,10,0.9810000000000001,0.011005049346146134,10,0.0,0.0,10
PetImages,0.55,performance,page_hinkley,gaussian_nb,gradual_recurrent,both,0.25,0.22566773346211,10,0.6,0.5163977794943222,10,0.35,0.3088209357708288,10,105.71428571428571,69.12480086942816,7,105.71428571428571,69.12480086942816,7,0.7166666666666667,0.20861092617242877,10,105.71428571428571,69.12480086942816,7,,,0,,,0,0.8,0.4216370213557839,10,0.8,0.4216370213557839,10,2.7,0.4830458915396479,10,2.658938632595164,0.35220861003567683,10,0.014094618615126819,0.0009448385688731704,10,4.912605474584415,0.584858057017749,10,4.622980850217573,0.6921104983942284,10,6.502420729921141,1.4971975262086132,10,205.97591586573913,22.675490725947192,10,4912.605474584416,584.858057017749,10,5.5115650620999075,0.550353720357895,10,0.9678872834958389,0.00514041896414688,10,0.9670295318077317,0.005469064024574924,10,0.9669757652635838,0.005520614033556423,10,0.967,0.005517648452415639,10,0.9678872834958389,0.00514041896414688,10,0.9670295318077317,0.005469064024574924,10,0.9669757652635838,0.005520614033556423,10,0.9589000000000001,0.007093815773067597,10,0.9601040754450963,0.006685788682180795,10,0.9589512859821564,0.007003059341997677,10,0.9588642174893858,0.007097166570605412,10,0.907,0.022135943621178673,10,0.9709999999999999,0.01728840330651992,10,0.907,0.022135943621178673,10,0.97,0.02108185106778922,10,0.8,0.4216370213557839,10
PetImages,0.55,performance,page_hinkley,hoeffding_tree,gradual_recurrent,both,0.0,0.0,10,0.0,0.0,10,0.0,0.0,10,,,0,,,0,1.0,0.0,10,,,0,,,0,,,0,1.0,0.0,10,1.0,0.0,10,2.7,0.4830458915396479,10,2.7775151563731924,0.15313257079711334,10,0.018740061889548087,0.0005041675748251017,10,6.670495646990093,0.3332241274803983,10,5.698576049871917,0.06468391583846055,10,9.48553148558858,0.3011307446099908,10,150.24744991032352,7.426389842253477,10,6670.4956469900935,333.2241274803985,10,7.241935587100306,0.33190160482912884,10,0.9490672697142075,0.011634648104745272,10,0.9480556827952773,0.01131922137178468,10,0.9480576532245779,0.011428041563101383,10,0.9480999999999999,0.011445037740824124,10,0.9490672697142075,0.011634648104745272,10,0.9480556827952773,0.01131922137178468,10,0.9480576532245779,0.011428041563101383,10,0.9287000000000001,0.007303728119559541,10,0.9292837775422012,0.007136713842027755,10,0.9286460085806614,0.007166720618984494,10,0.928650608847434,0.007291747690029811,10,0.759,0.04886489310105756,10,0.9650000000000001,0.015811388300841913,10,0.759,0.04886489310105756,10,0.969,0.020248456731316613,10,1.0,0.0,10
PetImages,0.55,performance,page_hinkley,logistic_regression,gradual_recurrent,both,0.0,0.0,10,0.0,0.0,10,0.0,0.0,10,204.5,50.204581464244875,2,204.5,50.204581464244875,2,0.9333333333333333,0.14054567378526128,10,204.5,50.204581464244875,2,,,0,,,0,0.3,0.48304589153964794,10,0.3,0.48304589153964794,10,2.7,0.4830458915396479,10,2.8698983620903165,0.6213404910106086,10,0.017895730193777125,0.0016259769466914482,10,4.924507910205284,1.025267242791556,10,4.896179150273383,1.2825014116361304,10,6.728430615621619,1.1733300410309153,10,209.89053568256455,36.70903951596813,10,4924.507910205284,1025.267242791556,10,5.525884656099879,1.0435804284341237,10,0.9766819186792406,0.003042017243738246,10,0.9766172327423865,0.003029688913151121,10,0.976592539424743,0.0030631791259956554,10,0.9766,0.0030623157540949253,10,0.9766819186792406,0.003042017243738246,10,0.9766172327423865,0.003029688913151121,10,0.976592539424743,0.0030631791259956554,10,0.9754999999999999,0.004275251779460229,10,0.9756064271478664,0.0042368959302990184,10,0.9755206030990177,0.004254175607167412,10,0.9754922358819391,0.0042746546698004175,10,0.9279999999999999,0.032249030993194185,10,0.9810000000000001,0.011005049346146134,10,0.9279999999999999,0.032249030993194185,10,0.982,0.012292725943057166,10,0.3,0.48304589153964794,10
PetImages,0.65,data,frechet,none,gradual_recurrent,both,0.7,0.23306863292670035,10,0.47061320799297357,0.3137569156055502,10,0.5233170813683619,0.2755491507141966,10,65.53333333333333,27.76664221242976,10,56.7,21.98383244315897,10,0.13333333333333336,0.2194268628681278,10,65.53333333333333,27.76664221242976,10,6.869567223978988,2.759472973685802,10,0.10545762611255674,0.06576360852962933,10,92.7,26.520641855815715,10,92.7,26.520641855815715,10,2.6,0.5163977794943222,10,2.7428119836036786,0.7033069243571891,10,1.20864762099809,0.1513838248691015,10,3.952175452415395,0.8543913024850928,10,4.032531500342884,0.8796320461077362,10,4.686440535060683,1.0792489620135495,10,261.922000808304,45.88938395142896,10,3952.175452415395,854.3913024850928,10,4.45350104709978,0.8432987734102038,10,,,0,,,0,,,0,,,0,,,0,,,0,,,0,,,0,,,0,,,0,,,0,,,0,,,0,,,0,,,0,,,0
PetImages,0.65,data,kswin,none,gradual_recurrent,both,0.6166666666666666,0.4010018318359686,10,0.2679761904761905,0.1827211399679349,10,0.3684627790510143,0.2426591776522904,10,96.16666666666666,62.09873659278225,10,90.5,62.40414872248301,10,0.18333333333333335,0.25398065445916584,10,96.16666666666666,62.09873659278225,10,213.8,189.1637444708214,5,3.07835588716315,2.176535573366535,5,6.8,2.3475755815545347,10,6.8,2.3475755815545347,10,2.6,0.5163977794943222,10,2.8568601412880525,0.7941470977377464,10,0.16079501749190966,0.04639657608437203,10,3.018321399711931,0.820307494952967,10,3.0521593002049485,0.8364333725260764,10,3.6490499807405277,1.0040941027688335,10,350.422178725876,78.21366430102876,10,3018.321399711931,820.3074949529667,10,3.4708744757990644,0.8175807215198062,10,,,0,,,0,,,0,,,0,,,0,,,0,,,0,,,0,,,0,,,0,,,0,,,0,,,0,,,0,,,0,,,0
PetImages,0.65,data,mmd,none,gradual_recurrent,both,0.8,0.28109134757052257,10,0.6617389271274867,0.20155922904118825,10,0.7010659152828846,0.21539669258539207,10,47.15,19.40049795720858,10,44.75,29.821925193089434,10,0.1,0.22498285257018433,10,47.15,19.40049795720858,10,12.192508755767182,9.581610915602118,10,0.2790361146120387,0.25532099837004923,10,62.0,31.187604375242845,10,62.0,31.187604375242845,10,2.6,0.5163977794943222,10,38.32811979891376,0.5627242762930499,10,1.798770356581008,0.05105712163721805,10,40.12788548078352,0.5257111935989575,10,42.28458434990898,0.5420143630396509,10,54.42478952532838,0.6004100067465653,10,24.92429080376143,0.33625606494626775,10,40127.885480783516,525.7111935989575,10,40.64122409990087,0.5504074732190471,10,,,0,,,0,,,0,,,0,,,0,,,0,,,0,,,0,,,0,,,0,,,0,,,0,,,0,,,0,,,0,,,0
PetImages,0.65,performance,adwin,gaussian_nb,gradual_recurrent,both,0.0,0.0,10,0.0,0.0,10,0.0,0.0,10,,,0,,,0,1.0,0.0,10,,,0,,,0,,,0,0.0,0.0,10,0.0,0.0,10,2.6,0.5163977794943222,10,2.97286057030542,0.6775557053887884,10,0.04179223069586442,0.008354506445738567,10,5.442924849802876,1.1768650816484258,10,5.587110999840661,1.5039779873898644,10,6.7151997702421795,1.5758810831366858,10,191.06475156550894,37.839311378042375,10,5442.9248498028755,1176.865081648426,10,6.029287204299908,1.2097648623881705,10,0.9651896130767108,0.008036019370196596,10,0.9661258664519117,0.0064891251684879745,10,0.9651866285353308,0.007496523857848088,10,0.9653,0.007394442357458602,10,0.9651896130767108,0.008036019370196596,10,0.9661258664519117,0.0064891251684879745,10,0.9651866285353308,0.007496523857848088,10,0.9653,0.007394442357458602,10,0.9651896130767108,0.008036019370196596,10,0.9661258664519117,0.0064891251684879745,10,0.9651866285353308,0.007496523857848088,10,0.909,0.02024845673131657,10,0.977,0.01888562063228708,10,0.909,0.02024845673131657,10,0.977,0.01888562063228708,10,0.0,0.0,10
PetImages,0.65,performance,adwin,hoeffding_tree,gradual_recurrent,both,0.18333333333333332,0.19953649995631081,10,0.5,0.5270462766947299,10,0.26666666666666666,0.2854496128592251,10,87.125,68.43649298019713,8,87.125,68.43649298019713,8,0.7,0.17213259316477406,10,87.125,68.43649298019713,8,,,0,,,0,0.9,0.31622776601683794,10,0.9,0.31622776601683794,10,2.6,0.5163977794943222,10,2.6930708157156915,0.09007623084353097,10,0.04652527980433661,0.0013478807449336138,10,6.496630001426093,0.2440214293266656,10,5.693156800225552,0.062308839989826524,10,8.979498715161753,1.1086924383815733,10,154.1239092978073,5.858808682412211,10,6496.630001426092,244.02142932666555,10,7.068430138199983,0.24387709763825038,10,0.9478979583448979,0.006912941733937298,10,0.9485527847055801,0.0053064258325598145,10,0.947922820344145,0.0062184585977352455,10,0.9480999999999999,0.006136412270664009,10,0.9478979583448979,0.006912941733937298,10,0.9485527847055801,0.0053064258325598145,10,0.947922820344145,0.0062184585977352455,10,0.9193,0.015398773399924487,10,0.9198858372114177,0.014275555990803192,10,0.9195761082395603,0.015243788835947148,10,0.9190145552719869,0.015272608594683414,10,0.757,0.04321779468896787,10,0.9719999999999999,0.01751190071541829,10,0.757,0.04321779468896787,10,0.9570000000000001,0.035605867181937555,10,0.9,0.31622776601683794,10
PetImages,0.65,performance,adwin,logistic_regression,gradual_recurrent,both,0.03333333333333333,0.10540925533894598,10,0.1,0.31622776601683794,10,0.05,0.15811388300841897,10,57.0,,1,57.0,,1,0.9666666666666666,0.10540925533894598,10,57.0,,1,,,0,,,0,0.1,0.31622776601683794,10,0.1,0.31622776601683794,10,2.6,0.5163977794943222,10,3.0490786302048947,0.7524045726103588,10,0.04787942162402033,0.00901792230763594,10,5.247066544400513,1.2467524815909514,10,5.098354250367265,1.395031949060433,10,6.381170119948365,1.5511071565547594,10,199.80951541015418,43.50611739005984,10,5247.0665444005135,1246.7524815909514,10,5.8425941714998775,1.2197690751065238,10,0.9713222689578007,0.0060936232974925075,10,0.9718953647391929,0.005806377400009262,10,0.9714973384373945,0.00595453474568038,10,0.9715999999999999,0.005929212051829124,10,0.9713222689578007,0.0060936232974925075,10,0.9718953647391929,0.005806377400009262,10,0.9714973384373945,0.00595453474568038,10,0.9706999999999999,0.0068158312446506015,10,0.9704335289631609,0.006902339057494875,10,0.9710040520349837,0.0066677053893294674,10,0.970597447422646,0.006823796504121319,10,0.925,0.025495097567963913,10,0.9810000000000001,0.012866839377079201,10,0.925,0.025495097567963913,10,0.9800000000000001,0.014142135623730958,10,0.1,0.31622776601683794,10
PetImages,0.65,performance,hddm_w,gaussian_nb,gradual_recurrent,both,0.0,0.0,10,0.0,0.0,10,0.0,0.0,10,,,0,,,0,1.0,0.0,10,,,0,,,0,,,0,0.0,0.0,10,0.0,0.0,10,2.6,0.5163977794943222,10,2.9326155855913383,0.49526140512539674,10,0.025233771512648672,0.002172138880376558,10,5.3889464473842965,0.8718876719255959,10,5.048406950663775,1.1801851891934847,10,7.233457155543874,1.3530319692865005,10,190.05051073646908,31.0006908471218,10,5388.946447384296,871.8876719255957,10,5.950332419599363,0.8723168727584003,10,0.9651896130767108,0.008036019370196596,10,0.9661258664519117,0.0064891251684879745,10,0.9651866285353308,0.007496523857848088,10,0.9653,0.007394442357458602,10,0.9651896130767108,0.008036019370196596,10,0.9661258664519117,0.0064891251684879745,10,0.9651866285353308,0.007496523857848088,10,0.9653,0.007394442357458602,10,0.9651896130767108,0.008036019370196596,10,0.9661258664519117,0.0064891251684879745,10,0.9651866285353308,0.007496523857848088,10,0.909,0.02024845673131657,10,0.977,0.01888562063228708,10,0.909,0.02024845673131657,10,0.977,0.01888562063228708,10,0.0,0.0,10
PetImages,0.65,performance,hddm_w,hoeffding_tree,gradual_recurrent,both,0.0,0.0,10,0.0,0.0,10,0.0,0.0,10,,,0,,,0,1.0,0.0,10,,,0,,,0,,,0,0.0,0.0,10,0.0,0.0,10,2.6,0.5163977794943222,10,2.7153015315907396,0.22250771637614106,10,0.02815908369702811,0.0011936787286107244,10,6.541089740570169,0.5277781104017768,10,5.726387649883691,0.09889231470857143,10,8.376961364501767,1.4494764391232713,10,153.7293268818371,11.714646136784735,10,6541.089740570169,527.7781104017766,10,7.124627110799702,0.5705961255605315,10,0.9478979583448979,0.006912941733937298,10,0.9485527847055801,0.0053064258325598145,10,0.947922820344145,0.0062184585977352455,10,0.9480999999999999,0.006136412270664009,10,0.9478979583448979,0.006912941733937298,10,0.9485527847055801,0.0053064258325598145,10,0.947922820344145,0.0062184585977352455,10,0.9480999999999999,0.006136412270664009,10,0.9478979583448979,0.006912941733937298,10,0.9485527847055801,0.0053064258325598145,10,0.947922820344145,0.0062184585977352455,10,0.757,0.04321779468896787,10,0.9719999999999999,0.01751190071541829,10,0.757,0.04321779468896787,10,0.9719999999999999,0.01751190071541829,10,0.0,0.0,10
PetImages,0.65,performance,hddm_w,logistic_regression,gradual_recurrent,both,0.0,0.0,10,0.0,0.0,10,0.0,0.0,10,,,0,,,0,1.0,0.0,10,,,0,,,0,,,0,0.0,0.0,10,0.0,0.0,10,2.6,0.5163977794943222,10,3.2268053947151203,0.6220883641870603,10,0.031438017596155984,0.004346890316216646,10,5.502296791789559,1.0276690793617336,10,5.383681699822773,1.2564816731738897,10,7.007155149785831,1.2498371377178623,10,187.5908039059825,35.40453725335747,10,5502.2967917895585,1027.6690793617336,10,6.1024522349009205,1.0425111962307856,10,0.9713222689578007,0.0060936232974925075,10,0.9718953647391929,0.005806377400009262,10,0.9714973384373945,0.00595453474568038,10,0.9715999999999999,0.005929212051829124,10,0.9713222689578007,0.0060936232974925075,10,0.9718953647391929,0.005806377400009262,10,0.9714973384373945,0.00595453474568038,10,0.9715999999999999,0.005929212051829124,10,0.9713222689578007,0.0060936232974925075,10,0.9718953647391929,0.005806377400009262,10,0.9714973384373945,0.00595453474568038,10,0.925,0.025495097567963913,10,0.9810000000000001,0.012866839377079201,10,0.925,0.025495097567963913,10,0.9810000000000001,0.012866839377079201,10,0.0,0.0,10
PetImages,0.65,performance,kswin,gaussian_nb,gradual_recurrent,both,0.0,0.0,10,0.0,0.0,10,0.0,0.0,10,,,0,,,0,1.0,0.0,10,,,0,,,0,,,0,0.0,0.0,10,0.0,0.0,10,2.6,0.5163977794943222,10,2.9147275006962445,0.430280315707454,10,0.2759675989997049,0.036248766631380935,10,5.601287498008605,0.8118979694602645,10,5.068088850021013,1.0219174226811814,10,7.861899830841139,1.0093220639951772,10,181.49875210461272,23.071662861053312,10,5601.287498008605,811.8979694602644,10,6.164390407600149,0.8178356418257701,10,0.9651896130767108,0.008036019370196596,10,0.9661258664519117,0.0064891251684879745,10,0.9651866285353308,0.007496523857848088,10,0.9653,0.007394442357458602,10,0.9651896130767108,0.008036019370196596,10,0.9661258664519117,0.0064891251684879745,10,0.9651866285353308,0.007496523857848088,10,0.9653,0.007394442357458602,10,0.9651896130767108,0.008036019370196596,10,0.9661258664519117,0.0064891251684879745,10,0.9651866285353308,0.007496523857848088,10,0.909,0.02024845673131657,10,0.977,0.01888562063228708,10,0.909,0.02024845673131657,10,0.977,0.01888562063228708,10,0.0,0.0,10
PetImages,0.65,performance,kswin,hoeffding_tree,gradual_recurrent,both,0.0,0.0,10,0.0,0.0,10,0.0,0.0,10,,,0,,,0,1.0,0.0,10,,,0,,,0,,,0,0.2,0.4216370213557839,10,0.2,0.4216370213557839,10,2.6,0.5163977794943222,10,2.602533111196317,0.07037332228156055,10,0.2733564980018855,0.0104311210761876,10,6.570727453573636,0.21767774704067666,10,5.9235948996501975,0.041624334573680116,10,8.154656814549524,1.2928481241378351,10,152.3435566510713,5.146169072792035,10,6570.727453573636,217.67774704067693,10,7.130015482498857,0.2192155232735099,10,0.9478979583448979,0.006912941733937298,10,0.9485527847055801,0.0053064258325598145,10,0.947922820344145,0.0062184585977352455,10,0.9480999999999999,0.006136412270664009,10,0.9478979583448979,0.006912941733937298,10,0.9485527847055801,0.0053064258325598145,10,0.947922820344145,0.0062184585977352455,10,0.9440999999999999,0.010723287224022679,10,0.9438687532324511,0.011094087158631447,10,0.9445395599539299,0.010454272021805164,10,0.9439224971172591,0.010697790720992,10,0.757,0.04321779468896787,10,0.9719999999999999,0.01751190071541829,10,0.739,0.06505553183413557,10,0.968,0.025733678754158367,10,0.2,0.4216370213557839,10
PetImages,0.65,performance,kswin,logistic_regression,gradual_recurrent,both,0.0,0.0,10,0.0,0.0,10,0.0,0.0,10,,,0,,,0,1.0,0.0,10,,,0,,,0,,,0,0.0,0.0,10,0.0,0.0,10,2.6,0.5163977794943222,10,2.791035968385768,0.47130532178779105,10,0.27786769557715163,0.03743827847921502,10,5.035619267315269,0.8054907165335113,10,4.882938849732454,1.0877762251903247,10,6.636694305470883,1.6087496582595608,10,202.79450406774146,29.504237878900916,10,5035.619267315269,805.4907165335113,10,5.623054185100045,0.820633910112904,10,0.9713222689578007,0.0060936232974925075,10,0.9718953647391929,0.005806377400009262,10,0.9714973384373945,0.00595453474568038,10,0.9715999999999999,0.005929212051829124,10,0.9713222689578007,0.0060936232974925075,10,0.9718953647391929,0.005806377400009262,10,0.9714973384373945,0.00595453474568038,10,0.9715999999999999,0.005929212051829124,10,0.9713222689578007,0.0060936232974925075,10,0.9718953647391929,0.005806377400009262,10,0.9714973384373945,0.00595453474568038,10,0.925,0.025495097567963913,10,0.9810000000000001,0.012866839377079201,10,0.925,0.025495097567963913,10,0.9810000000000001,0.012866839377079201,10,0.0,0.0,10
PetImages,0.65,performance,page_hinkley,gaussian_nb,gradual_recurrent,both,0.2,0.21942686286812776,10,0.5,0.5270462766947299,10,0.2833333333333333,0.3047970383187823,10,89.66666666666667,43.43577634469847,6,89.66666666666667,43.43577634469847,6,0.7666666666666667,0.21081851067789195,10,89.66666666666667,43.43577634469847,6,,,0,,,0,0.7,0.48304589153964794,10,0.7,0.48304589153964794,10,2.6,0.5163977794943222,10,2.9330095655874175,0.5755462030005551,10,0.014951565174487768,0.001606024842033698,10,5.374095503803619,1.0148620819950074,10,5.306336000103329,1.4396920796345425,10,6.999339429185056,1.4144310934779913,10,191.54003150354828,32.32115779502561,10,5374.095503803619,1014.8620819950073,10,5.970237517200076,1.0562927501897295,10,0.9651896130767108,0.008036019370196596,10,0.9661258664519117,0.0064891251684879745,10,0.9651866285353308,0.007496523857848088,10,0.9653,0.007394442357458602,10,0.9651896130767108,0.008036019370196596,10,0.9661258664519117,0.0064891251684879745,10,0.9651866285353308,0.007496523857848088,10,0.9583999999999999,0.012212925757391439,10,0.9586487802204304,0.011857739377366035,10,0.9591494390717223,0.011943687628313781,10,0.9582640675570347,0.012241832667459693,10,0.909,0.02024845673131657,10,0.977,0.01888562063228708,10,0.909,0.02024845673131657,10,0.9720000000000001,0.026583202716502528,10,0.7,0.48304589153964794,10
PetImages,0.65,performance,page_hinkley,hoeffding_tree,gradual_recurrent,both,0.03333333333333333,0.10540925533894598,10,0.1,0.31622776601683794,10,0.05,0.15811388300841897,10,50.0,,1,50.0,,1,0.9666666666666666,0.10540925533894598,10,50.0,,1,,,0,,,0,1.0,0.0,10,1.0,0.0,10,2.6,0.5163977794943222,10,2.757766682808506,0.1814115073837536,10,0.018530601995371397,0.0006959310458469774,10,6.594081995111992,0.4531017621527576,10,5.708800500178768,0.06782208109335164,10,8.909438394712195,1.477904708034224,10,152.28762859235806,10.306800083798642,10,6594.081995111992,453.10176215275743,10,7.202943481500188,0.46246974803775914,10,0.9478979583448979,0.006912941733937298,10,0.9485527847055801,0.0053064258325598145,10,0.947922820344145,0.0062184585977352455,10,0.9480999999999999,0.006136412270664009,10,0.9478979583448979,0.006912941733937298,10,0.9485527847055801,0.0053064258325598145,10,0.947922820344145,0.0062184585977352455,10,0.9223000000000001,0.007944949478896795,10,0.9223454874332591,0.007588563934814358,10,0.9220161704847506,0.007800000582579153,10,0.9219716672581543,0.007699384905721387,10,0.757,0.04321779468896787,10,0.9719999999999999,0.01751190071541829,10,0.757,0.04321779468896787,10,0.967,0.02057506581601461,10,1.0,0.0,10
PetImages,0.65,performance,page_hinkley,logistic_regression,gradual_recurrent,both,0.06666666666666667,0.14054567378526128,10,0.2,0.4216370213557839,10,0.1,0.21081851067789195,10,186.25,130.01890888123415,4,186.25,130.01890888123415,4,0.85,0.19953649995631076,10,186.25,130.01890888123415,4,,,0,,,0,0.5,0.5270462766947299,10,0.5,0.5270462766947299,10,2.6,0.5163977794943222,10,3.2617491627985147,0.6209476845637796,10,0.018628369116413523,0.0016881981225124,10,5.556936152784329,1.0198215388046192,10,5.7747370503420825,1.4237746657774881,10,7.19238385958306,0.9507813201556599,10,185.87263113532873,36.05748451722932,10,5556.936152784328,1019.8215388046192,10,6.15816700779942,1.0678936272957098,10,0.9713222689578007,0.0060936232974925075,10,0.9718953647391929,0.005806377400009262,10,0.9714973384373945,0.00595453474568038,10,0.9715999999999999,0.005929212051829124,10,0.9713222689578007,0.0060936232974925075,10,0.9718953647391929,0.005806377400009262,10,0.9714973384373945,0.00595453474568038,10,0.9677,0.007334090869963967,10,0.9675645283019714,0.007296981024014167,10,0.9679869597896846,0.007152591520215337,10,0.9675926623479771,0.007299445799128235,10,0.925,0.025495097567963913,10,0.9810000000000001,0.012866839377079201,10,0.925,0.025495097567963913,10,0.9789999999999999,0.017919573407620838,10,0.5,0.5270462766947299,10
PetImages,0.75,data,frechet,none,gradual_recurrent,both,0.8166666666666667,0.19953649995631081,10,0.4942267957954315,0.1788513141907612,10,0.5961661573913846,0.16607526627280667,10,61.56666666666668,29.192126454124242,10,46.5,32.29551052391029,10,0.05,0.15811388300841897,10,61.56666666666668,29.192126454124242,10,5.5769815797622595,2.474006158636941,10,0.11647945270212509,0.08651199624789475,10,115.2,39.46249978003027,10,115.2,39.46249978003027,10,2.7,0.48304589153964783,10,3.2113411815742436,0.836501971102469,10,1.3134060839001904,0.19128150781489756,10,4.525537705784155,1.0274353415532527,10,4.650661899540864,1.1277652249258123,10,5.354784840092179,1.2077119577072395,10,232.02360401999076,54.24499357281899,10,4525.537705784154,1027.4353415532523,10,5.0373113818001,1.0639021713813626,10,,,0,,,0,,,0,,,0,,,0,,,0,,,0,,,0,,,0,,,0,,,0,,,0,,,0,,,0,,,0,,,0
PetImages,0.75,data,kswin,none,gradual_recurrent,both,0.65,0.27722166555277,10,0.32924603174603173,0.15864791189275004,10,0.42975189062145586,0.1920263062995537,10,89.23333333333332,39.47426103108983,10,92.0,47.86032919977788,10,0.15,0.19953649995631081,10,89.23333333333332,39.47426103108983,10,168.3125,54.38512266659254,8,2.397646264601908,1.2906674042484096,8,7.2,1.3984117975602022,10,7.2,1.3984117975602022,10,2.7,0.48304589153964783,10,2.7250593273030974,0.5673432167859981,10,0.1525907281829859,0.027528288801594924,10,2.87829950030864,0.5822525562854101,10,2.8236835501957103,0.5676799755746639,10,3.7816978599767026,0.9646703584692486,10,358.58649474381764,61.91844250219221,10,2878.29950030864,582.2525562854102,10,3.3615196912003737,0.615400855019171,10,,,0,,,0,,,0,,,0,,,0,,,0,,,0,,,0,,,0,,,0,,,0,,,0,,,0,,,0,,,0,,,0
PetImages,0.75,data,mmd,none,gradual_recurrent,both,0.9,0.16101529717988264,10,0.5843840788316007,0.2059451433677567,10,0.6947684546725833,0.1903136911972228,10,52.61666666666666,32.36739805406241,10,49.95,31.12648925486672,10,0.03333333333333334,0.105409255338946,10,52.61666666666666,32.36739805406241,10,9.703228897939947,4.1675806435666995,10,0.2482987866158032,0.21592894133600204,10,73.0,27.125224013411906,10,73.0,27.125224013411906,10,2.7,0.48304589153964783,10,38.040110787610686,0.30741337501475885,10,1.7761661778844426,0.05391663817466231,10,39.81725509720563,0.29738056620185416,10,41.71970385013992,0.2916176325008268,10,54.59035354420848,0.6283747937298586,10,25.1160070986074,0.18854483851588086,10,39817.255097205634,297.38056620185546,10,40.32703047620053,0.3467686770873231,10,,,0,,,0,,,0,,,0,,,0,,,0,,,0,,,0,,,0,,,0,,,0,,,0,,,0,,,0,,,0,,,0
PetImages,0.75,performance,adwin,gaussian_nb,gradual_recurrent,both,0.0,0.0,10,0.0,0.0,10,0.0,0.0,10,176.0,,1,176.0,,1,0.9666666666666666,0.10540925533894596,10,176.0,,1,,,0,,,0,0.1,0.31622776601683794,10,0.1,0.31622776601683794,10,2.7,0.48304589153964783,10,2.910185557812656,0.6023434056321703,10,0.041157298587495464,0.007338863248536246,10,5.382453892368358,1.0905484126732448,10,5.083156599903305,1.3530167531141002,10,7.065100969612104,1.3880109580818736,10,191.71063523261176,32.789043646986265,10,5382.453892368358,1090.5484126732447,10,5.952083233400117,1.088290229436479,10,0.9677515950275646,0.008248054182443827,10,0.9691643780134418,0.005909584306483165,10,0.9682776475121209,0.0071455669104652855,10,0.9686999999999999,0.006700746227100366,10,0.9677515950275646,0.008248054182443827,10,0.9691643780134418,0.005909584306483165,10,0.9682776475121209,0.0071455669104652855,10,0.9677999999999999,0.007509993342207421,10,0.9668254004803056,0.009033275569199885,10,0.9683127016626365,0.006610663823296205,10,0.9673717105834546,0.007912516836936181,10,0.9029999999999999,0.03128720008068618,10,0.976,0.011737877907772688,10,0.9029999999999999,0.03128720008068618,10,0.9709999999999999,0.01852925614624972,10,0.1,0.31622776601683794,10
PetImages,0.75,performance,adwin,hoeffding_tree,gradual_recurrent,both,0.2833333333333333,0.2086109261724287,10,0.7,0.48304589153964794,10,0.4,0.28544961285922504,10,130.5,76.17705983066321,10,130.5,76.17705983066321,10,0.6166666666666667,0.08050764858994135,10,130.5,76.17705983066321,10,,,0,,,0,1.0,0.0,10,1.0,0.0,10,2.7,0.48304589153964783,10,2.691963554694303,0.13756255715553145,10,0.04631235789420316,0.0020411945192951495,10,6.480570171182626,0.358465753995679,10,5.715477499688859,0.06508430716615993,10,8.761483535672594,1.2750540420230536,10,154.7176245855044,8.25345527726209,10,6480.570171182626,358.465753995679,10,7.077318324199586,0.36480401272978513,10,0.9528462464371985,0.007962716232014872,10,0.9527733787372121,0.006472867567355723,10,0.9526052713686572,0.007079674066639603,10,0.9532999999999999,0.00618331087147763,10,0.9528462464371985,0.007962716232014872,10,0.9527733787372121,0.006472867567355723,10,0.9526052713686572,0.007079674066639603,10,0.9182,0.00967011432771666,10,0.9182231158778184,0.009787492528471442,10,0.9168262085402837,0.011020738487254746,10,0.9169465196993734,0.010538508281371236,10,0.782,0.02529822128134706,10,0.974,0.014298407059684819,10,0.782,0.02529822128134706,10,0.969,0.023309511649396118,10,1.0,0.0,10
PetImages,0.75,performance,adwin,logistic_regression,gradual_recurrent,both,0.03333333333333333,0.10540925533894598,10,0.1,0.31622776601683794,10,0.05,0.15811388300841897,10,263.3333333333333,72.52815545244022,3,263.3333333333333,72.52815545244022,3,0.8833333333333334,0.19325030145473424,10,263.3333333333333,72.52815545244022,3,,,0,,,0,0.3,0.48304589153964794,10,0.3,0.48304589153964794,10,2.7,0.48304589153964783,10,3.113187690812629,0.6558826179155611,10,0.04813429519454075,0.007438155036251237,10,5.327420165081639,1.0633259646893065,10,5.5105318993810215,1.3643124842889682,10,6.437510060532077,1.579575939035581,10,195.0695133372245,41.09738302344491,10,5327.420165081639,1063.3259646893066,10,5.9006385607994165,1.0639796160658899,10,0.9621247986345363,0.005940215720577096,10,0.963910169033894,0.0052944211905250746,10,0.9626924402910264,0.005481757644445438,10,0.9631000000000001,0.005425249610232995,10,0.9621247986345363,0.005940215720577096,10,0.963910169033894,0.0052944211905250746,10,0.9626924402910264,0.005481757644445438,10,0.9608000000000001,0.006545566777937915,10,0.9598869059872076,0.006566758478806646,10,0.9616463853710432,0.0065077399365279015,10,0.9603848186234121,0.006488054153136942,10,0.881,0.02424412872795758,10,0.9810000000000001,0.008755950357709135,10,0.881,0.02424412872795758,10,0.977,0.010593499054713813,10,0.3,0.48304589153964794,10
PetImages,0.75,performance,hddm_w,gaussian_nb,gradual_recurrent,both,0.0,0.0,10,0.0,0.0,10,0.0,0.0,10,,,0,,,0,1.0,0.0,10,,,0,,,0,,,0,0.0,0.0,10,0.0,0.0,10,2.7,0.48304589153964783,10,2.825975159208974,0.6717888216633588,10,0.024802199494297385,0.0034623169006655036,10,5.181953223695018,1.1788216992510507,10,5.028952149950783,1.3152940246466236,10,6.376187423811643,1.6678950354859867,10,200.45045384500446,36.779956620585175,10,5181.953223695018,1178.8216992510509,10,5.775570110999615,1.2452591849584005,10,0.9677515950275646,0.008248054182443827,10,0.9691643780134418,0.005909584306483165,10,0.9682776475121209,0.0071455669104652855,10,0.9686999999999999,0.006700746227100366,10,0.9677515950275646,0.008248054182443827,10,0.9691643780134418,0.005909584306483165,10,0.9682776475121209,0.0071455669104652855,10,0.9686999999999999,0.006700746227100366,10,0.9677515950275646,0.008248054182443827,10,0.9691643780134418,0.005909584306483165,10,0.9682776475121209,0.0071455669104652855,10,0.9029999999999999,0.03128720008068618,10,0.976,0.011737877907772688,10,0.9029999999999999,0.03128720008068618,10,0.976,0.011737877907772688,10,0.0,0.0,10
PetImages,0.75,performance,hddm_w,hoeffding_tree,gradual_recurrent,both,0.0,0.0,10,0.0,0.0,10,0.0,0.0,10,,,0,,,0,1.0,0.0,10,,,0,,,0,,,0,0.0,0.0,10,0.0,0.0,10,2.7,0.48304589153964783,10,2.7064631935878425,0.15938420509509177,10,0.028119696591966205,0.001389791353821106,10,6.5254836062104005,0.3580717038681122,10,5.727545399895462,0.045831832136895755,10,8.294185844770253,1.666917751140344,10,153.66124599488035,8.423237243603014,10,6525.4836062104005,358.0717038681122,10,7.114712906900604,0.34218803919697605,10,0.9528462464371985,0.007962716232014872,10,0.9527733787372121,0.006472867567355723,10,0.9526052713686572,0.007079674066639603,10,0.9532999999999999,0.00618331087147763,10,0.9528462464371985,0.007962716232014872,10,0.9527733787372121,0.006472867567355723,10,0.9526052713686572,0.007079674066639603,10,0.9532999999999999,0.00618331087147763,10,0.9528462464371985,0.007962716232014872,10,0.9527733787372121,0.006472867567355723,10,0.9526052713686572,0.007079674066639603,10,0.782,0.02529822128134706,10,0.974,0.014298407059684819,10,0.782,0.02529822128134706,10,0.974,0.014298407059684819,10,0.0,0.0,10
PetImages,0.75,performance,hddm_w,logistic_regression,gradual_recurrent,both,0.0,0.0,10,0.0,0.0,10,0.0,0.0,10,,,0,,,0,1.0,0.0,10,,,0,,,0,,,0,0.0,0.0,10,0.0,0.0,10,2.7,0.48304589153964783,10,3.1036357548968225,0.7556872463058762,10,0.03023949040361913,0.003976075579155309,10,5.324167425401538,1.259246014325105,10,5.3264733502146555,1.5233167823324978,10,6.608905749853875,1.4859169312545146,10,197.05969439551023,43.69343594698208,10,5324.167425401538,1259.246014325105,10,5.899468525599877,1.2693826618332333,10,0.9621247986345363,0.005940215720577096,10,0.963910169033894,0.0052944211905250746,10,0.9626924402910264,0.005481757644445438,10,0.9631000000000001,0.005425249610232995,10,0.9621247986345363,0.005940215720577096,10,0.963910169033894,0.0052944211905250746,10,0.9626924402910264,0.005481757644445438,10,0.9631000000000001,0.005425249610232995,10,0.9621247986345363,0.005940215720577096,10,0.963910169033894,0.0052944211905250746,10,0.9626924402910264,0.005481757644445438,10,0.881,0.02424412872795758,10,0.9810000000000001,0.008755950357709135,10,0.881,0.02424412872795758,10,0.9810000000000001,0.008755950357709135,10,0.0,0.0,10
PetImages,0.75,performance,kswin,gaussian_nb,gradual_recurrent,both,0.0,0.0,10,0.0,0.0,10,0.0,0.0,10,,,0,,,0,1.0,0.0,10,,,0,,,0,,,0,0.0,0.0,10,0.0,0.0,10,2.7,0.48304589153964783,10,2.946122425475187,0.5238577274325147,10,0.2855134321791411,0.04590873145575749,10,5.65595457121417,0.9746288707689593,10,5.320965399914712,1.2318265502097014,10,7.822486234581447,1.0849115853421953,10,181.07173859265978,27.919900474043196,10,5655.95457121417,974.6288707689596,10,6.246488133300227,0.9547156715928747,10,0.9677515950275646,0.008248054182443827,10,0.9691643780134418,0.005909584306483165,10,0.9682776475121209,0.0071455669104652855,10,0.9686999999999999,0.006700746227100366,10,0.9677515950275646,0.008248054182443827,10,0.9691643780134418,0.005909584306483165,10,0.9682776475121209,0.0071455669104652855,10,0.9686999999999999,0.006700746227100366,10,0.9677515950275646,0.008248054182443827,10,0.9691643780134418,0.005909584306483165,10,0.9682776475121209,0.0071455669104652855,10,0.9029999999999999,0.03128720008068618,10,0.976,0.011737877907772688,10,0.9029999999999999,0.03128720008068618,10,0.976,0.011737877907772688,10,0.0,0.0,10
PetImages,0.75,performance,kswin,hoeffding_tree,gradual_recurrent,both,0.0,0.0,10,0.0,0.0,10,0.0,0.0,10,,,0,,,0,1.0,0.0,10,,,0,,,0,,,0,0.0,0.0,10,0.0,0.0,10,2.7,0.48304589153964783,10,2.621411079193058,0.07875991674844256,10,0.2800241544311575,0.006386831170045817,10,6.613844056299786,0.19292613351301963,10,5.9626873497109045,0.030697493556057383,10,8.49171483017926,1.3322030135811787,10,151.31016465136184,4.275097850821049,10,6613.844056299786,192.92613351301944,10,7.174261353399925,0.1926660569701372,10,0.9528462464371985,0.007962716232014872,10,0.9527733787372121,0.006472867567355723,10,0.9526052713686572,0.007079674066639603,10,0.9532999999999999,0.00618331087147763,10,0.9528462464371985,0.007962716232014872,10,0.9527733787372121,0.006472867567355723,10,0.9526052713686572,0.007079674066639603,10,0.9532999999999999,0.00618331087147763,10,0.9528462464371985,0.007962716232014872,10,0.9527733787372121,0.006472867567355723,10,0.9526052713686572,0.007079674066639603,10,0.782,0.02529822128134706,10,0.974,0.014298407059684819,10,0.782,0.02529822128134706,10,0.974,0.014298407059684819,10,0.0,0.0,10
PetImages,0.75,performance,kswin,logistic_regression,gradual_recurrent,both,0.0,0.0,10,0.0,0.0,10,0.0,0.0,10,,,0,,,0,1.0,0.0,10,,,0,,,0,,,0,0.0,0.0,10,0.0,0.0,10,2.7,0.48304589153964783,10,2.894017343825908,0.4648137081215777,10,0.286683914202149,0.03617248109767715,10,5.21629370720766,0.7991746612488366,10,4.765251499338774,0.949061343097031,10,7.183115424813877,1.2634511058179552,10,195.46596009683498,27.603617626099922,10,5216.29370720766,799.1746612488366,10,5.813039017900519,0.7951650297395892,10,0.9621247986345363,0.005940215720577096,10,0.963910169033894,0.0052944211905250746,10,0.9626924402910264,0.005481757644445438,10,0.9631000000000001,0.005425249610232995,10,0.9621247986345363,0.005940215720577096,10,0.963910169033894,0.0052944211905250746,10,0.9626924402910264,0.005481757644445438,10,0.9631000000000001,0.005425249610232995,10,0.9621247986345363,0.005940215720577096,10,0.963910169033894,0.0052944211905250746,10,0.9626924402910264,0.005481757644445438,10,0.881,0.02424412872795758,10,0.9810000000000001,0.008755950357709135,10,0.881,0.02424412872795758,10,0.9810000000000001,0.008755950357709135,10,0.0,0.0,10
PetImages,0.75,performance,page_hinkley,gaussian_nb,gradual_recurrent,both,0.15,0.1995364999563108,10,0.4,0.5163977794943222,10,0.21666666666666665,0.2838231060987733,10,118.4,87.03332695008274,5,118.4,87.03332695008274,5,0.8,0.21942686286812774,10,118.4,87.03332695008274,5,,,0,,,0,0.5,0.5270462766947299,10,0.5,0.5270462766947299,10,2.7,0.48304589153964783,10,2.6334222900000896,0.34052795023343535,10,0.014149792089665426,0.0009599482481838213,10,4.843264100427405,0.6052818115034352,10,4.626651299622608,0.6837117434113734,10,6.3249039798211015,1.566737969136213,10,209.09481307855793,23.40563511381521,10,4843.264100427405,605.2818115034353,10,5.464223518899962,0.5652241808385711,10,0.9677515950275646,0.008248054182443827,10,0.9691643780134418,0.005909584306483165,10,0.9682776475121209,0.0071455669104652855,10,0.9686999999999999,0.006700746227100366,10,0.9677515950275646,0.008248054182443827,10,0.9691643780134418,0.005909584306483165,10,0.9682776475121209,0.0071455669104652855,10,0.9606,0.015931799089312595,10,0.9593263562237799,0.018521628917993593,10,0.9620867003072494,0.013255372827820487,10,0.9601009722595254,0.016650534797906867,10,0.9029999999999999,0.03128720008068618,10,0.976,0.011737877907772688,10,0.9029999999999999,0.03128720008068618,10,0.967,0.02750757471437032,10,0.5,0.5270462766947299,10
PetImages,0.75,performance,page_hinkley,hoeffding_tree,gradual_recurrent,both,0.2333333333333333,0.21081851067789195,10,0.6,0.5163977794943222,10,0.3333333333333333,0.2939723678960656,10,47.166666666666664,31.275656134870562,6,47.166666666666664,31.275656134870562,6,0.7666666666666667,0.21081851067789195,10,47.166666666666664,31.275656134870562,6,,,0,,,0,1.0,0.0,10,1.0,0.0,10,2.7,0.48304589153964783,10,2.6696486173990706,0.12006699706648029,10,0.018294167888961967,0.0005151196445216731,10,6.388824872908662,0.2770514257867875,10,5.683344249155198,0.04098628482226584,10,8.327539755446194,1.297337776607466,10,156.78710300599533,6.764811845331607,10,6388.824872908663,277.0514257867873,10,6.986087773799227,0.25339946680038755,10,0.9528462464371985,0.007962716232014872,10,0.9527733787372121,0.006472867567355723,10,0.9526052713686572,0.007079674066639603,10,0.9532999999999999,0.00618331087147763,10,0.9528462464371985,0.007962716232014872,10,0.9527733787372121,0.006472867567355723,10,0.9526052713686572,0.007079674066639603,10,0.9256,0.007633260552782605,10,0.9270768442014713,0.006064268635023619,10,0.9225924009943626,0.013672148136102914,10,0.9240481416240971,0.010289189986065296,10,0.782,0.02529822128134706,10,0.974,0.014298407059684819,10,0.782,0.02529822128134706,10,0.97,0.027080128015453193,10,1.0,0.0,10
PetImages,0.75,performance,page_hinkley,logistic_regression,gradual_recurrent,both,0.05,0.15811388300841897,10,0.1,0.31622776601683794,10,0.06666666666666667,0.21081851067789195,10,207.33333333333334,92.71596410543332,9,207.33333333333334,92.71596410543332,9,0.65,0.14593250596181886,10,207.33333333333334,92.71596410543332,9,,,0,,,0,0.9,0.31622776601683794,10,0.9,0.31622776601683794,10,2.7,0.48304589153964783,10,2.826012531831293,0.48531417318585285,10,0.0174502447109262,0.0013975882628281817,10,4.839304017709219,0.7970728973325709,10,4.6886451504178694,1.1379645796314624,10,6.49749939020694,1.3414860734235095,10,211.2999105837293,31.68833296199675,10,4839.304017709219,797.0728973325713,10,5.452464360300292,0.7918252645648001,10,0.9621247986345363,0.005940215720577096,10,0.963910169033894,0.0052944211905250746,10,0.9626924402910264,0.005481757644445438,10,0.9631000000000001,0.005425249610232995,10,0.9621247986345363,0.005940215720577096,10,0.963910169033894,0.0052944211905250746,10,0.9626924402910264,0.005481757644445438,10,0.9549,0.007156193898373018,10,0.9538043040257997,0.007826188854786269,10,0.9558341428294357,0.00684962312799229,10,0.9544287392887505,0.007166288450963718,10,0.881,0.02424412872795758,10,0.9810000000000001,0.008755950357709135,10,0.881,0.02424412872795758,10,0.975,0.030641293851417065,10,0.9,0.31622776601683794,10
PetImages,0.85,data,frechet,none,gradual_recurrent,both,0.8333333333333334,0.23570226039551587,10,0.5475518010350229,0.1952772186496913,10,0.6391356532655614,0.17920226656550747,10,55.533333333333324,42.26283134836386,10,52.3,45.97052195580216,10,0.03333333333333334,0.10540925533894599,10,55.533333333333324,42.26283134836386,10,5.171252737354207,1.9324694762377859,10,0.16565201070124105,0.19363864223229224,10,105.9,33.6665016497606,10,105.9,33.6665016497606,10,2.4,0.5163977794943222,10,2.5426314802149137,0.563441029035131,10,1.1572891687901574,0.11777340337490667,10,3.7005879889573405,0.6811816468147603,10,3.7798434004798764,0.6970467279262842,10,4.418452340305521,0.9704870257923948,10,276.3686035880178,37.28585373424209,10,3700.5879889573407,681.1816468147605,10,4.207539062699652,0.6725143960172201,10,,,0,,,0,,,0,,,0,,,0,,,0,,,0,,,0,,,0,,,0,,,0,,,0,,,0,,,0,,,0,,,0
PetImages,0.85,data,kswin,none,gradual_recurrent,both,0.7,0.3220305943597653,10,0.2355952380952381,0.12959804846916714,10,0.3485081585081585,0.18043930756854468,10,102.25,98.58067605447847,10,100.75,98.31984370749714,10,0.11666666666666667,0.1932503014547343,10,102.25,98.58067605447847,10,241.5,77.53672964759632,9,3.5714302184067908,1.5935794170071471,9,7.8,1.3984117975602022,10,7.8,1.3984117975602022,10,2.4,0.5163977794943222,10,2.6802295949219115,0.6872284115218652,10,0.13981891070470737,0.025742483014740178,10,2.8207014720850565,0.7062340448022991,10,2.844814400486939,0.7267921539109856,10,3.3890848148439545,0.840289744267175,10,369.9375329926246,68.46227585200356,10,2820.7014720850566,706.2340448022992,10,3.3004847611999137,0.7022379280677499,10,,,0,,,0,,,0,,,0,,,0,,,0,,,0,,,0,,,0,,,0,,,0,,,0,,,0,,,0,,,0,,,0
PetImages,0.85,data,mmd,none,gradual_recurrent,both,0.7833333333333333,0.23635608206869607,10,0.568801871391049,0.2881978385263502,10,0.6268467133905883,0.2560081412415979,10,51.25,15.208276255600659,10,51.95,14.82574712376337,10,0.13333333333333336,0.21942686286812776,10,51.25,15.208276255600659,10,8.463136159284138,6.3373618305169925,10,0.15136207586575753,0.10350207416973702,10,66.2,29.51383856204859,10,66.2,29.51383856204859,10,2.4,0.5163977794943222,10,37.27869074580303,0.2916041803969823,10,1.8282541034666793,0.07309002830464005,10,39.10822547579519,0.31692043053879543,10,40.95058019975113,0.31899300695481525,10,54.01937463997456,0.6568721456570085,10,25.571591139020732,0.20879300020025696,10,39108.22547579519,316.9204305387956,10,39.62570867589966,0.2992278817569793,10,,,0,,,0,,,0,,,0,,,0,,,0,,,0,,,0,,,0,,,0,,,0,,,0,,,0,,,0,,,0,,,0
PetImages,0.85,performance,adwin,gaussian_nb,gradual_recurrent,both,0.0,0.0,10,0.0,0.0,10,0.0,0.0,10,,,0,,,0,1.0,0.0,10,,,0,,,0,,,0,0.0,0.0,10,0.0,0.0,10,2.4,0.5163977794943222,10,3.0760934005887974,0.6906601050800748,10,0.04327257379991352,0.008585158600387763,10,5.67138055868345,1.2414240791801603,10,5.445263500405417,1.460514306683311,10,7.085139709015493,1.5163999868418798,10,183.5635360994276,37.12996743139061,10,5671.38055868345,1241.4240791801606,10,6.257722817200556,1.2290879840711568,10,0.9611852964460006,0.005534686771073982,10,0.9612433479666329,0.00428296130742965,10,0.9611498994181215,0.004721411993883465,10,0.9626999999999999,0.004398231968012209,10,0.9611852964460006,0.005534686771073982,10,0.9612433479666329,0.00428296130742965,10,0.9611498994181215,0.004721411993883465,10,0.9626999999999999,0.004398231968012209,10,0.9611852964460006,0.005534686771073982,10,0.9612433479666329,0.00428296130742965,10,0.9611498994181215,0.004721411993883465,10,0.917,0.01494434118097323,10,0.968,0.015491933384829685,10,0.917,0.01494434118097323,10,0.968,0.015491933384829685,10,0.0,0.0,10
PetImages,0.85,performance,adwin,hoeffding_tree,gradual_recurrent,both,0.05,0.15811388300841897,10,0.1,0.31622776601683794,10,0.06666666666666667,0.21081851067789195,10,197.8,131.80553857861966,5,197.8,131.80553857861966,5,0.8,0.2194268628681277,10,197.8,131.80553857861966,5,,,0,,,0,0.5,0.5270462766947299,10,0.5,0.5270462766947299,10,2.4,0.5163977794943222,10,2.650858499496098,0.15445299546616517,10,0.046082238306553336,0.002117117873723816,10,6.341329326392588,0.3672196234884312,10,5.6680436497117626,0.05557331049823076,10,8.137139275168009,1.5631083224353448,10,158.15521461703486,8.835523293935333,10,6341.329326392588,367.2196234884314,10,6.920374365300449,0.3622938944243301,10,0.9462201560011158,0.012557612442919282,10,0.9388044430959429,0.013444714954313588,10,0.9417075159061767,0.012789371606884394,10,0.9443999999999999,0.012411464234506897,10,0.9462201560011158,0.012557612442919282,10,0.9388044430959429,0.013444714954313588,10,0.9417075159061767,0.012789371606884394,10,0.9274000000000001,0.019732657646089564,10,0.9300850515185118,0.02180685270952656,10,0.921736701098608,0.0167958156242342,10,0.924135828722231,0.01942759385466263,10,0.8390000000000001,0.029230881691191674,10,0.958,0.03489667287547307,10,0.8390000000000001,0.029230881691191674,10,0.9390000000000001,0.055267028547267144,10,0.5,0.5270462766947299,10
PetImages,0.85,performance,adwin,logistic_regression,gradual_recurrent,both,0.13333333333333333,0.2194268628681278,10,0.3,0.48304589153964794,10,0.18333333333333332,0.2986595567936802,10,148.3,99.64163565275088,10,148.3,99.64163565275088,10,0.5666666666666667,0.08606629658238708,10,148.3,99.64163565275088,10,,,0,,,0,1.0,0.0,10,1.0,0.0,10,2.4,0.5163977794943222,10,3.0269513187071424,0.650483150045647,10,0.047248463284631725,0.007820266079628038,10,5.198734258548939,1.0780194749888699,10,5.271647200061125,1.4380586832068316,10,6.633552219900594,1.4522887767390602,10,199.6374815887328,39.394050942540005,10,5198.734258548939,1078.0194749888697,10,5.810700167900359,1.0524290250867174,10,0.9355281971669959,0.015277394439442335,10,0.9450788969781583,0.007768931790367489,10,0.9385973943244863,0.012089708101907903,10,0.9404,0.01080329167944245,10,0.9355281971669959,0.015277394439442335,10,0.9450788969781583,0.007768931790367489,10,0.9385973943244863,0.012089708101907903,10,0.9145,0.017709068612185998,10,0.9098138472987471,0.022167970907551404,10,0.918514424198247,0.017156534385863443,10,0.9119150332871173,0.01922985226475314,10,0.806,0.06603029607687672,10,0.978,0.012292725943057197,10,0.806,0.06603029607687672,10,0.953,0.031640339933558116,10,1.0,0.0,10
PetImages,0.85,performance,hddm_w,gaussian_nb,gradual_recurrent,both,0.0,0.0,10,0.0,0.0,10,0.0,0.0,10,,,0,,,0,1.0,0.0,10,,,0,,,0,,,0,0.0,0.0,10,0.0,0.0,10,2.4,0.5163977794943222,10,3.0132997655979126,0.6009357674917937,10,0.026417027124625746,0.002492910914187727,10,5.553803367417641,1.0301041332186842,10,5.566061749595974,1.4825334201460765,10,7.050775634688762,1.5537300192852197,10,185.7304766276746,34.19467435008971,10,5553.80336741764,1030.1041332186842,10,6.128625434300193,1.0280138616324876,10,0.9611852964460006,0.005534686771073982,10,0.9612433479666329,0.00428296130742965,10,0.9611498994181215,0.004721411993883465,10,0.9626999999999999,0.004398231968012209,10,0.9611852964460006,0.005534686771073982,10,0.9612433479666329,0.00428296130742965,10,0.9611498994181215,0.004721411993883465,10,0.9626999999999999,0.004398231968012209,10,0.9611852964460006,0.005534686771073982,10,0.9612433479666329,0.00428296130742965,10,0.9611498994181215,0.004721411993883465,10,0.917,0.01494434118097323,10,0.968,0.015491933384829685,10,0.917,0.01494434118097323,10,0.968,0.015491933384829685,10,0.0,0.0,10
PetImages,0.85,performance,hddm_w,hoeffding_tree,gradual_recurrent,both,0.0,0.0,10,0.0,0.0,10,0.0,0.0,10,,,0,,,0,1.0,0.0,10,,,0,,,0,,,0,0.0,0.0,10,0.0,0.0,10,2.4,0.5163977794943222,10,2.6911962065834816,0.17681302975210905,10,0.028286225798365195,0.0020480589688319346,10,6.335872539157935,0.3604888435212786,10,5.692511949746404,0.06364903047298057,10,8.02492463000817,1.3125577912186144,10,158.2869746652927,8.911576233645642,10,6335.8725391579355,360.48884352127857,10,6.969723693200285,0.2968651365814451,10,0.9462201560011158,0.012557612442919282,10,0.9388044430959429,0.013444714954313588,10,0.9417075159061767,0.012789371606884394,10,0.9443999999999999,0.012411464234506897,10,0.9462201560011158,0.012557612442919282,10,0.9388044430959429,0.013444714954313588,10,0.9417075159061767,0.012789371606884394,10,0.9443999999999999,0.012411464234506897,10,0.9462201560011158,0.012557612442919282,10,0.9388044430959429,0.013444714954313588,10,0.9417075159061767,0.012789371606884394,10,0.8390000000000001,0.029230881691191674,10,0.958,0.03489667287547307,10,0.8390000000000001,0.029230881691191674,10,0.958,0.03489667287547307,10,0.0,0.0,10
PetImages,0.85,performance,hddm_w,logistic_regression,gradual_recurrent,both,0.0,0.0,10,0.0,0.0,10,0.0,0.0,10,,,0,,,0,1.0,0.0,10,,,0,,,0,,,0,0.0,0.0,10,0.0,0.0,10,2.4,0.5163977794943222,10,2.5132372585096165,0.3095993025608529,10,0.02693500758941809,0.00187464544714248,10,4.342958387489125,0.5030651086726756,10,4.308030450192746,0.5834493722490353,10,5.311249544265592,1.2827529385403558,10,232.6067982192031,22.594473048112977,10,4342.958387489125,503.0651086726755,10,4.950519476300178,0.4909217828268915,10,0.9355281971669959,0.015277394439442335,10,0.9450788969781583,0.007768931790367489,10,0.9385973943244863,0.012089708101907903,10,0.9404,0.01080329167944245,10,0.9355281971669959,0.015277394439442335,10,0.9450788969781583,0.007768931790367489,10,0.9385973943244863,0.012089708101907903,10,0.9404,0.01080329167944245,10,0.9355281971669959,0.015277394439442335,10,0.9450788969781583,0.007768931790367489,10,0.9385973943244863,0.012089708101907903,10,0.806,0.06603029607687672,10,0.978,0.012292725943057197,10,0.806,0.06603029607687672,10,0.978,0.012292725943057197,10,0.0,0.0,10
PetImages,0.85,performance,kswin,gaussian_nb,gradual_recurrent,both,0.0,0.0,10,0.0,0.0,10,0.0,0.0,10,,,0,,,0,1.0,0.0,10,,,0,,,0,,,0,0.0,0.0,10,0.0,0.0,10,2.4,0.5163977794943222,10,2.8553548526779196,0.41167009330022913,10,0.27302012891268534,0.035538394009324764,10,5.472398422495462,0.7460579889795209,10,5.364643549910397,1.0568172993491374,10,7.056932239829621,1.671540368223056,10,185.85205411177145,25.487439291276072,10,5472.398422495462,746.0579889795206,10,6.058334376800121,0.7632895985499237,10,0.9611852964460006,0.005534686771073982,10,0.9612433479666329,0.00428296130742965,10,0.9611498994181215,0.004721411993883465,10,0.9626999999999999,0.004398231968012209,10,0.9611852964460006,0.005534686771073982,10,0.9612433479666329,0.00428296130742965,10,0.9611498994181215,0.004721411993883465,10,0.9626999999999999,0.004398231968012209,10,0.9611852964460006,0.005534686771073982,10,0.9612433479666329,0.00428296130742965,10,0.9611498994181215,0.004721411993883465,10,0.917,0.01494434118097323,10,0.968,0.015491933384829685,10,0.917,0.01494434118097323,10,0.968,0.015491933384829685,10,0.0,0.0,10
PetImages,0.85,performance,kswin,hoeffding_tree,gradual_recurrent,both,0.0,0.0,10,0.0,0.0,10,0.0,0.0,10,,,0,,,0,1.0,0.0,10,,,0,,,0,,,0,0.0,0.0,10,0.0,0.0,10,2.4,0.5163977794943222,10,2.5961391677843495,0.10117027206688486,10,0.27455781408170876,0.006087205239560777,10,6.469234907802092,0.21183645580030852,10,5.935470549775346,0.05978127829880665,10,7.933000274460936,1.48957295400786,10,154.72092106029865,4.860031581822535,10,6469.2349078020925,211.83645580030853,10,7.029180478900526,0.2129564449480163,10,0.9462201560011158,0.012557612442919282,10,0.9388044430959429,0.013444714954313588,10,0.9417075159061767,0.012789371606884394,10,0.9443999999999999,0.012411464234506897,10,0.9462201560011158,0.012557612442919282,10,0.9388044430959429,0.013444714954313588,10,0.9417075159061767,0.012789371606884394,10,0.9443999999999999,0.012411464234506897,10,0.9462201560011158,0.012557612442919282,10,0.9388044430959429,0.013444714954313588,10,0.9417075159061767,0.012789371606884394,10,0.8390000000000001,0.029230881691191674,10,0.958,0.03489667287547307,10,0.8390000000000001,0.029230881691191674,10,0.958,0.03489667287547307,10,0.0,0.0,10
PetImages,0.85,performance,kswin,logistic_regression,gradual_recurrent,both,0.0,0.0,10,0.0,0.0,10,0.0,0.0,10,,,0,,,0,1.0,0.0,10,,,0,,,0,,,0,0.0,0.0,10,0.0,0.0,10,2.4,0.5163977794943222,10,3.0237025097183503,0.586155472308121,10,0.298709531590066,0.04825717691845255,10,5.444752294692444,1.0152574576927667,10,5.540854449827748,1.495448342776068,10,7.006710849582305,1.5351081458244111,10,189.45124189116896,34.66928484527018,10,5444.752294692444,1015.2574576927666,10,6.039880319700023,1.0133628261321885,10,0.9355281971669959,0.015277394439442335,10,0.9450788969781583,0.007768931790367489,10,0.9385973943244863,0.012089708101907903,10,0.9404,0.01080329167944245,10,0.9355281971669959,0.015277394439442335,10,0.9450788969781583,0.007768931790367489,10,0.9385973943244863,0.012089708101907903,10,0.9404,0.01080329167944245,10,0.9355281971669959,0.015277394439442335,10,0.9450788969781583,0.007768931790367489,10,0.9385973943244863,0.012089708101907903,10,0.806,0.06603029607687672,10,0.978,0.012292725943057197,10,0.806,0.06603029607687672,10,0.978,0.012292725943057197,10,0.0,0.0,10
PetImages,0.85,performance,page_hinkley,gaussian_nb,gradual_recurrent,both,0.0,0.0,10,0.0,0.0,10,0.0,0.0,10,147.6,58.90076400183617,5,147.6,58.90076400183617,5,0.8,0.2194268628681277,10,147.6,58.90076400183617,5,,,0,,,0,0.5,0.5270462766947299,10,0.5,0.5270462766947299,10,2.4,0.5163977794943222,10,2.9005376601773607,0.574815703532702,10,0.014941287015608396,0.0014013378659938206,10,5.373312934115165,1.016607302316226,10,5.047399149589182,1.2245583149761132,10,6.941913495084009,1.4476638362862775,10,191.57440591413757,32.49441130647916,10,5373.312934115165,1016.6073023162261,10,5.9434180907002885,1.0171450041356693,10,0.9611852964460006,0.005534686771073982,10,0.9612433479666329,0.00428296130742965,10,0.9611498994181215,0.004721411993883465,10,0.9626999999999999,0.004398231968012209,10,0.9611852964460006,0.005534686771073982,10,0.9612433479666329,0.00428296130742965,10,0.9611498994181215,0.004721411993883465,10,0.9551999999999999,0.010580905233275437,10,0.953180289609666,0.013357267539037015,10,0.9547654968949164,0.007980595112094035,10,0.9534559232878761,0.011102547792887166,10,0.917,0.01494434118097323,10,0.968,0.015491933384829685,10,0.917,0.01494434118097323,10,0.9480000000000001,0.044171383395939845,10,0.5,0.5270462766947299,10
PetImages,0.85,performance,page_hinkley,hoeffding_tree,gradual_recurrent,both,0.21666666666666665,0.3337959752399956,10,0.4,0.5163977794943222,10,0.26666666666666666,0.37018513886572624,10,124.88888888888889,54.63388244588802,9,124.88888888888889,54.63388244588802,9,0.5666666666666667,0.2509242175696937,10,124.88888888888889,54.63388244588802,9,,,0,,,0,1.1,0.31622776601683794,10,1.1,0.31622776601683794,10,2.4,0.5163977794943222,10,2.7733971116686007,0.23078080873822512,10,0.018768323362746742,0.0008341679957528324,10,6.567538317599246,0.4438586475817455,10,5.695056250078778,0.06891021383578579,10,8.719215424716822,1.4923848749171769,10,152.86640165804477,9.921819301587046,10,6567.5383175992465,443.85864758174546,10,7.157071295700371,0.4454491620700271,10,0.9462201560011158,0.012557612442919282,10,0.9388044430959429,0.013444714954313588,10,0.9417075159061767,0.012789371606884394,10,0.9443999999999999,0.012411464234506897,10,0.9462201560011158,0.012557612442919282,10,0.9388044430959429,0.013444714954313588,10,0.9417075159061767,0.012789371606884394,10,0.9047000000000001,0.019827310009737132,10,0.9042102407907198,0.024749442459373428,10,0.9007907644293013,0.015208846361885285,10,0.9007940885274787,0.019812957056636663,10,0.8390000000000001,0.029230881691191674,10,0.958,0.03489667287547307,10,0.8390000000000001,0.029230881691191674,10,0.9259999999999999,0.058347617298776175,10,1.1,0.31622776601683794,10
PetImages,0.85,performance,page_hinkley,logistic_regression,gradual_recurrent,both,0.1,0.21081851067789195,10,0.2,0.4216370213557839,10,0.13333333333333333,0.28109134757052257,10,149.14285714285714,71.48759466142492,7,149.14285714285714,71.48759466142492,7,0.7166666666666667,0.20861092617242874,10,149.14285714285714,71.48759466142492,7,,,0,,,0,1.0,0.0,10,1.0,0.0,10,2.4,0.5163977794943222,10,3.043391534218972,0.8884720359038836,10,0.018181831905531,0.0023267600283951146,10,5.130314667298808,1.3250773210421287,10,5.00941944992519,1.3984631193324983,10,6.563989659189245,1.4697122053649934,10,204.9649109335618,43.624100712420265,10,5130.314667298808,1325.077321042129,10,5.75518755980047,1.3229757635108372,10,0.9355281971669959,0.015277394439442335,10,0.9450788969781583,0.007768931790367489,10,0.9385973943244863,0.012089708101907903,10,0.9404,0.01080329167944245,10,0.9355281971669959,0.015277394439442335,10,0.9450788969781583,0.007768931790367489,10,0.9385973943244863,0.012089708101907903,10,0.9205,0.010731573354670147,10,0.9150379499512817,0.015738032369379058,10,0.924936079319586,0.009873784692631095,10,0.9181860013809556,0.01232430237144541,10,0.806,0.06603029607687672,10,0.978,0.012292725943057197,10,0.806,0.06603029607687672,10,0.9709999999999999,0.016633299933166208,10,1.0,0.0,10
