dataset,classifier,detector,image_label_aware_prob,trial_index,seed,classifier_precision,classifier_recall,classifier_f1,classifier_case1_accuracy,classifier_case1_precision,classifier_case1_recall,classifier_case1_f1,classifier_case1_first100_accuracy,classifier_case1_last100_accuracy,classifier_case2_accuracy,classifier_case2_precision,classifier_case2_recall,classifier_case2_f1,classifier_case2_first100_accuracy,classifier_case2_last100_accuracy,classifier_case2_replacements,classifier_case1_confusion,classifier_case2_confusion
source_expansion_Faces_to_PetImages_to_GarbageDataset,logistic_regression,kswin,0.55,0,42,0.6157611506062158,0.5920864931732311,0.6008866150397708,0.716,0.6157611506062158,0.5920864931732311,0.6008866150397708,0.5800000000000001,0.83,0.691,0.5439403120523891,0.524175327665205,0.5302524496923099,0.5800000000000001,0.77,1.0,"[[145, 86, 3, 4, 0, 1, 0, 0, 1, 2, 0, 0, 0, 0], [88, 116, 4, 5, 0, 1, 0, 0, 0, 0, 0, 0, 0, 1], [0, 1, 153, 3, 0, 0, 0, 0, 0, 0, 0, 0, 0, 0], [2, 1, 3, 50, 1, 0, 0, 0, 0, 0, 0, 0, 0, 0], [0, 0, 0, 1, 182, 0, 0, 0, 0, 3, 1, 1, 0, 0], [1, 0, 1, 0, 1, 11, 0, 1, 0, 0, 1, 0, 0, 0], [0, 0, 0, 0, 5, 0, 9, 0, 0, 0, 2, 0, 0, 2], [0, 0, 2, 0, 0, 0, 1, 11, 1, 0, 1, 1, 0, 1], [0, 0, 0, 0, 1, 0, 0, 0, 8, 2, 0, 2, 0, 0], [0, 0, 0, 0, 5, 1, 0, 1, 1, 6, 0, 3, 0, 0], [0, 0, 0, 0, 3, 0, 5, 4, 0, 0, 1, 0, 0, 0], [0, 1, 0, 0, 3, 0, 1, 0, 3, 2, 0, 5, 0, 0], [0, 0, 2, 0, 0, 0, 1, 1, 0, 0, 0, 0, 14, 1], [0, 1, 0, 1, 0, 0, 1, 1, 0, 0, 2, 1, 0, 5]]","[[143, 89, 3, 4, 0, 0, 0, 0, 1, 2, 0, 0, 0, 0], [88, 116, 4, 6, 0, 1, 0, 0, 0, 0, 0, 0, 0, 0], [0, 1, 152, 3, 0, 0, 0, 0, 0, 1, 0, 0, 0, 0], [1, 1, 3, 50, 1, 0, 0, 1, 0, 0, 0, 0, 0, 0], [0, 0, 0, 2, 174, 1, 2, 0, 0, 4, 1, 2, 0, 2], [3, 0, 1, 1, 1, 5, 1, 1, 1, 1, 1, 0, 0, 0], [1, 0, 0, 0, 3, 0, 7, 0, 0, 0, 4, 0, 0, 3], [0, 0, 1, 0, 0, 0, 0, 11, 1, 0, 1, 2, 0, 2], [0, 0, 0, 0, 1, 0, 0, 0, 5, 2, 0, 4, 1, 0], [0, 0, 0, 0, 4, 2, 1, 0, 2, 4, 0, 4, 0, 0], [0, 0, 0, 0, 2, 1, 5, 1, 0, 1, 2, 0, 0, 1], [0, 1, 1, 0, 2, 0, 1, 0, 2, 3, 0, 5, 0, 0], [0, 0, 1, 0, 0, 0, 1, 0, 0, 3, 0, 0, 13, 1], [0, 1, 0, 1, 0, 1, 2, 1, 0, 1, 1, 0, 0, 4]]"
source_expansion_Faces_to_PetImages_to_GarbageDataset,hoeffding_tree,kswin,0.55,0,42,0.3505965972489179,0.249658124606354,0.2579698192011179,0.472,0.3505965972489179,0.249658124606354,0.2579698192011179,0.52,0.65,0.482,0.18977375849743236,0.18828511911195428,0.17809046683815136,0.52,0.45999999999999996,3.0,"[[152, 67, 3, 3, 0, 5, 4, 0, 0, 4, 0, 1, 3, 0], [118, 82, 2, 2, 1, 2, 2, 0, 0, 3, 0, 3, 0, 0], [0, 22, 81, 5, 0, 13, 8, 2, 0, 15, 0, 10, 1, 0], [1, 17, 4, 27, 0, 4, 0, 1, 0, 1, 0, 1, 1, 0], [0, 6, 0, 0, 115, 11, 23, 2, 0, 9, 1, 3, 18, 0], [0, 7, 0, 1, 0, 3, 0, 1, 0, 0, 0, 0, 4, 0], [0, 5, 0, 0, 5, 1, 2, 0, 0, 3, 0, 0, 2, 0], [2, 8, 0, 0, 0, 1, 1, 3, 0, 0, 0, 1, 2, 0], [0, 5, 1, 0, 0, 1, 1, 0, 1, 1, 0, 0, 3, 0], [0, 8, 0, 0, 1, 2, 1, 0, 0, 2, 0, 1, 1, 1], [1, 4, 0, 0, 2, 0, 2, 2, 0, 0, 0, 0, 2, 0], [0, 7, 0, 0, 2, 1, 1, 0, 0, 1, 0, 1, 2, 0], [1, 11, 0, 0, 0, 0, 0, 1, 0, 2, 1, 0, 3, 0], [0, 6, 0, 0, 0, 2, 1, 0, 0, 0, 0, 2, 1, 0]]","[[130, 85, 15, 1, 10, 0, 0, 0, 0, 0, 0, 1, 0, 0], [106, 87, 10, 0, 11, 0, 0, 0, 0, 1, 0, 0, 0, 0], [4, 20, 108, 5, 12, 0, 0, 0, 0, 1, 0, 7, 0, 0], [1, 18, 7, 14, 15, 0, 0, 0, 0, 1, 0, 1, 0, 0], [0, 1, 40, 0, 143, 0, 0, 1, 2, 0, 0, 1, 0, 0], [0, 0, 2, 0, 14, 0, 0, 0, 0, 0, 0, 0, 0, 0], [1, 0, 1, 0, 15, 0, 0, 1, 0, 0, 0, 0, 0, 0], [0, 0, 3, 0, 13, 0, 2, 0, 0, 0, 0, 0, 0, 0], [0, 0, 1, 0, 11, 0, 1, 0, 0, 0, 0, 0, 0, 0], [0, 0, 4, 0, 13, 0, 0, 0, 0, 0, 0, 0, 0, 0], [0, 0, 3, 0, 9, 0, 0, 0, 1, 0, 0, 0, 0, 0], [0, 0, 2, 0, 13, 0, 0, 0, 0, 0, 0, 0, 0, 0], [0, 0, 1, 0, 18, 0, 0, 0, 0, 0, 0, 0, 0, 0], [0, 0, 3, 0, 9, 0, 0, 0, 0, 0, 0, 0, 0, 0]]"
source_expansion_Faces_to_PetImages_to_GarbageDataset,gaussian_nb,kswin,0.55,0,42,0.6478557703768859,0.5026191747155042,0.5468812155977919,0.677,0.6478557703768859,0.5026191747155042,0.5468812155977919,0.5700000000000001,0.77,0.669,0.6474754396084558,0.5114416032443179,0.5554001004758046,0.5700000000000001,0.76,1.0,"[[164, 78, 0, 0, 0, 0, 0, 0, 0, 0, 0, 0, 0, 0], [114, 101, 0, 0, 0, 0, 0, 0, 0, 0, 0, 0, 0, 0], [0, 6, 137, 14, 0, 0, 0, 0, 0, 0, 0, 0, 0, 0], [0, 5, 0, 52, 0, 0, 0, 0, 0, 0, 0, 0, 0, 0], [0, 8, 0, 2, 171, 0, 0, 0, 1, 5, 1, 0, 0, 0], [0, 6, 0, 0, 0, 9, 0, 0, 0, 0, 0, 0, 0, 1], [0, 3, 0, 0, 6, 0, 5, 0, 0, 0, 1, 0, 0, 3], [0, 9, 0, 0, 0, 0, 0, 8, 0, 0, 0, 0, 0, 1], [0, 5, 0, 0, 1, 0, 0, 0, 3, 2, 0, 2, 0, 0], [0, 3, 0, 0, 3, 0, 1, 0, 0, 6, 0, 1, 0, 3], [0, 6, 0, 0, 1, 0, 4, 0, 0, 0, 0, 0, 0, 2], [0, 5, 0, 0, 1, 0, 0, 0, 0, 2, 0, 7, 0, 0], [1, 7, 0, 0, 0, 0, 0, 1, 0, 0, 0, 0, 10, 0], [0, 4, 0, 0, 1, 1, 0, 0, 0, 2, 0, 0, 0, 4]]","[[151, 91, 0, 0, 0, 0, 0, 0, 0, 0, 0, 0, 0, 0], [109, 106, 0, 0, 0, 0, 0, 0, 0, 0, 0, 0, 0, 0], [0, 7, 137, 13, 0, 0, 0, 0, 0, 0, 0, 0, 0, 0], [0, 5, 0, 52, 0, 0, 0, 0, 0, 0, 0, 0, 0, 0], [0, 10, 0, 2, 168, 0, 1, 0, 1, 5, 1, 0, 0, 0], [0, 5, 1, 0, 0, 9, 0, 0, 0, 0, 0, 0, 0, 1], [0, 3, 0, 0, 6, 0, 6, 0, 0, 0, 1, 0, 0, 2], [1, 7, 0, 1, 0, 0, 0, 9, 0, 0, 0, 0, 0, 0], [0, 4, 1, 0, 1, 0, 0, 0, 3, 2, 0, 2, 0, 0], [0, 3, 0, 0, 3, 0, 1, 0, 0, 7, 0, 1, 0, 2], [0, 6, 0, 0, 1, 1, 3, 0, 0, 0, 0, 0, 1, 1], [0, 5, 0, 0, 1, 0, 0, 0, 0, 2, 0, 7, 0, 0], [0, 7, 1, 0, 0, 0, 0, 1, 0, 0, 0, 0, 10, 0], [0, 4, 0, 0, 1, 1, 0, 0, 0, 2, 0, 0, 0, 4]]"
source_expansion_Faces_to_PetImages_to_GarbageDataset,logistic_regression,adwin,0.55,0,42,0.6157611506062158,0.5920864931732311,0.6008866150397708,0.716,0.6157611506062158,0.5920864931732311,0.6008866150397708,0.5800000000000001,0.83,0.71,0.6435158229386445,0.6258161148406398,0.6310372392205713,0.5800000000000001,0.79,1.0,"[[145, 86, 3, 4, 0, 1, 0, 0, 1, 2, 0, 0, 0, 0], [88, 116, 4, 5, 0, 1, 0, 0, 0, 0, 0, 0, 0, 1], [0, 1, 153, 3, 0, 0, 0, 0, 0, 0, 0, 0, 0, 0], [2, 1, 3, 50, 1, 0, 0, 0, 0, 0, 0, 0, 0, 0], [0, 0, 0, 1, 182, 0, 0, 0, 0, 3, 1, 1, 0, 0], [1, 0, 1, 0, 1, 11, 0, 1, 0, 0, 1, 0, 0, 0], [0, 0, 0, 0, 5, 0, 9, 0, 0, 0, 2, 0, 0, 2], [0, 0, 2, 0, 0, 0, 1, 11, 1, 0, 1, 1, 0, 1], [0, 0, 0, 0, 1, 0, 0, 0, 8, 2, 0, 2, 0, 0], [0, 0, 0, 0, 5, 1, 0, 1, 1, 6, 0, 3, 0, 0], [0, 0, 0, 0, 3, 0, 5, 4, 0, 0, 1, 0, 0, 0], [0, 1, 0, 0, 3, 0, 1, 0, 3, 2, 0, 5, 0, 0], [0, 0, 2, 0, 0, 0, 1, 1, 0, 0, 0, 0, 14, 1], [0, 1, 0, 1, 0, 0, 1, 1, 0, 0, 2, 1, 0, 5]]","[[148, 89, 2, 3, 0, 0, 0, 0, 0, 0, 0, 0, 0, 0], [96, 109, 5, 5, 0, 0, 0, 0, 0, 0, 0, 0, 0, 0], [1, 2, 145, 6, 1, 1, 0, 1, 0, 0, 0, 0, 0, 0], [2, 1, 3, 49, 0, 0, 0, 0, 0, 1, 0, 0, 0, 1], [1, 0, 1, 1, 180, 1, 2, 0, 0, 1, 0, 1, 0, 0], [0, 0, 0, 0, 1, 13, 0, 0, 1, 1, 0, 0, 0, 0], [1, 0, 0, 0, 3, 0, 9, 0, 0, 1, 3, 0, 0, 1], [0, 0, 0, 0, 0, 0, 1, 15, 0, 0, 1, 0, 0, 1], [0, 0, 0, 0, 1, 0, 0, 0, 8, 2, 0, 1, 1, 0], [0, 0, 0, 0, 6, 1, 1, 0, 0, 6, 0, 1, 2, 0], [0, 0, 0, 0, 1, 2, 3, 3, 0, 0, 2, 1, 1, 0], [0, 1, 0, 0, 2, 0, 0, 0, 1, 2, 0, 8, 0, 1], [0, 0, 1, 2, 0, 0, 1, 1, 0, 0, 0, 0, 13, 1], [0, 0, 0, 0, 2, 0, 1, 0, 0, 1, 1, 1, 1, 5]]"
source_expansion_Faces_to_PetImages_to_GarbageDataset,hoeffding_tree,adwin,0.55,0,42,0.3505965972489179,0.249658124606354,0.2579698192011179,0.472,0.3505965972489179,0.249658124606354,0.2579698192011179,0.52,0.65,0.494,0.18142524493776335,0.19272214365038512,0.17803902177710368,0.52,0.45999999999999996,2.0,"[[152, 67, 3, 3, 0, 5, 4, 0, 0, 4, 0, 1, 3, 0], [118, 82, 2, 2, 1, 2, 2, 0, 0, 3, 0, 3, 0, 0], [0, 22, 81, 5, 0, 13, 8, 2, 0, 15, 0, 10, 1, 0], [1, 17, 4, 27, 0, 4, 0, 1, 0, 1, 0, 1, 1, 0], [0, 6, 0, 0, 115, 11, 23, 2, 0, 9, 1, 3, 18, 0], [0, 7, 0, 1, 0, 3, 0, 1, 0, 0, 0, 0, 4, 0], [0, 5, 0, 0, 5, 1, 2, 0, 0, 3, 0, 0, 2, 0], [2, 8, 0, 0, 0, 1, 1, 3, 0, 0, 0, 1, 2, 0], [0, 5, 1, 0, 0, 1, 1, 0, 1, 1, 0, 0, 3, 0], [0, 8, 0, 0, 1, 2, 1, 0, 0, 2, 0, 1, 1, 1], [1, 4, 0, 0, 2, 0, 2, 2, 0, 0, 0, 0, 2, 0], [0, 7, 0, 0, 2, 1, 1, 0, 0, 1, 0, 1, 2, 0], [1, 11, 0, 0, 0, 0, 0, 1, 0, 2, 1, 0, 3, 0], [0, 6, 0, 0, 0, 2, 1, 0, 0, 0, 0, 2, 1, 0]]","[[146, 67, 17, 3, 9, 0, 0, 0, 0, 0, 0, 0, 0, 0], [110, 80, 13, 2, 10, 0, 0, 0, 0, 0, 0, 0, 0, 0], [1, 22, 120, 4, 10, 0, 0, 0, 0, 0, 0, 0, 0, 0], [1, 16, 11, 14, 15, 0, 0, 0, 0, 0, 0, 0, 0, 0], [0, 0, 52, 1, 134, 0, 0, 0, 0, 0, 1, 0, 0, 0], [0, 0, 3, 0, 13, 0, 0, 0, 0, 0, 0, 0, 0, 0], [0, 0, 2, 0, 16, 0, 0, 0, 0, 0, 0, 0, 0, 0], [0, 0, 3, 0, 15, 0, 0, 0, 0, 0, 0, 0, 0, 0], [0, 0, 3, 0, 10, 0, 0, 0, 0, 0, 0, 0, 0, 0], [0, 0, 5, 0, 12, 0, 0, 0, 0, 0, 0, 0, 0, 0], [1, 0, 3, 0, 9, 0, 0, 0, 0, 0, 0, 0, 0, 0], [0, 0, 3, 0, 12, 0, 0, 0, 0, 0, 0, 0, 0, 0], [0, 0, 1, 0, 18, 0, 0, 0, 0, 0, 0, 0, 0, 0], [0, 0, 4, 0, 8, 0, 0, 0, 0, 0, 0, 0, 0, 0]]"
source_expansion_Faces_to_PetImages_to_GarbageDataset,gaussian_nb,adwin,0.55,0,42,0.6478557703768859,0.5026191747155042,0.5468812155977919,0.677,0.6478557703768859,0.5026191747155042,0.5468812155977919,0.5700000000000001,0.77,0.677,0.6412738736989202,0.5124544529645998,0.5546123454656267,0.5700000000000001,0.78,1.0,"[[164, 78, 0, 0, 0, 0, 0, 0, 0, 0, 0, 0, 0, 0], [114, 101, 0, 0, 0, 0, 0, 0, 0, 0, 0, 0, 0, 0], [0, 6, 137, 14, 0, 0, 0, 0, 0, 0, 0, 0, 0, 0], [0, 5, 0, 52, 0, 0, 0, 0, 0, 0, 0, 0, 0, 0], [0, 8, 0, 2, 171, 0, 0, 0, 1, 5, 1, 0, 0, 0], [0, 6, 0, 0, 0, 9, 0, 0, 0, 0, 0, 0, 0, 1], [0, 3, 0, 0, 6, 0, 5, 0, 0, 0, 1, 0, 0, 3], [0, 9, 0, 0, 0, 0, 0, 8, 0, 0, 0, 0, 0, 1], [0, 5, 0, 0, 1, 0, 0, 0, 3, 2, 0, 2, 0, 0], [0, 3, 0, 0, 3, 0, 1, 0, 0, 6, 0, 1, 0, 3], [0, 6, 0, 0, 1, 0, 4, 0, 0, 0, 0, 0, 0, 2], [0, 5, 0, 0, 1, 0, 0, 0, 0, 2, 0, 7, 0, 0], [1, 7, 0, 0, 0, 0, 0, 1, 0, 0, 0, 0, 10, 0], [0, 4, 0, 0, 1, 1, 0, 0, 0, 2, 0, 0, 0, 4]]","[[152, 89, 1, 0, 0, 0, 0, 0, 0, 0, 0, 0, 0, 0], [107, 102, 6, 0, 0, 0, 0, 0, 0, 0, 0, 0, 0, 0], [1, 4, 145, 7, 0, 0, 0, 0, 0, 0, 0, 0, 0, 0], [0, 5, 7, 45, 0, 0, 0, 0, 0, 0, 0, 0, 0, 0], [0, 0, 6, 0, 177, 0, 1, 0, 1, 3, 0, 0, 0, 0], [0, 0, 4, 1, 1, 9, 0, 0, 0, 0, 0, 0, 0, 1], [0, 0, 3, 0, 8, 0, 5, 0, 0, 0, 1, 0, 0, 1], [0, 0, 8, 0, 0, 0, 0, 10, 0, 0, 0, 0, 0, 0], [0, 0, 3, 0, 2, 0, 1, 0, 3, 2, 0, 2, 0, 0], [0, 0, 2, 0, 4, 0, 1, 0, 0, 7, 0, 1, 0, 2], [0, 0, 4, 0, 3, 1, 3, 0, 0, 0, 0, 0, 1, 1], [0, 0, 3, 0, 3, 0, 0, 0, 0, 2, 0, 7, 0, 0], [0, 0, 7, 0, 0, 0, 0, 1, 0, 0, 0, 0, 11, 0], [0, 0, 4, 0, 1, 1, 0, 0, 0, 2, 0, 0, 0, 4]]"
source_expansion_Faces_to_PetImages_to_GarbageDataset,logistic_regression,page_hinkley,0.55,0,42,0.6157611506062158,0.5920864931732311,0.6008866150397708,0.716,0.6157611506062158,0.5920864931732311,0.6008866150397708,0.5800000000000001,0.83,0.68,0.5559912055010588,0.5417218991509808,0.5464749066045695,0.5800000000000001,0.77,2.0,"[[145, 86, 3, 4, 0, 1, 0, 0, 1, 2, 0, 0, 0, 0], [88, 116, 4, 5, 0, 1, 0, 0, 0, 0, 0, 0, 0, 1], [0, 1, 153, 3, 0, 0, 0, 0, 0, 0, 0, 0, 0, 0], [2, 1, 3, 50, 1, 0, 0, 0, 0, 0, 0, 0, 0, 0], [0, 0, 0, 1, 182, 0, 0, 0, 0, 3, 1, 1, 0, 0], [1, 0, 1, 0, 1, 11, 0, 1, 0, 0, 1, 0, 0, 0], [0, 0, 0, 0, 5, 0, 9, 0, 0, 0, 2, 0, 0, 2], [0, 0, 2, 0, 0, 0, 1, 11, 1, 0, 1, 1, 0, 1], [0, 0, 0, 0, 1, 0, 0, 0, 8, 2, 0, 2, 0, 0], [0, 0, 0, 0, 5, 1, 0, 1, 1, 6, 0, 3, 0, 0], [0, 0, 0, 0, 3, 0, 5, 4, 0, 0, 1, 0, 0, 0], [0, 1, 0, 0, 3, 0, 1, 0, 3, 2, 0, 5, 0, 0], [0, 0, 2, 0, 0, 0, 1, 1, 0, 0, 0, 0, 14, 1], [0, 1, 0, 1, 0, 0, 1, 1, 0, 0, 2, 1, 0, 5]]","[[143, 92, 2, 2, 1, 0, 0, 0, 2, 0, 0, 0, 0, 0], [88, 119, 3, 5, 0, 0, 0, 0, 0, 0, 0, 0, 0, 0], [5, 1, 136, 12, 1, 1, 0, 1, 0, 0, 0, 0, 0, 0], [2, 2, 3, 49, 0, 0, 0, 0, 0, 0, 1, 0, 0, 0], [3, 0, 0, 2, 172, 1, 2, 0, 0, 2, 2, 2, 0, 2], [0, 1, 0, 0, 1, 8, 2, 1, 2, 0, 1, 0, 0, 0], [1, 0, 0, 0, 5, 0, 5, 0, 0, 0, 5, 0, 0, 2], [1, 0, 0, 0, 0, 0, 0, 13, 0, 0, 1, 1, 0, 2], [0, 0, 0, 0, 1, 0, 0, 0, 6, 1, 0, 4, 1, 0], [1, 0, 0, 1, 5, 2, 0, 0, 2, 4, 0, 2, 0, 0], [0, 1, 0, 0, 2, 1, 4, 1, 0, 1, 2, 0, 0, 1], [1, 0, 1, 0, 2, 0, 1, 0, 1, 3, 0, 6, 0, 0], [0, 0, 1, 0, 0, 0, 2, 1, 0, 2, 0, 0, 12, 1], [0, 0, 0, 0, 1, 1, 2, 1, 0, 1, 0, 0, 1, 5]]"
source_expansion_Faces_to_PetImages_to_GarbageDataset,hoeffding_tree,page_hinkley,0.55,0,42,0.3505965972489179,0.249658124606354,0.2579698192011179,0.472,0.3505965972489179,0.249658124606354,0.2579698192011179,0.52,0.65,0.493,0.17920439572070768,0.1896593371005821,0.17383830333945546,0.52,0.45999999999999996,3.0,"[[152, 67, 3, 3, 0, 5, 4, 0, 0, 4, 0, 1, 3, 0], [118, 82, 2, 2, 1, 2, 2, 0, 0, 3, 0, 3, 0, 0], [0, 22, 81, 5, 0, 13, 8, 2, 0, 15, 0, 10, 1, 0], [1, 17, 4, 27, 0, 4, 0, 1, 0, 1, 0, 1, 1, 0], [0, 6, 0, 0, 115, 11, 23, 2, 0, 9, 1, 3, 18, 0], [0, 7, 0, 1, 0, 3, 0, 1, 0, 0, 0, 0, 4, 0], [0, 5, 0, 0, 5, 1, 2, 0, 0, 3, 0, 0, 2, 0], [2, 8, 0, 0, 0, 1, 1, 3, 0, 0, 0, 1, 2, 0], [0, 5, 1, 0, 0, 1, 1, 0, 1, 1, 0, 0, 3, 0], [0, 8, 0, 0, 1, 2, 1, 0, 0, 2, 0, 1, 1, 1], [1, 4, 0, 0, 2, 0, 2, 2, 0, 0, 0, 0, 2, 0], [0, 7, 0, 0, 2, 1, 1, 0, 0, 1, 0, 1, 2, 0], [1, 11, 0, 0, 0, 0, 0, 1, 0, 2, 1, 0, 3, 0], [0, 6, 0, 0, 0, 2, 1, 0, 0, 0, 0, 2, 1, 0]]","[[142, 66, 21, 3, 10, 0, 0, 0, 0, 0, 0, 0, 0, 0], [108, 79, 16, 2, 10, 0, 0, 0, 0, 0, 0, 0, 0, 0], [3, 22, 114, 4, 14, 0, 0, 0, 0, 0, 0, 0, 0, 0], [1, 15, 15, 11, 15, 0, 0, 0, 0, 0, 0, 0, 0, 0], [1, 2, 38, 0, 147, 0, 0, 0, 0, 0, 0, 0, 0, 0], [0, 0, 2, 0, 14, 0, 0, 0, 0, 0, 0, 0, 0, 0], [0, 0, 1, 0, 17, 0, 0, 0, 0, 0, 0, 0, 0, 0], [0, 0, 2, 0, 16, 0, 0, 0, 0, 0, 0, 0, 0, 0], [0, 0, 1, 0, 12, 0, 0, 0, 0, 0, 0, 0, 0, 0], [0, 0, 5, 0, 12, 0, 0, 0, 0, 0, 0, 0, 0, 0], [0, 0, 3, 0, 10, 0, 0, 0, 0, 0, 0, 0, 0, 0], [0, 0, 2, 0, 13, 0, 0, 0, 0, 0, 0, 0, 0, 0], [0, 0, 1, 0, 18, 0, 0, 0, 0, 0, 0, 0, 0, 0], [0, 0, 3, 0, 9, 0, 0, 0, 0, 0, 0, 0, 0, 0]]"
source_expansion_Faces_to_PetImages_to_GarbageDataset,gaussian_nb,page_hinkley,0.55,0,42,0.6478557703768859,0.5026191747155042,0.5468812155977919,0.677,0.6478557703768859,0.5026191747155042,0.5468812155977919,0.5700000000000001,0.77,0.653,0.658031522578889,0.4213962712221666,0.4417810227141913,0.5700000000000001,0.77,2.0,"[[164, 78, 0, 0, 0, 0, 0, 0, 0, 0, 0, 0, 0, 0], [114, 101, 0, 0, 0, 0, 0, 0, 0, 0, 0, 0, 0, 0], [0, 6, 137, 14, 0, 0, 0, 0, 0, 0, 0, 0, 0, 0], [0, 5, 0, 52, 0, 0, 0, 0, 0, 0, 0, 0, 0, 0], [0, 8, 0, 2, 171, 0, 0, 0, 1, 5, 1, 0, 0, 0], [0, 6, 0, 0, 0, 9, 0, 0, 0, 0, 0, 0, 0, 1], [0, 3, 0, 0, 6, 0, 5, 0, 0, 0, 1, 0, 0, 3], [0, 9, 0, 0, 0, 0, 0, 8, 0, 0, 0, 0, 0, 1], [0, 5, 0, 0, 1, 0, 0, 0, 3, 2, 0, 2, 0, 0], [0, 3, 0, 0, 3, 0, 1, 0, 0, 6, 0, 1, 0, 3], [0, 6, 0, 0, 1, 0, 4, 0, 0, 0, 0, 0, 0, 2], [0, 5, 0, 0, 1, 0, 0, 0, 0, 2, 0, 7, 0, 0], [1, 7, 0, 0, 0, 0, 0, 1, 0, 0, 0, 0, 10, 0], [0, 4, 0, 0, 1, 1, 0, 0, 0, 2, 0, 0, 0, 4]]","[[145, 95, 2, 0, 0, 0, 0, 0, 0, 0, 0, 0, 0, 0], [92, 115, 4, 0, 4, 0, 0, 0, 0, 0, 0, 0, 0, 0], [1, 4, 136, 12, 3, 0, 0, 0, 0, 0, 0, 1, 0, 0], [0, 4, 5, 44, 1, 0, 0, 0, 0, 0, 0, 3, 0, 0], [0, 0, 3, 5, 177, 0, 0, 0, 0, 0, 0, 3, 0, 0], [0, 0, 1, 4, 2, 6, 0, 0, 0, 1, 0, 2, 0, 0], [0, 0, 3, 0, 9, 0, 1, 0, 0, 0, 3, 1, 0, 1], [0, 0, 1, 4, 3, 3, 0, 7, 0, 0, 0, 0, 0, 0], [0, 0, 3, 1, 3, 0, 0, 0, 1, 2, 0, 3, 0, 0], [0, 0, 2, 1, 7, 1, 0, 0, 0, 5, 0, 1, 0, 0], [0, 0, 2, 3, 4, 2, 0, 0, 0, 0, 1, 1, 0, 0], [1, 0, 1, 2, 4, 0, 0, 0, 0, 0, 0, 7, 0, 0], [0, 0, 3, 2, 3, 1, 0, 0, 0, 1, 0, 2, 7, 0], [0, 0, 3, 1, 2, 2, 0, 0, 0, 1, 0, 2, 0, 1]]"
source_expansion_Faces_to_PetImages_to_GarbageDataset,logistic_regression,hddm_w,0.55,0,42,0.6157611506062158,0.5920864931732311,0.6008866150397708,0.716,0.6157611506062158,0.5920864931732311,0.6008866150397708,0.5800000000000001,0.83,0.709,0.5953919366670959,0.5905960041400735,0.5909337985348632,0.5800000000000001,0.83,1.0,"[[145, 86, 3, 4, 0, 1, 0, 0, 1, 2, 0, 0, 0, 0], [88, 116, 4, 5, 0, 1, 0, 0, 0, 0, 0, 0, 0, 1], [0, 1, 153, 3, 0, 0, 0, 0, 0, 0, 0, 0, 0, 0], [2, 1, 3, 50, 1, 0, 0, 0, 0, 0, 0, 0, 0, 0], [0, 0, 0, 1, 182, 0, 0, 0, 0, 3, 1, 1, 0, 0], [1, 0, 1, 0, 1, 11, 0, 1, 0, 0, 1, 0, 0, 0], [0, 0, 0, 0, 5, 0, 9, 0, 0, 0, 2, 0, 0, 2], [0, 0, 2, 0, 0, 0, 1, 11, 1, 0, 1, 1, 0, 1], [0, 0, 0, 0, 1, 0, 0, 0, 8, 2, 0, 2, 0, 0], [0, 0, 0, 0, 5, 1, 0, 1, 1, 6, 0, 3, 0, 0], [0, 0, 0, 0, 3, 0, 5, 4, 0, 0, 1, 0, 0, 0], [0, 1, 0, 0, 3, 0, 1, 0, 3, 2, 0, 5, 0, 0], [0, 0, 2, 0, 0, 0, 1, 1, 0, 0, 0, 0, 14, 1], [0, 1, 0, 1, 0, 0, 1, 1, 0, 0, 2, 1, 0, 5]]","[[144, 88, 3, 4, 0, 0, 0, 0, 1, 2, 0, 0, 0, 0], [90, 115, 4, 5, 0, 1, 0, 0, 0, 0, 0, 0, 0, 0], [0, 1, 153, 3, 0, 0, 0, 0, 0, 0, 0, 0, 0, 0], [1, 1, 3, 51, 1, 0, 0, 0, 0, 0, 0, 0, 0, 0], [0, 0, 0, 2, 176, 1, 1, 1, 0, 4, 1, 1, 0, 1], [1, 0, 1, 0, 1, 11, 0, 0, 0, 0, 1, 0, 1, 0], [0, 0, 0, 0, 3, 0, 8, 1, 0, 0, 3, 0, 1, 2], [0, 0, 1, 0, 0, 0, 1, 11, 1, 0, 0, 1, 0, 3], [0, 0, 0, 0, 1, 0, 0, 0, 7, 2, 0, 3, 0, 0], [0, 0, 0, 0, 5, 0, 0, 0, 1, 5, 0, 3, 3, 0], [0, 0, 0, 0, 2, 0, 5, 3, 0, 1, 2, 0, 0, 0], [0, 1, 0, 0, 2, 0, 1, 0, 2, 1, 0, 8, 0, 0], [0, 0, 1, 1, 0, 0, 1, 1, 0, 0, 0, 0, 14, 1], [0, 1, 0, 1, 0, 1, 2, 0, 0, 0, 1, 2, 0, 4]]"
source_expansion_Faces_to_PetImages_to_GarbageDataset,hoeffding_tree,hddm_w,0.55,0,42,0.3505965972489179,0.249658124606354,0.2579698192011179,0.472,0.3505965972489179,0.249658124606354,0.2579698192011179,0.52,0.65,0.486,0.1844410761325153,0.1874370311150634,0.1732403910544372,0.52,0.45999999999999996,2.0,"[[152, 67, 3, 3, 0, 5, 4, 0, 0, 4, 0, 1, 3, 0], [118, 82, 2, 2, 1, 2, 2, 0, 0, 3, 0, 3, 0, 0], [0, 22, 81, 5, 0, 13, 8, 2, 0, 15, 0, 10, 1, 0], [1, 17, 4, 27, 0, 4, 0, 1, 0, 1, 0, 1, 1, 0], [0, 6, 0, 0, 115, 11, 23, 2, 0, 9, 1, 3, 18, 0], [0, 7, 0, 1, 0, 3, 0, 1, 0, 0, 0, 0, 4, 0], [0, 5, 0, 0, 5, 1, 2, 0, 0, 3, 0, 0, 2, 0], [2, 8, 0, 0, 0, 1, 1, 3, 0, 0, 0, 1, 2, 0], [0, 5, 1, 0, 0, 1, 1, 0, 1, 1, 0, 0, 3, 0], [0, 8, 0, 0, 1, 2, 1, 0, 0, 2, 0, 1, 1, 1], [1, 4, 0, 0, 2, 0, 2, 2, 0, 0, 0, 0, 2, 0], [0, 7, 0, 0, 2, 1, 1, 0, 0, 1, 0, 1, 2, 0], [1, 11, 0, 0, 0, 0, 0, 1, 0, 2, 1, 0, 3, 0], [0, 6, 0, 0, 0, 2, 1, 0, 0, 0, 0, 2, 1, 0]]","[[151, 63, 17, 2, 9, 0, 0, 0, 0, 0, 0, 0, 0, 0], [121, 69, 12, 2, 11, 0, 0, 0, 0, 0, 0, 0, 0, 0], [21, 3, 112, 3, 12, 0, 0, 0, 0, 0, 0, 6, 0, 0], [12, 10, 8, 12, 15, 0, 0, 0, 0, 0, 0, 0, 0, 0], [0, 1, 44, 0, 142, 0, 0, 0, 0, 0, 0, 1, 0, 0], [0, 0, 2, 0, 14, 0, 0, 0, 0, 0, 0, 0, 0, 0], [0, 0, 1, 0, 17, 0, 0, 0, 0, 0, 0, 0, 0, 0], [0, 0, 3, 0, 15, 0, 0, 0, 0, 0, 0, 0, 0, 0], [0, 0, 1, 0, 12, 0, 0, 0, 0, 0, 0, 0, 0, 0], [0, 0, 5, 0, 12, 0, 0, 0, 0, 0, 0, 0, 0, 0], [0, 0, 3, 0, 10, 0, 0, 0, 0, 0, 0, 0, 0, 0], [0, 0, 2, 0, 13, 0, 0, 0, 0, 0, 0, 0, 0, 0], [0, 0, 1, 0, 18, 0, 0, 0, 0, 0, 0, 0, 0, 0], [0, 0, 3, 0, 9, 0, 0, 0, 0, 0, 0, 0, 0, 0]]"
source_expansion_Faces_to_PetImages_to_GarbageDataset,gaussian_nb,hddm_w,0.55,0,42,0.6478557703768859,0.5026191747155042,0.5468812155977919,0.677,0.6478557703768859,0.5026191747155042,0.5468812155977919,0.5700000000000001,0.77,0.661,0.6378618896188659,0.5127487275854746,0.5528652151585624,0.5700000000000001,0.77,2.0,"[[164, 78, 0, 0, 0, 0, 0, 0, 0, 0, 0, 0, 0, 0], [114, 101, 0, 0, 0, 0, 0, 0, 0, 0, 0, 0, 0, 0], [0, 6, 137, 14, 0, 0, 0, 0, 0, 0, 0, 0, 0, 0], [0, 5, 0, 52, 0, 0, 0, 0, 0, 0, 0, 0, 0, 0], [0, 8, 0, 2, 171, 0, 0, 0, 1, 5, 1, 0, 0, 0], [0, 6, 0, 0, 0, 9, 0, 0, 0, 0, 0, 0, 0, 1], [0, 3, 0, 0, 6, 0, 5, 0, 0, 0, 1, 0, 0, 3], [0, 9, 0, 0, 0, 0, 0, 8, 0, 0, 0, 0, 0, 1], [0, 5, 0, 0, 1, 0, 0, 0, 3, 2, 0, 2, 0, 0], [0, 3, 0, 0, 3, 0, 1, 0, 0, 6, 0, 1, 0, 3], [0, 6, 0, 0, 1, 0, 4, 0, 0, 0, 0, 0, 0, 2], [0, 5, 0, 0, 1, 0, 0, 0, 0, 2, 0, 7, 0, 0], [1, 7, 0, 0, 0, 0, 0, 1, 0, 0, 0, 0, 10, 0], [0, 4, 0, 0, 1, 1, 0, 0, 0, 2, 0, 0, 0, 4]]","[[149, 93, 0, 0, 0, 0, 0, 0, 0, 0, 0, 0, 0, 0], [121, 94, 0, 0, 0, 0, 0, 0, 0, 0, 0, 0, 0, 0], [0, 5, 140, 12, 0, 0, 0, 0, 0, 0, 0, 0, 0, 0], [0, 5, 0, 52, 0, 0, 0, 0, 0, 0, 0, 0, 0, 0], [0, 6, 2, 2, 170, 0, 1, 0, 1, 5, 1, 0, 0, 0], [0, 4, 1, 1, 0, 9, 0, 0, 0, 0, 0, 0, 0, 1], [0, 3, 0, 0, 5, 0, 6, 0, 0, 1, 1, 0, 0, 2], [1, 6, 0, 2, 0, 0, 0, 9, 0, 0, 0, 0, 0, 0], [0, 4, 1, 0, 1, 0, 0, 0, 3, 2, 0, 2, 0, 0], [0, 1, 0, 1, 4, 0, 1, 0, 0, 7, 0, 1, 0, 2], [1, 4, 0, 0, 1, 1, 4, 0, 0, 0, 0, 0, 1, 1], [0, 5, 0, 0, 1, 0, 0, 0, 0, 2, 0, 7, 0, 0], [0, 6, 1, 0, 0, 0, 0, 1, 0, 0, 0, 0, 11, 0], [0, 4, 0, 0, 1, 1, 0, 0, 0, 2, 0, 0, 0, 4]]"
source_expansion_Faces_to_PetImages_to_GarbageDataset,logistic_regression,kswin,0.55,1,1042,0.5735549057736274,0.5705763760676239,0.5689520878580898,0.718,0.5735549057736274,0.5705763760676239,0.5689520878580898,0.61,0.81,0.718,0.5735549057736274,0.5705763760676239,0.5689520878580898,0.61,0.81,0.0,"[[151, 94, 1, 5, 0, 0, 0, 0, 1, 0, 0, 0, 0, 0], [77, 151, 5, 6, 0, 0, 0, 0, 0, 1, 0, 0, 1, 1], [0, 1, 121, 3, 0, 0, 0, 0, 0, 0, 0, 0, 0, 1], [0, 1, 6, 31, 0, 0, 0, 0, 2, 0, 0, 0, 0, 0], [1, 1, 0, 0, 200, 0, 2, 0, 0, 3, 1, 0, 0, 0], [0, 0, 0, 1, 1, 10, 0, 1, 1, 0, 2, 0, 0, 0], [0, 0, 0, 0, 4, 0, 8, 0, 0, 0, 1, 0, 0, 0], [0, 0, 0, 0, 0, 0, 0, 11, 1, 0, 2, 0, 0, 0], [0, 0, 0, 0, 1, 0, 0, 0, 12, 6, 0, 2, 1, 1], [0, 0, 0, 0, 5, 1, 0, 1, 2, 9, 1, 0, 0, 3], [0, 1, 1, 0, 3, 1, 1, 2, 1, 1, 2, 0, 0, 1], [0, 0, 0, 0, 1, 0, 1, 0, 3, 0, 1, 1, 0, 0], [0, 0, 1, 0, 0, 1, 0, 1, 0, 0, 1, 0, 10, 0], [0, 0, 0, 0, 2, 0, 1, 2, 0, 1, 0, 1, 1, 1]]","[[151, 94, 1, 5, 0, 0, 0, 0, 1, 0, 0, 0, 0, 0], [77, 151, 5, 6, 0, 0, 0, 0, 0, 1, 0, 0, 1, 1], [0, 1, 121, 3, 0, 0, 0, 0, 0, 0, 0, 0, 0, 1], [0, 1, 6, 31, 0, 0, 0, 0, 2, 0, 0, 0, 0, 0], [1, 1, 0, 0, 200, 0, 2, 0, 0, 3, 1, 0, 0, 0], [0, 0, 0, 1, 1, 10, 0, 1, 1, 0, 2, 0, 0, 0], [0, 0, 0, 0, 4, 0, 8, 0, 0, 0, 1, 0, 0, 0], [0, 0, 0, 0, 0, 0, 0, 11, 1, 0, 2, 0, 0, 0], [0, 0, 0, 0, 1, 0, 0, 0, 12, 6, 0, 2, 1, 1], [0, 0, 0, 0, 5, 1, 0, 1, 2, 9, 1, 0, 0, 3], [0, 1, 1, 0, 3, 1, 1, 2, 1, 1, 2, 0, 0, 1], [0, 0, 0, 0, 1, 0, 1, 0, 3, 0, 1, 1, 0, 0], [0, 0, 1, 0, 0, 1, 0, 1, 0, 0, 1, 0, 10, 0], [0, 0, 0, 0, 2, 0, 1, 2, 0, 1, 0, 1, 1, 1]]"
source_expansion_Faces_to_PetImages_to_GarbageDataset,hoeffding_tree,kswin,0.55,1,1042,0.345191956762049,0.23466369959170638,0.2486823888160821,0.498,0.345191956762049,0.23466369959170638,0.2486823888160821,0.55,0.56,0.505,0.16473498195316097,0.17572938425211151,0.16247499642181137,0.55,0.39,3.0,"[[181, 52, 6, 4, 2, 0, 4, 2, 0, 1, 0, 0, 0, 0], [121, 91, 12, 5, 1, 1, 4, 6, 0, 1, 0, 0, 0, 0], [0, 25, 75, 4, 4, 6, 6, 3, 0, 3, 0, 0, 0, 0], [0, 15, 6, 13, 1, 1, 3, 1, 0, 0, 0, 0, 0, 0], [0, 9, 0, 1, 127, 6, 27, 34, 1, 2, 1, 0, 0, 0], [0, 6, 0, 0, 0, 1, 3, 4, 0, 1, 1, 0, 0, 0], [1, 4, 0, 0, 4, 0, 1, 0, 0, 1, 2, 0, 0, 0], [7, 4, 0, 0, 0, 0, 1, 2, 0, 0, 0, 0, 0, 0], [0, 9, 0, 0, 2, 0, 4, 4, 3, 1, 0, 0, 0, 0], [0, 4, 0, 0, 5, 1, 5, 2, 2, 3, 0, 0, 0, 0], [2, 5, 0, 0, 1, 1, 0, 5, 0, 0, 0, 0, 0, 0], [1, 1, 0, 0, 0, 0, 0, 2, 0, 3, 0, 0, 0, 0], [1, 4, 0, 0, 0, 0, 3, 3, 0, 2, 1, 0, 0, 0], [3, 2, 0, 0, 1, 0, 1, 1, 0, 0, 0, 0, 0, 1]]","[[144, 88, 4, 4, 12, 0, 0, 0, 0, 0, 0, 0, 0, 0], [89, 113, 8, 5, 26, 0, 0, 0, 0, 1, 0, 0, 0, 0], [2, 40, 54, 3, 26, 0, 0, 0, 0, 1, 0, 0, 0, 0], [0, 10, 8, 3, 19, 0, 0, 0, 0, 0, 0, 0, 0, 0], [1, 0, 15, 0, 191, 0, 0, 0, 0, 1, 0, 0, 0, 0], [0, 0, 2, 0, 14, 0, 0, 0, 0, 0, 0, 0, 0, 0], [0, 0, 1, 0, 12, 0, 0, 0, 0, 0, 0, 0, 0, 0], [0, 0, 0, 0, 14, 0, 0, 0, 0, 0, 0, 0, 0, 0], [0, 0, 1, 0, 22, 0, 0, 0, 0, 0, 0, 0, 0, 0], [0, 0, 0, 0, 22, 0, 0, 0, 0, 0, 0, 0, 0, 0], [0, 0, 1, 0, 13, 0, 0, 0, 0, 0, 0, 0, 0, 0], [0, 0, 0, 0, 7, 0, 0, 0, 0, 0, 0, 0, 0, 0], [0, 0, 1, 0, 13, 0, 0, 0, 0, 0, 0, 0, 0, 0], [0, 0, 0, 0, 9, 0, 0, 0, 0, 0, 0, 0, 0, 0]]"
source_expansion_Faces_to_PetImages_to_GarbageDataset,gaussian_nb,kswin,0.55,1,1042,0.7257461269434137,0.48027880230378817,0.5398511570204932,0.682,0.7257461269434137,0.48027880230378817,0.5398511570204932,0.55,0.73,0.676,0.5788335578318878,0.4628176739660364,0.49406298998748027,0.55,0.78,1.0,"[[173, 79, 0, 0, 0, 0, 0, 0, 0, 0, 0, 0, 0, 0], [119, 123, 0, 0, 0, 0, 0, 0, 0, 0, 0, 0, 0, 0], [0, 8, 115, 3, 0, 0, 0, 0, 0, 0, 0, 0, 0, 0], [0, 6, 3, 31, 0, 0, 0, 0, 0, 0, 0, 0, 0, 0], [1, 8, 1, 2, 192, 0, 0, 0, 1, 2, 1, 0, 0, 0], [0, 9, 0, 0, 0, 5, 0, 0, 0, 0, 1, 0, 0, 1], [2, 0, 0, 0, 4, 0, 3, 0, 0, 2, 2, 0, 0, 0], [1, 7, 0, 0, 0, 0, 0, 6, 0, 0, 0, 0, 0, 0], [0, 4, 1, 0, 1, 0, 0, 0, 11, 5, 1, 0, 0, 0], [1, 7, 0, 0, 1, 0, 0, 0, 2, 11, 0, 0, 0, 0], [0, 5, 0, 0, 2, 0, 1, 0, 1, 0, 5, 0, 0, 0], [0, 2, 0, 0, 0, 0, 1, 0, 0, 1, 1, 1, 0, 1], [1, 5, 0, 0, 0, 0, 0, 0, 0, 2, 0, 0, 5, 1], [1, 3, 0, 0, 0, 0, 1, 0, 0, 2, 1, 0, 0, 1]]","[[158, 91, 3, 0, 0, 0, 0, 0, 0, 0, 0, 0, 0, 0], [107, 133, 2, 0, 0, 0, 0, 0, 0, 0, 0, 0, 0, 0], [2, 5, 116, 3, 0, 0, 0, 0, 0, 0, 0, 0, 0, 0], [0, 4, 7, 29, 0, 0, 0, 0, 0, 0, 0, 0, 0, 0], [0, 0, 5, 4, 194, 0, 0, 0, 1, 3, 1, 0, 0, 0], [1, 3, 3, 2, 0, 5, 0, 0, 0, 0, 1, 0, 0, 1], [1, 0, 0, 0, 4, 1, 2, 0, 0, 3, 2, 0, 0, 0], [2, 2, 1, 0, 0, 0, 0, 7, 0, 0, 2, 0, 0, 0], [0, 0, 4, 0, 1, 0, 0, 0, 11, 5, 1, 0, 0, 1], [2, 1, 3, 0, 3, 1, 0, 0, 2, 10, 0, 0, 0, 0], [0, 2, 1, 1, 3, 0, 1, 0, 1, 0, 5, 0, 0, 0], [0, 0, 0, 0, 0, 0, 1, 0, 3, 1, 1, 0, 0, 1], [2, 0, 3, 1, 0, 0, 0, 0, 0, 2, 0, 0, 5, 1], [0, 0, 0, 1, 0, 1, 1, 0, 0, 3, 2, 0, 0, 1]]"
source_expansion_Faces_to_PetImages_to_GarbageDataset,logistic_regression,adwin,0.55,1,1042,0.5735549057736274,0.5705763760676239,0.5689520878580898,0.718,0.5735549057736274,0.5705763760676239,0.5689520878580898,0.61,0.81,0.716,0.5912312390462529,0.6010088886112319,0.5925444438624313,0.61,0.8200000000000001,1.0,"[[151, 94, 1, 5, 0, 0, 0, 0, 1, 0, 0, 0, 0, 0], [77, 151, 5, 6, 0, 0, 0, 0, 0, 1, 0, 0, 1, 1], [0, 1, 121, 3, 0, 0, 0, 0, 0, 0, 0, 0, 0, 1], [0, 1, 6, 31, 0, 0, 0, 0, 2, 0, 0, 0, 0, 0], [1, 1, 0, 0, 200, 0, 2, 0, 0, 3, 1, 0, 0, 0], [0, 0, 0, 1, 1, 10, 0, 1, 1, 0, 2, 0, 0, 0], [0, 0, 0, 0, 4, 0, 8, 0, 0, 0, 1, 0, 0, 0], [0, 0, 0, 0, 0, 0, 0, 11, 1, 0, 2, 0, 0, 0], [0, 0, 0, 0, 1, 0, 0, 0, 12, 6, 0, 2, 1, 1], [0, 0, 0, 0, 5, 1, 0, 1, 2, 9, 1, 0, 0, 3], [0, 1, 1, 0, 3, 1, 1, 2, 1, 1, 2, 0, 0, 1], [0, 0, 0, 0, 1, 0, 1, 0, 3, 0, 1, 1, 0, 0], [0, 0, 1, 0, 0, 1, 0, 1, 0, 0, 1, 0, 10, 0], [0, 0, 0, 0, 2, 0, 1, 2, 0, 1, 0, 1, 1, 1]]","[[145, 102, 1, 4, 0, 0, 0, 0, 0, 0, 0, 0, 0, 0], [78, 152, 6, 6, 0, 0, 0, 0, 0, 0, 0, 0, 0, 0], [2, 2, 117, 4, 1, 0, 0, 0, 0, 0, 0, 0, 0, 0], [0, 1, 7, 30, 1, 0, 0, 0, 0, 0, 0, 0, 0, 1], [1, 0, 1, 0, 201, 0, 1, 0, 2, 0, 2, 0, 0, 0], [0, 0, 0, 0, 0, 12, 0, 1, 0, 1, 2, 0, 0, 0], [0, 0, 0, 0, 4, 1, 8, 0, 0, 0, 0, 0, 0, 0], [0, 1, 1, 0, 0, 0, 1, 10, 1, 0, 0, 0, 0, 0], [0, 0, 0, 0, 1, 0, 0, 0, 14, 5, 0, 2, 1, 0], [0, 0, 0, 0, 2, 2, 1, 0, 3, 9, 1, 2, 0, 2], [0, 0, 0, 1, 2, 3, 1, 1, 1, 1, 2, 1, 0, 1], [0, 0, 0, 0, 0, 0, 1, 0, 3, 0, 1, 2, 0, 0], [0, 1, 0, 0, 0, 0, 0, 0, 0, 0, 0, 0, 13, 0], [0, 0, 0, 0, 0, 0, 1, 2, 1, 1, 0, 1, 2, 1]]"
source_expansion_Faces_to_PetImages_to_GarbageDataset,hoeffding_tree,adwin,0.55,1,1042,0.345191956762049,0.23466369959170638,0.2486823888160821,0.498,0.345191956762049,0.23466369959170638,0.2486823888160821,0.55,0.56,0.501,0.1672784748353351,0.17620995526839683,0.16439593883893847,0.55,0.39,3.0,"[[181, 52, 6, 4, 2, 0, 4, 2, 0, 1, 0, 0, 0, 0], [121, 91, 12, 5, 1, 1, 4, 6, 0, 1, 0, 0, 0, 0], [0, 25, 75, 4, 4, 6, 6, 3, 0, 3, 0, 0, 0, 0], [0, 15, 6, 13, 1, 1, 3, 1, 0, 0, 0, 0, 0, 0], [0, 9, 0, 1, 127, 6, 27, 34, 1, 2, 1, 0, 0, 0], [0, 6, 0, 0, 0, 1, 3, 4, 0, 1, 1, 0, 0, 0], [1, 4, 0, 0, 4, 0, 1, 0, 0, 1, 2, 0, 0, 0], [7, 4, 0, 0, 0, 0, 1, 2, 0, 0, 0, 0, 0, 0], [0, 9, 0, 0, 2, 0, 4, 4, 3, 1, 0, 0, 0, 0], [0, 4, 0, 0, 5, 1, 5, 2, 2, 3, 0, 0, 0, 0], [2, 5, 0, 0, 1, 1, 0, 5, 0, 0, 0, 0, 0, 0], [1, 1, 0, 0, 0, 0, 0, 2, 0, 3, 0, 0, 0, 0], [1, 4, 0, 0, 0, 0, 3, 3, 0, 2, 1, 0, 0, 0], [3, 2, 0, 0, 1, 0, 1, 1, 0, 0, 0, 0, 0, 1]]","[[150, 78, 6, 4, 12, 0, 1, 0, 0, 1, 0, 0, 0, 0], [93, 102, 12, 5, 26, 1, 2, 0, 0, 1, 0, 0, 0, 0], [0, 30, 56, 2, 25, 6, 4, 0, 0, 3, 0, 0, 0, 0], [1, 5, 13, 1, 19, 1, 0, 0, 0, 0, 0, 0, 0, 0], [2, 1, 1, 0, 191, 6, 5, 0, 0, 2, 0, 0, 0, 0], [0, 0, 0, 0, 14, 1, 0, 0, 0, 1, 0, 0, 0, 0], [0, 0, 0, 0, 12, 0, 0, 0, 0, 1, 0, 0, 0, 0], [0, 0, 0, 0, 14, 0, 0, 0, 0, 0, 0, 0, 0, 0], [0, 1, 0, 0, 21, 0, 1, 0, 0, 0, 0, 0, 0, 0], [0, 0, 0, 0, 22, 0, 0, 0, 0, 0, 0, 0, 0, 0], [0, 0, 0, 0, 13, 1, 0, 0, 0, 0, 0, 0, 0, 0], [0, 0, 0, 0, 7, 0, 0, 0, 0, 0, 0, 0, 0, 0], [0, 0, 0, 0, 13, 0, 1, 0, 0, 0, 0, 0, 0, 0], [0, 0, 0, 0, 9, 0, 0, 0, 0, 0, 0, 0, 0, 0]]"
source_expansion_Faces_to_PetImages_to_GarbageDataset,gaussian_nb,adwin,0.55,1,1042,0.7257461269434137,0.48027880230378817,0.5398511570204932,0.682,0.7257461269434137,0.48027880230378817,0.5398511570204932,0.55,0.73,0.666,0.6822433200134863,0.44877106941618516,0.49944485140578854,0.55,0.76,1.0,"[[173, 79, 0, 0, 0, 0, 0, 0, 0, 0, 0, 0, 0, 0], [119, 123, 0, 0, 0, 0, 0, 0, 0, 0, 0, 0, 0, 0], [0, 8, 115, 3, 0, 0, 0, 0, 0, 0, 0, 0, 0, 0], [0, 6, 3, 31, 0, 0, 0, 0, 0, 0, 0, 0, 0, 0], [1, 8, 1, 2, 192, 0, 0, 0, 1, 2, 1, 0, 0, 0], [0, 9, 0, 0, 0, 5, 0, 0, 0, 0, 1, 0, 0, 1], [2, 0, 0, 0, 4, 0, 3, 0, 0, 2, 2, 0, 0, 0], [1, 7, 0, 0, 0, 0, 0, 6, 0, 0, 0, 0, 0, 0], [0, 4, 1, 0, 1, 0, 0, 0, 11, 5, 1, 0, 0, 0], [1, 7, 0, 0, 1, 0, 0, 0, 2, 11, 0, 0, 0, 0], [0, 5, 0, 0, 2, 0, 1, 0, 1, 0, 5, 0, 0, 0], [0, 2, 0, 0, 0, 0, 1, 0, 0, 1, 1, 1, 0, 1], [1, 5, 0, 0, 0, 0, 0, 0, 0, 2, 0, 0, 5, 1], [1, 3, 0, 0, 0, 0, 1, 0, 0, 2, 1, 0, 0, 1]]","[[163, 85, 4, 0, 0, 0, 0, 0, 0, 0, 0, 0, 0, 0], [106, 131, 5, 0, 0, 0, 0, 0, 0, 0, 0, 0, 0, 0], [1, 5, 116, 4, 0, 0, 0, 0, 0, 0, 0, 0, 0, 0], [0, 4, 12, 24, 0, 0, 0, 0, 0, 0, 0, 0, 0, 0], [0, 0, 16, 0, 188, 0, 0, 0, 1, 2, 1, 0, 0, 0], [0, 0, 8, 0, 0, 6, 0, 0, 0, 0, 2, 0, 0, 0], [0, 0, 2, 0, 3, 1, 2, 0, 0, 2, 3, 0, 0, 0], [0, 1, 5, 0, 0, 0, 0, 6, 0, 0, 2, 0, 0, 0], [0, 0, 6, 0, 0, 0, 0, 0, 11, 5, 1, 0, 0, 0], [0, 0, 9, 0, 2, 0, 0, 0, 2, 9, 0, 0, 0, 0], [0, 0, 7, 0, 1, 0, 1, 0, 1, 0, 4, 0, 0, 0], [0, 0, 1, 0, 0, 0, 1, 0, 1, 1, 1, 1, 0, 1], [0, 0, 8, 0, 0, 0, 0, 0, 0, 1, 0, 0, 4, 1], [0, 0, 5, 0, 0, 0, 1, 0, 0, 1, 1, 0, 0, 1]]"
source_expansion_Faces_to_PetImages_to_GarbageDataset,logistic_regression,page_hinkley,0.55,1,1042,0.5735549057736274,0.5705763760676239,0.5689520878580898,0.718,0.5735549057736274,0.5705763760676239,0.5689520878580898,0.61,0.81,0.716,0.6143378336092705,0.5991258165418244,0.600514469838097,0.61,0.81,1.0,"[[151, 94, 1, 5, 0, 0, 0, 0, 1, 0, 0, 0, 0, 0], [77, 151, 5, 6, 0, 0, 0, 0, 0, 1, 0, 0, 1, 1], [0, 1, 121, 3, 0, 0, 0, 0, 0, 0, 0, 0, 0, 1], [0, 1, 6, 31, 0, 0, 0, 0, 2, 0, 0, 0, 0, 0], [1, 1, 0, 0, 200, 0, 2, 0, 0, 3, 1, 0, 0, 0], [0, 0, 0, 1, 1, 10, 0, 1, 1, 0, 2, 0, 0, 0], [0, 0, 0, 0, 4, 0, 8, 0, 0, 0, 1, 0, 0, 0], [0, 0, 0, 0, 0, 0, 0, 11, 1, 0, 2, 0, 0, 0], [0, 0, 0, 0, 1, 0, 0, 0, 12, 6, 0, 2, 1, 1], [0, 0, 0, 0, 5, 1, 0, 1, 2, 9, 1, 0, 0, 3], [0, 1, 1, 0, 3, 1, 1, 2, 1, 1, 2, 0, 0, 1], [0, 0, 0, 0, 1, 0, 1, 0, 3, 0, 1, 1, 0, 0], [0, 0, 1, 0, 0, 1, 0, 1, 0, 0, 1, 0, 10, 0], [0, 0, 0, 0, 2, 0, 1, 2, 0, 1, 0, 1, 1, 1]]","[[146, 101, 1, 4, 0, 0, 0, 0, 0, 0, 0, 0, 0, 0], [80, 152, 5, 5, 0, 0, 0, 0, 0, 0, 0, 0, 0, 0], [1, 2, 114, 8, 0, 1, 0, 0, 0, 0, 0, 0, 0, 0], [3, 1, 3, 33, 0, 0, 0, 0, 0, 0, 0, 0, 0, 0], [0, 0, 0, 1, 201, 0, 0, 0, 1, 1, 3, 1, 0, 0], [0, 1, 0, 1, 0, 10, 0, 1, 1, 0, 2, 0, 0, 0], [0, 0, 0, 0, 4, 0, 8, 0, 0, 0, 1, 0, 0, 0], [0, 0, 0, 0, 0, 0, 1, 10, 1, 0, 2, 0, 0, 0], [0, 0, 1, 0, 1, 0, 0, 0, 15, 4, 0, 2, 0, 0], [0, 0, 0, 0, 3, 1, 0, 0, 4, 9, 1, 2, 0, 2], [0, 0, 0, 0, 4, 1, 1, 2, 1, 0, 3, 1, 0, 1], [0, 0, 0, 0, 0, 0, 1, 0, 3, 0, 1, 2, 0, 0], [1, 0, 0, 1, 0, 0, 0, 0, 0, 0, 0, 0, 12, 0], [0, 0, 0, 1, 0, 0, 0, 3, 1, 1, 0, 1, 1, 1]]"
source_expansion_Faces_to_PetImages_to_GarbageDataset,hoeffding_tree,page_hinkley,0.55,1,1042,0.345191956762049,0.23466369959170638,0.2486823888160821,0.498,0.345191956762049,0.23466369959170638,0.2486823888160821,0.55,0.56,0.499,0.148556067833967,0.17597453051998507,0.15664619553891018,0.55,0.39,4.0,"[[181, 52, 6, 4, 2, 0, 4, 2, 0, 1, 0, 0, 0, 0], [121, 91, 12, 5, 1, 1, 4, 6, 0, 1, 0, 0, 0, 0], [0, 25, 75, 4, 4, 6, 6, 3, 0, 3, 0, 0, 0, 0], [0, 15, 6, 13, 1, 1, 3, 1, 0, 0, 0, 0, 0, 0], [0, 9, 0, 1, 127, 6, 27, 34, 1, 2, 1, 0, 0, 0], [0, 6, 0, 0, 0, 1, 3, 4, 0, 1, 1, 0, 0, 0], [1, 4, 0, 0, 4, 0, 1, 0, 0, 1, 2, 0, 0, 0], [7, 4, 0, 0, 0, 0, 1, 2, 0, 0, 0, 0, 0, 0], [0, 9, 0, 0, 2, 0, 4, 4, 3, 1, 0, 0, 0, 0], [0, 4, 0, 0, 5, 1, 5, 2, 2, 3, 0, 0, 0, 0], [2, 5, 0, 0, 1, 1, 0, 5, 0, 0, 0, 0, 0, 0], [1, 1, 0, 0, 0, 0, 0, 2, 0, 3, 0, 0, 0, 0], [1, 4, 0, 0, 0, 0, 3, 3, 0, 2, 1, 0, 0, 0], [3, 2, 0, 0, 1, 0, 1, 1, 0, 0, 0, 0, 0, 1]]","[[151, 75, 12, 4, 10, 0, 0, 0, 0, 0, 0, 0, 0, 0], [99, 94, 20, 5, 24, 0, 0, 0, 0, 0, 0, 0, 0, 0], [2, 27, 75, 2, 20, 0, 0, 0, 0, 0, 0, 0, 0, 0], [3, 6, 15, 1, 15, 0, 0, 0, 0, 0, 0, 0, 0, 0], [2, 0, 28, 0, 178, 0, 0, 0, 0, 0, 0, 0, 0, 0], [0, 0, 4, 0, 12, 0, 0, 0, 0, 0, 0, 0, 0, 0], [0, 0, 1, 0, 12, 0, 0, 0, 0, 0, 0, 0, 0, 0], [0, 0, 0, 0, 14, 0, 0, 0, 0, 0, 0, 0, 0, 0], [0, 0, 4, 0, 19, 0, 0, 0, 0, 0, 0, 0, 0, 0], [0, 0, 2, 0, 20, 0, 0, 0, 0, 0, 0, 0, 0, 0], [0, 0, 2, 0, 12, 0, 0, 0, 0, 0, 0, 0, 0, 0], [0, 0, 0, 0, 7, 0, 0, 0, 0, 0, 0, 0, 0, 0], [0, 0, 2, 0, 12, 0, 0, 0, 0, 0, 0, 0, 0, 0], [0, 0, 0, 0, 9, 0, 0, 0, 0, 0, 0, 0, 0, 0]]"
source_expansion_Faces_to_PetImages_to_GarbageDataset,gaussian_nb,page_hinkley,0.55,1,1042,0.7257461269434137,0.48027880230378817,0.5398511570204932,0.682,0.7257461269434137,0.48027880230378817,0.5398511570204932,0.55,0.73,0.667,0.6590379678587514,0.47360589368282763,0.5159257639464551,0.55,0.76,2.0,"[[173, 79, 0, 0, 0, 0, 0, 0, 0, 0, 0, 0, 0, 0], [119, 123, 0, 0, 0, 0, 0, 0, 0, 0, 0, 0, 0, 0], [0, 8, 115, 3, 0, 0, 0, 0, 0, 0, 0, 0, 0, 0], [0, 6, 3, 31, 0, 0, 0, 0, 0, 0, 0, 0, 0, 0], [1, 8, 1, 2, 192, 0, 0, 0, 1, 2, 1, 0, 0, 0], [0, 9, 0, 0, 0, 5, 0, 0, 0, 0, 1, 0, 0, 1], [2, 0, 0, 0, 4, 0, 3, 0, 0, 2, 2, 0, 0, 0], [1, 7, 0, 0, 0, 0, 0, 6, 0, 0, 0, 0, 0, 0], [0, 4, 1, 0, 1, 0, 0, 0, 11, 5, 1, 0, 0, 0], [1, 7, 0, 0, 1, 0, 0, 0, 2, 11, 0, 0, 0, 0], [0, 5, 0, 0, 2, 0, 1, 0, 1, 0, 5, 0, 0, 0], [0, 2, 0, 0, 0, 0, 1, 0, 0, 1, 1, 1, 0, 1], [1, 5, 0, 0, 0, 0, 0, 0, 0, 2, 0, 0, 5, 1], [1, 3, 0, 0, 0, 0, 1, 0, 0, 2, 1, 0, 0, 1]]","[[150, 97, 5, 0, 0, 0, 0, 0, 0, 0, 0, 0, 0, 0], [107, 133, 2, 0, 0, 0, 0, 0, 0, 0, 0, 0, 0, 0], [1, 5, 118, 2, 0, 0, 0, 0, 0, 0, 0, 0, 0, 0], [1, 3, 9, 27, 0, 0, 0, 0, 0, 0, 0, 0, 0, 0], [0, 0, 11, 1, 191, 0, 0, 0, 1, 3, 1, 0, 0, 0], [0, 0, 7, 1, 0, 6, 0, 0, 0, 0, 1, 0, 0, 1], [0, 0, 2, 0, 3, 1, 2, 0, 0, 2, 3, 0, 0, 0], [0, 1, 2, 1, 0, 0, 0, 8, 0, 0, 2, 0, 0, 0], [0, 0, 5, 0, 1, 0, 0, 0, 11, 5, 1, 0, 0, 0], [0, 0, 6, 0, 3, 1, 0, 0, 2, 9, 1, 0, 0, 0], [0, 2, 2, 0, 3, 0, 1, 0, 1, 0, 5, 0, 0, 0], [0, 0, 1, 0, 0, 0, 1, 0, 1, 1, 1, 1, 0, 1], [0, 0, 4, 1, 1, 0, 0, 0, 0, 2, 0, 0, 5, 1], [0, 0, 0, 0, 1, 1, 1, 0, 0, 3, 2, 0, 0, 1]]"
source_expansion_Faces_to_PetImages_to_GarbageDataset,logistic_regression,hddm_w,0.55,1,1042,0.5735549057736274,0.5705763760676239,0.5689520878580898,0.718,0.5735549057736274,0.5705763760676239,0.5689520878580898,0.61,0.81,0.722,0.6017950630273896,0.5964639025727394,0.5956905105037743,0.61,0.8200000000000001,1.0,"[[151, 94, 1, 5, 0, 0, 0, 0, 1, 0, 0, 0, 0, 0], [77, 151, 5, 6, 0, 0, 0, 0, 0, 1, 0, 0, 1, 1], [0, 1, 121, 3, 0, 0, 0, 0, 0, 0, 0, 0, 0, 1], [0, 1, 6, 31, 0, 0, 0, 0, 2, 0, 0, 0, 0, 0], [1, 1, 0, 0, 200, 0, 2, 0, 0, 3, 1, 0, 0, 0], [0, 0, 0, 1, 1, 10, 0, 1, 1, 0, 2, 0, 0, 0], [0, 0, 0, 0, 4, 0, 8, 0, 0, 0, 1, 0, 0, 0], [0, 0, 0, 0, 0, 0, 0, 11, 1, 0, 2, 0, 0, 0], [0, 0, 0, 0, 1, 0, 0, 0, 12, 6, 0, 2, 1, 1], [0, 0, 0, 0, 5, 1, 0, 1, 2, 9, 1, 0, 0, 3], [0, 1, 1, 0, 3, 1, 1, 2, 1, 1, 2, 0, 0, 1], [0, 0, 0, 0, 1, 0, 1, 0, 3, 0, 1, 1, 0, 0], [0, 0, 1, 0, 0, 1, 0, 1, 0, 0, 1, 0, 10, 0], [0, 0, 0, 0, 2, 0, 1, 2, 0, 1, 0, 1, 1, 1]]","[[146, 103, 0, 3, 0, 0, 0, 0, 0, 0, 0, 0, 0, 0], [78, 156, 2, 5, 0, 0, 0, 0, 0, 0, 1, 0, 0, 0], [0, 2, 119, 4, 0, 0, 1, 0, 0, 0, 0, 0, 0, 0], [0, 2, 4, 31, 0, 0, 0, 0, 2, 0, 0, 0, 0, 1], [0, 0, 0, 1, 201, 0, 2, 0, 0, 1, 3, 0, 0, 0], [0, 0, 0, 1, 0, 10, 0, 1, 1, 1, 2, 0, 0, 0], [0, 0, 0, 0, 4, 0, 8, 0, 0, 0, 1, 0, 0, 0], [0, 0, 0, 0, 0, 0, 1, 10, 1, 0, 2, 0, 0, 0], [0, 0, 1, 0, 1, 0, 0, 0, 14, 5, 0, 2, 0, 0], [1, 0, 0, 0, 3, 1, 0, 0, 4, 9, 1, 1, 0, 2], [0, 2, 0, 0, 2, 1, 1, 2, 1, 0, 3, 1, 0, 1], [0, 0, 0, 0, 0, 0, 1, 1, 2, 0, 0, 2, 0, 1], [0, 0, 1, 0, 0, 0, 0, 0, 1, 0, 0, 0, 12, 0], [0, 0, 0, 0, 0, 0, 1, 3, 1, 1, 0, 1, 1, 1]]"
source_expansion_Faces_to_PetImages_to_GarbageDataset,hoeffding_tree,hddm_w,0.55,1,1042,0.345191956762049,0.23466369959170638,0.2486823888160821,0.498,0.345191956762049,0.23466369959170638,0.2486823888160821,0.55,0.56,0.512,0.16098629398814948,0.17521915314123104,0.16064560207308176,0.55,0.39,2.0,"[[181, 52, 6, 4, 2, 0, 4, 2, 0, 1, 0, 0, 0, 0], [121, 91, 12, 5, 1, 1, 4, 6, 0, 1, 0, 0, 0, 0], [0, 25, 75, 4, 4, 6, 6, 3, 0, 3, 0, 0, 0, 0], [0, 15, 6, 13, 1, 1, 3, 1, 0, 0, 0, 0, 0, 0], [0, 9, 0, 1, 127, 6, 27, 34, 1, 2, 1, 0, 0, 0], [0, 6, 0, 0, 0, 1, 3, 4, 0, 1, 1, 0, 0, 0], [1, 4, 0, 0, 4, 0, 1, 0, 0, 1, 2, 0, 0, 0], [7, 4, 0, 0, 0, 0, 1, 2, 0, 0, 0, 0, 0, 0], [0, 9, 0, 0, 2, 0, 4, 4, 3, 1, 0, 0, 0, 0], [0, 4, 0, 0, 5, 1, 5, 2, 2, 3, 0, 0, 0, 0], [2, 5, 0, 0, 1, 1, 0, 5, 0, 0, 0, 0, 0, 0], [1, 1, 0, 0, 0, 0, 0, 2, 0, 3, 0, 0, 0, 0], [1, 4, 0, 0, 0, 0, 3, 3, 0, 2, 1, 0, 0, 0], [3, 2, 0, 0, 1, 0, 1, 1, 0, 0, 0, 0, 0, 1]]","[[145, 89, 1, 4, 13, 0, 0, 0, 0, 0, 0, 0, 0, 0], [89, 117, 4, 5, 26, 0, 0, 0, 0, 1, 0, 0, 0, 0], [0, 39, 55, 3, 28, 0, 0, 0, 0, 1, 0, 0, 0, 0], [1, 10, 9, 1, 19, 0, 0, 0, 0, 0, 0, 0, 0, 0], [0, 1, 13, 0, 194, 0, 0, 0, 0, 0, 0, 0, 0, 0], [0, 0, 2, 0, 14, 0, 0, 0, 0, 0, 0, 0, 0, 0], [0, 0, 1, 0, 12, 0, 0, 0, 0, 0, 0, 0, 0, 0], [0, 0, 0, 0, 14, 0, 0, 0, 0, 0, 0, 0, 0, 0], [0, 0, 1, 0, 22, 0, 0, 0, 0, 0, 0, 0, 0, 0], [0, 0, 0, 0, 22, 0, 0, 0, 0, 0, 0, 0, 0, 0], [0, 0, 1, 0, 13, 0, 0, 0, 0, 0, 0, 0, 0, 0], [0, 0, 0, 0, 7, 0, 0, 0, 0, 0, 0, 0, 0, 0], [0, 0, 1, 0, 13, 0, 0, 0, 0, 0, 0, 0, 0, 0], [0, 0, 0, 0, 9, 0, 0, 0, 0, 0, 0, 0, 0, 0]]"
source_expansion_Faces_to_PetImages_to_GarbageDataset,gaussian_nb,hddm_w,0.55,1,1042,0.7257461269434137,0.48027880230378817,0.5398511570204932,0.682,0.7257461269434137,0.48027880230378817,0.5398511570204932,0.55,0.73,0.682,0.7257461269434137,0.48027880230378817,0.5398511570204932,0.55,0.73,0.0,"[[173, 79, 0, 0, 0, 0, 0, 0, 0, 0, 0, 0, 0, 0], [119, 123, 0, 0, 0, 0, 0, 0, 0, 0, 0, 0, 0, 0], [0, 8, 115, 3, 0, 0, 0, 0, 0, 0, 0, 0, 0, 0], [0, 6, 3, 31, 0, 0, 0, 0, 0, 0, 0, 0, 0, 0], [1, 8, 1, 2, 192, 0, 0, 0, 1, 2, 1, 0, 0, 0], [0, 9, 0, 0, 0, 5, 0, 0, 0, 0, 1, 0, 0, 1], [2, 0, 0, 0, 4, 0, 3, 0, 0, 2, 2, 0, 0, 0], [1, 7, 0, 0, 0, 0, 0, 6, 0, 0, 0, 0, 0, 0], [0, 4, 1, 0, 1, 0, 0, 0, 11, 5, 1, 0, 0, 0], [1, 7, 0, 0, 1, 0, 0, 0, 2, 11, 0, 0, 0, 0], [0, 5, 0, 0, 2, 0, 1, 0, 1, 0, 5, 0, 0, 0], [0, 2, 0, 0, 0, 0, 1, 0, 0, 1, 1, 1, 0, 1], [1, 5, 0, 0, 0, 0, 0, 0, 0, 2, 0, 0, 5, 1], [1, 3, 0, 0, 0, 0, 1, 0, 0, 2, 1, 0, 0, 1]]","[[173, 79, 0, 0, 0, 0, 0, 0, 0, 0, 0, 0, 0, 0], [119, 123, 0, 0, 0, 0, 0, 0, 0, 0, 0, 0, 0, 0], [0, 8, 115, 3, 0, 0, 0, 0, 0, 0, 0, 0, 0, 0], [0, 6, 3, 31, 0, 0, 0, 0, 0, 0, 0, 0, 0, 0], [1, 8, 1, 2, 192, 0, 0, 0, 1, 2, 1, 0, 0, 0], [0, 9, 0, 0, 0, 5, 0, 0, 0, 0, 1, 0, 0, 1], [2, 0, 0, 0, 4, 0, 3, 0, 0, 2, 2, 0, 0, 0], [1, 7, 0, 0, 0, 0, 0, 6, 0, 0, 0, 0, 0, 0], [0, 4, 1, 0, 1, 0, 0, 0, 11, 5, 1, 0, 0, 0], [1, 7, 0, 0, 1, 0, 0, 0, 2, 11, 0, 0, 0, 0], [0, 5, 0, 0, 2, 0, 1, 0, 1, 0, 5, 0, 0, 0], [0, 2, 0, 0, 0, 0, 1, 0, 0, 1, 1, 1, 0, 1], [1, 5, 0, 0, 0, 0, 0, 0, 0, 2, 0, 0, 5, 1], [1, 3, 0, 0, 0, 0, 1, 0, 0, 2, 1, 0, 0, 1]]"
source_expansion_Faces_to_PetImages_to_GarbageDataset,logistic_regression,kswin,0.55,2,2042,0.6222707638554905,0.592255132594549,0.6041792269981588,0.779,0.6222707638554905,0.592255132594549,0.6041792269981588,0.63,0.84,0.768,0.6192260737484825,0.5837806815983324,0.5957982115619715,0.63,0.84,2.0,"[[126, 63, 2, 4, 0, 0, 0, 0, 0, 0, 0, 0, 0, 0], [64, 89, 5, 1, 0, 0, 0, 0, 0, 0, 0, 0, 0, 0], [1, 0, 220, 7, 0, 0, 0, 0, 0, 0, 0, 1, 0, 0], [0, 1, 6, 63, 0, 0, 0, 0, 0, 0, 0, 0, 0, 0], [0, 0, 1, 2, 214, 0, 0, 1, 1, 1, 1, 0, 0, 0], [1, 0, 0, 1, 0, 13, 0, 0, 0, 0, 0, 0, 2, 0], [0, 0, 0, 0, 3, 0, 0, 1, 0, 1, 1, 0, 0, 1], [2, 0, 0, 0, 1, 0, 0, 14, 0, 0, 0, 0, 0, 0], [0, 0, 0, 0, 1, 0, 0, 0, 4, 3, 0, 4, 0, 0], [0, 0, 0, 0, 2, 0, 0, 0, 2, 7, 1, 1, 2, 1], [0, 0, 0, 0, 5, 0, 1, 0, 0, 1, 2, 0, 0, 0], [0, 0, 0, 1, 2, 0, 0, 0, 3, 1, 1, 10, 0, 1], [0, 0, 0, 0, 1, 1, 1, 0, 0, 0, 0, 1, 11, 1], [0, 0, 0, 2, 2, 0, 0, 0, 0, 0, 0, 0, 3, 6]]","[[125, 66, 2, 2, 0, 0, 0, 0, 0, 0, 0, 0, 0, 0], [70, 85, 4, 0, 0, 0, 0, 0, 0, 0, 0, 0, 0, 0], [3, 0, 214, 11, 0, 0, 1, 0, 0, 0, 0, 0, 0, 0], [0, 1, 6, 63, 0, 0, 0, 0, 0, 0, 0, 0, 0, 0], [0, 1, 0, 1, 214, 1, 0, 1, 1, 1, 0, 0, 1, 0], [0, 0, 0, 0, 0, 14, 1, 0, 0, 0, 0, 0, 2, 0], [0, 2, 0, 0, 2, 0, 0, 0, 0, 1, 1, 0, 0, 1], [1, 0, 0, 0, 1, 0, 0, 14, 0, 0, 0, 1, 0, 0], [0, 0, 0, 0, 1, 0, 0, 0, 4, 2, 0, 5, 0, 0], [0, 0, 0, 0, 4, 0, 0, 0, 1, 7, 0, 2, 2, 0], [0, 0, 0, 0, 4, 0, 1, 0, 1, 2, 1, 0, 0, 0], [0, 0, 0, 1, 2, 0, 0, 0, 2, 1, 1, 11, 0, 1], [1, 0, 0, 0, 1, 1, 1, 0, 0, 1, 0, 1, 10, 0], [0, 0, 0, 1, 2, 0, 0, 0, 0, 0, 1, 0, 3, 6]]"
source_expansion_Faces_to_PetImages_to_GarbageDataset,hoeffding_tree,kswin,0.55,2,2042,0.3595463536973365,0.29046389242264803,0.29634490106567896,0.593,0.3595463536973365,0.29046389242264803,0.29634490106567896,0.64,0.62,0.546,0.18630786965593193,0.1999945038574052,0.18540928885366953,0.64,0.53,4.0,"[[123, 43, 0, 14, 1, 0, 6, 2, 4, 1, 1, 0, 0, 0], [68, 75, 1, 8, 1, 0, 4, 0, 2, 0, 0, 0, 0, 0], [0, 15, 174, 14, 5, 0, 19, 0, 0, 2, 0, 0, 0, 0], [1, 16, 2, 45, 2, 0, 1, 0, 0, 1, 2, 0, 0, 0], [1, 5, 0, 3, 164, 0, 7, 1, 17, 13, 9, 1, 0, 0], [0, 8, 0, 1, 0, 4, 0, 1, 0, 2, 1, 0, 0, 0], [0, 2, 1, 0, 2, 0, 1, 0, 0, 1, 0, 0, 0, 0], [0, 12, 0, 0, 0, 1, 1, 2, 0, 1, 0, 0, 0, 0], [0, 4, 0, 0, 1, 0, 0, 0, 1, 3, 1, 2, 0, 0], [0, 9, 0, 0, 0, 0, 0, 1, 2, 2, 2, 0, 0, 0], [0, 2, 1, 0, 2, 0, 0, 0, 1, 3, 0, 0, 0, 0], [0, 10, 0, 0, 1, 0, 1, 1, 1, 3, 1, 1, 0, 0], [0, 10, 0, 1, 0, 0, 0, 1, 0, 2, 1, 0, 1, 0], [0, 3, 0, 1, 2, 0, 0, 1, 2, 0, 1, 1, 2, 0]]","[[77, 47, 38, 13, 20, 0, 0, 0, 0, 0, 0, 0, 0, 0], [44, 56, 35, 11, 13, 0, 0, 0, 0, 0, 0, 0, 0, 0], [3, 9, 194, 9, 14, 0, 0, 0, 0, 0, 0, 0, 0, 0], [0, 2, 32, 22, 14, 0, 0, 0, 0, 0, 0, 0, 0, 0], [1, 0, 21, 1, 197, 0, 0, 1, 0, 0, 0, 0, 0, 0], [0, 0, 4, 0, 13, 0, 0, 0, 0, 0, 0, 0, 0, 0], [0, 0, 2, 0, 5, 0, 0, 0, 0, 0, 0, 0, 0, 0], [1, 0, 3, 0, 13, 0, 0, 0, 0, 0, 0, 0, 0, 0], [0, 0, 0, 0, 12, 0, 0, 0, 0, 0, 0, 0, 0, 0], [0, 0, 2, 0, 14, 0, 0, 0, 0, 0, 0, 0, 0, 0], [0, 0, 1, 0, 8, 0, 0, 0, 0, 0, 0, 0, 0, 0], [0, 0, 5, 0, 14, 0, 0, 0, 0, 0, 0, 0, 0, 0], [0, 0, 3, 0, 13, 0, 0, 0, 0, 0, 0, 0, 0, 0], [0, 0, 1, 0, 12, 0, 0, 0, 0, 0, 0, 0, 0, 0]]"
source_expansion_Faces_to_PetImages_to_GarbageDataset,gaussian_nb,kswin,0.55,2,2042,0.6513133632784749,0.4909348753206154,0.5342651243626448,0.748,0.6513133632784749,0.4909348753206154,0.5342651243626448,0.5900000000000001,0.78,0.748,0.6513133632784749,0.4909348753206154,0.5342651243626448,0.5900000000000001,0.78,0.0,"[[145, 50, 0, 0, 0, 0, 0, 0, 0, 0, 0, 0, 0, 0], [78, 81, 0, 0, 0, 0, 0, 0, 0, 0, 0, 0, 0, 0], [0, 5, 213, 11, 0, 0, 0, 0, 0, 0, 0, 0, 0, 0], [0, 4, 4, 62, 0, 0, 0, 0, 0, 0, 0, 0, 0, 0], [0, 7, 0, 6, 200, 0, 0, 0, 1, 6, 1, 0, 0, 0], [0, 8, 0, 1, 0, 7, 0, 0, 0, 0, 0, 0, 1, 0], [0, 3, 1, 0, 1, 0, 0, 0, 0, 2, 0, 0, 0, 0], [0, 6, 0, 0, 0, 0, 0, 11, 0, 0, 0, 0, 0, 0], [0, 2, 0, 0, 1, 0, 0, 0, 4, 3, 0, 2, 0, 0], [0, 9, 0, 0, 1, 0, 0, 0, 1, 5, 0, 0, 0, 0], [0, 4, 0, 0, 1, 0, 2, 0, 0, 2, 0, 0, 0, 0], [0, 5, 1, 0, 1, 0, 0, 0, 1, 1, 0, 10, 0, 0], [0, 8, 0, 1, 0, 0, 0, 0, 0, 0, 0, 0, 7, 0], [0, 6, 0, 1, 0, 0, 0, 0, 0, 1, 0, 0, 2, 3]]","[[145, 50, 0, 0, 0, 0, 0, 0, 0, 0, 0, 0, 0, 0], [78, 81, 0, 0, 0, 0, 0, 0, 0, 0, 0, 0, 0, 0], [0, 5, 213, 11, 0, 0, 0, 0, 0, 0, 0, 0, 0, 0], [0, 4, 4, 62, 0, 0, 0, 0, 0, 0, 0, 0, 0, 0], [0, 7, 0, 6, 200, 0, 0, 0, 1, 6, 1, 0, 0, 0], [0, 8, 0, 1, 0, 7, 0, 0, 0, 0, 0, 0, 1, 0], [0, 3, 1, 0, 1, 0, 0, 0, 0, 2, 0, 0, 0, 0], [0, 6, 0, 0, 0, 0, 0, 11, 0, 0, 0, 0, 0, 0], [0, 2, 0, 0, 1, 0, 0, 0, 4, 3, 0, 2, 0, 0], [0, 9, 0, 0, 1, 0, 0, 0, 1, 5, 0, 0, 0, 0], [0, 4, 0, 0, 1, 0, 2, 0, 0, 2, 0, 0, 0, 0], [0, 5, 1, 0, 1, 0, 0, 0, 1, 1, 0, 10, 0, 0], [0, 8, 0, 1, 0, 0, 0, 0, 0, 0, 0, 0, 7, 0], [0, 6, 0, 1, 0, 0, 0, 0, 0, 1, 0, 0, 2, 3]]"
source_expansion_Faces_to_PetImages_to_GarbageDataset,logistic_regression,adwin,0.55,2,2042,0.6222707638554905,0.592255132594549,0.6041792269981588,0.779,0.6222707638554905,0.592255132594549,0.6041792269981588,0.63,0.84,0.775,0.6207353190631533,0.5889797670454208,0.5995658141876297,0.63,0.84,1.0,"[[126, 63, 2, 4, 0, 0, 0, 0, 0, 0, 0, 0, 0, 0], [64, 89, 5, 1, 0, 0, 0, 0, 0, 0, 0, 0, 0, 0], [1, 0, 220, 7, 0, 0, 0, 0, 0, 0, 0, 1, 0, 0], [0, 1, 6, 63, 0, 0, 0, 0, 0, 0, 0, 0, 0, 0], [0, 0, 1, 2, 214, 0, 0, 1, 1, 1, 1, 0, 0, 0], [1, 0, 0, 1, 0, 13, 0, 0, 0, 0, 0, 0, 2, 0], [0, 0, 0, 0, 3, 0, 0, 1, 0, 1, 1, 0, 0, 1], [2, 0, 0, 0, 1, 0, 0, 14, 0, 0, 0, 0, 0, 0], [0, 0, 0, 0, 1, 0, 0, 0, 4, 3, 0, 4, 0, 0], [0, 0, 0, 0, 2, 0, 0, 0, 2, 7, 1, 1, 2, 1], [0, 0, 0, 0, 5, 0, 1, 0, 0, 1, 2, 0, 0, 0], [0, 0, 0, 1, 2, 0, 0, 0, 3, 1, 1, 10, 0, 1], [0, 0, 0, 0, 1, 1, 1, 0, 0, 0, 0, 1, 11, 1], [0, 0, 0, 2, 2, 0, 0, 0, 0, 0, 0, 0, 3, 6]]","[[137, 53, 3, 2, 0, 0, 0, 0, 0, 0, 0, 0, 0, 0], [71, 82, 5, 1, 0, 0, 0, 0, 0, 0, 0, 0, 0, 0], [3, 0, 212, 14, 0, 0, 0, 0, 0, 0, 0, 0, 0, 0], [0, 0, 8, 62, 0, 0, 0, 0, 0, 0, 0, 0, 0, 0], [0, 0, 0, 1, 215, 1, 0, 1, 1, 1, 0, 0, 1, 0], [0, 0, 0, 0, 0, 14, 1, 0, 0, 0, 0, 0, 2, 0], [0, 1, 0, 0, 2, 0, 0, 1, 0, 1, 1, 0, 0, 1], [1, 0, 0, 0, 1, 0, 0, 14, 0, 0, 0, 1, 0, 0], [0, 0, 0, 0, 0, 0, 0, 0, 4, 3, 0, 5, 0, 0], [0, 0, 0, 0, 4, 0, 0, 0, 1, 7, 0, 2, 2, 0], [0, 0, 0, 0, 4, 0, 1, 0, 0, 2, 2, 0, 0, 0], [0, 0, 0, 1, 2, 0, 0, 0, 2, 1, 1, 11, 0, 1], [0, 0, 0, 1, 1, 1, 1, 0, 0, 1, 0, 1, 9, 1], [0, 0, 0, 1, 2, 0, 0, 0, 0, 0, 1, 0, 3, 6]]"
source_expansion_Faces_to_PetImages_to_GarbageDataset,hoeffding_tree,adwin,0.55,2,2042,0.3595463536973365,0.29046389242264803,0.29634490106567896,0.593,0.3595463536973365,0.29046389242264803,0.29634490106567896,0.64,0.62,0.557,0.18681282945396543,0.2085088373958161,0.1934080597232621,0.64,0.53,3.0,"[[123, 43, 0, 14, 1, 0, 6, 2, 4, 1, 1, 0, 0, 0], [68, 75, 1, 8, 1, 0, 4, 0, 2, 0, 0, 0, 0, 0], [0, 15, 174, 14, 5, 0, 19, 0, 0, 2, 0, 0, 0, 0], [1, 16, 2, 45, 2, 0, 1, 0, 0, 1, 2, 0, 0, 0], [1, 5, 0, 3, 164, 0, 7, 1, 17, 13, 9, 1, 0, 0], [0, 8, 0, 1, 0, 4, 0, 1, 0, 2, 1, 0, 0, 0], [0, 2, 1, 0, 2, 0, 1, 0, 0, 1, 0, 0, 0, 0], [0, 12, 0, 0, 0, 1, 1, 2, 0, 1, 0, 0, 0, 0], [0, 4, 0, 0, 1, 0, 0, 0, 1, 3, 1, 2, 0, 0], [0, 9, 0, 0, 0, 0, 0, 1, 2, 2, 2, 0, 0, 0], [0, 2, 1, 0, 2, 0, 0, 0, 1, 3, 0, 0, 0, 0], [0, 10, 0, 0, 1, 0, 1, 1, 1, 3, 1, 1, 0, 0], [0, 10, 0, 1, 0, 0, 0, 1, 0, 2, 1, 0, 1, 0], [0, 3, 0, 1, 2, 0, 0, 1, 2, 0, 1, 1, 2, 0]]","[[87, 50, 23, 17, 18, 0, 0, 0, 0, 0, 0, 0, 0, 0], [56, 64, 14, 13, 12, 0, 0, 0, 0, 0, 0, 0, 0, 0], [6, 6, 191, 18, 8, 0, 0, 0, 0, 0, 0, 0, 0, 0], [3, 5, 25, 27, 10, 0, 0, 0, 0, 0, 0, 0, 0, 0], [0, 0, 31, 0, 188, 1, 0, 0, 0, 1, 0, 0, 0, 0], [1, 0, 5, 0, 11, 0, 0, 0, 0, 0, 0, 0, 0, 0], [0, 0, 3, 0, 4, 0, 0, 0, 0, 0, 0, 0, 0, 0], [0, 0, 3, 0, 14, 0, 0, 0, 0, 0, 0, 0, 0, 0], [0, 0, 0, 0, 12, 0, 0, 0, 0, 0, 0, 0, 0, 0], [1, 0, 4, 0, 11, 0, 0, 0, 0, 0, 0, 0, 0, 0], [0, 0, 1, 0, 8, 0, 0, 0, 0, 0, 0, 0, 0, 0], [0, 0, 6, 0, 13, 0, 0, 0, 0, 0, 0, 0, 0, 0], [0, 0, 4, 0, 12, 0, 0, 0, 0, 0, 0, 0, 0, 0], [0, 0, 2, 0, 11, 0, 0, 0, 0, 0, 0, 0, 0, 0]]"
source_expansion_Faces_to_PetImages_to_GarbageDataset,gaussian_nb,adwin,0.55,2,2042,0.6513133632784749,0.4909348753206154,0.5342651243626448,0.748,0.6513133632784749,0.4909348753206154,0.5342651243626448,0.5900000000000001,0.78,0.712,0.6288845172463854,0.4320422362668168,0.4757030993695258,0.5900000000000001,0.83,2.0,"[[145, 50, 0, 0, 0, 0, 0, 0, 0, 0, 0, 0, 0, 0], [78, 81, 0, 0, 0, 0, 0, 0, 0, 0, 0, 0, 0, 0], [0, 5, 213, 11, 0, 0, 0, 0, 0, 0, 0, 0, 0, 0], [0, 4, 4, 62, 0, 0, 0, 0, 0, 0, 0, 0, 0, 0], [0, 7, 0, 6, 200, 0, 0, 0, 1, 6, 1, 0, 0, 0], [0, 8, 0, 1, 0, 7, 0, 0, 0, 0, 0, 0, 1, 0], [0, 3, 1, 0, 1, 0, 0, 0, 0, 2, 0, 0, 0, 0], [0, 6, 0, 0, 0, 0, 0, 11, 0, 0, 0, 0, 0, 0], [0, 2, 0, 0, 1, 0, 0, 0, 4, 3, 0, 2, 0, 0], [0, 9, 0, 0, 1, 0, 0, 0, 1, 5, 0, 0, 0, 0], [0, 4, 0, 0, 1, 0, 2, 0, 0, 2, 0, 0, 0, 0], [0, 5, 1, 0, 1, 0, 0, 0, 1, 1, 0, 10, 0, 0], [0, 8, 0, 1, 0, 0, 0, 0, 0, 0, 0, 0, 7, 0], [0, 6, 0, 1, 0, 0, 0, 0, 0, 1, 0, 0, 2, 3]]","[[130, 57, 4, 0, 4, 0, 0, 0, 0, 0, 0, 0, 0, 0], [78, 76, 1, 0, 4, 0, 0, 0, 0, 0, 0, 0, 0, 0], [2, 5, 210, 8, 4, 0, 0, 0, 0, 0, 0, 0, 0, 0], [0, 3, 10, 52, 3, 1, 0, 0, 0, 1, 0, 0, 0, 0], [0, 0, 2, 8, 207, 0, 0, 0, 0, 2, 0, 0, 0, 2], [0, 0, 2, 3, 5, 6, 0, 0, 0, 0, 0, 0, 1, 0], [0, 0, 2, 0, 5, 0, 0, 0, 0, 0, 0, 0, 0, 0], [0, 0, 1, 2, 4, 0, 0, 9, 0, 0, 0, 0, 1, 0], [0, 0, 1, 0, 5, 0, 0, 0, 2, 1, 0, 3, 0, 0], [0, 0, 3, 1, 5, 0, 0, 0, 1, 4, 0, 0, 1, 1], [0, 0, 0, 1, 6, 0, 0, 0, 0, 1, 1, 0, 0, 0], [0, 0, 3, 2, 5, 0, 0, 0, 1, 1, 0, 7, 0, 0], [0, 0, 1, 3, 5, 0, 0, 0, 0, 1, 0, 0, 6, 0], [1, 0, 0, 2, 5, 0, 0, 0, 0, 2, 0, 0, 1, 2]]"
source_expansion_Faces_to_PetImages_to_GarbageDataset,logistic_regression,page_hinkley,0.55,2,2042,0.6222707638554905,0.592255132594549,0.6041792269981588,0.779,0.6222707638554905,0.592255132594549,0.6041792269981588,0.63,0.84,0.778,0.6296400155628454,0.5948221864851039,0.6068089994680184,0.63,0.84,1.0,"[[126, 63, 2, 4, 0, 0, 0, 0, 0, 0, 0, 0, 0, 0], [64, 89, 5, 1, 0, 0, 0, 0, 0, 0, 0, 0, 0, 0], [1, 0, 220, 7, 0, 0, 0, 0, 0, 0, 0, 1, 0, 0], [0, 1, 6, 63, 0, 0, 0, 0, 0, 0, 0, 0, 0, 0], [0, 0, 1, 2, 214, 0, 0, 1, 1, 1, 1, 0, 0, 0], [1, 0, 0, 1, 0, 13, 0, 0, 0, 0, 0, 0, 2, 0], [0, 0, 0, 0, 3, 0, 0, 1, 0, 1, 1, 0, 0, 1], [2, 0, 0, 0, 1, 0, 0, 14, 0, 0, 0, 0, 0, 0], [0, 0, 0, 0, 1, 0, 0, 0, 4, 3, 0, 4, 0, 0], [0, 0, 0, 0, 2, 0, 0, 0, 2, 7, 1, 1, 2, 1], [0, 0, 0, 0, 5, 0, 1, 0, 0, 1, 2, 0, 0, 0], [0, 0, 0, 1, 2, 0, 0, 0, 3, 1, 1, 10, 0, 1], [0, 0, 0, 0, 1, 1, 1, 0, 0, 0, 0, 1, 11, 1], [0, 0, 0, 2, 2, 0, 0, 0, 0, 0, 0, 0, 3, 6]]","[[133, 57, 2, 3, 0, 0, 0, 0, 0, 0, 0, 0, 0, 0], [70, 84, 4, 1, 0, 0, 0, 0, 0, 0, 0, 0, 0, 0], [1, 0, 216, 12, 0, 0, 0, 0, 0, 0, 0, 0, 0, 0], [2, 0, 5, 63, 0, 0, 0, 0, 0, 0, 0, 0, 0, 0], [0, 0, 0, 2, 214, 1, 0, 1, 1, 1, 0, 0, 1, 0], [0, 0, 0, 0, 0, 14, 1, 0, 0, 0, 0, 0, 2, 0], [0, 1, 0, 0, 2, 0, 0, 1, 0, 1, 1, 0, 0, 1], [1, 0, 0, 0, 1, 0, 0, 14, 0, 0, 0, 1, 0, 0], [0, 0, 0, 0, 1, 0, 0, 0, 4, 3, 0, 4, 0, 0], [0, 0, 0, 0, 4, 0, 0, 0, 1, 7, 0, 2, 2, 0], [0, 0, 0, 0, 4, 0, 1, 0, 0, 2, 2, 0, 0, 0], [0, 0, 0, 1, 2, 0, 0, 0, 2, 1, 1, 11, 0, 1], [1, 0, 0, 0, 1, 0, 1, 0, 0, 1, 0, 1, 10, 1], [0, 0, 0, 1, 2, 0, 0, 0, 0, 0, 1, 0, 3, 6]]"
source_expansion_Faces_to_PetImages_to_GarbageDataset,hoeffding_tree,page_hinkley,0.55,2,2042,0.3595463536973365,0.29046389242264803,0.29634490106567896,0.593,0.3595463536973365,0.29046389242264803,0.29634490106567896,0.64,0.62,0.543,0.1773293211602988,0.19868584620835358,0.18354872879324033,0.64,0.53,5.0,"[[123, 43, 0, 14, 1, 0, 6, 2, 4, 1, 1, 0, 0, 0], [68, 75, 1, 8, 1, 0, 4, 0, 2, 0, 0, 0, 0, 0], [0, 15, 174, 14, 5, 0, 19, 0, 0, 2, 0, 0, 0, 0], [1, 16, 2, 45, 2, 0, 1, 0, 0, 1, 2, 0, 0, 0], [1, 5, 0, 3, 164, 0, 7, 1, 17, 13, 9, 1, 0, 0], [0, 8, 0, 1, 0, 4, 0, 1, 0, 2, 1, 0, 0, 0], [0, 2, 1, 0, 2, 0, 1, 0, 0, 1, 0, 0, 0, 0], [0, 12, 0, 0, 0, 1, 1, 2, 0, 1, 0, 0, 0, 0], [0, 4, 0, 0, 1, 0, 0, 0, 1, 3, 1, 2, 0, 0], [0, 9, 0, 0, 0, 0, 0, 1, 2, 2, 2, 0, 0, 0], [0, 2, 1, 0, 2, 0, 0, 0, 1, 3, 0, 0, 0, 0], [0, 10, 0, 0, 1, 0, 1, 1, 1, 3, 1, 1, 0, 0], [0, 10, 0, 1, 0, 0, 0, 1, 0, 2, 1, 0, 1, 0], [0, 3, 0, 1, 2, 0, 0, 1, 2, 0, 1, 1, 2, 0]]","[[88, 44, 25, 19, 19, 0, 0, 0, 0, 0, 0, 0, 0, 0], [55, 59, 19, 14, 12, 0, 0, 0, 0, 0, 0, 0, 0, 0], [14, 10, 176, 21, 7, 1, 0, 0, 0, 0, 0, 0, 0, 0], [4, 7, 27, 20, 12, 0, 0, 0, 0, 0, 0, 0, 0, 0], [0, 0, 21, 0, 200, 0, 0, 0, 0, 0, 0, 0, 0, 0], [1, 0, 2, 0, 14, 0, 0, 0, 0, 0, 0, 0, 0, 0], [0, 0, 2, 0, 5, 0, 0, 0, 0, 0, 0, 0, 0, 0], [0, 0, 2, 0, 15, 0, 0, 0, 0, 0, 0, 0, 0, 0], [0, 0, 0, 0, 12, 0, 0, 0, 0, 0, 0, 0, 0, 0], [0, 0, 1, 0, 15, 0, 0, 0, 0, 0, 0, 0, 0, 0], [0, 0, 0, 0, 9, 0, 0, 0, 0, 0, 0, 0, 0, 0], [0, 0, 4, 0, 15, 0, 0, 0, 0, 0, 0, 0, 0, 0], [0, 0, 3, 0, 13, 0, 0, 0, 0, 0, 0, 0, 0, 0], [0, 0, 1, 0, 12, 0, 0, 0, 0, 0, 0, 0, 0, 0]]"
source_expansion_Faces_to_PetImages_to_GarbageDataset,gaussian_nb,page_hinkley,0.55,2,2042,0.6513133632784749,0.4909348753206154,0.5342651243626448,0.748,0.6513133632784749,0.4909348753206154,0.5342651243626448,0.5900000000000001,0.78,0.689,0.537170438535062,0.3557731226224489,0.38083863518686384,0.5900000000000001,0.64,3.0,"[[145, 50, 0, 0, 0, 0, 0, 0, 0, 0, 0, 0, 0, 0], [78, 81, 0, 0, 0, 0, 0, 0, 0, 0, 0, 0, 0, 0], [0, 5, 213, 11, 0, 0, 0, 0, 0, 0, 0, 0, 0, 0], [0, 4, 4, 62, 0, 0, 0, 0, 0, 0, 0, 0, 0, 0], [0, 7, 0, 6, 200, 0, 0, 0, 1, 6, 1, 0, 0, 0], [0, 8, 0, 1, 0, 7, 0, 0, 0, 0, 0, 0, 1, 0], [0, 3, 1, 0, 1, 0, 0, 0, 0, 2, 0, 0, 0, 0], [0, 6, 0, 0, 0, 0, 0, 11, 0, 0, 0, 0, 0, 0], [0, 2, 0, 0, 1, 0, 0, 0, 4, 3, 0, 2, 0, 0], [0, 9, 0, 0, 1, 0, 0, 0, 1, 5, 0, 0, 0, 0], [0, 4, 0, 0, 1, 0, 2, 0, 0, 2, 0, 0, 0, 0], [0, 5, 1, 0, 1, 0, 0, 0, 1, 1, 0, 10, 0, 0], [0, 8, 0, 1, 0, 0, 0, 0, 0, 0, 0, 0, 7, 0], [0, 6, 0, 1, 0, 0, 0, 0, 0, 1, 0, 0, 2, 3]]","[[121, 62, 5, 1, 6, 0, 0, 0, 0, 0, 0, 0, 0, 0], [72, 80, 3, 1, 3, 0, 0, 0, 0, 0, 0, 0, 0, 0], [1, 4, 211, 7, 3, 0, 0, 0, 0, 3, 0, 0, 0, 0], [1, 2, 11, 48, 6, 0, 0, 0, 0, 2, 0, 0, 0, 0], [0, 0, 0, 11, 207, 0, 0, 0, 0, 1, 0, 0, 2, 0], [0, 0, 0, 2, 9, 4, 0, 0, 0, 2, 0, 0, 0, 0], [0, 0, 2, 0, 5, 0, 0, 0, 0, 0, 0, 0, 0, 0], [0, 0, 0, 2, 8, 0, 0, 5, 0, 0, 0, 1, 1, 0], [0, 0, 0, 0, 7, 0, 0, 0, 1, 2, 0, 2, 0, 0], [0, 0, 0, 1, 12, 0, 0, 0, 0, 3, 0, 0, 0, 0], [0, 0, 0, 0, 8, 0, 0, 0, 0, 1, 0, 0, 0, 0], [0, 0, 1, 2, 8, 0, 0, 0, 0, 2, 0, 5, 1, 0], [1, 0, 0, 3, 5, 0, 0, 0, 0, 3, 0, 0, 4, 0], [0, 0, 0, 1, 9, 0, 0, 0, 0, 1, 0, 1, 1, 0]]"
source_expansion_Faces_to_PetImages_to_GarbageDataset,logistic_regression,hddm_w,0.55,2,2042,0.6222707638554905,0.592255132594549,0.6041792269981588,0.779,0.6222707638554905,0.592255132594549,0.6041792269981588,0.63,0.84,0.764,0.5698928009494117,0.5937848918587922,0.5789756679663928,0.63,0.81,1.0,"[[126, 63, 2, 4, 0, 0, 0, 0, 0, 0, 0, 0, 0, 0], [64, 89, 5, 1, 0, 0, 0, 0, 0, 0, 0, 0, 0, 0], [1, 0, 220, 7, 0, 0, 0, 0, 0, 0, 0, 1, 0, 0], [0, 1, 6, 63, 0, 0, 0, 0, 0, 0, 0, 0, 0, 0], [0, 0, 1, 2, 214, 0, 0, 1, 1, 1, 1, 0, 0, 0], [1, 0, 0, 1, 0, 13, 0, 0, 0, 0, 0, 0, 2, 0], [0, 0, 0, 0, 3, 0, 0, 1, 0, 1, 1, 0, 0, 1], [2, 0, 0, 0, 1, 0, 0, 14, 0, 0, 0, 0, 0, 0], [0, 0, 0, 0, 1, 0, 0, 0, 4, 3, 0, 4, 0, 0], [0, 0, 0, 0, 2, 0, 0, 0, 2, 7, 1, 1, 2, 1], [0, 0, 0, 0, 5, 0, 1, 0, 0, 1, 2, 0, 0, 0], [0, 0, 0, 1, 2, 0, 0, 0, 3, 1, 1, 10, 0, 1], [0, 0, 0, 0, 1, 1, 1, 0, 0, 0, 0, 1, 11, 1], [0, 0, 0, 2, 2, 0, 0, 0, 0, 0, 0, 0, 3, 6]]","[[124, 65, 2, 3, 0, 0, 0, 0, 0, 1, 0, 0, 0, 0], [65, 88, 5, 1, 0, 0, 0, 0, 0, 0, 0, 0, 0, 0], [1, 0, 218, 8, 0, 0, 0, 0, 0, 0, 1, 1, 0, 0], [0, 1, 5, 63, 0, 0, 0, 1, 0, 0, 0, 0, 0, 0], [0, 0, 1, 1, 203, 0, 1, 2, 1, 4, 2, 3, 2, 1], [1, 0, 0, 0, 0, 14, 0, 0, 0, 0, 0, 0, 2, 0], [0, 0, 0, 0, 2, 1, 0, 1, 0, 0, 1, 1, 0, 1], [2, 0, 0, 0, 1, 0, 0, 14, 0, 0, 0, 0, 0, 0], [0, 0, 0, 0, 0, 0, 0, 0, 3, 1, 1, 6, 1, 0], [1, 0, 0, 0, 0, 0, 0, 0, 2, 7, 1, 3, 1, 1], [0, 1, 0, 0, 1, 0, 1, 2, 0, 1, 3, 0, 0, 0], [0, 0, 0, 1, 2, 0, 0, 0, 2, 2, 0, 9, 0, 3], [0, 0, 0, 0, 1, 1, 0, 0, 0, 0, 0, 1, 12, 1], [0, 0, 1, 1, 0, 1, 0, 1, 0, 0, 0, 1, 2, 6]]"
source_expansion_Faces_to_PetImages_to_GarbageDataset,hoeffding_tree,hddm_w,0.55,2,2042,0.3595463536973365,0.29046389242264803,0.29634490106567896,0.593,0.3595463536973365,0.29046389242264803,0.29634490106567896,0.64,0.62,0.604,0.21729470489151018,0.2308912270772767,0.21945059777850892,0.64,0.53,2.0,"[[123, 43, 0, 14, 1, 0, 6, 2, 4, 1, 1, 0, 0, 0], [68, 75, 1, 8, 1, 0, 4, 0, 2, 0, 0, 0, 0, 0], [0, 15, 174, 14, 5, 0, 19, 0, 0, 2, 0, 0, 0, 0], [1, 16, 2, 45, 2, 0, 1, 0, 0, 1, 2, 0, 0, 0], [1, 5, 0, 3, 164, 0, 7, 1, 17, 13, 9, 1, 0, 0], [0, 8, 0, 1, 0, 4, 0, 1, 0, 2, 1, 0, 0, 0], [0, 2, 1, 0, 2, 0, 1, 0, 0, 1, 0, 0, 0, 0], [0, 12, 0, 0, 0, 1, 1, 2, 0, 1, 0, 0, 0, 0], [0, 4, 0, 0, 1, 0, 0, 0, 1, 3, 1, 2, 0, 0], [0, 9, 0, 0, 0, 0, 0, 1, 2, 2, 2, 0, 0, 0], [0, 2, 1, 0, 2, 0, 0, 0, 1, 3, 0, 0, 0, 0], [0, 10, 0, 0, 1, 0, 1, 1, 1, 3, 1, 1, 0, 0], [0, 10, 0, 1, 0, 0, 0, 1, 0, 2, 1, 0, 1, 0], [0, 3, 0, 1, 2, 0, 0, 1, 2, 0, 1, 1, 2, 0]]","[[101, 50, 20, 5, 19, 0, 0, 0, 0, 0, 0, 0, 0, 0], [55, 78, 10, 3, 13, 0, 0, 0, 0, 0, 0, 0, 0, 0], [8, 5, 196, 10, 10, 0, 0, 0, 0, 0, 0, 0, 0, 0], [3, 5, 15, 34, 13, 0, 0, 0, 0, 0, 0, 0, 0, 0], [0, 0, 25, 1, 195, 0, 0, 0, 0, 0, 0, 0, 0, 0], [0, 0, 4, 0, 13, 0, 0, 0, 0, 0, 0, 0, 0, 0], [0, 0, 2, 0, 5, 0, 0, 0, 0, 0, 0, 0, 0, 0], [0, 0, 3, 0, 14, 0, 0, 0, 0, 0, 0, 0, 0, 0], [0, 0, 0, 0, 12, 0, 0, 0, 0, 0, 0, 0, 0, 0], [0, 0, 3, 0, 13, 0, 0, 0, 0, 0, 0, 0, 0, 0], [0, 0, 1, 0, 8, 0, 0, 0, 0, 0, 0, 0, 0, 0], [0, 0, 5, 0, 14, 0, 0, 0, 0, 0, 0, 0, 0, 0], [0, 0, 3, 0, 13, 0, 0, 0, 0, 0, 0, 0, 0, 0], [0, 0, 2, 0, 11, 0, 0, 0, 0, 0, 0, 0, 0, 0]]"
source_expansion_Faces_to_PetImages_to_GarbageDataset,gaussian_nb,hddm_w,0.55,2,2042,0.6513133632784749,0.4909348753206154,0.5342651243626448,0.748,0.6513133632784749,0.4909348753206154,0.5342651243626448,0.5900000000000001,0.78,0.745,0.6492120037145799,0.49361224601681236,0.5248059779628232,0.5900000000000001,0.79,1.0,"[[145, 50, 0, 0, 0, 0, 0, 0, 0, 0, 0, 0, 0, 0], [78, 81, 0, 0, 0, 0, 0, 0, 0, 0, 0, 0, 0, 0], [0, 5, 213, 11, 0, 0, 0, 0, 0, 0, 0, 0, 0, 0], [0, 4, 4, 62, 0, 0, 0, 0, 0, 0, 0, 0, 0, 0], [0, 7, 0, 6, 200, 0, 0, 0, 1, 6, 1, 0, 0, 0], [0, 8, 0, 1, 0, 7, 0, 0, 0, 0, 0, 0, 1, 0], [0, 3, 1, 0, 1, 0, 0, 0, 0, 2, 0, 0, 0, 0], [0, 6, 0, 0, 0, 0, 0, 11, 0, 0, 0, 0, 0, 0], [0, 2, 0, 0, 1, 0, 0, 0, 4, 3, 0, 2, 0, 0], [0, 9, 0, 0, 1, 0, 0, 0, 1, 5, 0, 0, 0, 0], [0, 4, 0, 0, 1, 0, 2, 0, 0, 2, 0, 0, 0, 0], [0, 5, 1, 0, 1, 0, 0, 0, 1, 1, 0, 10, 0, 0], [0, 8, 0, 1, 0, 0, 0, 0, 0, 0, 0, 0, 7, 0], [0, 6, 0, 1, 0, 0, 0, 0, 0, 1, 0, 0, 2, 3]]","[[140, 55, 0, 0, 0, 0, 0, 0, 0, 0, 0, 0, 0, 0], [80, 79, 0, 0, 0, 0, 0, 0, 0, 0, 0, 0, 0, 0], [0, 5, 213, 11, 0, 0, 0, 0, 0, 0, 0, 0, 0, 0], [1, 4, 5, 59, 1, 0, 0, 0, 0, 0, 0, 0, 0, 0], [1, 2, 0, 5, 205, 0, 0, 0, 0, 8, 0, 0, 0, 0], [2, 0, 1, 0, 4, 8, 0, 0, 0, 1, 0, 0, 1, 0], [0, 2, 0, 0, 2, 0, 0, 0, 0, 2, 1, 0, 0, 0], [3, 1, 1, 0, 1, 0, 0, 11, 0, 0, 0, 0, 0, 0], [0, 0, 0, 0, 2, 0, 0, 0, 3, 4, 0, 3, 0, 0], [1, 0, 0, 0, 4, 0, 0, 0, 1, 8, 0, 1, 1, 0], [0, 0, 0, 0, 5, 0, 2, 0, 0, 2, 0, 0, 0, 0], [1, 0, 2, 0, 4, 0, 0, 0, 0, 3, 0, 9, 0, 0], [0, 1, 2, 0, 3, 0, 0, 0, 0, 2, 0, 0, 8, 0], [0, 1, 0, 1, 4, 0, 0, 0, 0, 3, 0, 0, 2, 2]]"
source_expansion_Faces_to_PetImages_to_GarbageDataset,logistic_regression,kswin,0.55,3,3042,0.6008172454381787,0.525135374633947,0.5352020871701616,0.746,0.6008172454381787,0.525135374633947,0.5352020871701616,0.51,0.8200000000000001,0.736,0.5945581380662134,0.5274334231915528,0.5425203751023862,0.51,0.84,1.0,"[[150, 86, 5, 7, 0, 0, 0, 0, 1, 0, 0, 0, 1, 0], [85, 112, 3, 6, 0, 0, 0, 0, 0, 0, 0, 0, 1, 0], [0, 3, 230, 5, 0, 0, 0, 0, 0, 0, 0, 0, 0, 0], [0, 1, 6, 65, 0, 1, 0, 0, 0, 0, 0, 0, 0, 0], [0, 0, 0, 1, 152, 1, 0, 0, 1, 0, 0, 0, 0, 0], [0, 0, 1, 1, 0, 1, 0, 0, 0, 0, 0, 0, 1, 0], [0, 0, 0, 0, 2, 1, 1, 0, 0, 0, 2, 0, 1, 0], [0, 0, 1, 1, 0, 0, 0, 4, 0, 0, 0, 0, 1, 0], [0, 0, 0, 0, 2, 0, 0, 0, 7, 1, 0, 2, 0, 1], [0, 0, 1, 0, 0, 0, 0, 0, 0, 2, 0, 1, 2, 1], [0, 0, 0, 1, 2, 0, 0, 0, 0, 1, 0, 1, 0, 0], [0, 0, 0, 0, 2, 0, 0, 0, 3, 0, 0, 6, 0, 0], [0, 0, 0, 1, 0, 0, 0, 1, 2, 0, 0, 0, 15, 0], [0, 0, 0, 0, 2, 0, 0, 0, 0, 0, 0, 1, 0, 1]]","[[145, 96, 3, 4, 1, 0, 0, 0, 1, 0, 0, 0, 0, 0], [88, 112, 3, 3, 0, 0, 0, 0, 0, 0, 0, 0, 1, 0], [1, 3, 225, 9, 0, 0, 0, 0, 0, 0, 0, 0, 0, 0], [1, 0, 6, 66, 0, 0, 0, 0, 0, 0, 0, 0, 0, 0], [0, 0, 0, 2, 151, 1, 0, 0, 1, 0, 0, 0, 0, 0], [0, 0, 0, 0, 0, 2, 0, 0, 0, 0, 1, 0, 1, 0], [0, 0, 0, 0, 1, 1, 2, 0, 0, 0, 1, 0, 1, 1], [0, 0, 1, 1, 0, 0, 0, 4, 0, 0, 0, 0, 1, 0], [0, 0, 1, 0, 3, 0, 0, 0, 6, 1, 0, 1, 0, 1], [0, 0, 0, 0, 0, 0, 0, 0, 0, 2, 1, 1, 3, 0], [0, 0, 0, 0, 3, 0, 0, 0, 0, 1, 0, 1, 0, 0], [0, 0, 0, 1, 1, 0, 0, 0, 3, 0, 0, 6, 0, 0], [1, 0, 0, 0, 0, 0, 0, 1, 2, 0, 0, 0, 15, 0], [0, 0, 0, 0, 3, 0, 0, 0, 0, 0, 0, 1, 0, 0]]"
source_expansion_Faces_to_PetImages_to_GarbageDataset,hoeffding_tree,kswin,0.55,3,3042,0.367867263680063,0.2723742786518921,0.26719608193195993,0.549,0.367867263680063,0.2723742786518921,0.26719608193195993,0.6,0.64,0.552,0.19299997951113568,0.19833175046037166,0.18304376739453015,0.6,0.51,4.0,"[[228, 12, 0, 0, 0, 1, 0, 3, 1, 0, 2, 1, 2, 0], [172, 26, 0, 0, 0, 1, 0, 1, 0, 0, 1, 1, 5, 0], [19, 8, 167, 4, 1, 2, 1, 12, 0, 0, 9, 1, 14, 0], [11, 6, 9, 36, 0, 0, 0, 3, 2, 0, 2, 1, 3, 0], [1, 5, 0, 2, 85, 13, 2, 19, 1, 0, 22, 1, 4, 0], [0, 3, 0, 0, 0, 1, 0, 0, 0, 0, 0, 0, 0, 0], [0, 1, 0, 0, 1, 1, 1, 1, 0, 0, 1, 1, 0, 0], [3, 2, 0, 0, 0, 0, 0, 1, 0, 0, 1, 0, 0, 0], [0, 6, 0, 0, 1, 2, 0, 1, 2, 0, 1, 0, 0, 0], [0, 5, 0, 0, 1, 0, 0, 0, 0, 1, 0, 0, 0, 0], [0, 1, 0, 0, 2, 0, 0, 0, 0, 0, 1, 1, 0, 0], [0, 4, 0, 0, 1, 2, 0, 0, 1, 0, 2, 0, 1, 0], [0, 14, 0, 0, 0, 2, 0, 1, 0, 0, 2, 0, 0, 0], [0, 2, 0, 0, 0, 0, 0, 1, 0, 0, 1, 0, 0, 0]]","[[205, 22, 11, 2, 9, 0, 0, 0, 0, 0, 0, 0, 1, 0], [155, 27, 14, 5, 4, 0, 0, 0, 0, 0, 0, 0, 2, 0], [23, 6, 180, 8, 16, 0, 0, 0, 0, 0, 0, 0, 5, 0], [10, 3, 24, 23, 11, 0, 0, 0, 0, 0, 0, 0, 2, 0], [2, 0, 30, 5, 117, 0, 0, 0, 0, 0, 0, 0, 1, 0], [0, 0, 0, 0, 4, 0, 0, 0, 0, 0, 0, 0, 0, 0], [0, 0, 3, 0, 4, 0, 0, 0, 0, 0, 0, 0, 0, 0], [0, 0, 1, 0, 6, 0, 0, 0, 0, 0, 0, 0, 0, 0], [0, 0, 1, 0, 12, 0, 0, 0, 0, 0, 0, 0, 0, 0], [0, 0, 0, 0, 7, 0, 0, 0, 0, 0, 0, 0, 0, 0], [0, 0, 1, 0, 4, 0, 0, 0, 0, 0, 0, 0, 0, 0], [0, 0, 2, 0, 9, 0, 0, 0, 0, 0, 0, 0, 0, 0], [1, 0, 2, 1, 15, 0, 0, 0, 0, 0, 0, 0, 0, 0], [0, 0, 1, 0, 3, 0, 0, 0, 0, 0, 0, 0, 0, 0]]"
source_expansion_Faces_to_PetImages_to_GarbageDataset,gaussian_nb,kswin,0.55,3,3042,0.49759662489454654,0.38326261132089307,0.40855057150411017,0.737,0.49759662489454654,0.38326261132089307,0.40855057150411017,0.52,0.75,0.723,0.48314964448297737,0.37761729297465824,0.3997850389829474,0.52,0.76,1.0,"[[188, 62, 0, 0, 0, 0, 0, 0, 0, 0, 0, 0, 0, 0], [111, 96, 0, 0, 0, 0, 0, 0, 0, 0, 0, 0, 0, 0], [0, 7, 226, 5, 0, 0, 0, 0, 0, 0, 0, 0, 0, 0], [0, 6, 3, 64, 0, 0, 0, 0, 0, 0, 0, 0, 0, 0], [0, 7, 0, 3, 142, 0, 0, 0, 0, 3, 0, 0, 0, 0], [0, 4, 0, 0, 0, 0, 0, 0, 0, 0, 0, 0, 0, 0], [0, 3, 0, 0, 2, 0, 1, 0, 0, 0, 0, 0, 1, 0], [4, 3, 0, 0, 0, 0, 0, 0, 0, 0, 0, 0, 0, 0], [0, 4, 0, 1, 2, 0, 0, 0, 4, 1, 0, 1, 0, 0], [0, 4, 0, 0, 1, 0, 0, 0, 0, 0, 0, 2, 0, 0], [0, 2, 0, 0, 3, 0, 0, 0, 0, 0, 0, 0, 0, 0], [0, 5, 0, 0, 1, 0, 0, 0, 2, 0, 0, 3, 0, 0], [0, 6, 0, 0, 0, 0, 0, 0, 0, 0, 0, 0, 13, 0], [0, 3, 0, 0, 1, 0, 0, 0, 0, 0, 0, 0, 0, 0]]","[[193, 57, 0, 0, 0, 0, 0, 0, 0, 0, 0, 0, 0, 0], [130, 77, 0, 0, 0, 0, 0, 0, 0, 0, 0, 0, 0, 0], [3, 4, 226, 5, 0, 0, 0, 0, 0, 0, 0, 0, 0, 0], [1, 6, 3, 63, 0, 0, 0, 0, 0, 0, 0, 0, 0, 0], [0, 6, 0, 4, 143, 0, 0, 0, 0, 2, 0, 0, 0, 0], [0, 4, 0, 0, 0, 0, 0, 0, 0, 0, 0, 0, 0, 0], [0, 3, 0, 0, 2, 0, 1, 0, 0, 0, 0, 0, 1, 0], [3, 4, 0, 0, 0, 0, 0, 0, 0, 0, 0, 0, 0, 0], [0, 2, 0, 2, 3, 0, 0, 0, 4, 1, 0, 1, 0, 0], [0, 3, 0, 0, 2, 0, 0, 0, 0, 0, 0, 2, 0, 0], [0, 2, 0, 0, 3, 0, 0, 0, 0, 0, 0, 0, 0, 0], [0, 4, 0, 0, 1, 0, 0, 0, 3, 0, 0, 3, 0, 0], [0, 5, 0, 0, 1, 0, 0, 0, 0, 0, 0, 0, 13, 0], [0, 2, 0, 0, 2, 0, 0, 0, 0, 0, 0, 0, 0, 0]]"
source_expansion_Faces_to_PetImages_to_GarbageDataset,logistic_regression,adwin,0.55,3,3042,0.6008172454381787,0.525135374633947,0.5352020871701616,0.746,0.6008172454381787,0.525135374633947,0.5352020871701616,0.51,0.8200000000000001,0.724,0.5727102031589995,0.5002921692883529,0.5145433403385546,0.51,0.84,1.0,"[[150, 86, 5, 7, 0, 0, 0, 0, 1, 0, 0, 0, 1, 0], [85, 112, 3, 6, 0, 0, 0, 0, 0, 0, 0, 0, 1, 0], [0, 3, 230, 5, 0, 0, 0, 0, 0, 0, 0, 0, 0, 0], [0, 1, 6, 65, 0, 1, 0, 0, 0, 0, 0, 0, 0, 0], [0, 0, 0, 1, 152, 1, 0, 0, 1, 0, 0, 0, 0, 0], [0, 0, 1, 1, 0, 1, 0, 0, 0, 0, 0, 0, 1, 0], [0, 0, 0, 0, 2, 1, 1, 0, 0, 0, 2, 0, 1, 0], [0, 0, 1, 1, 0, 0, 0, 4, 0, 0, 0, 0, 1, 0], [0, 0, 0, 0, 2, 0, 0, 0, 7, 1, 0, 2, 0, 1], [0, 0, 1, 0, 0, 0, 0, 0, 0, 2, 0, 1, 2, 1], [0, 0, 0, 1, 2, 0, 0, 0, 0, 1, 0, 1, 0, 0], [0, 0, 0, 0, 2, 0, 0, 0, 3, 0, 0, 6, 0, 0], [0, 0, 0, 1, 0, 0, 0, 1, 2, 0, 0, 0, 15, 0], [0, 0, 0, 0, 2, 0, 0, 0, 0, 0, 0, 1, 0, 1]]","[[147, 90, 5, 6, 0, 0, 0, 0, 1, 0, 0, 1, 0, 0], [91, 103, 4, 7, 0, 0, 0, 0, 0, 0, 0, 0, 2, 0], [1, 2, 222, 12, 1, 0, 0, 0, 0, 0, 0, 0, 0, 0], [1, 0, 6, 66, 0, 0, 0, 0, 0, 0, 0, 0, 0, 0], [0, 0, 0, 3, 152, 0, 0, 0, 0, 0, 0, 0, 0, 0], [0, 0, 0, 1, 0, 2, 0, 0, 0, 0, 1, 0, 0, 0], [0, 0, 0, 0, 1, 1, 2, 0, 0, 0, 2, 0, 1, 0], [1, 0, 0, 1, 0, 0, 0, 3, 0, 0, 0, 0, 2, 0], [0, 0, 1, 0, 3, 1, 0, 0, 6, 1, 0, 0, 0, 1], [0, 0, 0, 0, 1, 0, 0, 0, 1, 1, 0, 0, 3, 1], [0, 0, 0, 0, 3, 0, 0, 0, 0, 1, 0, 1, 0, 0], [0, 0, 0, 1, 1, 0, 0, 0, 3, 0, 0, 6, 0, 0], [1, 0, 0, 0, 0, 0, 0, 1, 2, 0, 0, 0, 14, 1], [0, 0, 0, 0, 3, 0, 0, 0, 0, 0, 0, 1, 0, 0]]"
source_expansion_Faces_to_PetImages_to_GarbageDataset,hoeffding_tree,adwin,0.55,3,3042,0.367867263680063,0.2723742786518921,0.26719608193195993,0.549,0.367867263680063,0.2723742786518921,0.26719608193195993,0.6,0.64,0.531,0.1963071563598303,0.18660898838584022,0.16833869315530028,0.6,0.51,3.0,"[[228, 12, 0, 0, 0, 1, 0, 3, 1, 0, 2, 1, 2, 0], [172, 26, 0, 0, 0, 1, 0, 1, 0, 0, 1, 1, 5, 0], [19, 8, 167, 4, 1, 2, 1, 12, 0, 0, 9, 1, 14, 0], [11, 6, 9, 36, 0, 0, 0, 3, 2, 0, 2, 1, 3, 0], [1, 5, 0, 2, 85, 13, 2, 19, 1, 0, 22, 1, 4, 0], [0, 3, 0, 0, 0, 1, 0, 0, 0, 0, 0, 0, 0, 0], [0, 1, 0, 0, 1, 1, 1, 1, 0, 0, 1, 1, 0, 0], [3, 2, 0, 0, 0, 0, 0, 1, 0, 0, 1, 0, 0, 0], [0, 6, 0, 0, 1, 2, 0, 1, 2, 0, 1, 0, 0, 0], [0, 5, 0, 0, 1, 0, 0, 0, 0, 1, 0, 0, 0, 0], [0, 1, 0, 0, 2, 0, 0, 0, 0, 0, 1, 1, 0, 0], [0, 4, 0, 0, 1, 2, 0, 0, 1, 0, 2, 0, 1, 0], [0, 14, 0, 0, 0, 2, 0, 1, 0, 0, 2, 0, 0, 0], [0, 2, 0, 0, 0, 0, 0, 1, 0, 0, 1, 0, 0, 0]]","[[205, 10, 21, 1, 11, 0, 0, 0, 0, 0, 0, 0, 2, 0], [165, 18, 15, 0, 6, 0, 0, 0, 0, 0, 0, 0, 3, 0], [24, 7, 167, 3, 25, 0, 0, 0, 0, 0, 0, 0, 12, 0], [11, 4, 28, 13, 14, 0, 0, 1, 0, 0, 0, 0, 2, 0], [8, 1, 12, 2, 128, 0, 0, 2, 0, 0, 0, 0, 2, 0], [0, 0, 0, 0, 4, 0, 0, 0, 0, 0, 0, 0, 0, 0], [2, 0, 0, 0, 5, 0, 0, 0, 0, 0, 0, 0, 0, 0], [0, 0, 1, 0, 6, 0, 0, 0, 0, 0, 0, 0, 0, 0], [0, 0, 1, 0, 12, 0, 0, 0, 0, 0, 0, 0, 0, 0], [0, 0, 0, 0, 7, 0, 0, 0, 0, 0, 0, 0, 0, 0], [1, 0, 0, 0, 4, 0, 0, 0, 0, 0, 0, 0, 0, 0], [1, 0, 0, 1, 9, 0, 0, 0, 0, 0, 0, 0, 0, 0], [1, 0, 0, 1, 17, 0, 0, 0, 0, 0, 0, 0, 0, 0], [0, 0, 1, 0, 3, 0, 0, 0, 0, 0, 0, 0, 0, 0]]"
source_expansion_Faces_to_PetImages_to_GarbageDataset,gaussian_nb,adwin,0.55,3,3042,0.49759662489454654,0.38326261132089307,0.40855057150411017,0.737,0.49759662489454654,0.38326261132089307,0.40855057150411017,0.52,0.75,0.722,0.5690448631901214,0.40210869436419433,0.4311187987492559,0.52,0.79,1.0,"[[188, 62, 0, 0, 0, 0, 0, 0, 0, 0, 0, 0, 0, 0], [111, 96, 0, 0, 0, 0, 0, 0, 0, 0, 0, 0, 0, 0], [0, 7, 226, 5, 0, 0, 0, 0, 0, 0, 0, 0, 0, 0], [0, 6, 3, 64, 0, 0, 0, 0, 0, 0, 0, 0, 0, 0], [0, 7, 0, 3, 142, 0, 0, 0, 0, 3, 0, 0, 0, 0], [0, 4, 0, 0, 0, 0, 0, 0, 0, 0, 0, 0, 0, 0], [0, 3, 0, 0, 2, 0, 1, 0, 0, 0, 0, 0, 1, 0], [4, 3, 0, 0, 0, 0, 0, 0, 0, 0, 0, 0, 0, 0], [0, 4, 0, 1, 2, 0, 0, 0, 4, 1, 0, 1, 0, 0], [0, 4, 0, 0, 1, 0, 0, 0, 0, 0, 0, 2, 0, 0], [0, 2, 0, 0, 3, 0, 0, 0, 0, 0, 0, 0, 0, 0], [0, 5, 0, 0, 1, 0, 0, 0, 2, 0, 0, 3, 0, 0], [0, 6, 0, 0, 0, 0, 0, 0, 0, 0, 0, 0, 13, 0], [0, 3, 0, 0, 1, 0, 0, 0, 0, 0, 0, 0, 0, 0]]","[[168, 82, 0, 0, 0, 0, 0, 0, 0, 0, 0, 0, 0, 0], [101, 106, 0, 0, 0, 0, 0, 0, 0, 0, 0, 0, 0, 0], [0, 12, 220, 6, 0, 0, 0, 0, 0, 0, 0, 0, 0, 0], [0, 8, 5, 60, 0, 0, 0, 0, 0, 0, 0, 0, 0, 0], [0, 0, 0, 9, 144, 0, 0, 0, 0, 2, 0, 0, 0, 0], [0, 2, 0, 2, 0, 0, 0, 0, 0, 0, 0, 0, 0, 0], [0, 0, 1, 2, 2, 0, 1, 0, 0, 0, 0, 0, 1, 0], [0, 3, 0, 3, 0, 0, 0, 1, 0, 0, 0, 0, 0, 0], [0, 0, 1, 1, 4, 0, 0, 0, 5, 1, 0, 1, 0, 0], [0, 0, 0, 1, 3, 0, 0, 0, 1, 1, 0, 1, 0, 0], [0, 0, 0, 2, 3, 0, 0, 0, 0, 0, 0, 0, 0, 0], [0, 1, 2, 1, 1, 0, 0, 0, 3, 0, 0, 3, 0, 0], [0, 1, 1, 3, 1, 0, 0, 0, 0, 0, 0, 0, 13, 0], [0, 0, 2, 0, 2, 0, 0, 0, 0, 0, 0, 0, 0, 0]]"
source_expansion_Faces_to_PetImages_to_GarbageDataset,logistic_regression,page_hinkley,0.55,3,3042,0.6008172454381787,0.525135374633947,0.5352020871701616,0.746,0.6008172454381787,0.525135374633947,0.5352020871701616,0.51,0.8200000000000001,0.736,0.592081681890735,0.5239741447433314,0.5396859041051963,0.51,0.84,1.0,"[[150, 86, 5, 7, 0, 0, 0, 0, 1, 0, 0, 0, 1, 0], [85, 112, 3, 6, 0, 0, 0, 0, 0, 0, 0, 0, 1, 0], [0, 3, 230, 5, 0, 0, 0, 0, 0, 0, 0, 0, 0, 0], [0, 1, 6, 65, 0, 1, 0, 0, 0, 0, 0, 0, 0, 0], [0, 0, 0, 1, 152, 1, 0, 0, 1, 0, 0, 0, 0, 0], [0, 0, 1, 1, 0, 1, 0, 0, 0, 0, 0, 0, 1, 0], [0, 0, 0, 0, 2, 1, 1, 0, 0, 0, 2, 0, 1, 0], [0, 0, 1, 1, 0, 0, 0, 4, 0, 0, 0, 0, 1, 0], [0, 0, 0, 0, 2, 0, 0, 0, 7, 1, 0, 2, 0, 1], [0, 0, 1, 0, 0, 0, 0, 0, 0, 2, 0, 1, 2, 1], [0, 0, 0, 1, 2, 0, 0, 0, 0, 1, 0, 1, 0, 0], [0, 0, 0, 0, 2, 0, 0, 0, 3, 0, 0, 6, 0, 0], [0, 0, 0, 1, 0, 0, 0, 1, 2, 0, 0, 0, 15, 0], [0, 0, 0, 0, 2, 0, 0, 0, 0, 0, 0, 1, 0, 1]]","[[145, 95, 3, 4, 1, 0, 0, 0, 1, 0, 0, 1, 0, 0], [88, 112, 3, 4, 0, 0, 0, 0, 0, 0, 0, 0, 0, 0], [1, 3, 226, 8, 0, 0, 0, 0, 0, 0, 0, 0, 0, 0], [0, 0, 7, 66, 0, 0, 0, 0, 0, 0, 0, 0, 0, 0], [0, 0, 0, 3, 151, 1, 0, 0, 0, 0, 0, 0, 0, 0], [0, 0, 0, 0, 0, 2, 0, 0, 0, 0, 1, 0, 1, 0], [0, 0, 0, 0, 1, 1, 2, 0, 0, 0, 1, 0, 1, 1], [0, 0, 0, 1, 0, 0, 0, 4, 0, 0, 0, 0, 2, 0], [0, 0, 1, 0, 3, 0, 0, 0, 6, 1, 0, 1, 0, 1], [0, 0, 0, 0, 0, 0, 0, 0, 0, 2, 1, 1, 3, 0], [0, 0, 0, 0, 3, 0, 0, 0, 0, 1, 0, 1, 0, 0], [0, 0, 0, 1, 1, 0, 0, 0, 3, 0, 0, 6, 0, 0], [1, 0, 0, 0, 0, 0, 0, 1, 2, 0, 0, 0, 14, 1], [0, 0, 0, 0, 3, 0, 0, 0, 0, 0, 0, 1, 0, 0]]"
source_expansion_Faces_to_PetImages_to_GarbageDataset,hoeffding_tree,page_hinkley,0.55,3,3042,0.367867263680063,0.2723742786518921,0.26719608193195993,0.549,0.367867263680063,0.2723742786518921,0.26719608193195993,0.6,0.64,0.542,0.1953805336835086,0.19129815223495047,0.17749872676343267,0.6,0.51,4.0,"[[228, 12, 0, 0, 0, 1, 0, 3, 1, 0, 2, 1, 2, 0], [172, 26, 0, 0, 0, 1, 0, 1, 0, 0, 1, 1, 5, 0], [19, 8, 167, 4, 1, 2, 1, 12, 0, 0, 9, 1, 14, 0], [11, 6, 9, 36, 0, 0, 0, 3, 2, 0, 2, 1, 3, 0], [1, 5, 0, 2, 85, 13, 2, 19, 1, 0, 22, 1, 4, 0], [0, 3, 0, 0, 0, 1, 0, 0, 0, 0, 0, 0, 0, 0], [0, 1, 0, 0, 1, 1, 1, 1, 0, 0, 1, 1, 0, 0], [3, 2, 0, 0, 0, 0, 0, 1, 0, 0, 1, 0, 0, 0], [0, 6, 0, 0, 1, 2, 0, 1, 2, 0, 1, 0, 0, 0], [0, 5, 0, 0, 1, 0, 0, 0, 0, 1, 0, 0, 0, 0], [0, 1, 0, 0, 2, 0, 0, 0, 0, 0, 1, 1, 0, 0], [0, 4, 0, 0, 1, 2, 0, 0, 1, 0, 2, 0, 1, 0], [0, 14, 0, 0, 0, 2, 0, 1, 0, 0, 2, 0, 0, 0], [0, 2, 0, 0, 0, 0, 0, 1, 0, 0, 1, 0, 0, 0]]","[[195, 26, 18, 0, 10, 0, 0, 0, 0, 0, 0, 0, 1, 0], [146, 29, 26, 0, 4, 0, 0, 0, 0, 0, 0, 0, 2, 0], [12, 19, 182, 1, 17, 0, 0, 0, 0, 0, 0, 0, 7, 0], [7, 8, 28, 16, 12, 0, 0, 0, 0, 0, 0, 0, 2, 0], [2, 1, 26, 5, 120, 0, 0, 0, 0, 0, 0, 0, 1, 0], [0, 0, 0, 0, 4, 0, 0, 0, 0, 0, 0, 0, 0, 0], [0, 0, 3, 0, 4, 0, 0, 0, 0, 0, 0, 0, 0, 0], [0, 0, 1, 0, 6, 0, 0, 0, 0, 0, 0, 0, 0, 0], [0, 0, 1, 0, 12, 0, 0, 0, 0, 0, 0, 0, 0, 0], [0, 0, 0, 0, 7, 0, 0, 0, 0, 0, 0, 0, 0, 0], [0, 0, 1, 0, 4, 0, 0, 0, 0, 0, 0, 0, 0, 0], [0, 0, 2, 0, 9, 0, 0, 0, 0, 0, 0, 0, 0, 0], [0, 0, 1, 1, 17, 0, 0, 0, 0, 0, 0, 0, 0, 0], [0, 0, 1, 0, 3, 0, 0, 0, 0, 0, 0, 0, 0, 0]]"
source_expansion_Faces_to_PetImages_to_GarbageDataset,gaussian_nb,page_hinkley,0.55,3,3042,0.49759662489454654,0.38326261132089307,0.40855057150411017,0.737,0.49759662489454654,0.38326261132089307,0.40855057150411017,0.52,0.75,0.694,0.34543906043075484,0.31368361826036295,0.3172670348101219,0.52,0.6599999999999999,2.0,"[[188, 62, 0, 0, 0, 0, 0, 0, 0, 0, 0, 0, 0, 0], [111, 96, 0, 0, 0, 0, 0, 0, 0, 0, 0, 0, 0, 0], [0, 7, 226, 5, 0, 0, 0, 0, 0, 0, 0, 0, 0, 0], [0, 6, 3, 64, 0, 0, 0, 0, 0, 0, 0, 0, 0, 0], [0, 7, 0, 3, 142, 0, 0, 0, 0, 3, 0, 0, 0, 0], [0, 4, 0, 0, 0, 0, 0, 0, 0, 0, 0, 0, 0, 0], [0, 3, 0, 0, 2, 0, 1, 0, 0, 0, 0, 0, 1, 0], [4, 3, 0, 0, 0, 0, 0, 0, 0, 0, 0, 0, 0, 0], [0, 4, 0, 1, 2, 0, 0, 0, 4, 1, 0, 1, 0, 0], [0, 4, 0, 0, 1, 0, 0, 0, 0, 0, 0, 2, 0, 0], [0, 2, 0, 0, 3, 0, 0, 0, 0, 0, 0, 0, 0, 0], [0, 5, 0, 0, 1, 0, 0, 0, 2, 0, 0, 3, 0, 0], [0, 6, 0, 0, 0, 0, 0, 0, 0, 0, 0, 0, 13, 0], [0, 3, 0, 0, 1, 0, 0, 0, 0, 0, 0, 0, 0, 0]]","[[167, 78, 1, 1, 3, 0, 0, 0, 0, 0, 0, 0, 0, 0], [107, 96, 1, 0, 3, 0, 0, 0, 0, 0, 0, 0, 0, 0], [4, 6, 218, 7, 3, 0, 0, 0, 0, 0, 0, 0, 0, 0], [2, 4, 5, 57, 5, 0, 0, 0, 0, 0, 0, 0, 0, 0], [0, 0, 2, 8, 145, 0, 0, 0, 0, 0, 0, 0, 0, 0], [0, 0, 0, 1, 3, 0, 0, 0, 0, 0, 0, 0, 0, 0], [0, 0, 0, 2, 5, 0, 0, 0, 0, 0, 0, 0, 0, 0], [0, 1, 0, 2, 3, 0, 0, 0, 0, 1, 0, 0, 0, 0], [0, 0, 1, 0, 10, 0, 0, 0, 2, 0, 0, 0, 0, 0], [0, 0, 0, 0, 7, 0, 0, 0, 0, 0, 0, 0, 0, 0], [0, 0, 0, 2, 3, 0, 0, 0, 0, 0, 0, 0, 0, 0], [0, 0, 1, 2, 5, 0, 0, 0, 3, 0, 0, 0, 0, 0], [0, 0, 2, 4, 4, 0, 0, 0, 0, 0, 0, 0, 9, 0], [0, 0, 0, 0, 4, 0, 0, 0, 0, 0, 0, 0, 0, 0]]"
source_expansion_Faces_to_PetImages_to_GarbageDataset,logistic_regression,hddm_w,0.55,3,3042,0.6008172454381787,0.525135374633947,0.5352020871701616,0.746,0.6008172454381787,0.525135374633947,0.5352020871701616,0.51,0.8200000000000001,0.746,0.6008172454381787,0.525135374633947,0.5352020871701616,0.51,0.8200000000000001,0.0,"[[150, 86, 5, 7, 0, 0, 0, 0, 1, 0, 0, 0, 1, 0], [85, 112, 3, 6, 0, 0, 0, 0, 0, 0, 0, 0, 1, 0], [0, 3, 230, 5, 0, 0, 0, 0, 0, 0, 0, 0, 0, 0], [0, 1, 6, 65, 0, 1, 0, 0, 0, 0, 0, 0, 0, 0], [0, 0, 0, 1, 152, 1, 0, 0, 1, 0, 0, 0, 0, 0], [0, 0, 1, 1, 0, 1, 0, 0, 0, 0, 0, 0, 1, 0], [0, 0, 0, 0, 2, 1, 1, 0, 0, 0, 2, 0, 1, 0], [0, 0, 1, 1, 0, 0, 0, 4, 0, 0, 0, 0, 1, 0], [0, 0, 0, 0, 2, 0, 0, 0, 7, 1, 0, 2, 0, 1], [0, 0, 1, 0, 0, 0, 0, 0, 0, 2, 0, 1, 2, 1], [0, 0, 0, 1, 2, 0, 0, 0, 0, 1, 0, 1, 0, 0], [0, 0, 0, 0, 2, 0, 0, 0, 3, 0, 0, 6, 0, 0], [0, 0, 0, 1, 0, 0, 0, 1, 2, 0, 0, 0, 15, 0], [0, 0, 0, 0, 2, 0, 0, 0, 0, 0, 0, 1, 0, 1]]","[[150, 86, 5, 7, 0, 0, 0, 0, 1, 0, 0, 0, 1, 0], [85, 112, 3, 6, 0, 0, 0, 0, 0, 0, 0, 0, 1, 0], [0, 3, 230, 5, 0, 0, 0, 0, 0, 0, 0, 0, 0, 0], [0, 1, 6, 65, 0, 1, 0, 0, 0, 0, 0, 0, 0, 0], [0, 0, 0, 1, 152, 1, 0, 0, 1, 0, 0, 0, 0, 0], [0, 0, 1, 1, 0, 1, 0, 0, 0, 0, 0, 0, 1, 0], [0, 0, 0, 0, 2, 1, 1, 0, 0, 0, 2, 0, 1, 0], [0, 0, 1, 1, 0, 0, 0, 4, 0, 0, 0, 0, 1, 0], [0, 0, 0, 0, 2, 0, 0, 0, 7, 1, 0, 2, 0, 1], [0, 0, 1, 0, 0, 0, 0, 0, 0, 2, 0, 1, 2, 1], [0, 0, 0, 1, 2, 0, 0, 0, 0, 1, 0, 1, 0, 0], [0, 0, 0, 0, 2, 0, 0, 0, 3, 0, 0, 6, 0, 0], [0, 0, 0, 1, 0, 0, 0, 1, 2, 0, 0, 0, 15, 0], [0, 0, 0, 0, 2, 0, 0, 0, 0, 0, 0, 1, 0, 1]]"
source_expansion_Faces_to_PetImages_to_GarbageDataset,hoeffding_tree,hddm_w,0.55,3,3042,0.367867263680063,0.2723742786518921,0.26719608193195993,0.549,0.367867263680063,0.2723742786518921,0.26719608193195993,0.6,0.64,0.582,0.216026120510676,0.21150137579415842,0.1985383905364045,0.6,0.51,2.0,"[[228, 12, 0, 0, 0, 1, 0, 3, 1, 0, 2, 1, 2, 0], [172, 26, 0, 0, 0, 1, 0, 1, 0, 0, 1, 1, 5, 0], [19, 8, 167, 4, 1, 2, 1, 12, 0, 0, 9, 1, 14, 0], [11, 6, 9, 36, 0, 0, 0, 3, 2, 0, 2, 1, 3, 0], [1, 5, 0, 2, 85, 13, 2, 19, 1, 0, 22, 1, 4, 0], [0, 3, 0, 0, 0, 1, 0, 0, 0, 0, 0, 0, 0, 0], [0, 1, 0, 0, 1, 1, 1, 1, 0, 0, 1, 1, 0, 0], [3, 2, 0, 0, 0, 0, 0, 1, 0, 0, 1, 0, 0, 0], [0, 6, 0, 0, 1, 2, 0, 1, 2, 0, 1, 0, 0, 0], [0, 5, 0, 0, 1, 0, 0, 0, 0, 1, 0, 0, 0, 0], [0, 1, 0, 0, 2, 0, 0, 0, 0, 0, 1, 1, 0, 0], [0, 4, 0, 0, 1, 2, 0, 0, 1, 0, 2, 0, 1, 0], [0, 14, 0, 0, 0, 2, 0, 1, 0, 0, 2, 0, 0, 0], [0, 2, 0, 0, 0, 0, 0, 1, 0, 0, 1, 0, 0, 0]]","[[220, 14, 6, 0, 9, 0, 0, 0, 0, 0, 0, 0, 1, 0], [169, 26, 8, 0, 4, 0, 0, 0, 0, 0, 0, 0, 0, 0], [20, 7, 191, 4, 15, 0, 0, 0, 0, 0, 0, 0, 1, 0], [11, 10, 13, 30, 8, 0, 0, 0, 0, 0, 0, 0, 1, 0], [1, 2, 34, 3, 115, 0, 0, 0, 0, 0, 0, 0, 0, 0], [0, 0, 0, 0, 4, 0, 0, 0, 0, 0, 0, 0, 0, 0], [0, 0, 4, 0, 3, 0, 0, 0, 0, 0, 0, 0, 0, 0], [0, 0, 2, 0, 5, 0, 0, 0, 0, 0, 0, 0, 0, 0], [0, 0, 3, 0, 10, 0, 0, 0, 0, 0, 0, 0, 0, 0], [0, 0, 0, 0, 7, 0, 0, 0, 0, 0, 0, 0, 0, 0], [0, 0, 1, 0, 4, 0, 0, 0, 0, 0, 0, 0, 0, 0], [0, 0, 3, 0, 8, 0, 0, 0, 0, 0, 0, 0, 0, 0], [0, 1, 2, 0, 16, 0, 0, 0, 0, 0, 0, 0, 0, 0], [0, 0, 2, 0, 2, 0, 0, 0, 0, 0, 0, 0, 0, 0]]"
source_expansion_Faces_to_PetImages_to_GarbageDataset,gaussian_nb,hddm_w,0.55,3,3042,0.49759662489454654,0.38326261132089307,0.40855057150411017,0.737,0.49759662489454654,0.38326261132089307,0.40855057150411017,0.52,0.75,0.737,0.49759662489454654,0.38326261132089307,0.40855057150411017,0.52,0.75,0.0,"[[188, 62, 0, 0, 0, 0, 0, 0, 0, 0, 0, 0, 0, 0], [111, 96, 0, 0, 0, 0, 0, 0, 0, 0, 0, 0, 0, 0], [0, 7, 226, 5, 0, 0, 0, 0, 0, 0, 0, 0, 0, 0], [0, 6, 3, 64, 0, 0, 0, 0, 0, 0, 0, 0, 0, 0], [0, 7, 0, 3, 142, 0, 0, 0, 0, 3, 0, 0, 0, 0], [0, 4, 0, 0, 0, 0, 0, 0, 0, 0, 0, 0, 0, 0], [0, 3, 0, 0, 2, 0, 1, 0, 0, 0, 0, 0, 1, 0], [4, 3, 0, 0, 0, 0, 0, 0, 0, 0, 0, 0, 0, 0], [0, 4, 0, 1, 2, 0, 0, 0, 4, 1, 0, 1, 0, 0], [0, 4, 0, 0, 1, 0, 0, 0, 0, 0, 0, 2, 0, 0], [0, 2, 0, 0, 3, 0, 0, 0, 0, 0, 0, 0, 0, 0], [0, 5, 0, 0, 1, 0, 0, 0, 2, 0, 0, 3, 0, 0], [0, 6, 0, 0, 0, 0, 0, 0, 0, 0, 0, 0, 13, 0], [0, 3, 0, 0, 1, 0, 0, 0, 0, 0, 0, 0, 0, 0]]","[[188, 62, 0, 0, 0, 0, 0, 0, 0, 0, 0, 0, 0, 0], [111, 96, 0, 0, 0, 0, 0, 0, 0, 0, 0, 0, 0, 0], [0, 7, 226, 5, 0, 0, 0, 0, 0, 0, 0, 0, 0, 0], [0, 6, 3, 64, 0, 0, 0, 0, 0, 0, 0, 0, 0, 0], [0, 7, 0, 3, 142, 0, 0, 0, 0, 3, 0, 0, 0, 0], [0, 4, 0, 0, 0, 0, 0, 0, 0, 0, 0, 0, 0, 0], [0, 3, 0, 0, 2, 0, 1, 0, 0, 0, 0, 0, 1, 0], [4, 3, 0, 0, 0, 0, 0, 0, 0, 0, 0, 0, 0, 0], [0, 4, 0, 1, 2, 0, 0, 0, 4, 1, 0, 1, 0, 0], [0, 4, 0, 0, 1, 0, 0, 0, 0, 0, 0, 2, 0, 0], [0, 2, 0, 0, 3, 0, 0, 0, 0, 0, 0, 0, 0, 0], [0, 5, 0, 0, 1, 0, 0, 0, 2, 0, 0, 3, 0, 0], [0, 6, 0, 0, 0, 0, 0, 0, 0, 0, 0, 0, 13, 0], [0, 3, 0, 0, 1, 0, 0, 0, 0, 0, 0, 0, 0, 0]]"
source_expansion_Faces_to_PetImages_to_GarbageDataset,logistic_regression,kswin,0.55,4,4042,0.6036161254230633,0.5795201579478945,0.587294233233499,0.731,0.6036161254230633,0.5795201579478945,0.587294233233499,0.51,0.78,0.722,0.567070032073545,0.5654038940308991,0.5603405767869468,0.51,0.75,1.0,"[[118, 74, 5, 5, 0, 1, 0, 0, 1, 0, 0, 0, 0, 0], [87, 126, 3, 5, 0, 0, 0, 0, 0, 1, 0, 0, 1, 0], [2, 1, 152, 5, 0, 0, 0, 0, 0, 0, 0, 0, 0, 0], [1, 0, 3, 48, 0, 1, 0, 0, 0, 0, 1, 0, 0, 0], [0, 0, 0, 2, 221, 0, 1, 0, 1, 1, 0, 0, 2, 0], [0, 0, 1, 1, 0, 7, 0, 0, 1, 1, 0, 0, 0, 1], [0, 0, 0, 0, 5, 0, 5, 0, 0, 0, 3, 0, 0, 0], [0, 0, 1, 0, 0, 1, 0, 10, 0, 0, 1, 0, 1, 3], [0, 1, 0, 1, 4, 0, 0, 0, 7, 0, 0, 2, 0, 0], [0, 0, 0, 0, 4, 0, 1, 0, 3, 1, 0, 0, 0, 0], [0, 1, 1, 0, 3, 0, 1, 1, 0, 0, 7, 2, 0, 1], [0, 0, 0, 0, 0, 0, 0, 1, 1, 1, 0, 2, 0, 3], [0, 0, 0, 0, 0, 1, 0, 2, 0, 0, 0, 0, 16, 0], [1, 0, 0, 1, 3, 1, 1, 1, 1, 0, 1, 0, 0, 11]]","[[110, 84, 3, 3, 0, 1, 0, 0, 1, 0, 0, 0, 0, 2], [90, 127, 2, 3, 0, 0, 0, 0, 0, 0, 0, 0, 1, 0], [2, 2, 149, 7, 0, 0, 0, 0, 0, 0, 0, 0, 0, 0], [1, 0, 3, 50, 0, 0, 0, 0, 0, 0, 0, 0, 0, 0], [0, 0, 0, 1, 220, 0, 0, 0, 2, 2, 1, 0, 2, 0], [0, 0, 0, 0, 0, 7, 0, 0, 2, 1, 0, 0, 0, 2], [0, 0, 0, 0, 4, 0, 5, 0, 1, 0, 3, 0, 0, 0], [0, 0, 0, 1, 0, 0, 0, 13, 0, 0, 0, 0, 1, 2], [0, 0, 0, 1, 4, 0, 0, 0, 8, 0, 0, 1, 0, 1], [0, 0, 0, 0, 3, 0, 1, 0, 3, 0, 0, 0, 1, 1], [1, 0, 1, 0, 3, 1, 1, 1, 0, 0, 6, 2, 0, 1], [0, 0, 0, 0, 0, 0, 0, 0, 3, 2, 1, 0, 0, 2], [0, 0, 0, 0, 0, 1, 0, 2, 0, 0, 0, 0, 16, 0], [1, 0, 0, 0, 3, 1, 0, 2, 1, 0, 2, 0, 0, 11]]"
source_expansion_Faces_to_PetImages_to_GarbageDataset,hoeffding_tree,kswin,0.55,4,4042,0.34023873138951505,0.2522665773224762,0.25677538713604703,0.471,0.34023873138951505,0.2522665773224762,0.25677538713604703,0.53,0.65,0.496,0.18015908826784485,0.19124816858928292,0.17702555258574942,0.53,0.54,6.0,"[[148, 38, 2, 6, 2, 3, 1, 0, 0, 0, 0, 1, 3, 0], [141, 54, 4, 8, 1, 2, 2, 0, 0, 0, 1, 4, 6, 0], [0, 28, 93, 10, 1, 4, 8, 0, 3, 0, 0, 2, 11, 0], [0, 16, 3, 26, 1, 4, 0, 0, 0, 0, 0, 1, 3, 0], [0, 7, 1, 1, 137, 1, 22, 0, 2, 4, 3, 33, 17, 0], [1, 7, 0, 0, 0, 1, 1, 0, 0, 0, 0, 1, 1, 0], [0, 6, 1, 0, 3, 0, 1, 0, 0, 0, 1, 0, 1, 0], [0, 10, 0, 0, 0, 0, 3, 0, 0, 1, 0, 3, 0, 0], [0, 8, 0, 0, 4, 0, 0, 0, 2, 0, 1, 0, 0, 0], [0, 4, 0, 0, 2, 0, 0, 0, 2, 1, 0, 0, 0, 0], [1, 8, 0, 0, 1, 0, 1, 1, 0, 0, 2, 3, 0, 0], [1, 4, 0, 0, 0, 0, 0, 0, 2, 0, 0, 1, 0, 0], [0, 9, 0, 0, 0, 1, 3, 0, 0, 0, 1, 2, 3, 0], [2, 4, 0, 0, 1, 1, 3, 0, 1, 0, 1, 2, 4, 2]]","[[118, 55, 12, 9, 10, 0, 0, 0, 0, 0, 0, 0, 0, 0], [108, 62, 20, 16, 17, 0, 0, 0, 0, 0, 0, 0, 0, 0], [7, 15, 109, 8, 18, 0, 0, 0, 3, 0, 0, 0, 0, 0], [2, 7, 23, 12, 9, 0, 0, 0, 0, 0, 1, 0, 0, 0], [2, 0, 28, 1, 194, 0, 1, 0, 0, 0, 2, 0, 0, 0], [0, 0, 3, 0, 9, 0, 0, 0, 0, 0, 0, 0, 0, 0], [0, 0, 1, 0, 10, 0, 0, 0, 0, 1, 1, 0, 0, 0], [0, 0, 2, 0, 15, 0, 0, 0, 0, 0, 0, 0, 0, 0], [0, 0, 0, 0, 14, 0, 0, 0, 1, 0, 0, 0, 0, 0], [1, 0, 0, 0, 8, 0, 0, 0, 0, 0, 0, 0, 0, 0], [0, 0, 0, 0, 17, 0, 0, 0, 0, 0, 0, 0, 0, 0], [0, 0, 0, 0, 7, 0, 0, 0, 0, 0, 1, 0, 0, 0], [0, 0, 3, 0, 16, 0, 0, 0, 0, 0, 0, 0, 0, 0], [0, 0, 5, 0, 15, 0, 0, 0, 0, 0, 1, 0, 0, 0]]"
source_expansion_Faces_to_PetImages_to_GarbageDataset,gaussian_nb,kswin,0.55,4,4042,0.6874011380103047,0.5006765524554119,0.5325281227641375,0.679,0.6874011380103047,0.5006765524554119,0.5325281227641375,0.55,0.78,0.679,0.6874011380103047,0.5006765524554119,0.5325281227641375,0.55,0.78,0.0,"[[151, 53, 0, 0, 0, 0, 0, 0, 0, 0, 0, 0, 0, 0], [137, 86, 0, 0, 0, 0, 0, 0, 0, 0, 0, 0, 0, 0], [0, 10, 138, 12, 0, 0, 0, 0, 0, 0, 0, 0, 0, 0], [0, 7, 1, 46, 0, 0, 0, 0, 0, 0, 0, 0, 0, 0], [0, 9, 1, 1, 205, 0, 0, 0, 6, 1, 3, 0, 2, 0], [0, 3, 1, 2, 0, 5, 0, 0, 0, 0, 0, 0, 0, 1], [0, 2, 0, 0, 2, 0, 3, 0, 1, 0, 2, 0, 2, 1], [2, 7, 0, 1, 0, 0, 0, 7, 0, 0, 0, 0, 0, 0], [0, 2, 2, 0, 1, 0, 0, 0, 10, 0, 0, 0, 0, 0], [0, 0, 0, 0, 2, 0, 0, 0, 6, 0, 1, 0, 0, 0], [0, 7, 0, 0, 2, 0, 0, 1, 0, 0, 7, 0, 0, 0], [0, 0, 0, 0, 0, 0, 0, 1, 4, 0, 0, 1, 0, 2], [0, 7, 0, 0, 1, 0, 0, 0, 0, 0, 0, 0, 11, 0], [0, 5, 0, 0, 5, 0, 0, 1, 1, 0, 0, 0, 0, 9]]","[[151, 53, 0, 0, 0, 0, 0, 0, 0, 0, 0, 0, 0, 0], [137, 86, 0, 0, 0, 0, 0, 0, 0, 0, 0, 0, 0, 0], [0, 10, 138, 12, 0, 0, 0, 0, 0, 0, 0, 0, 0, 0], [0, 7, 1, 46, 0, 0, 0, 0, 0, 0, 0, 0, 0, 0], [0, 9, 1, 1, 205, 0, 0, 0, 6, 1, 3, 0, 2, 0], [0, 3, 1, 2, 0, 5, 0, 0, 0, 0, 0, 0, 0, 1], [0, 2, 0, 0, 2, 0, 3, 0, 1, 0, 2, 0, 2, 1], [2, 7, 0, 1, 0, 0, 0, 7, 0, 0, 0, 0, 0, 0], [0, 2, 2, 0, 1, 0, 0, 0, 10, 0, 0, 0, 0, 0], [0, 0, 0, 0, 2, 0, 0, 0, 6, 0, 1, 0, 0, 0], [0, 7, 0, 0, 2, 0, 0, 1, 0, 0, 7, 0, 0, 0], [0, 0, 0, 0, 0, 0, 0, 1, 4, 0, 0, 1, 0, 2], [0, 7, 0, 0, 1, 0, 0, 0, 0, 0, 0, 0, 11, 0], [0, 5, 0, 0, 5, 0, 0, 1, 1, 0, 0, 0, 0, 9]]"
source_expansion_Faces_to_PetImages_to_GarbageDataset,logistic_regression,adwin,0.55,4,4042,0.6036161254230633,0.5795201579478945,0.587294233233499,0.731,0.6036161254230633,0.5795201579478945,0.587294233233499,0.51,0.78,0.72,0.5579359419599816,0.5541510966855955,0.5527229745490263,0.51,0.74,1.0,"[[118, 74, 5, 5, 0, 1, 0, 0, 1, 0, 0, 0, 0, 0], [87, 126, 3, 5, 0, 0, 0, 0, 0, 1, 0, 0, 1, 0], [2, 1, 152, 5, 0, 0, 0, 0, 0, 0, 0, 0, 0, 0], [1, 0, 3, 48, 0, 1, 0, 0, 0, 0, 1, 0, 0, 0], [0, 0, 0, 2, 221, 0, 1, 0, 1, 1, 0, 0, 2, 0], [0, 0, 1, 1, 0, 7, 0, 0, 1, 1, 0, 0, 0, 1], [0, 0, 0, 0, 5, 0, 5, 0, 0, 0, 3, 0, 0, 0], [0, 0, 1, 0, 0, 1, 0, 10, 0, 0, 1, 0, 1, 3], [0, 1, 0, 1, 4, 0, 0, 0, 7, 0, 0, 2, 0, 0], [0, 0, 0, 0, 4, 0, 1, 0, 3, 1, 0, 0, 0, 0], [0, 1, 1, 0, 3, 0, 1, 1, 0, 0, 7, 2, 0, 1], [0, 0, 0, 0, 0, 0, 0, 1, 1, 1, 0, 2, 0, 3], [0, 0, 0, 0, 0, 1, 0, 2, 0, 0, 0, 0, 16, 0], [1, 0, 0, 1, 3, 1, 1, 1, 1, 0, 1, 0, 0, 11]]","[[112, 81, 5, 5, 0, 0, 0, 0, 0, 0, 0, 1, 0, 0], [86, 129, 2, 5, 0, 0, 0, 1, 0, 0, 0, 0, 0, 0], [2, 2, 149, 7, 0, 0, 0, 0, 0, 0, 0, 0, 0, 0], [2, 1, 3, 48, 0, 0, 0, 0, 0, 0, 0, 0, 0, 0], [0, 0, 1, 0, 218, 0, 0, 0, 2, 2, 2, 0, 3, 0], [0, 0, 0, 0, 0, 7, 0, 0, 2, 1, 0, 0, 0, 2], [0, 0, 0, 0, 4, 0, 5, 1, 0, 0, 3, 0, 0, 0], [0, 0, 1, 0, 0, 0, 0, 11, 0, 0, 1, 0, 1, 3], [0, 0, 0, 0, 4, 0, 1, 0, 7, 0, 0, 2, 0, 1], [0, 0, 0, 0, 2, 0, 1, 0, 5, 0, 0, 0, 0, 1], [0, 0, 0, 1, 4, 0, 3, 1, 0, 0, 7, 0, 0, 1], [0, 0, 0, 0, 0, 0, 0, 0, 3, 2, 1, 0, 0, 2], [0, 0, 0, 0, 0, 1, 0, 1, 1, 0, 0, 0, 15, 1], [1, 0, 0, 0, 2, 1, 0, 2, 1, 0, 0, 2, 0, 12]]"
source_expansion_Faces_to_PetImages_to_GarbageDataset,hoeffding_tree,adwin,0.55,4,4042,0.34023873138951505,0.2522665773224762,0.25677538713604703,0.471,0.34023873138951505,0.2522665773224762,0.25677538713604703,0.53,0.65,0.508,0.16957711439761253,0.19321517674281838,0.17520660073136238,0.53,0.54,3.0,"[[148, 38, 2, 6, 2, 3, 1, 0, 0, 0, 0, 1, 3, 0], [141, 54, 4, 8, 1, 2, 2, 0, 0, 0, 1, 4, 6, 0], [0, 28, 93, 10, 1, 4, 8, 0, 3, 0, 0, 2, 11, 0], [0, 16, 3, 26, 1, 4, 0, 0, 0, 0, 0, 1, 3, 0], [0, 7, 1, 1, 137, 1, 22, 0, 2, 4, 3, 33, 17, 0], [1, 7, 0, 0, 0, 1, 1, 0, 0, 0, 0, 1, 1, 0], [0, 6, 1, 0, 3, 0, 1, 0, 0, 0, 1, 0, 1, 0], [0, 10, 0, 0, 0, 0, 3, 0, 0, 1, 0, 3, 0, 0], [0, 8, 0, 0, 4, 0, 0, 0, 2, 0, 1, 0, 0, 0], [0, 4, 0, 0, 2, 0, 0, 0, 2, 1, 0, 0, 0, 0], [1, 8, 0, 0, 1, 0, 1, 1, 0, 0, 2, 3, 0, 0], [1, 4, 0, 0, 0, 0, 0, 0, 2, 0, 0, 1, 0, 0], [0, 9, 0, 0, 0, 1, 3, 0, 0, 0, 1, 2, 3, 0], [2, 4, 0, 0, 1, 1, 3, 0, 1, 0, 1, 2, 4, 2]]","[[141, 37, 12, 6, 7, 0, 0, 0, 0, 0, 0, 0, 1, 0], [128, 51, 20, 8, 16, 0, 0, 0, 0, 0, 0, 0, 0, 0], [0, 28, 108, 8, 16, 0, 0, 0, 0, 0, 0, 0, 0, 0], [1, 16, 14, 14, 9, 0, 0, 0, 0, 0, 0, 0, 0, 0], [2, 0, 31, 0, 194, 0, 0, 0, 0, 0, 0, 0, 0, 1], [0, 0, 3, 0, 9, 0, 0, 0, 0, 0, 0, 0, 0, 0], [0, 0, 1, 0, 12, 0, 0, 0, 0, 0, 0, 0, 0, 0], [0, 0, 2, 0, 15, 0, 0, 0, 0, 0, 0, 0, 0, 0], [0, 0, 2, 0, 13, 0, 0, 0, 0, 0, 0, 0, 0, 0], [0, 0, 0, 0, 9, 0, 0, 0, 0, 0, 0, 0, 0, 0], [0, 0, 1, 0, 16, 0, 0, 0, 0, 0, 0, 0, 0, 0], [0, 0, 0, 0, 8, 0, 0, 0, 0, 0, 0, 0, 0, 0], [0, 0, 3, 0, 15, 0, 0, 0, 0, 0, 0, 0, 0, 1], [2, 0, 5, 0, 14, 0, 0, 0, 0, 0, 0, 0, 0, 0]]"
source_expansion_Faces_to_PetImages_to_GarbageDataset,gaussian_nb,adwin,0.55,4,4042,0.6874011380103047,0.5006765524554119,0.5325281227641375,0.679,0.6874011380103047,0.5006765524554119,0.5325281227641375,0.55,0.78,0.681,0.6792525216525698,0.4645074058441541,0.5031375557779286,0.55,0.8200000000000001,1.0,"[[151, 53, 0, 0, 0, 0, 0, 0, 0, 0, 0, 0, 0, 0], [137, 86, 0, 0, 0, 0, 0, 0, 0, 0, 0, 0, 0, 0], [0, 10, 138, 12, 0, 0, 0, 0, 0, 0, 0, 0, 0, 0], [0, 7, 1, 46, 0, 0, 0, 0, 0, 0, 0, 0, 0, 0], [0, 9, 1, 1, 205, 0, 0, 0, 6, 1, 3, 0, 2, 0], [0, 3, 1, 2, 0, 5, 0, 0, 0, 0, 0, 0, 0, 1], [0, 2, 0, 0, 2, 0, 3, 0, 1, 0, 2, 0, 2, 1], [2, 7, 0, 1, 0, 0, 0, 7, 0, 0, 0, 0, 0, 0], [0, 2, 2, 0, 1, 0, 0, 0, 10, 0, 0, 0, 0, 0], [0, 0, 0, 0, 2, 0, 0, 0, 6, 0, 1, 0, 0, 0], [0, 7, 0, 0, 2, 0, 0, 1, 0, 0, 7, 0, 0, 0], [0, 0, 0, 0, 0, 0, 0, 1, 4, 0, 0, 1, 0, 2], [0, 7, 0, 0, 1, 0, 0, 0, 0, 0, 0, 0, 11, 0], [0, 5, 0, 0, 5, 0, 0, 1, 1, 0, 0, 0, 0, 9]]","[[144, 58, 1, 1, 0, 0, 0, 0, 0, 0, 0, 0, 0, 0], [122, 97, 2, 0, 2, 0, 0, 0, 0, 0, 0, 0, 0, 0], [1, 9, 136, 13, 1, 0, 0, 0, 0, 0, 0, 0, 0, 0], [0, 7, 3, 42, 2, 0, 0, 0, 0, 0, 0, 0, 0, 0], [0, 4, 3, 1, 216, 0, 0, 0, 2, 1, 0, 0, 1, 0], [0, 1, 2, 1, 1, 2, 0, 0, 0, 0, 1, 0, 1, 3], [0, 0, 0, 0, 8, 0, 3, 0, 0, 0, 2, 0, 0, 0], [0, 0, 7, 0, 0, 0, 0, 9, 0, 0, 0, 0, 0, 1], [0, 1, 2, 0, 4, 0, 0, 0, 6, 0, 0, 0, 0, 2], [0, 0, 0, 0, 4, 0, 0, 0, 4, 0, 1, 0, 0, 0], [0, 0, 1, 0, 6, 0, 0, 2, 0, 0, 8, 0, 0, 0], [0, 0, 1, 0, 1, 0, 0, 0, 2, 0, 0, 1, 0, 3], [0, 1, 3, 0, 4, 0, 0, 0, 0, 0, 0, 0, 11, 0], [0, 2, 1, 0, 10, 0, 0, 2, 0, 0, 0, 0, 0, 6]]"
source_expansion_Faces_to_PetImages_to_GarbageDataset,logistic_regression,page_hinkley,0.55,4,4042,0.6036161254230633,0.5795201579478945,0.587294233233499,0.731,0.6036161254230633,0.5795201579478945,0.587294233233499,0.51,0.78,0.72,0.5635299204863723,0.5574698285918581,0.5554693780902131,0.51,0.75,2.0,"[[118, 74, 5, 5, 0, 1, 0, 0, 1, 0, 0, 0, 0, 0], [87, 126, 3, 5, 0, 0, 0, 0, 0, 1, 0, 0, 1, 0], [2, 1, 152, 5, 0, 0, 0, 0, 0, 0, 0, 0, 0, 0], [1, 0, 3, 48, 0, 1, 0, 0, 0, 0, 1, 0, 0, 0], [0, 0, 0, 2, 221, 0, 1, 0, 1, 1, 0, 0, 2, 0], [0, 0, 1, 1, 0, 7, 0, 0, 1, 1, 0, 0, 0, 1], [0, 0, 0, 0, 5, 0, 5, 0, 0, 0, 3, 0, 0, 0], [0, 0, 1, 0, 0, 1, 0, 10, 0, 0, 1, 0, 1, 3], [0, 1, 0, 1, 4, 0, 0, 0, 7, 0, 0, 2, 0, 0], [0, 0, 0, 0, 4, 0, 1, 0, 3, 1, 0, 0, 0, 0], [0, 1, 1, 0, 3, 0, 1, 1, 0, 0, 7, 2, 0, 1], [0, 0, 0, 0, 0, 0, 0, 1, 1, 1, 0, 2, 0, 3], [0, 0, 0, 0, 0, 1, 0, 2, 0, 0, 0, 0, 16, 0], [1, 0, 0, 1, 3, 1, 1, 1, 1, 0, 1, 0, 0, 11]]","[[110, 82, 4, 7, 0, 0, 0, 0, 0, 0, 0, 1, 0, 0], [89, 127, 3, 4, 0, 0, 0, 0, 0, 0, 0, 0, 0, 0], [1, 1, 151, 7, 0, 0, 0, 0, 0, 0, 0, 0, 0, 0], [2, 0, 4, 48, 0, 0, 0, 0, 0, 0, 0, 0, 0, 0], [0, 0, 1, 1, 219, 0, 0, 0, 1, 2, 2, 0, 2, 0], [0, 0, 0, 1, 0, 6, 0, 0, 2, 1, 0, 0, 0, 2], [0, 0, 0, 0, 4, 0, 5, 1, 0, 0, 3, 0, 0, 0], [0, 0, 0, 1, 0, 0, 0, 13, 0, 0, 0, 0, 1, 2], [0, 0, 0, 1, 4, 0, 0, 0, 8, 0, 0, 1, 0, 1], [0, 0, 0, 0, 3, 0, 1, 0, 3, 0, 0, 0, 1, 1], [0, 0, 0, 1, 3, 0, 3, 1, 0, 0, 7, 1, 0, 1], [0, 0, 0, 0, 0, 0, 0, 0, 3, 2, 1, 0, 0, 2], [0, 0, 0, 1, 0, 1, 0, 2, 1, 0, 0, 0, 14, 0], [0, 0, 0, 0, 3, 1, 0, 2, 1, 0, 1, 0, 1, 12]]"
source_expansion_Faces_to_PetImages_to_GarbageDataset,hoeffding_tree,page_hinkley,0.55,4,4042,0.34023873138951505,0.2522665773224762,0.25677538713604703,0.471,0.34023873138951505,0.2522665773224762,0.25677538713604703,0.53,0.65,0.488,0.16408243153937566,0.18117826797230233,0.16233511849300955,0.53,0.54,5.0,"[[148, 38, 2, 6, 2, 3, 1, 0, 0, 0, 0, 1, 3, 0], [141, 54, 4, 8, 1, 2, 2, 0, 0, 0, 1, 4, 6, 0], [0, 28, 93, 10, 1, 4, 8, 0, 3, 0, 0, 2, 11, 0], [0, 16, 3, 26, 1, 4, 0, 0, 0, 0, 0, 1, 3, 0], [0, 7, 1, 1, 137, 1, 22, 0, 2, 4, 3, 33, 17, 0], [1, 7, 0, 0, 0, 1, 1, 0, 0, 0, 0, 1, 1, 0], [0, 6, 1, 0, 3, 0, 1, 0, 0, 0, 1, 0, 1, 0], [0, 10, 0, 0, 0, 0, 3, 0, 0, 1, 0, 3, 0, 0], [0, 8, 0, 0, 4, 0, 0, 0, 2, 0, 1, 0, 0, 0], [0, 4, 0, 0, 2, 0, 0, 0, 2, 1, 0, 0, 0, 0], [1, 8, 0, 0, 1, 0, 1, 1, 0, 0, 2, 3, 0, 0], [1, 4, 0, 0, 0, 0, 0, 0, 2, 0, 0, 1, 0, 0], [0, 9, 0, 0, 0, 1, 3, 0, 0, 0, 1, 2, 3, 0], [2, 4, 0, 0, 1, 1, 3, 0, 1, 0, 1, 2, 4, 2]]","[[120, 41, 27, 6, 10, 0, 0, 0, 0, 0, 0, 0, 0, 0], [112, 47, 35, 8, 21, 0, 0, 0, 0, 0, 0, 0, 0, 0], [5, 18, 100, 5, 32, 0, 0, 0, 0, 0, 0, 0, 0, 0], [2, 7, 28, 5, 12, 0, 0, 0, 0, 0, 0, 0, 0, 0], [3, 0, 8, 0, 215, 0, 2, 0, 0, 0, 0, 0, 0, 0], [0, 0, 3, 0, 9, 0, 0, 0, 0, 0, 0, 0, 0, 0], [1, 0, 0, 0, 11, 0, 1, 0, 0, 0, 0, 0, 0, 0], [0, 0, 0, 0, 17, 0, 0, 0, 0, 0, 0, 0, 0, 0], [0, 0, 2, 0, 13, 0, 0, 0, 0, 0, 0, 0, 0, 0], [0, 0, 0, 0, 8, 0, 1, 0, 0, 0, 0, 0, 0, 0], [0, 0, 0, 0, 17, 0, 0, 0, 0, 0, 0, 0, 0, 0], [0, 0, 0, 0, 7, 0, 1, 0, 0, 0, 0, 0, 0, 0], [0, 0, 1, 0, 18, 0, 0, 0, 0, 0, 0, 0, 0, 0], [0, 0, 2, 0, 18, 0, 1, 0, 0, 0, 0, 0, 0, 0]]"
source_expansion_Faces_to_PetImages_to_GarbageDataset,gaussian_nb,page_hinkley,0.55,4,4042,0.6874011380103047,0.5006765524554119,0.5325281227641375,0.679,0.6874011380103047,0.5006765524554119,0.5325281227641375,0.55,0.78,0.69,0.6955068314891267,0.5119898277327427,0.5457595524569439,0.55,0.79,1.0,"[[151, 53, 0, 0, 0, 0, 0, 0, 0, 0, 0, 0, 0, 0], [137, 86, 0, 0, 0, 0, 0, 0, 0, 0, 0, 0, 0, 0], [0, 10, 138, 12, 0, 0, 0, 0, 0, 0, 0, 0, 0, 0], [0, 7, 1, 46, 0, 0, 0, 0, 0, 0, 0, 0, 0, 0], [0, 9, 1, 1, 205, 0, 0, 0, 6, 1, 3, 0, 2, 0], [0, 3, 1, 2, 0, 5, 0, 0, 0, 0, 0, 0, 0, 1], [0, 2, 0, 0, 2, 0, 3, 0, 1, 0, 2, 0, 2, 1], [2, 7, 0, 1, 0, 0, 0, 7, 0, 0, 0, 0, 0, 0], [0, 2, 2, 0, 1, 0, 0, 0, 10, 0, 0, 0, 0, 0], [0, 0, 0, 0, 2, 0, 0, 0, 6, 0, 1, 0, 0, 0], [0, 7, 0, 0, 2, 0, 0, 1, 0, 0, 7, 0, 0, 0], [0, 0, 0, 0, 0, 0, 0, 1, 4, 0, 0, 1, 0, 2], [0, 7, 0, 0, 1, 0, 0, 0, 0, 0, 0, 0, 11, 0], [0, 5, 0, 0, 5, 0, 0, 1, 1, 0, 0, 0, 0, 9]]","[[139, 65, 0, 0, 0, 0, 0, 0, 0, 0, 0, 0, 0, 0], [124, 99, 0, 0, 0, 0, 0, 0, 0, 0, 0, 0, 0, 0], [0, 10, 148, 2, 0, 0, 0, 0, 0, 0, 0, 0, 0, 0], [0, 11, 4, 39, 0, 0, 0, 0, 0, 0, 0, 0, 0, 0], [0, 0, 7, 2, 208, 0, 0, 0, 4, 1, 3, 0, 3, 0], [0, 0, 4, 3, 0, 5, 0, 0, 0, 0, 0, 0, 0, 0], [0, 0, 4, 0, 2, 0, 3, 0, 1, 0, 2, 0, 1, 0], [0, 2, 6, 0, 0, 0, 0, 8, 0, 0, 0, 0, 0, 1], [0, 0, 3, 0, 1, 0, 0, 0, 10, 0, 0, 0, 0, 1], [0, 0, 0, 0, 3, 0, 0, 0, 5, 0, 1, 0, 0, 0], [0, 0, 4, 0, 3, 0, 0, 1, 0, 0, 8, 0, 0, 1], [0, 0, 0, 0, 0, 0, 0, 1, 4, 0, 0, 1, 0, 2], [0, 0, 7, 0, 1, 0, 0, 0, 0, 0, 0, 0, 11, 0], [0, 0, 4, 0, 4, 0, 0, 1, 1, 0, 0, 0, 0, 11]]"
source_expansion_Faces_to_PetImages_to_GarbageDataset,logistic_regression,hddm_w,0.55,4,4042,0.6036161254230633,0.5795201579478945,0.587294233233499,0.731,0.6036161254230633,0.5795201579478945,0.587294233233499,0.51,0.78,0.733,0.5923426086160483,0.5819970804558113,0.5800236755659208,0.51,0.78,1.0,"[[118, 74, 5, 5, 0, 1, 0, 0, 1, 0, 0, 0, 0, 0], [87, 126, 3, 5, 0, 0, 0, 0, 0, 1, 0, 0, 1, 0], [2, 1, 152, 5, 0, 0, 0, 0, 0, 0, 0, 0, 0, 0], [1, 0, 3, 48, 0, 1, 0, 0, 0, 0, 1, 0, 0, 0], [0, 0, 0, 2, 221, 0, 1, 0, 1, 1, 0, 0, 2, 0], [0, 0, 1, 1, 0, 7, 0, 0, 1, 1, 0, 0, 0, 1], [0, 0, 0, 0, 5, 0, 5, 0, 0, 0, 3, 0, 0, 0], [0, 0, 1, 0, 0, 1, 0, 10, 0, 0, 1, 0, 1, 3], [0, 1, 0, 1, 4, 0, 0, 0, 7, 0, 0, 2, 0, 0], [0, 0, 0, 0, 4, 0, 1, 0, 3, 1, 0, 0, 0, 0], [0, 1, 1, 0, 3, 0, 1, 1, 0, 0, 7, 2, 0, 1], [0, 0, 0, 0, 0, 0, 0, 1, 1, 1, 0, 2, 0, 3], [0, 0, 0, 0, 0, 1, 0, 2, 0, 0, 0, 0, 16, 0], [1, 0, 0, 1, 3, 1, 1, 1, 1, 0, 1, 0, 0, 11]]","[[117, 80, 0, 3, 0, 1, 0, 0, 1, 0, 0, 0, 0, 2], [92, 125, 1, 3, 0, 0, 0, 1, 0, 0, 0, 0, 1, 0], [1, 1, 152, 5, 0, 1, 0, 0, 0, 0, 0, 0, 0, 0], [1, 0, 3, 50, 0, 0, 0, 0, 0, 0, 0, 0, 0, 0], [0, 0, 0, 2, 221, 0, 0, 0, 1, 2, 0, 0, 2, 0], [0, 0, 1, 0, 0, 7, 0, 0, 1, 1, 0, 0, 0, 2], [0, 0, 0, 0, 4, 0, 5, 0, 1, 0, 3, 0, 0, 0], [0, 0, 0, 1, 0, 0, 0, 13, 0, 0, 0, 0, 1, 2], [0, 0, 0, 1, 3, 0, 0, 0, 8, 0, 0, 1, 1, 1], [0, 0, 0, 0, 3, 0, 1, 0, 3, 0, 0, 0, 1, 1], [0, 1, 1, 0, 3, 0, 1, 1, 0, 0, 7, 2, 0, 1], [0, 0, 0, 0, 0, 0, 0, 0, 2, 1, 1, 1, 0, 3], [0, 0, 0, 0, 0, 1, 0, 2, 0, 0, 0, 0, 16, 0], [1, 0, 0, 0, 3, 1, 0, 2, 1, 0, 2, 0, 0, 11]]"
source_expansion_Faces_to_PetImages_to_GarbageDataset,hoeffding_tree,hddm_w,0.55,4,4042,0.34023873138951505,0.2522665773224762,0.25677538713604703,0.471,0.34023873138951505,0.2522665773224762,0.25677538713604703,0.53,0.65,0.509,0.17707083900204257,0.19238694671480425,0.17914592046187278,0.53,0.54,4.0,"[[148, 38, 2, 6, 2, 3, 1, 0, 0, 0, 0, 1, 3, 0], [141, 54, 4, 8, 1, 2, 2, 0, 0, 0, 1, 4, 6, 0], [0, 28, 93, 10, 1, 4, 8, 0, 3, 0, 0, 2, 11, 0], [0, 16, 3, 26, 1, 4, 0, 0, 0, 0, 0, 1, 3, 0], [0, 7, 1, 1, 137, 1, 22, 0, 2, 4, 3, 33, 17, 0], [1, 7, 0, 0, 0, 1, 1, 0, 0, 0, 0, 1, 1, 0], [0, 6, 1, 0, 3, 0, 1, 0, 0, 0, 1, 0, 1, 0], [0, 10, 0, 0, 0, 0, 3, 0, 0, 1, 0, 3, 0, 0], [0, 8, 0, 0, 4, 0, 0, 0, 2, 0, 1, 0, 0, 0], [0, 4, 0, 0, 2, 0, 0, 0, 2, 1, 0, 0, 0, 0], [1, 8, 0, 0, 1, 0, 1, 1, 0, 0, 2, 3, 0, 0], [1, 4, 0, 0, 0, 0, 0, 0, 2, 0, 0, 1, 0, 0], [0, 9, 0, 0, 0, 1, 3, 0, 0, 0, 1, 2, 3, 0], [2, 4, 0, 0, 1, 1, 3, 0, 1, 0, 1, 2, 4, 2]]","[[114, 67, 9, 4, 10, 0, 0, 0, 0, 0, 0, 0, 0, 0], [108, 76, 14, 5, 20, 0, 0, 0, 0, 0, 0, 0, 0, 0], [9, 14, 98, 11, 25, 0, 0, 0, 3, 0, 0, 0, 0, 0], [8, 6, 13, 15, 12, 0, 0, 0, 0, 0, 0, 0, 0, 0], [0, 0, 21, 1, 206, 0, 0, 0, 0, 0, 0, 0, 0, 0], [0, 0, 3, 0, 9, 0, 0, 0, 0, 0, 0, 0, 0, 0], [0, 0, 0, 0, 13, 0, 0, 0, 0, 0, 0, 0, 0, 0], [0, 0, 0, 0, 17, 0, 0, 0, 0, 0, 0, 0, 0, 0], [0, 0, 1, 0, 14, 0, 0, 0, 0, 0, 0, 0, 0, 0], [0, 0, 0, 0, 9, 0, 0, 0, 0, 0, 0, 0, 0, 0], [0, 0, 0, 0, 17, 0, 0, 0, 0, 0, 0, 0, 0, 0], [0, 0, 0, 0, 8, 0, 0, 0, 0, 0, 0, 0, 0, 0], [0, 0, 1, 0, 18, 0, 0, 0, 0, 0, 0, 0, 0, 0], [0, 0, 4, 0, 17, 0, 0, 0, 0, 0, 0, 0, 0, 0]]"
source_expansion_Faces_to_PetImages_to_GarbageDataset,gaussian_nb,hddm_w,0.55,4,4042,0.6874011380103047,0.5006765524554119,0.5325281227641375,0.679,0.6874011380103047,0.5006765524554119,0.5325281227641375,0.55,0.78,0.701,0.7018675718896603,0.5189159674816431,0.5493788541986834,0.55,0.8,1.0,"[[151, 53, 0, 0, 0, 0, 0, 0, 0, 0, 0, 0, 0, 0], [137, 86, 0, 0, 0, 0, 0, 0, 0, 0, 0, 0, 0, 0], [0, 10, 138, 12, 0, 0, 0, 0, 0, 0, 0, 0, 0, 0], [0, 7, 1, 46, 0, 0, 0, 0, 0, 0, 0, 0, 0, 0], [0, 9, 1, 1, 205, 0, 0, 0, 6, 1, 3, 0, 2, 0], [0, 3, 1, 2, 0, 5, 0, 0, 0, 0, 0, 0, 0, 1], [0, 2, 0, 0, 2, 0, 3, 0, 1, 0, 2, 0, 2, 1], [2, 7, 0, 1, 0, 0, 0, 7, 0, 0, 0, 0, 0, 0], [0, 2, 2, 0, 1, 0, 0, 0, 10, 0, 0, 0, 0, 0], [0, 0, 0, 0, 2, 0, 0, 0, 6, 0, 1, 0, 0, 0], [0, 7, 0, 0, 2, 0, 0, 1, 0, 0, 7, 0, 0, 0], [0, 0, 0, 0, 0, 0, 0, 1, 4, 0, 0, 1, 0, 2], [0, 7, 0, 0, 1, 0, 0, 0, 0, 0, 0, 0, 11, 0], [0, 5, 0, 0, 5, 0, 0, 1, 1, 0, 0, 0, 0, 9]]","[[143, 61, 0, 0, 0, 0, 0, 0, 0, 0, 0, 0, 0, 0], [113, 110, 0, 0, 0, 0, 0, 0, 0, 0, 0, 0, 0, 0], [0, 7, 141, 12, 0, 0, 0, 0, 0, 0, 0, 0, 0, 0], [0, 5, 2, 47, 0, 0, 0, 0, 0, 0, 0, 0, 0, 0], [1, 4, 1, 4, 204, 0, 0, 0, 6, 2, 3, 0, 3, 0], [2, 0, 1, 4, 0, 5, 0, 0, 0, 0, 0, 0, 0, 0], [0, 2, 1, 0, 3, 0, 3, 0, 1, 0, 2, 0, 1, 0], [3, 4, 1, 1, 0, 0, 0, 8, 0, 0, 0, 0, 0, 0], [0, 1, 2, 1, 1, 0, 0, 0, 10, 0, 0, 0, 0, 0], [0, 0, 0, 0, 2, 0, 0, 0, 6, 0, 1, 0, 0, 0], [1, 6, 0, 0, 2, 0, 0, 1, 0, 0, 7, 0, 0, 0], [0, 0, 0, 0, 0, 0, 0, 1, 4, 0, 0, 1, 0, 2], [0, 5, 2, 0, 1, 0, 0, 0, 0, 0, 0, 0, 11, 0], [1, 2, 0, 0, 5, 0, 0, 1, 1, 0, 0, 0, 0, 11]]"
source_expansion_Faces_to_PetImages_to_GarbageDataset,logistic_regression,kswin,0.55,5,5042,0.5465656630928597,0.5056903425354023,0.515198369727657,0.757,0.5465656630928597,0.5056903425354023,0.515198369727657,0.5700000000000001,0.8,0.757,0.5465656630928597,0.5056903425354023,0.515198369727657,0.5700000000000001,0.8,0.0,"[[151, 79, 1, 1, 0, 0, 1, 1, 0, 0, 0, 0, 1, 0], [85, 110, 1, 1, 0, 0, 0, 0, 0, 1, 0, 0, 0, 0], [0, 1, 249, 6, 0, 1, 0, 1, 0, 0, 0, 0, 0, 0], [1, 0, 5, 71, 0, 0, 0, 0, 0, 0, 0, 0, 0, 0], [0, 0, 1, 0, 147, 0, 1, 0, 2, 1, 1, 0, 0, 0], [0, 0, 0, 1, 1, 4, 0, 0, 0, 0, 0, 1, 1, 0], [0, 2, 1, 0, 3, 1, 4, 0, 0, 0, 2, 0, 2, 0], [0, 0, 0, 3, 0, 0, 0, 9, 0, 0, 0, 0, 0, 1], [1, 0, 0, 0, 1, 1, 1, 0, 0, 0, 0, 0, 1, 1], [0, 0, 0, 0, 5, 1, 1, 0, 0, 2, 0, 0, 0, 0], [0, 0, 1, 0, 1, 0, 2, 0, 1, 0, 1, 0, 0, 0], [0, 0, 0, 0, 1, 0, 0, 1, 1, 0, 1, 2, 0, 1], [1, 0, 0, 0, 0, 1, 1, 0, 0, 0, 0, 0, 2, 0], [0, 0, 0, 1, 1, 0, 2, 1, 0, 0, 0, 0, 0, 5]]","[[151, 79, 1, 1, 0, 0, 1, 1, 0, 0, 0, 0, 1, 0], [85, 110, 1, 1, 0, 0, 0, 0, 0, 1, 0, 0, 0, 0], [0, 1, 249, 6, 0, 1, 0, 1, 0, 0, 0, 0, 0, 0], [1, 0, 5, 71, 0, 0, 0, 0, 0, 0, 0, 0, 0, 0], [0, 0, 1, 0, 147, 0, 1, 0, 2, 1, 1, 0, 0, 0], [0, 0, 0, 1, 1, 4, 0, 0, 0, 0, 0, 1, 1, 0], [0, 2, 1, 0, 3, 1, 4, 0, 0, 0, 2, 0, 2, 0], [0, 0, 0, 3, 0, 0, 0, 9, 0, 0, 0, 0, 0, 1], [1, 0, 0, 0, 1, 1, 1, 0, 0, 0, 0, 0, 1, 1], [0, 0, 0, 0, 5, 1, 1, 0, 0, 2, 0, 0, 0, 0], [0, 0, 1, 0, 1, 0, 2, 0, 1, 0, 1, 0, 0, 0], [0, 0, 0, 0, 1, 0, 0, 1, 1, 0, 1, 2, 0, 1], [1, 0, 0, 0, 0, 1, 1, 0, 0, 0, 0, 0, 2, 0], [0, 0, 0, 1, 1, 0, 2, 1, 0, 0, 0, 0, 0, 5]]"
source_expansion_Faces_to_PetImages_to_GarbageDataset,hoeffding_tree,kswin,0.55,5,5042,0.27511456275815355,0.2322821834865024,0.23760057273213922,0.548,0.27511456275815355,0.2322821834865024,0.23760057273213922,0.61,0.62,0.575,0.2026246415522818,0.21059213273422062,0.1987699039719821,0.61,0.47,2.0,"[[188, 32, 0, 0, 0, 9, 0, 0, 1, 0, 5, 0, 0, 0], [126, 49, 0, 0, 0, 17, 0, 0, 1, 0, 5, 0, 0, 0], [0, 24, 188, 4, 3, 29, 2, 0, 1, 0, 7, 0, 0, 0], [0, 14, 7, 33, 1, 14, 0, 0, 3, 0, 5, 0, 0, 0], [0, 5, 0, 0, 85, 15, 5, 0, 12, 0, 31, 0, 0, 0], [0, 4, 0, 3, 0, 1, 0, 0, 0, 0, 0, 0, 0, 0], [0, 4, 1, 0, 1, 1, 3, 0, 2, 0, 3, 0, 0, 0], [0, 7, 0, 0, 0, 2, 0, 0, 1, 0, 3, 0, 0, 0], [0, 3, 0, 0, 1, 0, 0, 0, 1, 0, 1, 0, 0, 0], [0, 3, 0, 0, 1, 1, 2, 0, 1, 0, 1, 0, 0, 0], [0, 3, 0, 0, 0, 1, 0, 0, 2, 0, 0, 0, 0, 0], [0, 4, 0, 0, 0, 0, 2, 0, 1, 0, 0, 0, 0, 0], [0, 2, 0, 1, 0, 0, 0, 0, 1, 0, 1, 0, 0, 0], [0, 8, 0, 0, 0, 0, 0, 0, 0, 0, 2, 0, 0, 0]]","[[180, 30, 9, 0, 15, 1, 0, 0, 0, 0, 0, 0, 0, 0], [121, 41, 11, 4, 18, 3, 0, 0, 0, 0, 0, 0, 0, 0], [0, 25, 200, 10, 17, 6, 0, 0, 0, 0, 0, 0, 0, 0], [1, 14, 16, 30, 15, 1, 0, 0, 0, 0, 0, 0, 0, 0], [1, 0, 26, 1, 124, 1, 0, 0, 0, 0, 0, 0, 0, 0], [0, 0, 1, 1, 6, 0, 0, 0, 0, 0, 0, 0, 0, 0], [0, 0, 2, 0, 13, 0, 0, 0, 0, 0, 0, 0, 0, 0], [0, 0, 3, 0, 10, 0, 0, 0, 0, 0, 0, 0, 0, 0], [0, 0, 0, 0, 6, 0, 0, 0, 0, 0, 0, 0, 0, 0], [0, 0, 2, 0, 7, 0, 0, 0, 0, 0, 0, 0, 0, 0], [0, 0, 1, 0, 5, 0, 0, 0, 0, 0, 0, 0, 0, 0], [0, 0, 1, 0, 6, 0, 0, 0, 0, 0, 0, 0, 0, 0], [0, 0, 0, 0, 5, 0, 0, 0, 0, 0, 0, 0, 0, 0], [0, 0, 0, 0, 10, 0, 0, 0, 0, 0, 0, 0, 0, 0]]"
source_expansion_Faces_to_PetImages_to_GarbageDataset,gaussian_nb,kswin,0.55,5,5042,0.570042924102032,0.4119753779882304,0.4380425412269305,0.733,0.570042924102032,0.4119753779882304,0.4380425412269305,0.6699999999999999,0.74,0.734,0.5636197609197463,0.41789819744582546,0.43876978776315806,0.6699999999999999,0.78,1.0,"[[186, 49, 0, 0, 0, 0, 0, 0, 0, 0, 0, 0, 0, 0], [115, 83, 0, 0, 0, 0, 0, 0, 0, 0, 0, 0, 0, 0], [0, 8, 239, 11, 0, 0, 0, 0, 0, 0, 0, 0, 0, 0], [0, 6, 3, 68, 0, 0, 0, 0, 0, 0, 0, 0, 0, 0], [0, 7, 0, 2, 137, 0, 6, 0, 0, 1, 0, 0, 0, 0], [0, 3, 0, 3, 0, 2, 0, 0, 0, 0, 0, 0, 0, 0], [0, 5, 0, 1, 2, 0, 7, 0, 0, 0, 0, 0, 0, 0], [0, 7, 0, 0, 0, 0, 1, 5, 0, 0, 0, 0, 0, 0], [0, 2, 0, 1, 1, 0, 1, 0, 0, 1, 0, 0, 0, 0], [0, 4, 0, 0, 2, 0, 1, 0, 0, 2, 0, 0, 0, 0], [0, 2, 0, 0, 1, 0, 3, 0, 0, 0, 0, 0, 0, 0], [0, 2, 0, 0, 0, 0, 2, 0, 0, 0, 0, 3, 0, 0], [0, 4, 0, 0, 0, 0, 1, 0, 0, 0, 0, 0, 0, 0], [0, 5, 0, 0, 0, 0, 0, 2, 0, 1, 0, 1, 0, 1]]","[[177, 54, 4, 0, 0, 0, 0, 0, 0, 0, 0, 0, 0, 0], [105, 91, 1, 1, 0, 0, 0, 0, 0, 0, 0, 0, 0, 0], [3, 4, 239, 12, 0, 0, 0, 0, 0, 0, 0, 0, 0, 0], [1, 3, 7, 66, 0, 0, 0, 0, 0, 0, 0, 0, 0, 0], [0, 0, 0, 6, 140, 0, 6, 0, 0, 1, 0, 0, 0, 0], [0, 0, 0, 6, 0, 2, 0, 0, 0, 0, 0, 0, 0, 0], [0, 0, 5, 2, 2, 0, 6, 0, 0, 0, 0, 0, 0, 0], [0, 0, 2, 3, 0, 0, 1, 7, 0, 0, 0, 0, 0, 0], [0, 0, 1, 1, 2, 0, 1, 0, 0, 1, 0, 0, 0, 0], [0, 0, 2, 1, 3, 0, 1, 0, 0, 2, 0, 0, 0, 0], [0, 0, 2, 0, 1, 0, 3, 0, 0, 0, 0, 0, 0, 0], [0, 0, 2, 0, 0, 0, 2, 0, 0, 0, 0, 3, 0, 0], [0, 0, 1, 2, 0, 0, 2, 0, 0, 0, 0, 0, 0, 0], [0, 0, 0, 3, 2, 0, 0, 2, 0, 1, 0, 1, 0, 1]]"
source_expansion_Faces_to_PetImages_to_GarbageDataset,logistic_regression,adwin,0.55,5,5042,0.5465656630928597,0.5056903425354023,0.515198369727657,0.757,0.5465656630928597,0.5056903425354023,0.515198369727657,0.5700000000000001,0.8,0.73,0.5312241827923162,0.4963864049533845,0.5000037332273025,0.5700000000000001,0.77,1.0,"[[151, 79, 1, 1, 0, 0, 1, 1, 0, 0, 0, 0, 1, 0], [85, 110, 1, 1, 0, 0, 0, 0, 0, 1, 0, 0, 0, 0], [0, 1, 249, 6, 0, 1, 0, 1, 0, 0, 0, 0, 0, 0], [1, 0, 5, 71, 0, 0, 0, 0, 0, 0, 0, 0, 0, 0], [0, 0, 1, 0, 147, 0, 1, 0, 2, 1, 1, 0, 0, 0], [0, 0, 0, 1, 1, 4, 0, 0, 0, 0, 0, 1, 1, 0], [0, 2, 1, 0, 3, 1, 4, 0, 0, 0, 2, 0, 2, 0], [0, 0, 0, 3, 0, 0, 0, 9, 0, 0, 0, 0, 0, 1], [1, 0, 0, 0, 1, 1, 1, 0, 0, 0, 0, 0, 1, 1], [0, 0, 0, 0, 5, 1, 1, 0, 0, 2, 0, 0, 0, 0], [0, 0, 1, 0, 1, 0, 2, 0, 1, 0, 1, 0, 0, 0], [0, 0, 0, 0, 1, 0, 0, 1, 1, 0, 1, 2, 0, 1], [1, 0, 0, 0, 0, 1, 1, 0, 0, 0, 0, 0, 2, 0], [0, 0, 0, 1, 1, 0, 2, 1, 0, 0, 0, 0, 0, 5]]","[[143, 88, 2, 2, 0, 0, 0, 0, 0, 0, 0, 0, 0, 0], [86, 108, 1, 2, 0, 0, 0, 1, 0, 0, 0, 0, 0, 0], [4, 4, 234, 16, 0, 0, 0, 0, 0, 0, 0, 0, 0, 0], [2, 0, 6, 68, 0, 0, 0, 0, 0, 0, 0, 0, 0, 1], [1, 0, 0, 1, 147, 0, 0, 0, 2, 1, 1, 0, 0, 0], [0, 0, 1, 1, 1, 4, 0, 0, 0, 0, 0, 1, 0, 0], [0, 0, 0, 1, 4, 1, 4, 0, 0, 0, 1, 1, 3, 0], [1, 0, 0, 0, 0, 0, 0, 11, 0, 0, 0, 0, 0, 1], [0, 0, 0, 1, 1, 1, 0, 0, 0, 0, 0, 2, 1, 0], [0, 0, 0, 0, 5, 2, 0, 0, 0, 2, 0, 0, 0, 0], [0, 0, 0, 0, 2, 0, 2, 0, 1, 0, 1, 0, 0, 0], [1, 0, 0, 0, 0, 0, 2, 1, 1, 0, 1, 1, 0, 0], [0, 0, 0, 0, 0, 1, 0, 2, 0, 0, 0, 0, 2, 0], [0, 0, 0, 1, 1, 0, 1, 1, 0, 0, 0, 0, 1, 5]]"
source_expansion_Faces_to_PetImages_to_GarbageDataset,hoeffding_tree,adwin,0.55,5,5042,0.27511456275815355,0.2322821834865024,0.23760057273213922,0.548,0.27511456275815355,0.2322821834865024,0.23760057273213922,0.61,0.62,0.571,0.21535442208787364,0.2024266057164323,0.18704744352126862,0.61,0.47,3.0,"[[188, 32, 0, 0, 0, 9, 0, 0, 1, 0, 5, 0, 0, 0], [126, 49, 0, 0, 0, 17, 0, 0, 1, 0, 5, 0, 0, 0], [0, 24, 188, 4, 3, 29, 2, 0, 1, 0, 7, 0, 0, 0], [0, 14, 7, 33, 1, 14, 0, 0, 3, 0, 5, 0, 0, 0], [0, 5, 0, 0, 85, 15, 5, 0, 12, 0, 31, 0, 0, 0], [0, 4, 0, 3, 0, 1, 0, 0, 0, 0, 0, 0, 0, 0], [0, 4, 1, 0, 1, 1, 3, 0, 2, 0, 3, 0, 0, 0], [0, 7, 0, 0, 0, 2, 0, 0, 1, 0, 3, 0, 0, 0], [0, 3, 0, 0, 1, 0, 0, 0, 1, 0, 1, 0, 0, 0], [0, 3, 0, 0, 1, 1, 2, 0, 1, 0, 1, 0, 0, 0], [0, 3, 0, 0, 0, 1, 0, 0, 2, 0, 0, 0, 0, 0], [0, 4, 0, 0, 0, 0, 2, 0, 1, 0, 0, 0, 0, 0], [0, 2, 0, 1, 0, 0, 0, 0, 1, 0, 1, 0, 0, 0], [0, 8, 0, 0, 0, 0, 0, 0, 0, 0, 2, 0, 0, 0]]","[[167, 28, 22, 0, 18, 0, 0, 0, 0, 0, 0, 0, 0, 0], [108, 37, 33, 0, 20, 0, 0, 0, 0, 0, 0, 0, 0, 0], [1, 22, 215, 2, 18, 0, 0, 0, 0, 0, 0, 0, 0, 0], [0, 13, 31, 17, 16, 0, 0, 0, 0, 0, 0, 0, 0, 0], [1, 0, 16, 0, 135, 0, 0, 0, 0, 0, 1, 0, 0, 0], [0, 0, 2, 0, 6, 0, 0, 0, 0, 0, 0, 0, 0, 0], [0, 0, 0, 0, 15, 0, 0, 0, 0, 0, 0, 0, 0, 0], [0, 0, 2, 0, 11, 0, 0, 0, 0, 0, 0, 0, 0, 0], [0, 0, 0, 0, 6, 0, 0, 0, 0, 0, 0, 0, 0, 0], [0, 0, 1, 0, 8, 0, 0, 0, 0, 0, 0, 0, 0, 0], [1, 0, 0, 0, 5, 0, 0, 0, 0, 0, 0, 0, 0, 0], [0, 0, 1, 0, 6, 0, 0, 0, 0, 0, 0, 0, 0, 0], [0, 0, 0, 0, 5, 0, 0, 0, 0, 0, 0, 0, 0, 0], [0, 0, 0, 0, 10, 0, 0, 0, 0, 0, 0, 0, 0, 0]]"
source_expansion_Faces_to_PetImages_to_GarbageDataset,gaussian_nb,adwin,0.55,5,5042,0.570042924102032,0.4119753779882304,0.4380425412269305,0.733,0.570042924102032,0.4119753779882304,0.4380425412269305,0.6699999999999999,0.74,0.73,0.5838710482874553,0.4145083188608317,0.4460177550394035,0.6699999999999999,0.76,1.0,"[[186, 49, 0, 0, 0, 0, 0, 0, 0, 0, 0, 0, 0, 0], [115, 83, 0, 0, 0, 0, 0, 0, 0, 0, 0, 0, 0, 0], [0, 8, 239, 11, 0, 0, 0, 0, 0, 0, 0, 0, 0, 0], [0, 6, 3, 68, 0, 0, 0, 0, 0, 0, 0, 0, 0, 0], [0, 7, 0, 2, 137, 0, 6, 0, 0, 1, 0, 0, 0, 0], [0, 3, 0, 3, 0, 2, 0, 0, 0, 0, 0, 0, 0, 0], [0, 5, 0, 1, 2, 0, 7, 0, 0, 0, 0, 0, 0, 0], [0, 7, 0, 0, 0, 0, 1, 5, 0, 0, 0, 0, 0, 0], [0, 2, 0, 1, 1, 0, 1, 0, 0, 1, 0, 0, 0, 0], [0, 4, 0, 0, 2, 0, 1, 0, 0, 2, 0, 0, 0, 0], [0, 2, 0, 0, 1, 0, 3, 0, 0, 0, 0, 0, 0, 0], [0, 2, 0, 0, 0, 0, 2, 0, 0, 0, 0, 3, 0, 0], [0, 4, 0, 0, 0, 0, 1, 0, 0, 0, 0, 0, 0, 0], [0, 5, 0, 0, 0, 0, 0, 2, 0, 1, 0, 1, 0, 1]]","[[165, 64, 5, 1, 0, 0, 0, 0, 0, 0, 0, 0, 0, 0], [92, 100, 5, 1, 0, 0, 0, 0, 0, 0, 0, 0, 0, 0], [1, 4, 245, 8, 0, 0, 0, 0, 0, 0, 0, 0, 0, 0], [0, 4, 10, 63, 0, 0, 0, 0, 0, 0, 0, 0, 0, 0], [0, 0, 7, 3, 136, 0, 6, 0, 0, 1, 0, 0, 0, 0], [0, 0, 3, 3, 0, 2, 0, 0, 0, 0, 0, 0, 0, 0], [0, 0, 6, 1, 2, 0, 6, 0, 0, 0, 0, 0, 0, 0], [0, 0, 3, 2, 0, 0, 1, 7, 0, 0, 0, 0, 0, 0], [0, 0, 2, 0, 3, 0, 0, 0, 0, 1, 0, 0, 0, 0], [0, 0, 3, 1, 3, 0, 0, 0, 0, 2, 0, 0, 0, 0], [0, 0, 3, 0, 1, 0, 2, 0, 0, 0, 0, 0, 0, 0], [0, 0, 2, 0, 0, 0, 2, 0, 0, 0, 0, 3, 0, 0], [0, 0, 5, 0, 0, 0, 0, 0, 0, 0, 0, 0, 0, 0], [0, 0, 3, 3, 1, 0, 0, 1, 0, 0, 0, 1, 0, 1]]"
source_expansion_Faces_to_PetImages_to_GarbageDataset,logistic_regression,page_hinkley,0.55,5,5042,0.5465656630928597,0.5056903425354023,0.515198369727657,0.757,0.5465656630928597,0.5056903425354023,0.515198369727657,0.5700000000000001,0.8,0.703,0.47404749089955656,0.4502080158287149,0.45455912007935423,0.5700000000000001,0.65,2.0,"[[151, 79, 1, 1, 0, 0, 1, 1, 0, 0, 0, 0, 1, 0], [85, 110, 1, 1, 0, 0, 0, 0, 0, 1, 0, 0, 0, 0], [0, 1, 249, 6, 0, 1, 0, 1, 0, 0, 0, 0, 0, 0], [1, 0, 5, 71, 0, 0, 0, 0, 0, 0, 0, 0, 0, 0], [0, 0, 1, 0, 147, 0, 1, 0, 2, 1, 1, 0, 0, 0], [0, 0, 0, 1, 1, 4, 0, 0, 0, 0, 0, 1, 1, 0], [0, 2, 1, 0, 3, 1, 4, 0, 0, 0, 2, 0, 2, 0], [0, 0, 0, 3, 0, 0, 0, 9, 0, 0, 0, 0, 0, 1], [1, 0, 0, 0, 1, 1, 1, 0, 0, 0, 0, 0, 1, 1], [0, 0, 0, 0, 5, 1, 1, 0, 0, 2, 0, 0, 0, 0], [0, 0, 1, 0, 1, 0, 2, 0, 1, 0, 1, 0, 0, 0], [0, 0, 0, 0, 1, 0, 0, 1, 1, 0, 1, 2, 0, 1], [1, 0, 0, 0, 0, 1, 1, 0, 0, 0, 0, 0, 2, 0], [0, 0, 0, 1, 1, 0, 2, 1, 0, 0, 0, 0, 0, 5]]","[[142, 89, 1, 2, 0, 0, 0, 1, 0, 0, 0, 0, 0, 0], [90, 102, 0, 2, 1, 0, 0, 3, 0, 0, 0, 0, 0, 0], [0, 3, 235, 18, 0, 0, 2, 0, 0, 0, 0, 0, 0, 0], [4, 1, 5, 67, 0, 0, 0, 0, 0, 0, 0, 0, 0, 0], [1, 0, 0, 0, 133, 0, 8, 1, 6, 3, 1, 0, 0, 0], [0, 0, 0, 4, 0, 3, 0, 0, 1, 0, 0, 0, 0, 0], [1, 1, 0, 0, 3, 1, 3, 1, 0, 1, 1, 1, 1, 1], [0, 1, 0, 0, 0, 0, 1, 8, 0, 1, 1, 0, 0, 1], [0, 0, 0, 1, 1, 0, 1, 0, 0, 0, 0, 3, 0, 0], [0, 1, 1, 0, 3, 0, 0, 0, 1, 3, 0, 0, 0, 0], [0, 0, 0, 0, 2, 0, 2, 0, 1, 0, 1, 0, 0, 0], [1, 0, 0, 0, 0, 0, 1, 1, 0, 2, 1, 1, 0, 0], [1, 0, 0, 0, 0, 1, 0, 1, 0, 0, 0, 0, 2, 0], [1, 1, 0, 1, 0, 0, 1, 1, 0, 0, 0, 0, 2, 3]]"
source_expansion_Faces_to_PetImages_to_GarbageDataset,hoeffding_tree,page_hinkley,0.55,5,5042,0.27511456275815355,0.2322821834865024,0.23760057273213922,0.548,0.27511456275815355,0.2322821834865024,0.23760057273213922,0.61,0.62,0.545,0.20203714378592855,0.18630502506131924,0.16848907662587737,0.61,0.47,3.0,"[[188, 32, 0, 0, 0, 9, 0, 0, 1, 0, 5, 0, 0, 0], [126, 49, 0, 0, 0, 17, 0, 0, 1, 0, 5, 0, 0, 0], [0, 24, 188, 4, 3, 29, 2, 0, 1, 0, 7, 0, 0, 0], [0, 14, 7, 33, 1, 14, 0, 0, 3, 0, 5, 0, 0, 0], [0, 5, 0, 0, 85, 15, 5, 0, 12, 0, 31, 0, 0, 0], [0, 4, 0, 3, 0, 1, 0, 0, 0, 0, 0, 0, 0, 0], [0, 4, 1, 0, 1, 1, 3, 0, 2, 0, 3, 0, 0, 0], [0, 7, 0, 0, 0, 2, 0, 0, 1, 0, 3, 0, 0, 0], [0, 3, 0, 0, 1, 0, 0, 0, 1, 0, 1, 0, 0, 0], [0, 3, 0, 0, 1, 1, 2, 0, 1, 0, 1, 0, 0, 0], [0, 3, 0, 0, 0, 1, 0, 0, 2, 0, 0, 0, 0, 0], [0, 4, 0, 0, 0, 0, 2, 0, 1, 0, 0, 0, 0, 0], [0, 2, 0, 1, 0, 0, 0, 0, 1, 0, 1, 0, 0, 0], [0, 8, 0, 0, 0, 0, 0, 0, 0, 0, 2, 0, 0, 0]]","[[162, 29, 28, 0, 15, 1, 0, 0, 0, 0, 0, 0, 0, 0], [103, 37, 38, 0, 18, 2, 0, 0, 0, 0, 0, 0, 0, 0], [2, 23, 216, 1, 13, 3, 0, 0, 0, 0, 0, 0, 0, 0], [0, 14, 41, 7, 14, 1, 0, 0, 0, 0, 0, 0, 0, 0], [1, 0, 29, 0, 123, 0, 0, 0, 0, 0, 0, 0, 0, 0], [0, 0, 1, 1, 6, 0, 0, 0, 0, 0, 0, 0, 0, 0], [0, 0, 3, 0, 12, 0, 0, 0, 0, 0, 0, 0, 0, 0], [0, 0, 3, 0, 10, 0, 0, 0, 0, 0, 0, 0, 0, 0], [0, 0, 0, 0, 6, 0, 0, 0, 0, 0, 0, 0, 0, 0], [0, 0, 2, 0, 7, 0, 0, 0, 0, 0, 0, 0, 0, 0], [0, 0, 1, 0, 5, 0, 0, 0, 0, 0, 0, 0, 0, 0], [0, 0, 1, 0, 6, 0, 0, 0, 0, 0, 0, 0, 0, 0], [0, 0, 0, 0, 5, 0, 0, 0, 0, 0, 0, 0, 0, 0], [0, 0, 0, 0, 10, 0, 0, 0, 0, 0, 0, 0, 0, 0]]"
source_expansion_Faces_to_PetImages_to_GarbageDataset,gaussian_nb,page_hinkley,0.55,5,5042,0.570042924102032,0.4119753779882304,0.4380425412269305,0.733,0.570042924102032,0.4119753779882304,0.4380425412269305,0.6699999999999999,0.74,0.719,0.6064333612397746,0.38812015842185404,0.41212047293933524,0.6699999999999999,0.81,2.0,"[[186, 49, 0, 0, 0, 0, 0, 0, 0, 0, 0, 0, 0, 0], [115, 83, 0, 0, 0, 0, 0, 0, 0, 0, 0, 0, 0, 0], [0, 8, 239, 11, 0, 0, 0, 0, 0, 0, 0, 0, 0, 0], [0, 6, 3, 68, 0, 0, 0, 0, 0, 0, 0, 0, 0, 0], [0, 7, 0, 2, 137, 0, 6, 0, 0, 1, 0, 0, 0, 0], [0, 3, 0, 3, 0, 2, 0, 0, 0, 0, 0, 0, 0, 0], [0, 5, 0, 1, 2, 0, 7, 0, 0, 0, 0, 0, 0, 0], [0, 7, 0, 0, 0, 0, 1, 5, 0, 0, 0, 0, 0, 0], [0, 2, 0, 1, 1, 0, 1, 0, 0, 1, 0, 0, 0, 0], [0, 4, 0, 0, 2, 0, 1, 0, 0, 2, 0, 0, 0, 0], [0, 2, 0, 0, 1, 0, 3, 0, 0, 0, 0, 0, 0, 0], [0, 2, 0, 0, 0, 0, 2, 0, 0, 0, 0, 3, 0, 0], [0, 4, 0, 0, 0, 0, 1, 0, 0, 0, 0, 0, 0, 0], [0, 5, 0, 0, 0, 0, 0, 2, 0, 1, 0, 1, 0, 1]]","[[169, 59, 5, 0, 2, 0, 0, 0, 0, 0, 0, 0, 0, 0], [96, 90, 7, 1, 4, 0, 0, 0, 0, 0, 0, 0, 0, 0], [1, 4, 239, 12, 2, 0, 0, 0, 0, 0, 0, 0, 0, 0], [1, 4, 9, 59, 4, 0, 0, 0, 0, 0, 0, 0, 0, 0], [0, 0, 5, 2, 144, 0, 2, 0, 0, 0, 0, 0, 0, 0], [0, 0, 1, 4, 1, 1, 1, 0, 0, 0, 0, 0, 0, 0], [0, 0, 0, 0, 9, 0, 6, 0, 0, 0, 0, 0, 0, 0], [0, 0, 4, 1, 1, 0, 1, 6, 0, 0, 0, 0, 0, 0], [0, 0, 0, 1, 4, 0, 0, 0, 0, 0, 0, 1, 0, 0], [0, 0, 0, 1, 6, 0, 1, 0, 0, 1, 0, 0, 0, 0], [0, 0, 1, 0, 2, 0, 3, 0, 0, 0, 0, 0, 0, 0], [0, 0, 2, 0, 1, 0, 1, 0, 0, 0, 0, 3, 0, 0], [0, 0, 0, 0, 2, 0, 3, 0, 0, 0, 0, 0, 0, 0], [0, 0, 0, 1, 6, 0, 1, 1, 0, 0, 0, 0, 0, 1]]"
source_expansion_Faces_to_PetImages_to_GarbageDataset,logistic_regression,hddm_w,0.55,5,5042,0.5465656630928597,0.5056903425354023,0.515198369727657,0.757,0.5465656630928597,0.5056903425354023,0.515198369727657,0.5700000000000001,0.8,0.757,0.5465656630928597,0.5056903425354023,0.515198369727657,0.5700000000000001,0.8,0.0,"[[151, 79, 1, 1, 0, 0, 1, 1, 0, 0, 0, 0, 1, 0], [85, 110, 1, 1, 0, 0, 0, 0, 0, 1, 0, 0, 0, 0], [0, 1, 249, 6, 0, 1, 0, 1, 0, 0, 0, 0, 0, 0], [1, 0, 5, 71, 0, 0, 0, 0, 0, 0, 0, 0, 0, 0], [0, 0, 1, 0, 147, 0, 1, 0, 2, 1, 1, 0, 0, 0], [0, 0, 0, 1, 1, 4, 0, 0, 0, 0, 0, 1, 1, 0], [0, 2, 1, 0, 3, 1, 4, 0, 0, 0, 2, 0, 2, 0], [0, 0, 0, 3, 0, 0, 0, 9, 0, 0, 0, 0, 0, 1], [1, 0, 0, 0, 1, 1, 1, 0, 0, 0, 0, 0, 1, 1], [0, 0, 0, 0, 5, 1, 1, 0, 0, 2, 0, 0, 0, 0], [0, 0, 1, 0, 1, 0, 2, 0, 1, 0, 1, 0, 0, 0], [0, 0, 0, 0, 1, 0, 0, 1, 1, 0, 1, 2, 0, 1], [1, 0, 0, 0, 0, 1, 1, 0, 0, 0, 0, 0, 2, 0], [0, 0, 0, 1, 1, 0, 2, 1, 0, 0, 0, 0, 0, 5]]","[[151, 79, 1, 1, 0, 0, 1, 1, 0, 0, 0, 0, 1, 0], [85, 110, 1, 1, 0, 0, 0, 0, 0, 1, 0, 0, 0, 0], [0, 1, 249, 6, 0, 1, 0, 1, 0, 0, 0, 0, 0, 0], [1, 0, 5, 71, 0, 0, 0, 0, 0, 0, 0, 0, 0, 0], [0, 0, 1, 0, 147, 0, 1, 0, 2, 1, 1, 0, 0, 0], [0, 0, 0, 1, 1, 4, 0, 0, 0, 0, 0, 1, 1, 0], [0, 2, 1, 0, 3, 1, 4, 0, 0, 0, 2, 0, 2, 0], [0, 0, 0, 3, 0, 0, 0, 9, 0, 0, 0, 0, 0, 1], [1, 0, 0, 0, 1, 1, 1, 0, 0, 0, 0, 0, 1, 1], [0, 0, 0, 0, 5, 1, 1, 0, 0, 2, 0, 0, 0, 0], [0, 0, 1, 0, 1, 0, 2, 0, 1, 0, 1, 0, 0, 0], [0, 0, 0, 0, 1, 0, 0, 1, 1, 0, 1, 2, 0, 1], [1, 0, 0, 0, 0, 1, 1, 0, 0, 0, 0, 0, 2, 0], [0, 0, 0, 1, 1, 0, 2, 1, 0, 0, 0, 0, 0, 5]]"
source_expansion_Faces_to_PetImages_to_GarbageDataset,hoeffding_tree,hddm_w,0.55,5,5042,0.27511456275815355,0.2322821834865024,0.23760057273213922,0.548,0.27511456275815355,0.2322821834865024,0.23760057273213922,0.61,0.62,0.58,0.21424523540371135,0.20842325954717272,0.19836684768199733,0.61,0.47,1.0,"[[188, 32, 0, 0, 0, 9, 0, 0, 1, 0, 5, 0, 0, 0], [126, 49, 0, 0, 0, 17, 0, 0, 1, 0, 5, 0, 0, 0], [0, 24, 188, 4, 3, 29, 2, 0, 1, 0, 7, 0, 0, 0], [0, 14, 7, 33, 1, 14, 0, 0, 3, 0, 5, 0, 0, 0], [0, 5, 0, 0, 85, 15, 5, 0, 12, 0, 31, 0, 0, 0], [0, 4, 0, 3, 0, 1, 0, 0, 0, 0, 0, 0, 0, 0], [0, 4, 1, 0, 1, 1, 3, 0, 2, 0, 3, 0, 0, 0], [0, 7, 0, 0, 0, 2, 0, 0, 1, 0, 3, 0, 0, 0], [0, 3, 0, 0, 1, 0, 0, 0, 1, 0, 1, 0, 0, 0], [0, 3, 0, 0, 1, 1, 2, 0, 1, 0, 1, 0, 0, 0], [0, 3, 0, 0, 0, 1, 0, 0, 2, 0, 0, 0, 0, 0], [0, 4, 0, 0, 0, 0, 2, 0, 1, 0, 0, 0, 0, 0], [0, 2, 0, 1, 0, 0, 0, 0, 1, 0, 1, 0, 0, 0], [0, 8, 0, 0, 0, 0, 0, 0, 0, 0, 2, 0, 0, 0]]","[[180, 29, 11, 0, 14, 1, 0, 0, 0, 0, 0, 0, 0, 0], [121, 41, 18, 0, 16, 2, 0, 0, 0, 0, 0, 0, 0, 0], [0, 24, 214, 4, 12, 4, 0, 0, 0, 0, 0, 0, 0, 0], [0, 13, 23, 26, 14, 1, 0, 0, 0, 0, 0, 0, 0, 0], [0, 0, 34, 0, 119, 0, 0, 0, 0, 0, 0, 0, 0, 0], [0, 0, 1, 1, 6, 0, 0, 0, 0, 0, 0, 0, 0, 0], [0, 0, 3, 0, 12, 0, 0, 0, 0, 0, 0, 0, 0, 0], [0, 0, 3, 0, 10, 0, 0, 0, 0, 0, 0, 0, 0, 0], [0, 0, 0, 0, 6, 0, 0, 0, 0, 0, 0, 0, 0, 0], [0, 0, 3, 0, 6, 0, 0, 0, 0, 0, 0, 0, 0, 0], [0, 0, 1, 0, 5, 0, 0, 0, 0, 0, 0, 0, 0, 0], [0, 0, 1, 0, 6, 0, 0, 0, 0, 0, 0, 0, 0, 0], [0, 0, 1, 0, 4, 0, 0, 0, 0, 0, 0, 0, 0, 0], [0, 0, 0, 0, 10, 0, 0, 0, 0, 0, 0, 0, 0, 0]]"
source_expansion_Faces_to_PetImages_to_GarbageDataset,gaussian_nb,hddm_w,0.55,5,5042,0.570042924102032,0.4119753779882304,0.4380425412269305,0.733,0.570042924102032,0.4119753779882304,0.4380425412269305,0.6699999999999999,0.74,0.723,0.5992607187435001,0.4016926374037006,0.4255941251325854,0.6699999999999999,0.78,2.0,"[[186, 49, 0, 0, 0, 0, 0, 0, 0, 0, 0, 0, 0, 0], [115, 83, 0, 0, 0, 0, 0, 0, 0, 0, 0, 0, 0, 0], [0, 8, 239, 11, 0, 0, 0, 0, 0, 0, 0, 0, 0, 0], [0, 6, 3, 68, 0, 0, 0, 0, 0, 0, 0, 0, 0, 0], [0, 7, 0, 2, 137, 0, 6, 0, 0, 1, 0, 0, 0, 0], [0, 3, 0, 3, 0, 2, 0, 0, 0, 0, 0, 0, 0, 0], [0, 5, 0, 1, 2, 0, 7, 0, 0, 0, 0, 0, 0, 0], [0, 7, 0, 0, 0, 0, 1, 5, 0, 0, 0, 0, 0, 0], [0, 2, 0, 1, 1, 0, 1, 0, 0, 1, 0, 0, 0, 0], [0, 4, 0, 0, 2, 0, 1, 0, 0, 2, 0, 0, 0, 0], [0, 2, 0, 0, 1, 0, 3, 0, 0, 0, 0, 0, 0, 0], [0, 2, 0, 0, 0, 0, 2, 0, 0, 0, 0, 3, 0, 0], [0, 4, 0, 0, 0, 0, 1, 0, 0, 0, 0, 0, 0, 0], [0, 5, 0, 0, 0, 0, 0, 2, 0, 1, 0, 1, 0, 1]]","[[171, 64, 0, 0, 0, 0, 0, 0, 0, 0, 0, 0, 0, 0], [112, 86, 0, 0, 0, 0, 0, 0, 0, 0, 0, 0, 0, 0], [2, 9, 237, 9, 1, 0, 0, 0, 0, 0, 0, 0, 0, 0], [0, 5, 6, 65, 1, 0, 0, 0, 0, 0, 0, 0, 0, 0], [0, 0, 1, 5, 145, 0, 2, 0, 0, 0, 0, 0, 0, 0], [0, 1, 0, 3, 0, 2, 2, 0, 0, 0, 0, 0, 0, 0], [0, 0, 0, 1, 8, 0, 6, 0, 0, 0, 0, 0, 0, 0], [3, 1, 0, 2, 0, 0, 1, 6, 0, 0, 0, 0, 0, 0], [0, 0, 0, 2, 3, 0, 0, 0, 0, 0, 0, 1, 0, 0], [0, 0, 0, 1, 6, 0, 1, 0, 0, 1, 0, 0, 0, 0], [0, 0, 1, 0, 2, 0, 3, 0, 0, 0, 0, 0, 0, 0], [0, 0, 1, 0, 1, 0, 2, 0, 0, 0, 0, 3, 0, 0], [0, 1, 0, 1, 1, 0, 2, 0, 0, 0, 0, 0, 0, 0], [0, 0, 0, 1, 5, 0, 1, 1, 0, 0, 0, 1, 0, 1]]"
source_expansion_Faces_to_PetImages_to_GarbageDataset,logistic_regression,kswin,0.55,6,6042,0.6223671316036307,0.5638283053461813,0.5853376758385508,0.741,0.6223671316036307,0.5638283053461813,0.5853376758385508,0.53,0.87,0.723,0.595345574146589,0.5726120377669127,0.5723289167867105,0.53,0.87,1.0,"[[152, 91, 2, 3, 1, 0, 0, 0, 0, 0, 0, 0, 0, 0], [83, 100, 8, 4, 2, 0, 1, 0, 0, 0, 0, 0, 0, 1], [0, 3, 222, 3, 0, 1, 1, 0, 0, 0, 0, 0, 0, 0], [1, 0, 6, 46, 0, 1, 0, 0, 0, 0, 0, 0, 0, 0], [0, 0, 1, 0, 177, 0, 0, 0, 0, 0, 1, 1, 0, 0], [0, 0, 1, 0, 1, 14, 0, 0, 0, 1, 0, 0, 0, 0], [0, 0, 0, 0, 3, 0, 2, 0, 0, 1, 1, 0, 0, 0], [0, 1, 1, 1, 0, 0, 0, 7, 0, 0, 0, 0, 0, 0], [0, 0, 0, 0, 1, 0, 0, 0, 3, 1, 0, 2, 0, 0], [0, 0, 0, 0, 4, 0, 0, 0, 1, 0, 0, 0, 0, 1], [0, 0, 0, 1, 3, 0, 0, 0, 1, 0, 4, 0, 1, 1], [0, 0, 0, 1, 1, 1, 1, 0, 1, 0, 0, 5, 0, 0], [1, 0, 0, 0, 1, 1, 0, 1, 0, 0, 0, 0, 6, 1], [0, 1, 1, 0, 2, 0, 0, 1, 1, 0, 0, 0, 0, 3]]","[[143, 98, 2, 1, 1, 0, 0, 2, 0, 0, 0, 1, 0, 1], [92, 96, 6, 1, 1, 1, 0, 1, 0, 0, 0, 1, 0, 0], [1, 3, 214, 8, 0, 1, 0, 0, 0, 0, 1, 1, 0, 1], [0, 0, 5, 48, 0, 0, 0, 1, 0, 0, 0, 0, 0, 0], [0, 0, 1, 0, 177, 0, 0, 0, 0, 0, 1, 1, 0, 0], [0, 1, 0, 1, 0, 13, 0, 0, 0, 1, 0, 0, 0, 1], [0, 0, 0, 0, 3, 0, 2, 0, 0, 1, 1, 0, 0, 0], [0, 0, 0, 2, 0, 0, 0, 7, 1, 0, 0, 0, 0, 0], [0, 0, 0, 0, 0, 1, 0, 0, 4, 0, 0, 2, 0, 0], [0, 0, 0, 0, 3, 0, 0, 0, 1, 0, 0, 1, 0, 1], [0, 0, 0, 0, 3, 1, 0, 1, 0, 0, 5, 0, 0, 1], [0, 0, 0, 1, 2, 0, 1, 0, 1, 0, 0, 3, 0, 2], [0, 0, 0, 1, 1, 1, 0, 0, 1, 0, 0, 0, 7, 0], [0, 0, 0, 1, 1, 0, 0, 0, 2, 0, 0, 1, 0, 4]]"
source_expansion_Faces_to_PetImages_to_GarbageDataset,hoeffding_tree,kswin,0.55,6,6042,0.3311237754782485,0.22442475287992186,0.22807742730093158,0.516,0.3311237754782485,0.22442475287992186,0.22807742730093158,0.5700000000000001,0.75,0.479,0.18875232962204397,0.16447108073982625,0.15111362932187924,0.5700000000000001,0.5800000000000001,3.0,"[[207, 22, 0, 0, 0, 7, 7, 6, 0, 0, 0, 0, 0, 0], [148, 33, 0, 0, 2, 1, 7, 8, 0, 0, 0, 0, 0, 0], [40, 2, 124, 0, 1, 17, 22, 24, 0, 0, 0, 0, 0, 0], [7, 9, 4, 21, 1, 3, 5, 4, 0, 0, 0, 0, 0, 0], [0, 2, 0, 1, 124, 11, 36, 6, 0, 0, 0, 0, 0, 0], [0, 7, 0, 2, 0, 5, 2, 1, 0, 0, 0, 0, 0, 0], [0, 3, 0, 0, 2, 1, 1, 0, 0, 0, 0, 0, 0, 0], [1, 7, 0, 0, 0, 1, 1, 0, 0, 0, 0, 0, 0, 0], [0, 4, 1, 0, 0, 0, 2, 0, 0, 0, 0, 0, 0, 0], [0, 2, 0, 0, 1, 1, 1, 1, 0, 0, 0, 0, 0, 0], [0, 7, 0, 0, 2, 0, 1, 1, 0, 0, 0, 0, 0, 0], [0, 6, 0, 0, 0, 3, 1, 0, 0, 0, 0, 0, 0, 0], [0, 6, 0, 1, 1, 0, 2, 0, 0, 0, 0, 0, 1, 0], [0, 6, 0, 0, 0, 0, 3, 0, 0, 0, 0, 0, 0, 0]]","[[169, 21, 48, 0, 11, 0, 0, 0, 0, 0, 0, 0, 0, 0], [131, 16, 36, 1, 12, 2, 0, 0, 1, 0, 0, 0, 0, 0], [43, 0, 171, 1, 14, 1, 0, 0, 0, 0, 0, 0, 0, 0], [7, 0, 32, 9, 6, 0, 0, 0, 0, 0, 0, 0, 0, 0], [0, 0, 62, 0, 114, 0, 0, 0, 3, 0, 1, 0, 0, 0], [1, 1, 5, 0, 9, 0, 0, 0, 0, 0, 1, 0, 0, 0], [0, 0, 2, 0, 5, 0, 0, 0, 0, 0, 0, 0, 0, 0], [0, 0, 2, 1, 7, 0, 0, 0, 0, 0, 0, 0, 0, 0], [0, 0, 2, 0, 5, 0, 0, 0, 0, 0, 0, 0, 0, 0], [0, 0, 3, 0, 3, 0, 0, 0, 0, 0, 0, 0, 0, 0], [0, 0, 3, 0, 8, 0, 0, 0, 0, 0, 0, 0, 0, 0], [0, 0, 5, 0, 5, 0, 0, 0, 0, 0, 0, 0, 0, 0], [0, 0, 2, 0, 8, 0, 0, 0, 1, 0, 0, 0, 0, 0], [0, 0, 3, 0, 6, 0, 0, 0, 0, 0, 0, 0, 0, 0]]"
source_expansion_Faces_to_PetImages_to_GarbageDataset,gaussian_nb,kswin,0.55,6,6042,0.6647301219208436,0.4450570057359689,0.4863397753872988,0.731,0.6647301219208436,0.4450570057359689,0.4863397753872988,0.49,0.81,0.733,0.6832947913260382,0.46875530984305197,0.5140179213933416,0.49,0.87,1.0,"[[187, 62, 0, 0, 0, 0, 0, 0, 0, 0, 0, 0, 0, 0], [118, 81, 0, 0, 0, 0, 0, 0, 0, 0, 0, 0, 0, 0], [0, 8, 218, 4, 0, 0, 0, 0, 0, 0, 0, 0, 0, 0], [0, 2, 5, 47, 0, 0, 0, 0, 0, 0, 0, 0, 0, 0], [0, 3, 2, 1, 170, 0, 0, 0, 0, 0, 1, 3, 0, 0], [0, 5, 0, 1, 0, 11, 0, 0, 0, 0, 0, 0, 0, 0], [0, 3, 0, 0, 3, 0, 1, 0, 0, 0, 0, 0, 0, 0], [1, 7, 0, 0, 0, 0, 0, 2, 0, 0, 0, 0, 0, 0], [0, 3, 0, 0, 0, 1, 0, 0, 0, 0, 0, 3, 0, 0], [0, 3, 0, 0, 2, 0, 0, 0, 1, 0, 0, 0, 0, 0], [0, 2, 0, 1, 1, 0, 0, 0, 0, 0, 7, 0, 0, 0], [0, 5, 0, 0, 1, 0, 0, 0, 0, 0, 0, 3, 0, 1], [0, 5, 0, 0, 1, 1, 0, 0, 0, 0, 0, 1, 3, 0], [0, 5, 0, 0, 2, 0, 0, 0, 0, 0, 0, 1, 0, 1]]","[[171, 78, 0, 0, 0, 0, 0, 0, 0, 0, 0, 0, 0, 0], [105, 94, 0, 0, 0, 0, 0, 0, 0, 0, 0, 0, 0, 0], [2, 5, 219, 4, 0, 0, 0, 0, 0, 0, 0, 0, 0, 0], [1, 0, 7, 46, 0, 0, 0, 0, 0, 0, 0, 0, 0, 0], [0, 1, 3, 2, 172, 0, 0, 0, 0, 0, 0, 2, 0, 0], [0, 1, 1, 4, 0, 11, 0, 0, 0, 0, 0, 0, 0, 0], [0, 0, 1, 1, 3, 0, 1, 0, 0, 0, 0, 0, 1, 0], [0, 5, 1, 1, 0, 0, 0, 3, 0, 0, 0, 0, 0, 0], [0, 0, 1, 0, 0, 1, 0, 0, 1, 0, 0, 4, 0, 0], [0, 2, 0, 0, 3, 0, 0, 0, 1, 0, 0, 0, 0, 0], [0, 1, 1, 0, 2, 0, 0, 0, 0, 0, 7, 0, 0, 0], [0, 1, 3, 1, 1, 0, 0, 0, 0, 0, 0, 3, 0, 1], [0, 1, 1, 2, 1, 1, 0, 0, 0, 0, 0, 1, 4, 0], [0, 3, 1, 0, 2, 1, 0, 0, 0, 0, 0, 1, 0, 1]]"
source_expansion_Faces_to_PetImages_to_GarbageDataset,logistic_regression,adwin,0.55,6,6042,0.6223671316036307,0.5638283053461813,0.5853376758385508,0.741,0.6223671316036307,0.5638283053461813,0.5853376758385508,0.53,0.87,0.722,0.6359354017020297,0.5810263724927328,0.5871043308926506,0.53,0.88,1.0,"[[152, 91, 2, 3, 1, 0, 0, 0, 0, 0, 0, 0, 0, 0], [83, 100, 8, 4, 2, 0, 1, 0, 0, 0, 0, 0, 0, 1], [0, 3, 222, 3, 0, 1, 1, 0, 0, 0, 0, 0, 0, 0], [1, 0, 6, 46, 0, 1, 0, 0, 0, 0, 0, 0, 0, 0], [0, 0, 1, 0, 177, 0, 0, 0, 0, 0, 1, 1, 0, 0], [0, 0, 1, 0, 1, 14, 0, 0, 0, 1, 0, 0, 0, 0], [0, 0, 0, 0, 3, 0, 2, 0, 0, 1, 1, 0, 0, 0], [0, 1, 1, 1, 0, 0, 0, 7, 0, 0, 0, 0, 0, 0], [0, 0, 0, 0, 1, 0, 0, 0, 3, 1, 0, 2, 0, 0], [0, 0, 0, 0, 4, 0, 0, 0, 1, 0, 0, 0, 0, 1], [0, 0, 0, 1, 3, 0, 0, 0, 1, 0, 4, 0, 1, 1], [0, 0, 0, 1, 1, 1, 1, 0, 1, 0, 0, 5, 0, 0], [1, 0, 0, 0, 1, 1, 0, 1, 0, 0, 0, 0, 6, 1], [0, 1, 1, 0, 2, 0, 0, 1, 1, 0, 0, 0, 0, 3]]","[[149, 95, 2, 3, 0, 0, 0, 0, 0, 0, 0, 0, 0, 0], [94, 88, 8, 4, 1, 0, 0, 1, 1, 1, 0, 0, 1, 0], [1, 6, 215, 5, 0, 0, 0, 0, 0, 0, 2, 1, 0, 0], [1, 1, 6, 46, 0, 0, 0, 0, 0, 0, 0, 0, 0, 0], [0, 0, 0, 1, 178, 0, 0, 0, 0, 0, 1, 0, 0, 0], [1, 0, 0, 0, 1, 13, 0, 0, 0, 1, 0, 0, 0, 1], [0, 0, 0, 0, 2, 1, 2, 0, 1, 0, 1, 0, 0, 0], [0, 0, 0, 1, 1, 0, 0, 7, 1, 0, 0, 0, 0, 0], [0, 0, 0, 0, 0, 0, 0, 0, 5, 0, 0, 2, 0, 0], [0, 0, 0, 0, 3, 0, 0, 0, 1, 0, 0, 1, 0, 1], [0, 0, 0, 1, 2, 1, 0, 1, 1, 0, 4, 0, 0, 1], [0, 2, 0, 0, 1, 0, 0, 0, 1, 0, 0, 5, 0, 1], [0, 1, 0, 0, 1, 1, 0, 0, 1, 0, 0, 0, 6, 1], [0, 0, 1, 0, 1, 1, 0, 0, 1, 0, 0, 1, 0, 4]]"
source_expansion_Faces_to_PetImages_to_GarbageDataset,hoeffding_tree,adwin,0.55,6,6042,0.3311237754782485,0.22442475287992186,0.22807742730093158,0.516,0.3311237754782485,0.22442475287992186,0.22807742730093158,0.5700000000000001,0.75,0.472,0.19979647820431787,0.1643530794039098,0.15336025179439705,0.5700000000000001,0.5800000000000001,3.0,"[[207, 22, 0, 0, 0, 7, 7, 6, 0, 0, 0, 0, 0, 0], [148, 33, 0, 0, 2, 1, 7, 8, 0, 0, 0, 0, 0, 0], [40, 2, 124, 0, 1, 17, 22, 24, 0, 0, 0, 0, 0, 0], [7, 9, 4, 21, 1, 3, 5, 4, 0, 0, 0, 0, 0, 0], [0, 2, 0, 1, 124, 11, 36, 6, 0, 0, 0, 0, 0, 0], [0, 7, 0, 2, 0, 5, 2, 1, 0, 0, 0, 0, 0, 0], [0, 3, 0, 0, 2, 1, 1, 0, 0, 0, 0, 0, 0, 0], [1, 7, 0, 0, 0, 1, 1, 0, 0, 0, 0, 0, 0, 0], [0, 4, 1, 0, 0, 0, 2, 0, 0, 0, 0, 0, 0, 0], [0, 2, 0, 0, 1, 1, 1, 1, 0, 0, 0, 0, 0, 0], [0, 7, 0, 0, 2, 0, 1, 1, 0, 0, 0, 0, 0, 0], [0, 6, 0, 0, 0, 3, 1, 0, 0, 0, 0, 0, 0, 0], [0, 6, 0, 1, 1, 0, 2, 0, 0, 0, 0, 0, 1, 0], [0, 6, 0, 0, 0, 0, 3, 0, 0, 0, 0, 0, 0, 0]]","[[165, 21, 46, 0, 12, 0, 0, 5, 0, 0, 0, 0, 0, 0], [127, 16, 36, 0, 15, 0, 0, 5, 0, 0, 0, 0, 0, 0], [42, 1, 156, 0, 17, 0, 0, 14, 0, 0, 0, 0, 0, 0], [7, 0, 27, 10, 7, 0, 0, 3, 0, 0, 0, 0, 0, 0], [0, 0, 51, 0, 125, 0, 0, 3, 0, 0, 0, 0, 0, 1], [0, 0, 4, 0, 13, 0, 0, 0, 0, 0, 0, 0, 0, 0], [0, 0, 1, 0, 6, 0, 0, 0, 0, 0, 0, 0, 0, 0], [0, 0, 2, 1, 7, 0, 0, 0, 0, 0, 0, 0, 0, 0], [0, 0, 2, 0, 5, 0, 0, 0, 0, 0, 0, 0, 0, 0], [0, 0, 3, 0, 3, 0, 0, 0, 0, 0, 0, 0, 0, 0], [0, 0, 1, 0, 9, 0, 0, 1, 0, 0, 0, 0, 0, 0], [0, 0, 4, 0, 6, 0, 0, 0, 0, 0, 0, 0, 0, 0], [0, 0, 2, 0, 9, 0, 0, 0, 0, 0, 0, 0, 0, 0], [1, 0, 3, 0, 5, 0, 0, 0, 0, 0, 0, 0, 0, 0]]"
source_expansion_Faces_to_PetImages_to_GarbageDataset,gaussian_nb,adwin,0.55,6,6042,0.6647301219208436,0.4450570057359689,0.4863397753872988,0.731,0.6647301219208436,0.4450570057359689,0.4863397753872988,0.49,0.81,0.714,0.6564086392776219,0.4421005283426135,0.4873586952680085,0.49,0.86,1.0,"[[187, 62, 0, 0, 0, 0, 0, 0, 0, 0, 0, 0, 0, 0], [118, 81, 0, 0, 0, 0, 0, 0, 0, 0, 0, 0, 0, 0], [0, 8, 218, 4, 0, 0, 0, 0, 0, 0, 0, 0, 0, 0], [0, 2, 5, 47, 0, 0, 0, 0, 0, 0, 0, 0, 0, 0], [0, 3, 2, 1, 170, 0, 0, 0, 0, 0, 1, 3, 0, 0], [0, 5, 0, 1, 0, 11, 0, 0, 0, 0, 0, 0, 0, 0], [0, 3, 0, 0, 3, 0, 1, 0, 0, 0, 0, 0, 0, 0], [1, 7, 0, 0, 0, 0, 0, 2, 0, 0, 0, 0, 0, 0], [0, 3, 0, 0, 0, 1, 0, 0, 0, 0, 0, 3, 0, 0], [0, 3, 0, 0, 2, 0, 0, 0, 1, 0, 0, 0, 0, 0], [0, 2, 0, 1, 1, 0, 0, 0, 0, 0, 7, 0, 0, 0], [0, 5, 0, 0, 1, 0, 0, 0, 0, 0, 0, 3, 0, 1], [0, 5, 0, 0, 1, 1, 0, 0, 0, 0, 0, 1, 3, 0], [0, 5, 0, 0, 2, 0, 0, 0, 0, 0, 0, 1, 0, 1]]","[[171, 76, 2, 0, 0, 0, 0, 0, 0, 0, 0, 0, 0, 0], [118, 81, 0, 0, 0, 0, 0, 0, 0, 0, 0, 0, 0, 0], [0, 7, 219, 4, 0, 0, 0, 0, 0, 0, 0, 0, 0, 0], [0, 2, 10, 42, 0, 0, 0, 0, 0, 0, 0, 0, 0, 0], [0, 0, 5, 1, 172, 0, 0, 0, 0, 0, 0, 2, 0, 0], [0, 0, 4, 2, 0, 11, 0, 0, 0, 0, 0, 0, 0, 0], [0, 0, 2, 1, 3, 0, 1, 0, 0, 0, 0, 0, 0, 0], [0, 2, 5, 0, 0, 0, 0, 3, 0, 0, 0, 0, 0, 0], [0, 0, 3, 0, 0, 1, 0, 0, 0, 0, 0, 3, 0, 0], [0, 1, 1, 0, 3, 0, 0, 0, 1, 0, 0, 0, 0, 0], [0, 0, 1, 0, 3, 1, 0, 0, 0, 0, 6, 0, 0, 0], [0, 0, 5, 0, 1, 0, 0, 0, 0, 0, 0, 3, 0, 1], [0, 0, 2, 2, 1, 1, 0, 0, 0, 0, 0, 1, 4, 0], [0, 1, 3, 1, 1, 0, 0, 0, 0, 0, 0, 2, 0, 1]]"
source_expansion_Faces_to_PetImages_to_GarbageDataset,logistic_regression,page_hinkley,0.55,6,6042,0.6223671316036307,0.5638283053461813,0.5853376758385508,0.741,0.6223671316036307,0.5638283053461813,0.5853376758385508,0.53,0.87,0.721,0.6091425446683404,0.5819215199576858,0.5831321659779972,0.53,0.87,1.0,"[[152, 91, 2, 3, 1, 0, 0, 0, 0, 0, 0, 0, 0, 0], [83, 100, 8, 4, 2, 0, 1, 0, 0, 0, 0, 0, 0, 1], [0, 3, 222, 3, 0, 1, 1, 0, 0, 0, 0, 0, 0, 0], [1, 0, 6, 46, 0, 1, 0, 0, 0, 0, 0, 0, 0, 0], [0, 0, 1, 0, 177, 0, 0, 0, 0, 0, 1, 1, 0, 0], [0, 0, 1, 0, 1, 14, 0, 0, 0, 1, 0, 0, 0, 0], [0, 0, 0, 0, 3, 0, 2, 0, 0, 1, 1, 0, 0, 0], [0, 1, 1, 1, 0, 0, 0, 7, 0, 0, 0, 0, 0, 0], [0, 0, 0, 0, 1, 0, 0, 0, 3, 1, 0, 2, 0, 0], [0, 0, 0, 0, 4, 0, 0, 0, 1, 0, 0, 0, 0, 1], [0, 0, 0, 1, 3, 0, 0, 0, 1, 0, 4, 0, 1, 1], [0, 0, 0, 1, 1, 1, 1, 0, 1, 0, 0, 5, 0, 0], [1, 0, 0, 0, 1, 1, 0, 1, 0, 0, 0, 0, 6, 1], [0, 1, 1, 0, 2, 0, 0, 1, 1, 0, 0, 0, 0, 3]]","[[149, 92, 2, 2, 1, 0, 0, 2, 0, 0, 0, 0, 0, 1], [93, 92, 9, 2, 2, 0, 0, 1, 0, 0, 0, 0, 0, 0], [1, 4, 209, 9, 1, 1, 1, 0, 0, 0, 2, 1, 0, 1], [0, 1, 6, 47, 0, 0, 0, 0, 0, 0, 0, 0, 0, 0], [0, 0, 0, 1, 178, 0, 0, 0, 0, 0, 1, 0, 0, 0], [0, 1, 0, 1, 1, 13, 0, 0, 0, 0, 0, 0, 0, 1], [0, 0, 0, 0, 3, 0, 2, 0, 0, 1, 1, 0, 0, 0], [0, 1, 0, 0, 1, 0, 0, 7, 0, 0, 0, 0, 0, 1], [0, 0, 0, 0, 0, 0, 0, 0, 5, 0, 0, 2, 0, 0], [0, 0, 0, 0, 3, 0, 0, 0, 1, 0, 0, 1, 0, 1], [0, 0, 0, 1, 2, 1, 0, 1, 1, 0, 4, 0, 0, 1], [0, 1, 0, 0, 1, 1, 0, 0, 1, 0, 0, 5, 0, 1], [0, 0, 1, 0, 1, 1, 0, 0, 1, 0, 0, 0, 6, 1], [0, 1, 0, 0, 1, 1, 0, 0, 0, 0, 1, 1, 0, 4]]"
source_expansion_Faces_to_PetImages_to_GarbageDataset,hoeffding_tree,page_hinkley,0.55,6,6042,0.3311237754782485,0.22442475287992186,0.22807742730093158,0.516,0.3311237754782485,0.22442475287992186,0.22807742730093158,0.5700000000000001,0.75,0.492,0.18877028910365717,0.1683296903362659,0.1561016431867573,0.5700000000000001,0.5800000000000001,4.0,"[[207, 22, 0, 0, 0, 7, 7, 6, 0, 0, 0, 0, 0, 0], [148, 33, 0, 0, 2, 1, 7, 8, 0, 0, 0, 0, 0, 0], [40, 2, 124, 0, 1, 17, 22, 24, 0, 0, 0, 0, 0, 0], [7, 9, 4, 21, 1, 3, 5, 4, 0, 0, 0, 0, 0, 0], [0, 2, 0, 1, 124, 11, 36, 6, 0, 0, 0, 0, 0, 0], [0, 7, 0, 2, 0, 5, 2, 1, 0, 0, 0, 0, 0, 0], [0, 3, 0, 0, 2, 1, 1, 0, 0, 0, 0, 0, 0, 0], [1, 7, 0, 0, 0, 1, 1, 0, 0, 0, 0, 0, 0, 0], [0, 4, 1, 0, 0, 0, 2, 0, 0, 0, 0, 0, 0, 0], [0, 2, 0, 0, 1, 1, 1, 1, 0, 0, 0, 0, 0, 0], [0, 7, 0, 0, 2, 0, 1, 1, 0, 0, 0, 0, 0, 0], [0, 6, 0, 0, 0, 3, 1, 0, 0, 0, 0, 0, 0, 0], [0, 6, 0, 1, 1, 0, 2, 0, 0, 0, 0, 0, 1, 0], [0, 6, 0, 0, 0, 0, 3, 0, 0, 0, 0, 0, 0, 0]]","[[172, 24, 39, 0, 11, 0, 0, 3, 0, 0, 0, 0, 0, 0], [126, 24, 31, 0, 15, 0, 0, 3, 0, 0, 0, 0, 0, 0], [28, 8, 168, 2, 17, 0, 0, 7, 0, 0, 0, 0, 0, 0], [3, 4, 32, 8, 7, 0, 0, 0, 0, 0, 0, 0, 0, 0], [2, 0, 56, 1, 120, 0, 0, 1, 0, 0, 0, 0, 0, 0], [0, 0, 5, 0, 12, 0, 0, 0, 0, 0, 0, 0, 0, 0], [0, 0, 2, 0, 5, 0, 0, 0, 0, 0, 0, 0, 0, 0], [0, 0, 3, 0, 7, 0, 0, 0, 0, 0, 0, 0, 0, 0], [0, 0, 2, 0, 5, 0, 0, 0, 0, 0, 0, 0, 0, 0], [0, 0, 3, 0, 3, 0, 0, 0, 0, 0, 0, 0, 0, 0], [0, 0, 1, 0, 9, 0, 0, 1, 0, 0, 0, 0, 0, 0], [0, 0, 4, 0, 6, 0, 0, 0, 0, 0, 0, 0, 0, 0], [0, 0, 2, 0, 9, 0, 0, 0, 0, 0, 0, 0, 0, 0], [0, 0, 3, 0, 6, 0, 0, 0, 0, 0, 0, 0, 0, 0]]"
source_expansion_Faces_to_PetImages_to_GarbageDataset,gaussian_nb,page_hinkley,0.55,6,6042,0.6647301219208436,0.4450570057359689,0.4863397753872988,0.731,0.6647301219208436,0.4450570057359689,0.4863397753872988,0.49,0.81,0.696,0.6011894349499717,0.3859651826769025,0.4183434737430597,0.49,0.8200000000000001,2.0,"[[187, 62, 0, 0, 0, 0, 0, 0, 0, 0, 0, 0, 0, 0], [118, 81, 0, 0, 0, 0, 0, 0, 0, 0, 0, 0, 0, 0], [0, 8, 218, 4, 0, 0, 0, 0, 0, 0, 0, 0, 0, 0], [0, 2, 5, 47, 0, 0, 0, 0, 0, 0, 0, 0, 0, 0], [0, 3, 2, 1, 170, 0, 0, 0, 0, 0, 1, 3, 0, 0], [0, 5, 0, 1, 0, 11, 0, 0, 0, 0, 0, 0, 0, 0], [0, 3, 0, 0, 3, 0, 1, 0, 0, 0, 0, 0, 0, 0], [1, 7, 0, 0, 0, 0, 0, 2, 0, 0, 0, 0, 0, 0], [0, 3, 0, 0, 0, 1, 0, 0, 0, 0, 0, 3, 0, 0], [0, 3, 0, 0, 2, 0, 0, 0, 1, 0, 0, 0, 0, 0], [0, 2, 0, 1, 1, 0, 0, 0, 0, 0, 7, 0, 0, 0], [0, 5, 0, 0, 1, 0, 0, 0, 0, 0, 0, 3, 0, 1], [0, 5, 0, 0, 1, 1, 0, 0, 0, 0, 0, 1, 3, 0], [0, 5, 0, 0, 2, 0, 0, 0, 0, 0, 0, 1, 0, 1]]","[[153, 90, 6, 0, 0, 0, 0, 0, 0, 0, 0, 0, 0, 0], [97, 96, 5, 0, 1, 0, 0, 0, 0, 0, 0, 0, 0, 0], [2, 6, 215, 4, 3, 0, 0, 0, 0, 0, 0, 0, 0, 0], [0, 1, 11, 41, 1, 0, 0, 0, 0, 0, 0, 0, 0, 0], [1, 0, 6, 2, 171, 0, 0, 0, 0, 0, 0, 0, 0, 0], [0, 0, 2, 3, 3, 9, 0, 0, 0, 0, 0, 0, 0, 0], [0, 0, 1, 0, 4, 1, 0, 0, 0, 0, 1, 0, 0, 0], [0, 0, 8, 1, 0, 0, 0, 1, 0, 0, 0, 0, 0, 0], [0, 0, 0, 0, 4, 1, 0, 0, 2, 0, 0, 0, 0, 0], [0, 0, 1, 1, 3, 0, 0, 0, 1, 0, 0, 0, 0, 0], [0, 0, 2, 0, 4, 1, 0, 0, 0, 0, 4, 0, 0, 0], [0, 0, 5, 0, 4, 0, 0, 0, 1, 0, 0, 0, 0, 0], [0, 0, 3, 0, 3, 2, 0, 0, 0, 0, 0, 0, 3, 0], [0, 1, 2, 1, 3, 1, 0, 0, 0, 0, 0, 0, 0, 1]]"
source_expansion_Faces_to_PetImages_to_GarbageDataset,logistic_regression,hddm_w,0.55,6,6042,0.6223671316036307,0.5638283053461813,0.5853376758385508,0.741,0.6223671316036307,0.5638283053461813,0.5853376758385508,0.53,0.87,0.727,0.6023238720071676,0.5442249905321002,0.5595842226373213,0.53,0.84,1.0,"[[152, 91, 2, 3, 1, 0, 0, 0, 0, 0, 0, 0, 0, 0], [83, 100, 8, 4, 2, 0, 1, 0, 0, 0, 0, 0, 0, 1], [0, 3, 222, 3, 0, 1, 1, 0, 0, 0, 0, 0, 0, 0], [1, 0, 6, 46, 0, 1, 0, 0, 0, 0, 0, 0, 0, 0], [0, 0, 1, 0, 177, 0, 0, 0, 0, 0, 1, 1, 0, 0], [0, 0, 1, 0, 1, 14, 0, 0, 0, 1, 0, 0, 0, 0], [0, 0, 0, 0, 3, 0, 2, 0, 0, 1, 1, 0, 0, 0], [0, 1, 1, 1, 0, 0, 0, 7, 0, 0, 0, 0, 0, 0], [0, 0, 0, 0, 1, 0, 0, 0, 3, 1, 0, 2, 0, 0], [0, 0, 0, 0, 4, 0, 0, 0, 1, 0, 0, 0, 0, 1], [0, 0, 0, 1, 3, 0, 0, 0, 1, 0, 4, 0, 1, 1], [0, 0, 0, 1, 1, 1, 1, 0, 1, 0, 0, 5, 0, 0], [1, 0, 0, 0, 1, 1, 0, 1, 0, 0, 0, 0, 6, 1], [0, 1, 1, 0, 2, 0, 0, 1, 1, 0, 0, 0, 0, 3]]","[[144, 101, 1, 1, 1, 0, 0, 1, 0, 0, 0, 0, 0, 0], [91, 100, 3, 2, 1, 1, 0, 0, 0, 0, 0, 1, 0, 0], [0, 5, 216, 4, 1, 1, 0, 0, 0, 2, 0, 0, 0, 1], [0, 0, 5, 48, 0, 1, 0, 0, 0, 0, 0, 0, 0, 0], [0, 0, 1, 0, 178, 0, 0, 0, 0, 0, 1, 0, 0, 0], [0, 1, 0, 1, 1, 13, 0, 0, 0, 0, 0, 0, 0, 1], [0, 0, 0, 0, 3, 0, 2, 0, 0, 1, 1, 0, 0, 0], [0, 0, 0, 1, 0, 0, 0, 7, 1, 0, 1, 0, 0, 0], [0, 0, 0, 0, 1, 1, 0, 0, 3, 0, 0, 2, 0, 0], [0, 0, 0, 0, 3, 0, 0, 0, 1, 0, 0, 1, 0, 1], [0, 0, 0, 1, 2, 1, 0, 1, 1, 0, 4, 0, 0, 1], [0, 0, 0, 1, 2, 0, 1, 0, 1, 0, 0, 3, 0, 2], [0, 1, 0, 0, 1, 1, 0, 0, 1, 0, 0, 0, 6, 1], [0, 0, 0, 1, 2, 0, 0, 0, 2, 0, 0, 1, 0, 3]]"
source_expansion_Faces_to_PetImages_to_GarbageDataset,hoeffding_tree,hddm_w,0.55,6,6042,0.3311237754782485,0.22442475287992186,0.22807742730093158,0.516,0.3311237754782485,0.22442475287992186,0.22807742730093158,0.5700000000000001,0.75,0.52,0.1932443605159149,0.18366652518915932,0.17561713420085764,0.5700000000000001,0.5800000000000001,2.0,"[[207, 22, 0, 0, 0, 7, 7, 6, 0, 0, 0, 0, 0, 0], [148, 33, 0, 0, 2, 1, 7, 8, 0, 0, 0, 0, 0, 0], [40, 2, 124, 0, 1, 17, 22, 24, 0, 0, 0, 0, 0, 0], [7, 9, 4, 21, 1, 3, 5, 4, 0, 0, 0, 0, 0, 0], [0, 2, 0, 1, 124, 11, 36, 6, 0, 0, 0, 0, 0, 0], [0, 7, 0, 2, 0, 5, 2, 1, 0, 0, 0, 0, 0, 0], [0, 3, 0, 0, 2, 1, 1, 0, 0, 0, 0, 0, 0, 0], [1, 7, 0, 0, 0, 1, 1, 0, 0, 0, 0, 0, 0, 0], [0, 4, 1, 0, 0, 0, 2, 0, 0, 0, 0, 0, 0, 0], [0, 2, 0, 0, 1, 1, 1, 1, 0, 0, 0, 0, 0, 0], [0, 7, 0, 0, 2, 0, 1, 1, 0, 0, 0, 0, 0, 0], [0, 6, 0, 0, 0, 3, 1, 0, 0, 0, 0, 0, 0, 0], [0, 6, 0, 1, 1, 0, 2, 0, 0, 0, 0, 0, 1, 0], [0, 6, 0, 0, 0, 0, 3, 0, 0, 0, 0, 0, 0, 0]]","[[172, 40, 24, 2, 11, 0, 0, 0, 0, 0, 0, 0, 0, 0], [126, 38, 23, 1, 11, 0, 0, 0, 0, 0, 0, 0, 0, 0], [18, 8, 188, 2, 14, 0, 0, 0, 0, 0, 0, 0, 0, 0], [2, 8, 23, 15, 6, 0, 0, 0, 0, 0, 0, 0, 0, 0], [0, 0, 72, 1, 107, 0, 0, 0, 0, 0, 0, 0, 0, 0], [0, 0, 8, 0, 9, 0, 0, 0, 0, 0, 0, 0, 0, 0], [0, 0, 2, 0, 5, 0, 0, 0, 0, 0, 0, 0, 0, 0], [0, 0, 4, 0, 6, 0, 0, 0, 0, 0, 0, 0, 0, 0], [0, 0, 3, 0, 4, 0, 0, 0, 0, 0, 0, 0, 0, 0], [0, 0, 3, 0, 3, 0, 0, 0, 0, 0, 0, 0, 0, 0], [0, 0, 3, 0, 8, 0, 0, 0, 0, 0, 0, 0, 0, 0], [0, 0, 6, 0, 4, 0, 0, 0, 0, 0, 0, 0, 0, 0], [0, 0, 3, 0, 8, 0, 0, 0, 0, 0, 0, 0, 0, 0], [0, 0, 4, 0, 5, 0, 0, 0, 0, 0, 0, 0, 0, 0]]"
source_expansion_Faces_to_PetImages_to_GarbageDataset,gaussian_nb,hddm_w,0.55,6,6042,0.6647301219208436,0.4450570057359689,0.4863397753872988,0.731,0.6647301219208436,0.4450570057359689,0.4863397753872988,0.49,0.81,0.736,0.6532684083028257,0.4401435495662313,0.47623938949232364,0.49,0.85,1.0,"[[187, 62, 0, 0, 0, 0, 0, 0, 0, 0, 0, 0, 0, 0], [118, 81, 0, 0, 0, 0, 0, 0, 0, 0, 0, 0, 0, 0], [0, 8, 218, 4, 0, 0, 0, 0, 0, 0, 0, 0, 0, 0], [0, 2, 5, 47, 0, 0, 0, 0, 0, 0, 0, 0, 0, 0], [0, 3, 2, 1, 170, 0, 0, 0, 0, 0, 1, 3, 0, 0], [0, 5, 0, 1, 0, 11, 0, 0, 0, 0, 0, 0, 0, 0], [0, 3, 0, 0, 3, 0, 1, 0, 0, 0, 0, 0, 0, 0], [1, 7, 0, 0, 0, 0, 0, 2, 0, 0, 0, 0, 0, 0], [0, 3, 0, 0, 0, 1, 0, 0, 0, 0, 0, 3, 0, 0], [0, 3, 0, 0, 2, 0, 0, 0, 1, 0, 0, 0, 0, 0], [0, 2, 0, 1, 1, 0, 0, 0, 0, 0, 7, 0, 0, 0], [0, 5, 0, 0, 1, 0, 0, 0, 0, 0, 0, 3, 0, 1], [0, 5, 0, 0, 1, 1, 0, 0, 0, 0, 0, 1, 3, 0], [0, 5, 0, 0, 2, 0, 0, 0, 0, 0, 0, 1, 0, 1]]","[[187, 62, 0, 0, 0, 0, 0, 0, 0, 0, 0, 0, 0, 0], [114, 85, 0, 0, 0, 0, 0, 0, 0, 0, 0, 0, 0, 0], [0, 8, 218, 4, 0, 0, 0, 0, 0, 0, 0, 0, 0, 0], [0, 2, 5, 47, 0, 0, 0, 0, 0, 0, 0, 0, 0, 0], [0, 3, 2, 1, 172, 0, 0, 0, 0, 0, 0, 2, 0, 0], [0, 3, 1, 2, 0, 11, 0, 0, 0, 0, 0, 0, 0, 0], [0, 2, 0, 0, 3, 0, 1, 0, 0, 0, 0, 0, 1, 0], [0, 8, 1, 0, 0, 0, 0, 1, 0, 0, 0, 0, 0, 0], [0, 2, 0, 0, 0, 1, 0, 0, 0, 0, 0, 4, 0, 0], [0, 3, 0, 0, 2, 0, 0, 0, 1, 0, 0, 0, 0, 0], [0, 1, 0, 1, 2, 0, 0, 0, 0, 0, 7, 0, 0, 0], [0, 4, 0, 1, 1, 0, 0, 0, 0, 0, 0, 3, 0, 1], [0, 3, 0, 2, 1, 1, 0, 0, 0, 0, 0, 1, 3, 0], [0, 5, 0, 0, 2, 0, 0, 0, 0, 0, 0, 1, 0, 1]]"
source_expansion_Faces_to_PetImages_to_GarbageDataset,logistic_regression,kswin,0.55,7,7042,0.5864091134543484,0.5358883191616352,0.5446051888847255,0.745,0.5864091134543484,0.5358883191616352,0.5446051888847255,0.5800000000000001,0.78,0.738,0.586430714184332,0.5327704339220649,0.5501202462734202,0.5800000000000001,0.77,1.0,"[[131, 80, 2, 3, 0, 0, 0, 1, 0, 0, 1, 0, 0, 0], [83, 126, 2, 6, 0, 0, 0, 1, 0, 0, 0, 0, 0, 0], [0, 2, 209, 7, 0, 0, 0, 0, 0, 0, 1, 0, 0, 0], [1, 0, 6, 74, 1, 0, 0, 0, 0, 0, 0, 0, 0, 0], [0, 2, 1, 0, 169, 1, 1, 0, 1, 0, 0, 0, 0, 0], [0, 0, 0, 0, 1, 5, 0, 0, 0, 0, 0, 0, 2, 1], [0, 0, 1, 0, 3, 0, 1, 1, 0, 0, 0, 1, 0, 0], [0, 1, 0, 0, 0, 0, 0, 9, 1, 0, 1, 0, 2, 1], [0, 0, 1, 0, 1, 0, 1, 0, 5, 0, 0, 1, 0, 0], [0, 0, 0, 0, 2, 0, 0, 0, 0, 3, 2, 1, 0, 0], [1, 0, 0, 0, 2, 1, 0, 0, 1, 0, 2, 0, 0, 0], [0, 0, 0, 0, 1, 1, 0, 1, 3, 0, 1, 3, 0, 2], [0, 0, 0, 1, 0, 0, 0, 1, 0, 0, 0, 1, 7, 1], [0, 0, 0, 0, 4, 0, 0, 3, 1, 0, 0, 0, 1, 1]]","[[131, 84, 0, 0, 1, 0, 0, 0, 0, 0, 0, 0, 0, 2], [96, 120, 0, 0, 0, 0, 0, 1, 0, 1, 0, 0, 0, 0], [1, 1, 207, 9, 0, 0, 0, 0, 0, 0, 0, 1, 0, 0], [1, 0, 5, 76, 0, 0, 0, 0, 0, 0, 0, 0, 0, 0], [0, 1, 1, 2, 169, 0, 1, 0, 1, 0, 0, 0, 0, 0], [0, 0, 0, 1, 0, 6, 0, 0, 0, 0, 0, 0, 2, 0], [0, 0, 1, 0, 3, 0, 1, 1, 0, 0, 0, 1, 0, 0], [0, 0, 0, 1, 1, 0, 0, 9, 1, 0, 0, 0, 2, 1], [0, 0, 0, 0, 2, 0, 1, 0, 4, 0, 0, 1, 1, 0], [0, 0, 0, 0, 2, 0, 0, 0, 0, 3, 2, 1, 0, 0], [0, 0, 0, 1, 3, 0, 0, 0, 0, 0, 3, 0, 0, 0], [0, 0, 0, 1, 1, 1, 0, 0, 2, 0, 1, 2, 1, 3], [0, 0, 0, 1, 1, 0, 0, 1, 0, 0, 0, 1, 6, 1], [0, 0, 0, 0, 4, 0, 0, 2, 2, 0, 0, 1, 0, 1]]"
source_expansion_Faces_to_PetImages_to_GarbageDataset,hoeffding_tree,kswin,0.55,7,7042,0.31407755960156447,0.20868483927366185,0.22620155161281016,0.508,0.31407755960156447,0.20868483927366185,0.22620155161281016,0.5700000000000001,0.56,0.505,0.19297783077562064,0.18598726554934114,0.1765265104271652,0.5700000000000001,0.51,6.0,"[[101, 81, 0, 12, 2, 1, 11, 4, 6, 0, 0, 0, 0, 0], [69, 123, 1, 9, 1, 1, 6, 3, 5, 0, 0, 0, 0, 0], [0, 28, 133, 6, 7, 5, 12, 12, 16, 0, 0, 0, 0, 0], [0, 20, 2, 36, 2, 5, 7, 2, 8, 0, 0, 0, 0, 0], [0, 8, 0, 0, 113, 19, 22, 6, 7, 0, 0, 0, 0, 0], [0, 7, 0, 0, 0, 1, 1, 0, 0, 0, 0, 0, 0, 0], [1, 3, 0, 0, 1, 1, 0, 1, 0, 0, 0, 0, 0, 0], [1, 9, 0, 0, 0, 1, 3, 0, 1, 0, 0, 0, 0, 0], [0, 1, 0, 0, 3, 1, 3, 0, 0, 0, 0, 1, 0, 0], [0, 5, 0, 0, 1, 1, 0, 1, 0, 0, 0, 0, 0, 0], [0, 3, 0, 0, 1, 2, 0, 0, 1, 0, 0, 0, 0, 0], [1, 7, 0, 0, 0, 3, 0, 0, 1, 0, 0, 0, 0, 0], [0, 8, 1, 0, 0, 1, 0, 0, 0, 0, 0, 0, 1, 0], [0, 4, 0, 1, 1, 1, 3, 0, 0, 0, 0, 0, 0, 0]]","[[74, 97, 36, 1, 10, 0, 0, 0, 0, 0, 0, 0, 0, 0], [83, 102, 25, 2, 6, 0, 0, 0, 0, 0, 0, 0, 0, 0], [14, 7, 180, 4, 11, 0, 0, 0, 3, 0, 0, 0, 0, 0], [7, 3, 40, 19, 13, 0, 0, 0, 0, 0, 0, 0, 0, 0], [1, 0, 43, 0, 130, 0, 0, 0, 1, 0, 0, 0, 0, 0], [0, 0, 1, 0, 8, 0, 0, 0, 0, 0, 0, 0, 0, 0], [0, 0, 1, 0, 6, 0, 0, 0, 0, 0, 0, 0, 0, 0], [0, 0, 5, 0, 10, 0, 0, 0, 0, 0, 0, 0, 0, 0], [0, 0, 3, 0, 6, 0, 0, 0, 0, 0, 0, 0, 0, 0], [0, 0, 1, 0, 7, 0, 0, 0, 0, 0, 0, 0, 0, 0], [0, 0, 2, 0, 5, 0, 0, 0, 0, 0, 0, 0, 0, 0], [0, 0, 3, 0, 9, 0, 0, 0, 0, 0, 0, 0, 0, 0], [0, 0, 0, 0, 11, 0, 0, 0, 0, 0, 0, 0, 0, 0], [0, 0, 4, 0, 6, 0, 0, 0, 0, 0, 0, 0, 0, 0]]"
source_expansion_Faces_to_PetImages_to_GarbageDataset,gaussian_nb,kswin,0.55,7,7042,0.693691890653881,0.44254323726698314,0.503029164394839,0.722,0.693691890653881,0.44254323726698314,0.503029164394839,0.5900000000000001,0.72,0.681,0.5473408326705934,0.33652862291508207,0.3673854293820472,0.5900000000000001,0.63,3.0,"[[142, 76, 0, 0, 0, 0, 0, 0, 0, 0, 0, 0, 0, 0], [87, 131, 0, 0, 0, 0, 0, 0, 0, 0, 0, 0, 0, 0], [0, 15, 195, 9, 0, 0, 0, 0, 0, 0, 0, 0, 0, 0], [0, 7, 1, 74, 0, 0, 0, 0, 0, 0, 0, 0, 0, 0], [0, 13, 0, 0, 157, 0, 1, 0, 0, 2, 1, 1, 0, 0], [0, 5, 0, 1, 0, 3, 0, 0, 0, 0, 0, 0, 0, 0], [0, 2, 0, 0, 2, 0, 1, 0, 0, 0, 1, 1, 0, 0], [0, 10, 0, 0, 0, 0, 0, 5, 0, 0, 0, 0, 0, 0], [0, 5, 0, 1, 1, 0, 0, 0, 1, 0, 0, 1, 0, 0], [0, 3, 0, 0, 2, 0, 0, 0, 0, 2, 1, 0, 0, 0], [1, 3, 0, 0, 1, 0, 0, 0, 0, 0, 2, 0, 0, 0], [1, 5, 0, 0, 1, 0, 0, 0, 1, 0, 0, 4, 0, 0], [0, 5, 0, 1, 0, 0, 0, 0, 0, 0, 0, 0, 4, 1], [0, 4, 0, 1, 2, 0, 0, 0, 0, 0, 0, 2, 0, 1]]","[[135, 80, 0, 0, 3, 0, 0, 0, 0, 0, 0, 0, 0, 0], [104, 112, 0, 0, 2, 0, 0, 0, 0, 0, 0, 0, 0, 0], [1, 17, 191, 8, 2, 0, 0, 0, 0, 0, 0, 0, 0, 0], [0, 7, 1, 70, 4, 0, 0, 0, 0, 0, 0, 0, 0, 0], [1, 8, 0, 2, 163, 0, 0, 0, 0, 1, 0, 0, 0, 0], [0, 2, 0, 1, 5, 1, 0, 0, 0, 0, 0, 0, 0, 0], [0, 1, 0, 0, 6, 0, 0, 0, 0, 0, 0, 0, 0, 0], [0, 7, 0, 0, 5, 0, 0, 3, 0, 0, 0, 0, 0, 0], [0, 3, 0, 2, 2, 0, 0, 0, 1, 0, 0, 1, 0, 0], [0, 2, 0, 1, 4, 0, 0, 0, 0, 0, 1, 0, 0, 0], [0, 2, 0, 0, 4, 0, 0, 0, 0, 0, 1, 0, 0, 0], [0, 2, 0, 0, 7, 0, 0, 0, 2, 0, 0, 1, 0, 0], [0, 2, 0, 1, 4, 0, 0, 1, 0, 0, 0, 0, 3, 0], [0, 4, 0, 0, 6, 0, 0, 0, 0, 0, 0, 0, 0, 0]]"
source_expansion_Faces_to_PetImages_to_GarbageDataset,logistic_regression,adwin,0.55,7,7042,0.5864091134543484,0.5358883191616352,0.5446051888847255,0.745,0.5864091134543484,0.5358883191616352,0.5446051888847255,0.5800000000000001,0.78,0.731,0.5782505594841286,0.516787838857087,0.5285144052510252,0.5800000000000001,0.76,1.0,"[[131, 80, 2, 3, 0, 0, 0, 1, 0, 0, 1, 0, 0, 0], [83, 126, 2, 6, 0, 0, 0, 1, 0, 0, 0, 0, 0, 0], [0, 2, 209, 7, 0, 0, 0, 0, 0, 0, 1, 0, 0, 0], [1, 0, 6, 74, 1, 0, 0, 0, 0, 0, 0, 0, 0, 0], [0, 2, 1, 0, 169, 1, 1, 0, 1, 0, 0, 0, 0, 0], [0, 0, 0, 0, 1, 5, 0, 0, 0, 0, 0, 0, 2, 1], [0, 0, 1, 0, 3, 0, 1, 1, 0, 0, 0, 1, 0, 0], [0, 1, 0, 0, 0, 0, 0, 9, 1, 0, 1, 0, 2, 1], [0, 0, 1, 0, 1, 0, 1, 0, 5, 0, 0, 1, 0, 0], [0, 0, 0, 0, 2, 0, 0, 0, 0, 3, 2, 1, 0, 0], [1, 0, 0, 0, 2, 1, 0, 0, 1, 0, 2, 0, 0, 0], [0, 0, 0, 0, 1, 1, 0, 1, 3, 0, 1, 3, 0, 2], [0, 0, 0, 1, 0, 0, 0, 1, 0, 0, 0, 1, 7, 1], [0, 0, 0, 0, 4, 0, 0, 3, 1, 0, 0, 0, 1, 1]]","[[133, 79, 2, 2, 0, 0, 0, 0, 0, 0, 0, 0, 0, 2], [88, 118, 2, 7, 0, 0, 0, 1, 0, 0, 1, 1, 0, 0], [0, 3, 202, 12, 1, 0, 0, 0, 0, 0, 0, 1, 0, 0], [2, 0, 5, 75, 0, 0, 0, 0, 0, 0, 0, 0, 0, 0], [0, 0, 1, 1, 170, 0, 1, 0, 2, 0, 0, 0, 0, 0], [0, 0, 0, 1, 0, 6, 0, 0, 1, 0, 0, 0, 1, 0], [0, 0, 1, 0, 3, 0, 1, 1, 0, 0, 0, 1, 0, 0], [1, 0, 0, 1, 1, 0, 0, 9, 1, 0, 0, 0, 2, 0], [0, 0, 0, 1, 2, 0, 0, 0, 3, 0, 0, 1, 1, 1], [0, 0, 0, 0, 2, 0, 0, 0, 0, 3, 2, 1, 0, 0], [0, 1, 0, 0, 2, 1, 0, 0, 0, 0, 3, 0, 0, 0], [1, 0, 0, 1, 1, 1, 0, 0, 2, 0, 1, 1, 1, 3], [0, 0, 1, 1, 0, 0, 0, 1, 0, 0, 0, 1, 6, 1], [0, 0, 0, 0, 4, 1, 0, 2, 2, 0, 0, 0, 0, 1]]"
source_expansion_Faces_to_PetImages_to_GarbageDataset,hoeffding_tree,adwin,0.55,7,7042,0.31407755960156447,0.20868483927366185,0.22620155161281016,0.508,0.31407755960156447,0.20868483927366185,0.22620155161281016,0.5700000000000001,0.56,0.508,0.17259988311366362,0.18369936162806727,0.1704352506690085,0.5700000000000001,0.51,3.0,"[[101, 81, 0, 12, 2, 1, 11, 4, 6, 0, 0, 0, 0, 0], [69, 123, 1, 9, 1, 1, 6, 3, 5, 0, 0, 0, 0, 0], [0, 28, 133, 6, 7, 5, 12, 12, 16, 0, 0, 0, 0, 0], [0, 20, 2, 36, 2, 5, 7, 2, 8, 0, 0, 0, 0, 0], [0, 8, 0, 0, 113, 19, 22, 6, 7, 0, 0, 0, 0, 0], [0, 7, 0, 0, 0, 1, 1, 0, 0, 0, 0, 0, 0, 0], [1, 3, 0, 0, 1, 1, 0, 1, 0, 0, 0, 0, 0, 0], [1, 9, 0, 0, 0, 1, 3, 0, 1, 0, 0, 0, 0, 0], [0, 1, 0, 0, 3, 1, 3, 0, 0, 0, 0, 1, 0, 0], [0, 5, 0, 0, 1, 1, 0, 1, 0, 0, 0, 0, 0, 0], [0, 3, 0, 0, 1, 2, 0, 0, 1, 0, 0, 0, 0, 0], [1, 7, 0, 0, 0, 3, 0, 0, 1, 0, 0, 0, 0, 0], [0, 8, 1, 0, 0, 1, 0, 0, 0, 0, 0, 0, 1, 0], [0, 4, 0, 1, 1, 1, 3, 0, 0, 0, 0, 0, 0, 0]]","[[78, 77, 34, 12, 15, 0, 0, 0, 2, 0, 0, 0, 0, 0], [54, 116, 26, 10, 12, 0, 0, 0, 0, 0, 0, 0, 0, 0], [0, 27, 160, 4, 21, 0, 0, 0, 7, 0, 0, 0, 0, 0], [1, 22, 29, 11, 17, 0, 0, 0, 2, 0, 0, 0, 0, 0], [1, 4, 25, 0, 143, 0, 0, 1, 1, 0, 0, 0, 0, 0], [0, 0, 0, 0, 9, 0, 0, 0, 0, 0, 0, 0, 0, 0], [0, 0, 1, 0, 6, 0, 0, 0, 0, 0, 0, 0, 0, 0], [0, 0, 2, 0, 12, 0, 0, 0, 0, 0, 0, 1, 0, 0], [0, 0, 2, 0, 7, 0, 0, 0, 0, 0, 0, 0, 0, 0], [0, 0, 1, 0, 7, 0, 0, 0, 0, 0, 0, 0, 0, 0], [0, 0, 1, 0, 6, 0, 0, 0, 0, 0, 0, 0, 0, 0], [0, 1, 0, 0, 11, 0, 0, 0, 0, 0, 0, 0, 0, 0], [0, 0, 0, 0, 11, 0, 0, 0, 0, 0, 0, 0, 0, 0], [0, 0, 1, 0, 9, 0, 0, 0, 0, 0, 0, 0, 0, 0]]"
source_expansion_Faces_to_PetImages_to_GarbageDataset,gaussian_nb,adwin,0.55,7,7042,0.693691890653881,0.44254323726698314,0.503029164394839,0.722,0.693691890653881,0.44254323726698314,0.503029164394839,0.5900000000000001,0.72,0.712,0.6447122054442609,0.43190801394669714,0.48278569799391297,0.5900000000000001,0.73,1.0,"[[142, 76, 0, 0, 0, 0, 0, 0, 0, 0, 0, 0, 0, 0], [87, 131, 0, 0, 0, 0, 0, 0, 0, 0, 0, 0, 0, 0], [0, 15, 195, 9, 0, 0, 0, 0, 0, 0, 0, 0, 0, 0], [0, 7, 1, 74, 0, 0, 0, 0, 0, 0, 0, 0, 0, 0], [0, 13, 0, 0, 157, 0, 1, 0, 0, 2, 1, 1, 0, 0], [0, 5, 0, 1, 0, 3, 0, 0, 0, 0, 0, 0, 0, 0], [0, 2, 0, 0, 2, 0, 1, 0, 0, 0, 1, 1, 0, 0], [0, 10, 0, 0, 0, 0, 0, 5, 0, 0, 0, 0, 0, 0], [0, 5, 0, 1, 1, 0, 0, 0, 1, 0, 0, 1, 0, 0], [0, 3, 0, 0, 2, 0, 0, 0, 0, 2, 1, 0, 0, 0], [1, 3, 0, 0, 1, 0, 0, 0, 0, 0, 2, 0, 0, 0], [1, 5, 0, 0, 1, 0, 0, 0, 1, 0, 0, 4, 0, 0], [0, 5, 0, 1, 0, 0, 0, 0, 0, 0, 0, 0, 4, 1], [0, 4, 0, 1, 2, 0, 0, 0, 0, 0, 0, 2, 0, 1]]","[[123, 90, 5, 0, 0, 0, 0, 0, 0, 0, 0, 0, 0, 0], [76, 137, 5, 0, 0, 0, 0, 0, 0, 0, 0, 0, 0, 0], [0, 7, 203, 9, 0, 0, 0, 0, 0, 0, 0, 0, 0, 0], [1, 5, 8, 68, 0, 0, 0, 0, 0, 0, 0, 0, 0, 0], [0, 0, 10, 2, 158, 0, 1, 0, 0, 2, 1, 1, 0, 0], [0, 0, 4, 2, 0, 3, 0, 0, 0, 0, 0, 0, 0, 0], [0, 0, 1, 0, 2, 0, 1, 0, 0, 0, 1, 2, 0, 0], [0, 0, 6, 3, 0, 0, 0, 6, 0, 0, 0, 0, 0, 0], [0, 0, 3, 2, 1, 0, 0, 0, 1, 1, 0, 1, 0, 0], [0, 0, 3, 1, 2, 0, 0, 0, 0, 1, 1, 0, 0, 0], [0, 0, 3, 0, 2, 0, 0, 0, 0, 0, 2, 0, 0, 0], [0, 0, 4, 1, 1, 0, 0, 0, 2, 0, 0, 4, 0, 0], [0, 0, 5, 1, 0, 0, 0, 0, 0, 0, 0, 0, 4, 1], [0, 0, 2, 3, 2, 0, 0, 0, 0, 0, 0, 2, 0, 1]]"
source_expansion_Faces_to_PetImages_to_GarbageDataset,logistic_regression,page_hinkley,0.55,7,7042,0.5864091134543484,0.5358883191616352,0.5446051888847255,0.745,0.5864091134543484,0.5358883191616352,0.5446051888847255,0.5800000000000001,0.78,0.677,0.4870132943968743,0.46896675795765586,0.4699488900461833,0.5800000000000001,0.65,3.0,"[[131, 80, 2, 3, 0, 0, 0, 1, 0, 0, 1, 0, 0, 0], [83, 126, 2, 6, 0, 0, 0, 1, 0, 0, 0, 0, 0, 0], [0, 2, 209, 7, 0, 0, 0, 0, 0, 0, 1, 0, 0, 0], [1, 0, 6, 74, 1, 0, 0, 0, 0, 0, 0, 0, 0, 0], [0, 2, 1, 0, 169, 1, 1, 0, 1, 0, 0, 0, 0, 0], [0, 0, 0, 0, 1, 5, 0, 0, 0, 0, 0, 0, 2, 1], [0, 0, 1, 0, 3, 0, 1, 1, 0, 0, 0, 1, 0, 0], [0, 1, 0, 0, 0, 0, 0, 9, 1, 0, 1, 0, 2, 1], [0, 0, 1, 0, 1, 0, 1, 0, 5, 0, 0, 1, 0, 0], [0, 0, 0, 0, 2, 0, 0, 0, 0, 3, 2, 1, 0, 0], [1, 0, 0, 0, 2, 1, 0, 0, 1, 0, 2, 0, 0, 0], [0, 0, 0, 0, 1, 1, 0, 1, 3, 0, 1, 3, 0, 2], [0, 0, 0, 1, 0, 0, 0, 1, 0, 0, 0, 1, 7, 1], [0, 0, 0, 0, 4, 0, 0, 3, 1, 0, 0, 0, 1, 1]]","[[133, 81, 1, 2, 0, 0, 0, 0, 0, 0, 0, 0, 0, 1], [101, 113, 3, 0, 0, 0, 0, 0, 0, 0, 0, 1, 0, 0], [3, 9, 187, 18, 0, 0, 0, 1, 0, 0, 0, 1, 0, 0], [2, 2, 6, 71, 1, 0, 0, 0, 0, 0, 0, 0, 0, 0], [4, 2, 1, 1, 143, 1, 3, 4, 3, 2, 5, 2, 0, 4], [0, 1, 0, 2, 0, 3, 0, 0, 1, 0, 0, 0, 2, 0], [0, 0, 1, 0, 1, 0, 2, 1, 0, 0, 0, 2, 0, 0], [1, 0, 0, 0, 1, 0, 0, 9, 0, 0, 2, 1, 0, 1], [0, 0, 0, 1, 3, 0, 0, 0, 3, 0, 0, 2, 0, 0], [0, 0, 0, 1, 1, 0, 0, 1, 0, 2, 2, 1, 0, 0], [0, 0, 0, 1, 1, 1, 0, 1, 0, 0, 2, 0, 1, 0], [1, 0, 1, 0, 1, 0, 0, 0, 2, 0, 1, 2, 1, 3], [0, 0, 0, 1, 0, 0, 0, 1, 0, 0, 1, 2, 6, 0], [0, 1, 0, 1, 3, 1, 0, 0, 2, 0, 0, 1, 0, 1]]"
source_expansion_Faces_to_PetImages_to_GarbageDataset,hoeffding_tree,page_hinkley,0.55,7,7042,0.31407755960156447,0.20868483927366185,0.22620155161281016,0.508,0.31407755960156447,0.20868483927366185,0.22620155161281016,0.5700000000000001,0.56,0.506,0.17418263095395994,0.1823349566471635,0.16762776954120082,0.5700000000000001,0.51,4.0,"[[101, 81, 0, 12, 2, 1, 11, 4, 6, 0, 0, 0, 0, 0], [69, 123, 1, 9, 1, 1, 6, 3, 5, 0, 0, 0, 0, 0], [0, 28, 133, 6, 7, 5, 12, 12, 16, 0, 0, 0, 0, 0], [0, 20, 2, 36, 2, 5, 7, 2, 8, 0, 0, 0, 0, 0], [0, 8, 0, 0, 113, 19, 22, 6, 7, 0, 0, 0, 0, 0], [0, 7, 0, 0, 0, 1, 1, 0, 0, 0, 0, 0, 0, 0], [1, 3, 0, 0, 1, 1, 0, 1, 0, 0, 0, 0, 0, 0], [1, 9, 0, 0, 0, 1, 3, 0, 1, 0, 0, 0, 0, 0], [0, 1, 0, 0, 3, 1, 3, 0, 0, 0, 0, 1, 0, 0], [0, 5, 0, 0, 1, 1, 0, 1, 0, 0, 0, 0, 0, 0], [0, 3, 0, 0, 1, 2, 0, 0, 1, 0, 0, 0, 0, 0], [1, 7, 0, 0, 0, 3, 0, 0, 1, 0, 0, 0, 0, 0], [0, 8, 1, 0, 0, 1, 0, 0, 0, 0, 0, 0, 1, 0], [0, 4, 0, 1, 1, 1, 3, 0, 0, 0, 0, 0, 0, 0]]","[[63, 78, 55, 12, 10, 0, 0, 0, 0, 0, 0, 0, 0, 0], [46, 113, 43, 10, 6, 0, 0, 0, 0, 0, 0, 0, 0, 0], [4, 8, 190, 3, 12, 0, 0, 0, 2, 0, 0, 0, 0, 0], [0, 6, 51, 12, 13, 0, 0, 0, 0, 0, 0, 0, 0, 0], [1, 0, 45, 0, 128, 0, 0, 0, 1, 0, 0, 0, 0, 0], [0, 0, 1, 0, 8, 0, 0, 0, 0, 0, 0, 0, 0, 0], [0, 0, 1, 0, 6, 0, 0, 0, 0, 0, 0, 0, 0, 0], [0, 0, 5, 0, 10, 0, 0, 0, 0, 0, 0, 0, 0, 0], [0, 0, 3, 0, 6, 0, 0, 0, 0, 0, 0, 0, 0, 0], [0, 0, 1, 0, 7, 0, 0, 0, 0, 0, 0, 0, 0, 0], [0, 0, 2, 0, 5, 0, 0, 0, 0, 0, 0, 0, 0, 0], [0, 0, 3, 0, 9, 0, 0, 0, 0, 0, 0, 0, 0, 0], [0, 0, 0, 0, 11, 0, 0, 0, 0, 0, 0, 0, 0, 0], [0, 0, 4, 0, 6, 0, 0, 0, 0, 0, 0, 0, 0, 0]]"
source_expansion_Faces_to_PetImages_to_GarbageDataset,gaussian_nb,page_hinkley,0.55,7,7042,0.693691890653881,0.44254323726698314,0.503029164394839,0.722,0.693691890653881,0.44254323726698314,0.503029164394839,0.5900000000000001,0.72,0.703,0.45447434746976306,0.3656459822527906,0.3735123525925164,0.5900000000000001,0.7,2.0,"[[142, 76, 0, 0, 0, 0, 0, 0, 0, 0, 0, 0, 0, 0], [87, 131, 0, 0, 0, 0, 0, 0, 0, 0, 0, 0, 0, 0], [0, 15, 195, 9, 0, 0, 0, 0, 0, 0, 0, 0, 0, 0], [0, 7, 1, 74, 0, 0, 0, 0, 0, 0, 0, 0, 0, 0], [0, 13, 0, 0, 157, 0, 1, 0, 0, 2, 1, 1, 0, 0], [0, 5, 0, 1, 0, 3, 0, 0, 0, 0, 0, 0, 0, 0], [0, 2, 0, 0, 2, 0, 1, 0, 0, 0, 1, 1, 0, 0], [0, 10, 0, 0, 0, 0, 0, 5, 0, 0, 0, 0, 0, 0], [0, 5, 0, 1, 1, 0, 0, 0, 1, 0, 0, 1, 0, 0], [0, 3, 0, 0, 2, 0, 0, 0, 0, 2, 1, 0, 0, 0], [1, 3, 0, 0, 1, 0, 0, 0, 0, 0, 2, 0, 0, 0], [1, 5, 0, 0, 1, 0, 0, 0, 1, 0, 0, 4, 0, 0], [0, 5, 0, 1, 0, 0, 0, 0, 0, 0, 0, 0, 4, 1], [0, 4, 0, 1, 2, 0, 0, 0, 0, 0, 0, 2, 0, 1]]","[[119, 92, 2, 4, 1, 0, 0, 0, 0, 0, 0, 0, 0, 0], [78, 138, 0, 1, 1, 0, 0, 0, 0, 0, 0, 0, 0, 0], [3, 4, 199, 11, 1, 0, 0, 0, 0, 0, 0, 0, 1, 0], [0, 4, 6, 68, 4, 0, 0, 0, 0, 0, 0, 0, 0, 0], [1, 0, 5, 2, 165, 0, 0, 0, 0, 2, 0, 0, 0, 0], [0, 0, 0, 2, 4, 2, 0, 0, 0, 0, 0, 0, 1, 0], [0, 0, 0, 0, 5, 0, 0, 0, 0, 0, 0, 1, 1, 0], [0, 0, 2, 5, 1, 0, 0, 3, 0, 1, 0, 0, 3, 0], [0, 0, 2, 2, 3, 0, 0, 0, 0, 1, 0, 1, 0, 0], [0, 0, 0, 0, 7, 0, 0, 0, 0, 1, 0, 0, 0, 0], [0, 0, 2, 0, 5, 0, 0, 0, 0, 0, 0, 0, 0, 0], [0, 0, 2, 0, 5, 0, 0, 0, 1, 2, 0, 2, 0, 0], [0, 0, 0, 0, 4, 0, 0, 0, 0, 1, 0, 0, 6, 0], [0, 0, 1, 2, 4, 0, 0, 1, 0, 0, 0, 0, 2, 0]]"
source_expansion_Faces_to_PetImages_to_GarbageDataset,logistic_regression,hddm_w,0.55,7,7042,0.5864091134543484,0.5358883191616352,0.5446051888847255,0.745,0.5864091134543484,0.5358883191616352,0.5446051888847255,0.5800000000000001,0.78,0.745,0.5887797399321487,0.5346010950296496,0.5522949358666108,0.5800000000000001,0.77,1.0,"[[131, 80, 2, 3, 0, 0, 0, 1, 0, 0, 1, 0, 0, 0], [83, 126, 2, 6, 0, 0, 0, 1, 0, 0, 0, 0, 0, 0], [0, 2, 209, 7, 0, 0, 0, 0, 0, 0, 1, 0, 0, 0], [1, 0, 6, 74, 1, 0, 0, 0, 0, 0, 0, 0, 0, 0], [0, 2, 1, 0, 169, 1, 1, 0, 1, 0, 0, 0, 0, 0], [0, 0, 0, 0, 1, 5, 0, 0, 0, 0, 0, 0, 2, 1], [0, 0, 1, 0, 3, 0, 1, 1, 0, 0, 0, 1, 0, 0], [0, 1, 0, 0, 0, 0, 0, 9, 1, 0, 1, 0, 2, 1], [0, 0, 1, 0, 1, 0, 1, 0, 5, 0, 0, 1, 0, 0], [0, 0, 0, 0, 2, 0, 0, 0, 0, 3, 2, 1, 0, 0], [1, 0, 0, 0, 2, 1, 0, 0, 1, 0, 2, 0, 0, 0], [0, 0, 0, 0, 1, 1, 0, 1, 3, 0, 1, 3, 0, 2], [0, 0, 0, 1, 0, 0, 0, 1, 0, 0, 0, 1, 7, 1], [0, 0, 0, 0, 4, 0, 0, 3, 1, 0, 0, 0, 1, 1]]","[[133, 82, 0, 0, 1, 0, 0, 0, 0, 0, 0, 0, 0, 2], [90, 125, 1, 0, 0, 0, 0, 1, 0, 1, 0, 0, 0, 0], [0, 2, 207, 9, 0, 0, 0, 0, 0, 0, 0, 1, 0, 0], [1, 0, 5, 75, 1, 0, 0, 0, 0, 0, 0, 0, 0, 0], [0, 1, 1, 1, 170, 0, 1, 0, 1, 0, 0, 0, 0, 0], [0, 0, 0, 1, 0, 6, 0, 0, 0, 0, 0, 0, 2, 0], [0, 0, 1, 0, 3, 0, 1, 1, 0, 0, 0, 1, 0, 0], [0, 0, 0, 1, 1, 0, 0, 9, 1, 0, 0, 0, 2, 1], [0, 0, 0, 0, 2, 0, 1, 0, 4, 0, 0, 1, 1, 0], [0, 0, 0, 0, 2, 0, 0, 0, 0, 3, 2, 1, 0, 0], [0, 0, 0, 1, 3, 0, 0, 0, 0, 0, 3, 0, 0, 0], [0, 0, 0, 1, 1, 1, 0, 0, 2, 0, 1, 2, 1, 3], [0, 0, 0, 1, 1, 0, 0, 1, 0, 0, 0, 1, 6, 1], [0, 0, 0, 0, 4, 0, 0, 2, 2, 0, 0, 1, 0, 1]]"
source_expansion_Faces_to_PetImages_to_GarbageDataset,hoeffding_tree,hddm_w,0.55,7,7042,0.31407755960156447,0.20868483927366185,0.22620155161281016,0.508,0.31407755960156447,0.20868483927366185,0.22620155161281016,0.5700000000000001,0.56,0.533,0.19852151869366566,0.1996408895924104,0.19021724236123735,0.5700000000000001,0.51,4.0,"[[101, 81, 0, 12, 2, 1, 11, 4, 6, 0, 0, 0, 0, 0], [69, 123, 1, 9, 1, 1, 6, 3, 5, 0, 0, 0, 0, 0], [0, 28, 133, 6, 7, 5, 12, 12, 16, 0, 0, 0, 0, 0], [0, 20, 2, 36, 2, 5, 7, 2, 8, 0, 0, 0, 0, 0], [0, 8, 0, 0, 113, 19, 22, 6, 7, 0, 0, 0, 0, 0], [0, 7, 0, 0, 0, 1, 1, 0, 0, 0, 0, 0, 0, 0], [1, 3, 0, 0, 1, 1, 0, 1, 0, 0, 0, 0, 0, 0], [1, 9, 0, 0, 0, 1, 3, 0, 1, 0, 0, 0, 0, 0], [0, 1, 0, 0, 3, 1, 3, 0, 0, 0, 0, 1, 0, 0], [0, 5, 0, 0, 1, 1, 0, 1, 0, 0, 0, 0, 0, 0], [0, 3, 0, 0, 1, 2, 0, 0, 1, 0, 0, 0, 0, 0], [1, 7, 0, 0, 0, 3, 0, 0, 1, 0, 0, 0, 0, 0], [0, 8, 1, 0, 0, 1, 0, 0, 0, 0, 0, 0, 1, 0], [0, 4, 0, 1, 1, 1, 3, 0, 0, 0, 0, 0, 0, 0]]","[[66, 116, 24, 3, 9, 0, 0, 0, 0, 0, 0, 0, 0, 0], [66, 128, 16, 2, 6, 0, 0, 0, 0, 0, 0, 0, 0, 0], [3, 16, 186, 7, 7, 0, 0, 0, 0, 0, 0, 0, 0, 0], [3, 14, 26, 28, 10, 0, 0, 0, 1, 0, 0, 0, 0, 0], [0, 0, 50, 0, 125, 0, 0, 0, 0, 0, 0, 0, 0, 0], [0, 0, 1, 0, 8, 0, 0, 0, 0, 0, 0, 0, 0, 0], [0, 0, 1, 0, 6, 0, 0, 0, 0, 0, 0, 0, 0, 0], [0, 0, 5, 0, 10, 0, 0, 0, 0, 0, 0, 0, 0, 0], [0, 0, 3, 0, 6, 0, 0, 0, 0, 0, 0, 0, 0, 0], [0, 0, 1, 0, 7, 0, 0, 0, 0, 0, 0, 0, 0, 0], [0, 0, 3, 0, 4, 0, 0, 0, 0, 0, 0, 0, 0, 0], [0, 0, 3, 0, 9, 0, 0, 0, 0, 0, 0, 0, 0, 0], [0, 0, 0, 0, 11, 0, 0, 0, 0, 0, 0, 0, 0, 0], [0, 0, 4, 0, 6, 0, 0, 0, 0, 0, 0, 0, 0, 0]]"
source_expansion_Faces_to_PetImages_to_GarbageDataset,gaussian_nb,hddm_w,0.55,7,7042,0.693691890653881,0.44254323726698314,0.503029164394839,0.722,0.693691890653881,0.44254323726698314,0.503029164394839,0.5900000000000001,0.72,0.722,0.6940618235840522,0.44254323726698314,0.503175527557785,0.5900000000000001,0.72,1.0,"[[142, 76, 0, 0, 0, 0, 0, 0, 0, 0, 0, 0, 0, 0], [87, 131, 0, 0, 0, 0, 0, 0, 0, 0, 0, 0, 0, 0], [0, 15, 195, 9, 0, 0, 0, 0, 0, 0, 0, 0, 0, 0], [0, 7, 1, 74, 0, 0, 0, 0, 0, 0, 0, 0, 0, 0], [0, 13, 0, 0, 157, 0, 1, 0, 0, 2, 1, 1, 0, 0], [0, 5, 0, 1, 0, 3, 0, 0, 0, 0, 0, 0, 0, 0], [0, 2, 0, 0, 2, 0, 1, 0, 0, 0, 1, 1, 0, 0], [0, 10, 0, 0, 0, 0, 0, 5, 0, 0, 0, 0, 0, 0], [0, 5, 0, 1, 1, 0, 0, 0, 1, 0, 0, 1, 0, 0], [0, 3, 0, 0, 2, 0, 0, 0, 0, 2, 1, 0, 0, 0], [1, 3, 0, 0, 1, 0, 0, 0, 0, 0, 2, 0, 0, 0], [1, 5, 0, 0, 1, 0, 0, 0, 1, 0, 0, 4, 0, 0], [0, 5, 0, 1, 0, 0, 0, 0, 0, 0, 0, 0, 4, 1], [0, 4, 0, 1, 2, 0, 0, 0, 0, 0, 0, 2, 0, 1]]","[[142, 76, 0, 0, 0, 0, 0, 0, 0, 0, 0, 0, 0, 0], [87, 131, 0, 0, 0, 0, 0, 0, 0, 0, 0, 0, 0, 0], [0, 15, 195, 9, 0, 0, 0, 0, 0, 0, 0, 0, 0, 0], [0, 7, 1, 74, 0, 0, 0, 0, 0, 0, 0, 0, 0, 0], [0, 13, 0, 0, 157, 0, 1, 0, 0, 2, 1, 1, 0, 0], [0, 5, 0, 1, 0, 3, 0, 0, 0, 0, 0, 0, 0, 0], [0, 2, 0, 0, 2, 0, 1, 0, 0, 0, 1, 1, 0, 0], [0, 10, 0, 0, 0, 0, 0, 5, 0, 0, 0, 0, 0, 0], [0, 5, 0, 1, 1, 0, 0, 0, 1, 0, 0, 1, 0, 0], [0, 3, 0, 0, 2, 0, 0, 0, 0, 2, 1, 0, 0, 0], [1, 3, 0, 0, 1, 0, 0, 0, 0, 0, 2, 0, 0, 0], [0, 6, 0, 0, 1, 0, 0, 0, 1, 0, 0, 4, 0, 0], [0, 5, 0, 1, 0, 0, 0, 0, 0, 0, 0, 0, 4, 1], [0, 5, 0, 1, 1, 0, 0, 0, 0, 0, 0, 2, 0, 1]]"
source_expansion_Faces_to_PetImages_to_GarbageDataset,logistic_regression,kswin,0.55,8,8042,0.6055884070673241,0.5963190210088591,0.5993895531795967,0.742,0.6055884070673241,0.5963190210088591,0.5993895531795967,0.51,0.83,0.742,0.6055884070673241,0.5963190210088591,0.5993895531795967,0.51,0.83,0.0,"[[111, 77, 3, 3, 0, 0, 0, 0, 0, 0, 0, 0, 0, 0], [75, 116, 0, 3, 0, 0, 1, 0, 0, 0, 1, 0, 0, 0], [0, 2, 147, 11, 0, 1, 0, 0, 0, 0, 0, 0, 0, 0], [0, 0, 10, 58, 1, 0, 0, 0, 0, 0, 0, 0, 0, 0], [0, 0, 0, 2, 239, 0, 0, 0, 0, 0, 2, 0, 1, 1], [0, 0, 1, 2, 0, 16, 0, 0, 0, 0, 0, 0, 1, 1], [0, 0, 0, 0, 3, 1, 3, 0, 1, 0, 2, 0, 0, 1], [0, 0, 0, 0, 0, 0, 1, 8, 0, 0, 0, 0, 0, 0], [1, 0, 0, 0, 3, 0, 0, 0, 12, 0, 0, 3, 1, 1], [0, 0, 0, 0, 5, 1, 0, 0, 2, 0, 1, 0, 0, 0], [0, 0, 0, 0, 4, 2, 1, 0, 0, 0, 9, 1, 0, 1], [0, 0, 0, 0, 2, 0, 1, 0, 3, 3, 0, 1, 0, 3], [0, 0, 0, 0, 1, 0, 0, 0, 0, 0, 0, 1, 12, 0], [0, 1, 0, 0, 1, 0, 3, 0, 2, 0, 1, 1, 0, 10]]","[[111, 77, 3, 3, 0, 0, 0, 0, 0, 0, 0, 0, 0, 0], [75, 116, 0, 3, 0, 0, 1, 0, 0, 0, 1, 0, 0, 0], [0, 2, 147, 11, 0, 1, 0, 0, 0, 0, 0, 0, 0, 0], [0, 0, 10, 58, 1, 0, 0, 0, 0, 0, 0, 0, 0, 0], [0, 0, 0, 2, 239, 0, 0, 0, 0, 0, 2, 0, 1, 1], [0, 0, 1, 2, 0, 16, 0, 0, 0, 0, 0, 0, 1, 1], [0, 0, 0, 0, 3, 1, 3, 0, 1, 0, 2, 0, 0, 1], [0, 0, 0, 0, 0, 0, 1, 8, 0, 0, 0, 0, 0, 0], [1, 0, 0, 0, 3, 0, 0, 0, 12, 0, 0, 3, 1, 1], [0, 0, 0, 0, 5, 1, 0, 0, 2, 0, 1, 0, 0, 0], [0, 0, 0, 0, 4, 2, 1, 0, 0, 0, 9, 1, 0, 1], [0, 0, 0, 0, 2, 0, 1, 0, 3, 3, 0, 1, 0, 3], [0, 0, 0, 0, 1, 0, 0, 0, 0, 0, 0, 1, 12, 0], [0, 1, 0, 0, 1, 0, 3, 0, 2, 0, 1, 1, 0, 10]]"
source_expansion_Faces_to_PetImages_to_GarbageDataset,hoeffding_tree,kswin,0.55,8,8042,0.39719029098194136,0.30375359934631424,0.3113399894947926,0.569,0.39719029098194136,0.30375359934631424,0.3113399894947926,0.56,0.6799999999999999,0.544,0.1875689809298716,0.20256607029057383,0.1886952298640214,0.56,0.56,4.0,"[[147, 38, 0, 3, 3, 1, 1, 0, 1, 0, 0, 0, 0, 0], [111, 72, 0, 4, 1, 2, 2, 4, 0, 0, 0, 0, 0, 0], [0, 19, 122, 10, 4, 3, 0, 1, 0, 2, 0, 0, 0, 0], [0, 18, 7, 33, 4, 1, 1, 2, 0, 1, 0, 2, 0, 0], [0, 12, 0, 0, 177, 8, 5, 23, 2, 8, 2, 7, 0, 1], [0, 7, 1, 2, 0, 4, 1, 4, 1, 1, 0, 0, 0, 0], [0, 2, 0, 2, 1, 0, 2, 0, 2, 1, 0, 0, 0, 1], [1, 7, 0, 0, 0, 0, 0, 1, 0, 0, 0, 0, 0, 0], [0, 8, 0, 1, 1, 0, 0, 2, 5, 0, 1, 2, 0, 1], [0, 4, 0, 0, 0, 1, 0, 1, 1, 1, 0, 0, 0, 1], [0, 7, 0, 0, 1, 1, 0, 5, 0, 1, 2, 0, 0, 1], [2, 5, 0, 0, 0, 1, 1, 1, 0, 0, 0, 2, 0, 1], [0, 7, 0, 2, 0, 2, 0, 2, 0, 0, 0, 0, 1, 0], [3, 8, 0, 1, 0, 0, 1, 2, 0, 1, 2, 1, 0, 0]]","[[119, 36, 11, 7, 21, 0, 0, 0, 0, 0, 0, 0, 0, 0], [89, 63, 10, 15, 19, 0, 0, 0, 0, 0, 0, 0, 0, 0], [4, 18, 106, 12, 21, 0, 0, 0, 0, 0, 0, 0, 0, 0], [2, 9, 22, 19, 17, 0, 0, 0, 0, 0, 0, 0, 0, 0], [5, 1, 0, 0, 237, 1, 0, 0, 0, 0, 0, 0, 0, 1], [0, 0, 1, 0, 20, 0, 0, 0, 0, 0, 0, 0, 0, 0], [0, 0, 0, 0, 11, 0, 0, 0, 0, 0, 0, 0, 0, 0], [0, 0, 0, 0, 9, 0, 0, 0, 0, 0, 0, 0, 0, 0], [0, 0, 0, 0, 21, 0, 0, 0, 0, 0, 0, 0, 0, 0], [1, 0, 0, 0, 8, 0, 0, 0, 0, 0, 0, 0, 0, 0], [0, 0, 0, 0, 17, 1, 0, 0, 0, 0, 0, 0, 0, 0], [1, 0, 0, 0, 12, 0, 0, 0, 0, 0, 0, 0, 0, 0], [1, 0, 0, 0, 13, 0, 0, 0, 0, 0, 0, 0, 0, 0], [1, 1, 0, 0, 17, 0, 0, 0, 0, 0, 0, 0, 0, 0]]"
source_expansion_Faces_to_PetImages_to_GarbageDataset,gaussian_nb,kswin,0.55,8,8042,0.6286810740496195,0.4584668375575575,0.5012008890095764,0.704,0.6286810740496195,0.4584668375575575,0.5012008890095764,0.5700000000000001,0.79,0.704,0.6286810740496195,0.4584668375575575,0.5012008890095764,0.5700000000000001,0.79,0.0,"[[141, 53, 0, 0, 0, 0, 0, 0, 0, 0, 0, 0, 0, 0], [104, 92, 0, 0, 0, 0, 0, 0, 0, 0, 0, 0, 0, 0], [0, 7, 142, 12, 0, 0, 0, 0, 0, 0, 0, 0, 0, 0], [0, 5, 5, 59, 0, 0, 0, 0, 0, 0, 0, 0, 0, 0], [1, 8, 0, 2, 226, 0, 1, 0, 0, 1, 4, 1, 0, 1], [0, 8, 1, 0, 0, 11, 0, 0, 0, 0, 0, 0, 0, 1], [0, 4, 1, 1, 1, 1, 2, 0, 0, 0, 1, 0, 0, 0], [0, 7, 0, 0, 0, 0, 0, 2, 0, 0, 0, 0, 0, 0], [0, 2, 0, 1, 3, 0, 0, 0, 8, 3, 0, 4, 0, 0], [0, 6, 0, 0, 0, 0, 0, 0, 0, 0, 0, 2, 0, 1], [0, 6, 0, 1, 1, 0, 2, 0, 0, 0, 4, 0, 0, 4], [0, 3, 0, 1, 2, 0, 2, 0, 0, 1, 0, 1, 0, 3], [0, 6, 0, 2, 0, 0, 0, 0, 0, 0, 0, 0, 6, 0], [0, 4, 0, 1, 0, 1, 0, 0, 0, 0, 1, 2, 0, 10]]","[[141, 53, 0, 0, 0, 0, 0, 0, 0, 0, 0, 0, 0, 0], [104, 92, 0, 0, 0, 0, 0, 0, 0, 0, 0, 0, 0, 0], [0, 7, 142, 12, 0, 0, 0, 0, 0, 0, 0, 0, 0, 0], [0, 5, 5, 59, 0, 0, 0, 0, 0, 0, 0, 0, 0, 0], [1, 8, 0, 2, 226, 0, 1, 0, 0, 1, 4, 1, 0, 1], [0, 8, 1, 0, 0, 11, 0, 0, 0, 0, 0, 0, 0, 1], [0, 4, 1, 1, 1, 1, 2, 0, 0, 0, 1, 0, 0, 0], [0, 7, 0, 0, 0, 0, 0, 2, 0, 0, 0, 0, 0, 0], [0, 2, 0, 1, 3, 0, 0, 0, 8, 3, 0, 4, 0, 0], [0, 6, 0, 0, 0, 0, 0, 0, 0, 0, 0, 2, 0, 1], [0, 6, 0, 1, 1, 0, 2, 0, 0, 0, 4, 0, 0, 4], [0, 3, 0, 1, 2, 0, 2, 0, 0, 1, 0, 1, 0, 3], [0, 6, 0, 2, 0, 0, 0, 0, 0, 0, 0, 0, 6, 0], [0, 4, 0, 1, 0, 1, 0, 0, 0, 0, 1, 2, 0, 10]]"
source_expansion_Faces_to_PetImages_to_GarbageDataset,logistic_regression,adwin,0.55,8,8042,0.6055884070673241,0.5963190210088591,0.5993895531795967,0.742,0.6055884070673241,0.5963190210088591,0.5993895531795967,0.51,0.83,0.737,0.5866750834609064,0.5990317715619836,0.588720209807982,0.51,0.8200000000000001,1.0,"[[111, 77, 3, 3, 0, 0, 0, 0, 0, 0, 0, 0, 0, 0], [75, 116, 0, 3, 0, 0, 1, 0, 0, 0, 1, 0, 0, 0], [0, 2, 147, 11, 0, 1, 0, 0, 0, 0, 0, 0, 0, 0], [0, 0, 10, 58, 1, 0, 0, 0, 0, 0, 0, 0, 0, 0], [0, 0, 0, 2, 239, 0, 0, 0, 0, 0, 2, 0, 1, 1], [0, 0, 1, 2, 0, 16, 0, 0, 0, 0, 0, 0, 1, 1], [0, 0, 0, 0, 3, 1, 3, 0, 1, 0, 2, 0, 0, 1], [0, 0, 0, 0, 0, 0, 1, 8, 0, 0, 0, 0, 0, 0], [1, 0, 0, 0, 3, 0, 0, 0, 12, 0, 0, 3, 1, 1], [0, 0, 0, 0, 5, 1, 0, 0, 2, 0, 1, 0, 0, 0], [0, 0, 0, 0, 4, 2, 1, 0, 0, 0, 9, 1, 0, 1], [0, 0, 0, 0, 2, 0, 1, 0, 3, 3, 0, 1, 0, 3], [0, 0, 0, 0, 1, 0, 0, 0, 0, 0, 0, 1, 12, 0], [0, 1, 0, 0, 1, 0, 3, 0, 2, 0, 1, 1, 0, 10]]","[[109, 78, 3, 4, 0, 0, 0, 0, 0, 0, 0, 0, 0, 0], [77, 117, 0, 2, 0, 0, 0, 0, 0, 0, 0, 0, 0, 0], [2, 1, 143, 15, 0, 0, 0, 0, 0, 0, 0, 0, 0, 0], [0, 0, 10, 58, 1, 0, 0, 0, 0, 0, 0, 0, 0, 0], [0, 0, 0, 0, 238, 0, 0, 0, 2, 0, 2, 0, 1, 2], [0, 0, 1, 2, 0, 16, 0, 0, 0, 0, 0, 0, 1, 1], [0, 0, 0, 0, 3, 1, 4, 0, 1, 0, 2, 0, 0, 0], [0, 0, 0, 0, 0, 0, 0, 8, 0, 0, 0, 0, 1, 0], [0, 0, 0, 0, 2, 0, 0, 0, 14, 0, 0, 3, 1, 1], [1, 0, 0, 0, 3, 1, 0, 0, 2, 0, 1, 0, 1, 0], [1, 0, 0, 0, 3, 1, 4, 1, 0, 0, 6, 1, 0, 1], [0, 0, 0, 0, 1, 0, 1, 1, 4, 2, 0, 1, 0, 3], [0, 0, 0, 0, 1, 1, 0, 0, 0, 0, 0, 0, 12, 0], [0, 0, 0, 0, 1, 0, 2, 0, 3, 0, 0, 2, 0, 11]]"
source_expansion_Faces_to_PetImages_to_GarbageDataset,hoeffding_tree,adwin,0.55,8,8042,0.39719029098194136,0.30375359934631424,0.3113399894947926,0.569,0.39719029098194136,0.30375359934631424,0.3113399894947926,0.56,0.6799999999999999,0.546,0.18945603604232567,0.2000434617081769,0.18179932267173612,0.56,0.56,3.0,"[[147, 38, 0, 3, 3, 1, 1, 0, 1, 0, 0, 0, 0, 0], [111, 72, 0, 4, 1, 2, 2, 4, 0, 0, 0, 0, 0, 0], [0, 19, 122, 10, 4, 3, 0, 1, 0, 2, 0, 0, 0, 0], [0, 18, 7, 33, 4, 1, 1, 2, 0, 1, 0, 2, 0, 0], [0, 12, 0, 0, 177, 8, 5, 23, 2, 8, 2, 7, 0, 1], [0, 7, 1, 2, 0, 4, 1, 4, 1, 1, 0, 0, 0, 0], [0, 2, 0, 2, 1, 0, 2, 0, 2, 1, 0, 0, 0, 1], [1, 7, 0, 0, 0, 0, 0, 1, 0, 0, 0, 0, 0, 0], [0, 8, 0, 1, 1, 0, 0, 2, 5, 0, 1, 2, 0, 1], [0, 4, 0, 0, 0, 1, 0, 1, 1, 1, 0, 0, 0, 1], [0, 7, 0, 0, 1, 1, 0, 5, 0, 1, 2, 0, 0, 1], [2, 5, 0, 0, 0, 1, 1, 1, 0, 0, 0, 2, 0, 1], [0, 7, 0, 2, 0, 2, 0, 2, 0, 0, 0, 0, 1, 0], [3, 8, 0, 1, 0, 0, 1, 2, 0, 1, 2, 1, 0, 0]]","[[126, 29, 16, 3, 20, 0, 0, 0, 0, 0, 0, 0, 0, 0], [89, 55, 30, 5, 17, 0, 0, 0, 0, 0, 0, 0, 0, 0], [1, 18, 125, 3, 14, 0, 0, 0, 0, 0, 0, 0, 0, 0], [0, 15, 29, 11, 14, 0, 0, 0, 0, 0, 0, 0, 0, 0], [2, 1, 13, 0, 229, 0, 0, 0, 0, 0, 0, 0, 0, 0], [0, 0, 3, 0, 18, 0, 0, 0, 0, 0, 0, 0, 0, 0], [0, 0, 1, 0, 10, 0, 0, 0, 0, 0, 0, 0, 0, 0], [0, 0, 0, 0, 9, 0, 0, 0, 0, 0, 0, 0, 0, 0], [0, 0, 0, 0, 21, 0, 0, 0, 0, 0, 0, 0, 0, 0], [0, 0, 1, 0, 8, 0, 0, 0, 0, 0, 0, 0, 0, 0], [0, 0, 1, 0, 17, 0, 0, 0, 0, 0, 0, 0, 0, 0], [0, 0, 1, 0, 12, 0, 0, 0, 0, 0, 0, 0, 0, 0], [0, 0, 2, 0, 12, 0, 0, 0, 0, 0, 0, 0, 0, 0], [0, 0, 0, 0, 19, 0, 0, 0, 0, 0, 0, 0, 0, 0]]"
source_expansion_Faces_to_PetImages_to_GarbageDataset,gaussian_nb,adwin,0.55,8,8042,0.6286810740496195,0.4584668375575575,0.5012008890095764,0.704,0.6286810740496195,0.4584668375575575,0.5012008890095764,0.5700000000000001,0.79,0.702,0.6210550126961986,0.47362992556034555,0.5127473531653679,0.5700000000000001,0.83,1.0,"[[141, 53, 0, 0, 0, 0, 0, 0, 0, 0, 0, 0, 0, 0], [104, 92, 0, 0, 0, 0, 0, 0, 0, 0, 0, 0, 0, 0], [0, 7, 142, 12, 0, 0, 0, 0, 0, 0, 0, 0, 0, 0], [0, 5, 5, 59, 0, 0, 0, 0, 0, 0, 0, 0, 0, 0], [1, 8, 0, 2, 226, 0, 1, 0, 0, 1, 4, 1, 0, 1], [0, 8, 1, 0, 0, 11, 0, 0, 0, 0, 0, 0, 0, 1], [0, 4, 1, 1, 1, 1, 2, 0, 0, 0, 1, 0, 0, 0], [0, 7, 0, 0, 0, 0, 0, 2, 0, 0, 0, 0, 0, 0], [0, 2, 0, 1, 3, 0, 0, 0, 8, 3, 0, 4, 0, 0], [0, 6, 0, 0, 0, 0, 0, 0, 0, 0, 0, 2, 0, 1], [0, 6, 0, 1, 1, 0, 2, 0, 0, 0, 4, 0, 0, 4], [0, 3, 0, 1, 2, 0, 2, 0, 0, 1, 0, 1, 0, 3], [0, 6, 0, 2, 0, 0, 0, 0, 0, 0, 0, 0, 6, 0], [0, 4, 0, 1, 0, 1, 0, 0, 0, 0, 1, 2, 0, 10]]","[[127, 65, 1, 1, 0, 0, 0, 0, 0, 0, 0, 0, 0, 0], [87, 106, 3, 0, 0, 0, 0, 0, 0, 0, 0, 0, 0, 0], [0, 5, 145, 11, 0, 0, 0, 0, 0, 0, 0, 0, 0, 0], [0, 5, 9, 55, 0, 0, 0, 0, 0, 0, 0, 0, 0, 0], [0, 0, 4, 10, 221, 0, 1, 0, 0, 2, 5, 1, 0, 1], [0, 0, 5, 4, 0, 11, 0, 0, 0, 0, 0, 0, 0, 1], [0, 0, 6, 1, 0, 0, 2, 0, 0, 0, 2, 0, 0, 0], [0, 0, 6, 0, 0, 0, 0, 3, 0, 0, 0, 0, 0, 0], [0, 0, 3, 1, 3, 0, 0, 0, 9, 2, 0, 3, 0, 0], [0, 0, 1, 4, 0, 1, 0, 0, 0, 0, 0, 2, 0, 1], [0, 0, 1, 4, 1, 1, 2, 0, 0, 0, 7, 0, 0, 2], [0, 0, 2, 2, 2, 0, 2, 0, 0, 1, 0, 1, 0, 3], [0, 0, 6, 2, 0, 0, 0, 0, 0, 0, 0, 0, 6, 0], [0, 0, 5, 2, 0, 0, 0, 0, 0, 0, 1, 2, 0, 9]]"
source_expansion_Faces_to_PetImages_to_GarbageDataset,logistic_regression,page_hinkley,0.55,8,8042,0.6055884070673241,0.5963190210088591,0.5993895531795967,0.742,0.6055884070673241,0.5963190210088591,0.5993895531795967,0.51,0.83,0.696,0.5121634665126472,0.5584423268101792,0.5297953227660305,0.51,0.78,2.0,"[[111, 77, 3, 3, 0, 0, 0, 0, 0, 0, 0, 0, 0, 0], [75, 116, 0, 3, 0, 0, 1, 0, 0, 0, 1, 0, 0, 0], [0, 2, 147, 11, 0, 1, 0, 0, 0, 0, 0, 0, 0, 0], [0, 0, 10, 58, 1, 0, 0, 0, 0, 0, 0, 0, 0, 0], [0, 0, 0, 2, 239, 0, 0, 0, 0, 0, 2, 0, 1, 1], [0, 0, 1, 2, 0, 16, 0, 0, 0, 0, 0, 0, 1, 1], [0, 0, 0, 0, 3, 1, 3, 0, 1, 0, 2, 0, 0, 1], [0, 0, 0, 0, 0, 0, 1, 8, 0, 0, 0, 0, 0, 0], [1, 0, 0, 0, 3, 0, 0, 0, 12, 0, 0, 3, 1, 1], [0, 0, 0, 0, 5, 1, 0, 0, 2, 0, 1, 0, 0, 0], [0, 0, 0, 0, 4, 2, 1, 0, 0, 0, 9, 1, 0, 1], [0, 0, 0, 0, 2, 0, 1, 0, 3, 3, 0, 1, 0, 3], [0, 0, 0, 0, 1, 0, 0, 0, 0, 0, 0, 1, 12, 0], [0, 1, 0, 0, 1, 0, 3, 0, 2, 0, 1, 1, 0, 10]]","[[106, 80, 4, 3, 0, 0, 0, 0, 0, 0, 0, 0, 0, 1], [82, 110, 0, 1, 0, 0, 0, 1, 0, 1, 1, 0, 0, 0], [0, 3, 143, 14, 0, 1, 0, 0, 0, 0, 0, 0, 0, 0], [2, 3, 10, 52, 0, 0, 0, 1, 0, 0, 1, 0, 0, 0], [1, 0, 1, 1, 218, 1, 1, 5, 3, 2, 5, 2, 2, 3], [0, 0, 1, 2, 0, 14, 0, 0, 0, 0, 1, 0, 1, 2], [0, 0, 0, 0, 3, 1, 2, 0, 1, 0, 4, 0, 0, 0], [0, 0, 0, 0, 1, 0, 0, 8, 0, 0, 0, 0, 0, 0], [1, 0, 0, 0, 0, 0, 0, 0, 14, 0, 2, 4, 0, 0], [1, 0, 0, 0, 3, 1, 0, 0, 3, 0, 0, 0, 0, 1], [1, 1, 0, 1, 3, 0, 2, 0, 0, 0, 6, 2, 1, 1], [0, 0, 0, 0, 2, 0, 2, 0, 4, 1, 0, 1, 0, 3], [0, 0, 0, 0, 1, 1, 0, 1, 0, 0, 0, 0, 11, 0], [0, 1, 0, 0, 0, 0, 4, 0, 0, 0, 1, 0, 2, 11]]"
source_expansion_Faces_to_PetImages_to_GarbageDataset,hoeffding_tree,page_hinkley,0.55,8,8042,0.39719029098194136,0.30375359934631424,0.3113399894947926,0.569,0.39719029098194136,0.30375359934631424,0.3113399894947926,0.56,0.6799999999999999,0.557,0.2013267666900766,0.20480559515859875,0.1934057999819209,0.56,0.56,3.0,"[[147, 38, 0, 3, 3, 1, 1, 0, 1, 0, 0, 0, 0, 0], [111, 72, 0, 4, 1, 2, 2, 4, 0, 0, 0, 0, 0, 0], [0, 19, 122, 10, 4, 3, 0, 1, 0, 2, 0, 0, 0, 0], [0, 18, 7, 33, 4, 1, 1, 2, 0, 1, 0, 2, 0, 0], [0, 12, 0, 0, 177, 8, 5, 23, 2, 8, 2, 7, 0, 1], [0, 7, 1, 2, 0, 4, 1, 4, 1, 1, 0, 0, 0, 0], [0, 2, 0, 2, 1, 0, 2, 0, 2, 1, 0, 0, 0, 1], [1, 7, 0, 0, 0, 0, 0, 1, 0, 0, 0, 0, 0, 0], [0, 8, 0, 1, 1, 0, 0, 2, 5, 0, 1, 2, 0, 1], [0, 4, 0, 0, 0, 1, 0, 1, 1, 1, 0, 0, 0, 1], [0, 7, 0, 0, 1, 1, 0, 5, 0, 1, 2, 0, 0, 1], [2, 5, 0, 0, 0, 1, 1, 1, 0, 0, 0, 2, 0, 1], [0, 7, 0, 2, 0, 2, 0, 2, 0, 0, 0, 0, 1, 0], [3, 8, 0, 1, 0, 0, 1, 2, 0, 1, 2, 1, 0, 0]]","[[121, 37, 8, 4, 23, 1, 0, 0, 0, 0, 0, 0, 0, 0], [86, 70, 13, 5, 21, 1, 0, 0, 0, 0, 0, 0, 0, 0], [1, 21, 111, 5, 21, 2, 0, 0, 0, 0, 0, 0, 0, 0], [0, 13, 22, 15, 19, 0, 0, 0, 0, 0, 0, 0, 0, 0], [0, 0, 0, 1, 240, 2, 0, 0, 0, 0, 0, 0, 2, 0], [0, 0, 1, 0, 20, 0, 0, 0, 0, 0, 0, 0, 0, 0], [0, 0, 0, 0, 11, 0, 0, 0, 0, 0, 0, 0, 0, 0], [0, 0, 0, 0, 9, 0, 0, 0, 0, 0, 0, 0, 0, 0], [0, 0, 0, 0, 21, 0, 0, 0, 0, 0, 0, 0, 0, 0], [0, 0, 0, 0, 8, 1, 0, 0, 0, 0, 0, 0, 0, 0], [0, 0, 0, 0, 17, 1, 0, 0, 0, 0, 0, 0, 0, 0], [0, 0, 0, 0, 12, 1, 0, 0, 0, 0, 0, 0, 0, 0], [2, 0, 0, 0, 12, 0, 0, 0, 0, 0, 0, 0, 0, 0], [0, 0, 0, 0, 19, 0, 0, 0, 0, 0, 0, 0, 0, 0]]"
source_expansion_Faces_to_PetImages_to_GarbageDataset,gaussian_nb,page_hinkley,0.55,8,8042,0.6286810740496195,0.4584668375575575,0.5012008890095764,0.704,0.6286810740496195,0.4584668375575575,0.5012008890095764,0.5700000000000001,0.79,0.682,0.5761183796956082,0.42884705570625725,0.4650977798385537,0.5700000000000001,0.61,3.0,"[[141, 53, 0, 0, 0, 0, 0, 0, 0, 0, 0, 0, 0, 0], [104, 92, 0, 0, 0, 0, 0, 0, 0, 0, 0, 0, 0, 0], [0, 7, 142, 12, 0, 0, 0, 0, 0, 0, 0, 0, 0, 0], [0, 5, 5, 59, 0, 0, 0, 0, 0, 0, 0, 0, 0, 0], [1, 8, 0, 2, 226, 0, 1, 0, 0, 1, 4, 1, 0, 1], [0, 8, 1, 0, 0, 11, 0, 0, 0, 0, 0, 0, 0, 1], [0, 4, 1, 1, 1, 1, 2, 0, 0, 0, 1, 0, 0, 0], [0, 7, 0, 0, 0, 0, 0, 2, 0, 0, 0, 0, 0, 0], [0, 2, 0, 1, 3, 0, 0, 0, 8, 3, 0, 4, 0, 0], [0, 6, 0, 0, 0, 0, 0, 0, 0, 0, 0, 2, 0, 1], [0, 6, 0, 1, 1, 0, 2, 0, 0, 0, 4, 0, 0, 4], [0, 3, 0, 1, 2, 0, 2, 0, 0, 1, 0, 1, 0, 3], [0, 6, 0, 2, 0, 0, 0, 0, 0, 0, 0, 0, 6, 0], [0, 4, 0, 1, 0, 1, 0, 0, 0, 0, 1, 2, 0, 10]]","[[127, 57, 4, 0, 5, 0, 0, 0, 0, 0, 0, 0, 0, 1], [92, 96, 0, 1, 7, 0, 0, 0, 0, 0, 0, 0, 0, 0], [0, 7, 133, 12, 9, 0, 0, 0, 0, 0, 0, 0, 0, 0], [0, 3, 9, 51, 5, 0, 0, 0, 0, 0, 0, 0, 1, 0], [1, 0, 0, 3, 236, 0, 0, 0, 0, 0, 1, 1, 2, 1], [0, 0, 1, 0, 11, 8, 0, 0, 0, 0, 0, 0, 0, 1], [0, 0, 0, 0, 6, 1, 2, 0, 0, 0, 2, 0, 0, 0], [0, 0, 0, 0, 3, 0, 0, 2, 0, 0, 2, 0, 1, 1], [0, 0, 0, 0, 12, 0, 0, 0, 8, 0, 0, 0, 0, 1], [0, 0, 0, 1, 5, 1, 0, 0, 0, 0, 1, 0, 0, 1], [0, 0, 0, 1, 9, 0, 2, 0, 0, 0, 5, 0, 0, 1], [0, 0, 0, 1, 7, 0, 1, 0, 0, 0, 1, 0, 0, 3], [1, 0, 0, 0, 5, 0, 0, 0, 0, 0, 0, 0, 8, 0], [0, 0, 0, 0, 10, 1, 0, 0, 0, 0, 1, 1, 0, 6]]"
source_expansion_Faces_to_PetImages_to_GarbageDataset,logistic_regression,hddm_w,0.55,8,8042,0.6055884070673241,0.5963190210088591,0.5993895531795967,0.742,0.6055884070673241,0.5963190210088591,0.5993895531795967,0.51,0.83,0.722,0.5346322746239432,0.5950244407234356,0.5574918328920144,0.51,0.83,1.0,"[[111, 77, 3, 3, 0, 0, 0, 0, 0, 0, 0, 0, 0, 0], [75, 116, 0, 3, 0, 0, 1, 0, 0, 0, 1, 0, 0, 0], [0, 2, 147, 11, 0, 1, 0, 0, 0, 0, 0, 0, 0, 0], [0, 0, 10, 58, 1, 0, 0, 0, 0, 0, 0, 0, 0, 0], [0, 0, 0, 2, 239, 0, 0, 0, 0, 0, 2, 0, 1, 1], [0, 0, 1, 2, 0, 16, 0, 0, 0, 0, 0, 0, 1, 1], [0, 0, 0, 0, 3, 1, 3, 0, 1, 0, 2, 0, 0, 1], [0, 0, 0, 0, 0, 0, 1, 8, 0, 0, 0, 0, 0, 0], [1, 0, 0, 0, 3, 0, 0, 0, 12, 0, 0, 3, 1, 1], [0, 0, 0, 0, 5, 1, 0, 0, 2, 0, 1, 0, 0, 0], [0, 0, 0, 0, 4, 2, 1, 0, 0, 0, 9, 1, 0, 1], [0, 0, 0, 0, 2, 0, 1, 0, 3, 3, 0, 1, 0, 3], [0, 0, 0, 0, 1, 0, 0, 0, 0, 0, 0, 1, 12, 0], [0, 1, 0, 0, 1, 0, 3, 0, 2, 0, 1, 1, 0, 10]]","[[113, 75, 3, 3, 0, 0, 0, 0, 0, 0, 0, 0, 0, 0], [76, 116, 1, 3, 0, 0, 0, 0, 0, 0, 0, 0, 0, 0], [0, 2, 146, 11, 0, 0, 0, 0, 0, 0, 0, 1, 1, 0], [0, 0, 9, 58, 2, 0, 0, 0, 0, 0, 0, 0, 0, 0], [0, 0, 1, 1, 218, 2, 3, 2, 5, 5, 4, 2, 2, 0], [1, 0, 1, 0, 0, 15, 1, 0, 0, 0, 0, 0, 2, 1], [0, 0, 1, 0, 0, 1, 3, 1, 0, 0, 4, 0, 1, 0], [0, 0, 0, 0, 0, 0, 0, 8, 1, 0, 0, 0, 0, 0], [0, 0, 0, 0, 1, 0, 0, 1, 14, 0, 0, 3, 1, 1], [0, 0, 0, 0, 2, 1, 0, 0, 2, 1, 2, 0, 0, 1], [0, 0, 0, 0, 1, 3, 5, 1, 0, 0, 6, 0, 0, 2], [0, 0, 0, 1, 0, 0, 1, 1, 4, 1, 1, 1, 0, 3], [0, 0, 0, 0, 0, 0, 0, 0, 0, 0, 0, 1, 13, 0], [0, 1, 0, 0, 0, 1, 1, 0, 1, 0, 1, 1, 3, 10]]"
source_expansion_Faces_to_PetImages_to_GarbageDataset,hoeffding_tree,hddm_w,0.55,8,8042,0.39719029098194136,0.30375359934631424,0.3113399894947926,0.569,0.39719029098194136,0.30375359934631424,0.3113399894947926,0.56,0.6799999999999999,0.57,0.21148304831826187,0.22012638634246043,0.2093482836025371,0.56,0.56,3.0,"[[147, 38, 0, 3, 3, 1, 1, 0, 1, 0, 0, 0, 0, 0], [111, 72, 0, 4, 1, 2, 2, 4, 0, 0, 0, 0, 0, 0], [0, 19, 122, 10, 4, 3, 0, 1, 0, 2, 0, 0, 0, 0], [0, 18, 7, 33, 4, 1, 1, 2, 0, 1, 0, 2, 0, 0], [0, 12, 0, 0, 177, 8, 5, 23, 2, 8, 2, 7, 0, 1], [0, 7, 1, 2, 0, 4, 1, 4, 1, 1, 0, 0, 0, 0], [0, 2, 0, 2, 1, 0, 2, 0, 2, 1, 0, 0, 0, 1], [1, 7, 0, 0, 0, 0, 0, 1, 0, 0, 0, 0, 0, 0], [0, 8, 0, 1, 1, 0, 0, 2, 5, 0, 1, 2, 0, 1], [0, 4, 0, 0, 0, 1, 0, 1, 1, 1, 0, 0, 0, 1], [0, 7, 0, 0, 1, 1, 0, 5, 0, 1, 2, 0, 0, 1], [2, 5, 0, 0, 0, 1, 1, 1, 0, 0, 0, 2, 0, 1], [0, 7, 0, 2, 0, 2, 0, 2, 0, 0, 0, 0, 1, 0], [3, 8, 0, 1, 0, 0, 1, 2, 0, 1, 2, 1, 0, 0]]","[[119, 42, 9, 4, 20, 0, 0, 0, 0, 0, 0, 0, 0, 0], [96, 71, 5, 5, 19, 0, 0, 0, 0, 0, 0, 0, 0, 0], [1, 16, 114, 11, 18, 0, 0, 0, 0, 1, 0, 0, 0, 0], [0, 5, 18, 30, 15, 0, 0, 0, 0, 1, 0, 0, 0, 0], [0, 1, 5, 0, 236, 1, 0, 0, 0, 2, 0, 0, 0, 0], [0, 0, 1, 0, 20, 0, 0, 0, 0, 0, 0, 0, 0, 0], [0, 0, 0, 0, 11, 0, 0, 0, 0, 0, 0, 0, 0, 0], [0, 0, 0, 0, 9, 0, 0, 0, 0, 0, 0, 0, 0, 0], [0, 0, 0, 0, 21, 0, 0, 0, 0, 0, 0, 0, 0, 0], [0, 0, 1, 0, 8, 0, 0, 0, 0, 0, 0, 0, 0, 0], [0, 0, 0, 0, 17, 1, 0, 0, 0, 0, 0, 0, 0, 0], [0, 0, 0, 0, 12, 0, 0, 0, 0, 1, 0, 0, 0, 0], [0, 0, 0, 0, 13, 0, 0, 0, 0, 1, 0, 0, 0, 0], [0, 0, 0, 0, 19, 0, 0, 0, 0, 0, 0, 0, 0, 0]]"
source_expansion_Faces_to_PetImages_to_GarbageDataset,gaussian_nb,hddm_w,0.55,8,8042,0.6286810740496195,0.4584668375575575,0.5012008890095764,0.704,0.6286810740496195,0.4584668375575575,0.5012008890095764,0.5700000000000001,0.79,0.714,0.634437151415632,0.5026333419642763,0.542017742772114,0.5700000000000001,0.81,1.0,"[[141, 53, 0, 0, 0, 0, 0, 0, 0, 0, 0, 0, 0, 0], [104, 92, 0, 0, 0, 0, 0, 0, 0, 0, 0, 0, 0, 0], [0, 7, 142, 12, 0, 0, 0, 0, 0, 0, 0, 0, 0, 0], [0, 5, 5, 59, 0, 0, 0, 0, 0, 0, 0, 0, 0, 0], [1, 8, 0, 2, 226, 0, 1, 0, 0, 1, 4, 1, 0, 1], [0, 8, 1, 0, 0, 11, 0, 0, 0, 0, 0, 0, 0, 1], [0, 4, 1, 1, 1, 1, 2, 0, 0, 0, 1, 0, 0, 0], [0, 7, 0, 0, 0, 0, 0, 2, 0, 0, 0, 0, 0, 0], [0, 2, 0, 1, 3, 0, 0, 0, 8, 3, 0, 4, 0, 0], [0, 6, 0, 0, 0, 0, 0, 0, 0, 0, 0, 2, 0, 1], [0, 6, 0, 1, 1, 0, 2, 0, 0, 0, 4, 0, 0, 4], [0, 3, 0, 1, 2, 0, 2, 0, 0, 1, 0, 1, 0, 3], [0, 6, 0, 2, 0, 0, 0, 0, 0, 0, 0, 0, 6, 0], [0, 4, 0, 1, 0, 1, 0, 0, 0, 0, 1, 2, 0, 10]]","[[133, 59, 1, 0, 0, 0, 0, 0, 0, 0, 0, 0, 0, 1], [97, 96, 1, 0, 2, 0, 0, 0, 0, 0, 0, 0, 0, 0], [2, 6, 138, 14, 1, 0, 0, 0, 0, 0, 0, 0, 0, 0], [0, 4, 6, 56, 3, 0, 0, 0, 0, 0, 0, 0, 0, 0], [1, 1, 0, 1, 236, 0, 0, 0, 0, 2, 2, 1, 0, 1], [0, 0, 1, 0, 6, 13, 0, 0, 0, 0, 0, 0, 0, 1], [0, 0, 0, 0, 6, 1, 2, 0, 0, 0, 2, 0, 0, 0], [0, 0, 0, 0, 1, 0, 0, 3, 0, 1, 3, 0, 0, 1], [0, 0, 0, 0, 5, 0, 0, 0, 10, 2, 0, 4, 0, 0], [1, 0, 0, 0, 3, 1, 0, 0, 0, 0, 1, 2, 0, 1], [0, 1, 0, 0, 6, 0, 2, 0, 0, 0, 8, 0, 0, 1], [1, 0, 0, 0, 4, 0, 2, 0, 0, 0, 1, 1, 0, 4], [1, 0, 0, 1, 4, 0, 0, 0, 0, 0, 0, 0, 8, 0], [0, 0, 0, 0, 5, 1, 0, 0, 0, 0, 1, 2, 0, 10]]"
source_expansion_Faces_to_PetImages_to_GarbageDataset,logistic_regression,kswin,0.55,9,9042,0.630203496809597,0.5904169991194212,0.6059063977262864,0.715,0.630203496809597,0.5904169991194212,0.6059063977262864,0.5800000000000001,0.8,0.715,0.630203496809597,0.5904169991194212,0.6059063977262864,0.5800000000000001,0.8,0.0,"[[132, 95, 6, 7, 0, 0, 0, 0, 0, 0, 0, 0, 0, 0], [86, 112, 2, 6, 0, 1, 0, 0, 0, 1, 0, 0, 0, 0], [0, 2, 165, 7, 0, 0, 0, 0, 0, 0, 0, 0, 0, 0], [0, 1, 6, 36, 0, 0, 0, 0, 0, 0, 0, 0, 0, 0], [0, 0, 1, 0, 207, 0, 2, 0, 1, 1, 0, 0, 0, 0], [0, 0, 0, 0, 2, 9, 0, 0, 0, 0, 1, 0, 0, 0], [0, 0, 0, 0, 4, 0, 3, 1, 0, 0, 1, 1, 0, 0], [0, 0, 0, 0, 0, 1, 1, 12, 1, 0, 3, 0, 0, 0], [0, 1, 1, 0, 3, 0, 0, 0, 11, 3, 0, 2, 0, 0], [0, 0, 0, 0, 6, 0, 0, 0, 1, 7, 0, 1, 0, 0], [0, 0, 0, 0, 2, 0, 2, 2, 0, 1, 5, 1, 0, 2], [0, 0, 0, 0, 1, 0, 0, 1, 4, 0, 1, 1, 0, 0], [1, 0, 0, 0, 0, 0, 0, 0, 0, 0, 0, 0, 10, 1], [0, 1, 1, 0, 2, 0, 0, 0, 1, 1, 1, 0, 0, 5]]","[[132, 95, 6, 7, 0, 0, 0, 0, 0, 0, 0, 0, 0, 0], [86, 112, 2, 6, 0, 1, 0, 0, 0, 1, 0, 0, 0, 0], [0, 2, 165, 7, 0, 0, 0, 0, 0, 0, 0, 0, 0, 0], [0, 1, 6, 36, 0, 0, 0, 0, 0, 0, 0, 0, 0, 0], [0, 0, 1, 0, 207, 0, 2, 0, 1, 1, 0, 0, 0, 0], [0, 0, 0, 0, 2, 9, 0, 0, 0, 0, 1, 0, 0, 0], [0, 0, 0, 0, 4, 0, 3, 1, 0, 0, 1, 1, 0, 0], [0, 0, 0, 0, 0, 1, 1, 12, 1, 0, 3, 0, 0, 0], [0, 1, 1, 0, 3, 0, 0, 0, 11, 3, 0, 2, 0, 0], [0, 0, 0, 0, 6, 0, 0, 0, 1, 7, 0, 1, 0, 0], [0, 0, 0, 0, 2, 0, 2, 2, 0, 1, 5, 1, 0, 2], [0, 0, 0, 0, 1, 0, 0, 1, 4, 0, 1, 1, 0, 0], [1, 0, 0, 0, 0, 0, 0, 0, 0, 0, 0, 0, 10, 1], [0, 1, 1, 0, 2, 0, 0, 0, 1, 1, 1, 0, 0, 5]]"
source_expansion_Faces_to_PetImages_to_GarbageDataset,hoeffding_tree,kswin,0.55,9,9042,0.48504661537730065,0.24305905573974554,0.26917411352786325,0.471,0.48504661537730065,0.24305905573974554,0.26917411352786325,0.53,0.62,0.517,0.17377178302592963,0.18403426950231735,0.17144545313478868,0.53,0.51,3.0,"[[167, 59, 4, 2, 1, 1, 1, 0, 0, 0, 0, 4, 1, 0], [126, 62, 4, 7, 0, 2, 3, 0, 0, 0, 0, 4, 0, 0], [31, 7, 103, 6, 1, 8, 14, 0, 0, 0, 0, 4, 0, 0], [5, 15, 4, 11, 0, 0, 5, 0, 0, 0, 0, 1, 2, 0], [0, 7, 0, 2, 114, 3, 23, 0, 0, 0, 1, 53, 9, 0], [0, 5, 0, 1, 0, 2, 2, 0, 0, 0, 0, 2, 0, 0], [0, 3, 1, 1, 1, 0, 1, 0, 0, 0, 0, 3, 0, 0], [0, 11, 0, 0, 0, 0, 3, 1, 0, 0, 0, 2, 1, 0], [0, 8, 0, 0, 1, 1, 2, 0, 3, 0, 0, 5, 1, 0], [0, 2, 0, 0, 1, 0, 3, 0, 1, 3, 0, 5, 0, 0], [0, 3, 0, 0, 0, 1, 6, 0, 0, 0, 1, 2, 0, 2], [0, 4, 0, 0, 3, 0, 0, 0, 0, 0, 0, 1, 0, 0], [0, 6, 0, 0, 0, 0, 1, 0, 0, 0, 0, 4, 1, 0], [0, 5, 0, 0, 1, 0, 3, 0, 0, 0, 0, 2, 0, 1]]","[[158, 58, 7, 2, 15, 0, 0, 0, 0, 0, 0, 0, 0, 0], [121, 59, 6, 7, 13, 0, 2, 0, 0, 0, 0, 0, 0, 0], [42, 4, 105, 3, 13, 0, 7, 0, 0, 0, 0, 0, 0, 0], [9, 5, 13, 6, 8, 0, 2, 0, 0, 0, 0, 0, 0, 0], [1, 1, 15, 3, 189, 0, 2, 0, 0, 1, 0, 0, 0, 0], [0, 0, 2, 0, 10, 0, 0, 0, 0, 0, 0, 0, 0, 0], [0, 0, 1, 0, 9, 0, 0, 0, 0, 0, 0, 0, 0, 0], [0, 0, 1, 0, 17, 0, 0, 0, 0, 0, 0, 0, 0, 0], [0, 0, 2, 0, 19, 0, 0, 0, 0, 0, 0, 0, 0, 0], [1, 0, 1, 0, 13, 0, 0, 0, 0, 0, 0, 0, 0, 0], [0, 0, 4, 0, 10, 0, 1, 0, 0, 0, 0, 0, 0, 0], [0, 0, 0, 0, 8, 0, 0, 0, 0, 0, 0, 0, 0, 0], [0, 0, 1, 0, 11, 0, 0, 0, 0, 0, 0, 0, 0, 0], [0, 0, 1, 0, 11, 0, 0, 0, 0, 0, 0, 0, 0, 0]]"
source_expansion_Faces_to_PetImages_to_GarbageDataset,gaussian_nb,kswin,0.55,9,9042,0.6710569620881445,0.5131577305564686,0.5537575001806531,0.698,0.6710569620881445,0.5131577305564686,0.5537575001806531,0.5700000000000001,0.74,0.698,0.6710569620881445,0.5131577305564686,0.5537575001806531,0.5700000000000001,0.74,0.0,"[[161, 79, 0, 0, 0, 0, 0, 0, 0, 0, 0, 0, 0, 0], [109, 99, 0, 0, 0, 0, 0, 0, 0, 0, 0, 0, 0, 0], [0, 8, 159, 7, 0, 0, 0, 0, 0, 0, 0, 0, 0, 0], [0, 6, 0, 37, 0, 0, 0, 0, 0, 0, 0, 0, 0, 0], [0, 7, 0, 4, 193, 0, 1, 0, 0, 2, 3, 0, 0, 2], [0, 2, 0, 3, 0, 7, 0, 0, 0, 0, 0, 0, 0, 0], [0, 2, 0, 0, 4, 1, 0, 0, 0, 1, 2, 0, 0, 0], [0, 4, 0, 1, 0, 0, 0, 11, 0, 0, 2, 0, 0, 0], [0, 6, 0, 0, 3, 0, 0, 0, 7, 3, 0, 0, 1, 1], [0, 4, 0, 0, 3, 0, 0, 0, 0, 7, 0, 0, 1, 0], [0, 7, 0, 0, 0, 0, 2, 0, 0, 0, 6, 0, 0, 0], [0, 1, 0, 0, 1, 0, 0, 0, 3, 1, 1, 1, 0, 0], [0, 5, 0, 0, 0, 1, 0, 0, 0, 0, 0, 0, 6, 0], [0, 7, 0, 0, 1, 0, 0, 0, 0, 0, 0, 0, 0, 4]]","[[161, 79, 0, 0, 0, 0, 0, 0, 0, 0, 0, 0, 0, 0], [109, 99, 0, 0, 0, 0, 0, 0, 0, 0, 0, 0, 0, 0], [0, 8, 159, 7, 0, 0, 0, 0, 0, 0, 0, 0, 0, 0], [0, 6, 0, 37, 0, 0, 0, 0, 0, 0, 0, 0, 0, 0], [0, 7, 0, 4, 193, 0, 1, 0, 0, 2, 3, 0, 0, 2], [0, 2, 0, 3, 0, 7, 0, 0, 0, 0, 0, 0, 0, 0], [0, 2, 0, 0, 4, 1, 0, 0, 0, 1, 2, 0, 0, 0], [0, 4, 0, 1, 0, 0, 0, 11, 0, 0, 2, 0, 0, 0], [0, 6, 0, 0, 3, 0, 0, 0, 7, 3, 0, 0, 1, 1], [0, 4, 0, 0, 3, 0, 0, 0, 0, 7, 0, 0, 1, 0], [0, 7, 0, 0, 0, 0, 2, 0, 0, 0, 6, 0, 0, 0], [0, 1, 0, 0, 1, 0, 0, 0, 3, 1, 1, 1, 0, 0], [0, 5, 0, 0, 0, 1, 0, 0, 0, 0, 0, 0, 6, 0], [0, 7, 0, 0, 1, 0, 0, 0, 0, 0, 0, 0, 0, 4]]"
source_expansion_Faces_to_PetImages_to_GarbageDataset,logistic_regression,adwin,0.55,9,9042,0.630203496809597,0.5904169991194212,0.6059063977262864,0.715,0.630203496809597,0.5904169991194212,0.6059063977262864,0.5800000000000001,0.8,0.711,0.6372878588384966,0.5940869154791868,0.6076761056260066,0.5800000000000001,0.79,1.0,"[[132, 95, 6, 7, 0, 0, 0, 0, 0, 0, 0, 0, 0, 0], [86, 112, 2, 6, 0, 1, 0, 0, 0, 1, 0, 0, 0, 0], [0, 2, 165, 7, 0, 0, 0, 0, 0, 0, 0, 0, 0, 0], [0, 1, 6, 36, 0, 0, 0, 0, 0, 0, 0, 0, 0, 0], [0, 0, 1, 0, 207, 0, 2, 0, 1, 1, 0, 0, 0, 0], [0, 0, 0, 0, 2, 9, 0, 0, 0, 0, 1, 0, 0, 0], [0, 0, 0, 0, 4, 0, 3, 1, 0, 0, 1, 1, 0, 0], [0, 0, 0, 0, 0, 1, 1, 12, 1, 0, 3, 0, 0, 0], [0, 1, 1, 0, 3, 0, 0, 0, 11, 3, 0, 2, 0, 0], [0, 0, 0, 0, 6, 0, 0, 0, 1, 7, 0, 1, 0, 0], [0, 0, 0, 0, 2, 0, 2, 2, 0, 1, 5, 1, 0, 2], [0, 0, 0, 0, 1, 0, 0, 1, 4, 0, 1, 1, 0, 0], [1, 0, 0, 0, 0, 0, 0, 0, 0, 0, 0, 0, 10, 1], [0, 1, 1, 0, 2, 0, 0, 0, 1, 1, 1, 0, 0, 5]]","[[131, 98, 6, 5, 0, 0, 0, 0, 0, 0, 0, 0, 0, 0], [86, 116, 2, 4, 0, 0, 0, 0, 0, 0, 0, 0, 0, 0], [1, 1, 162, 9, 1, 0, 0, 0, 0, 0, 0, 0, 0, 0], [1, 2, 5, 35, 0, 0, 0, 0, 0, 0, 0, 0, 0, 0], [0, 1, 0, 1, 202, 0, 2, 0, 3, 3, 0, 0, 0, 0], [0, 1, 0, 2, 1, 8, 0, 0, 0, 0, 0, 0, 0, 0], [0, 0, 0, 0, 4, 0, 2, 1, 0, 0, 0, 1, 0, 2], [0, 1, 0, 0, 0, 1, 0, 14, 0, 0, 2, 0, 0, 0], [1, 0, 0, 0, 1, 0, 0, 1, 12, 4, 0, 2, 0, 0], [0, 0, 0, 0, 6, 0, 0, 0, 1, 7, 0, 0, 1, 0], [0, 0, 0, 1, 2, 0, 2, 0, 0, 2, 5, 1, 0, 2], [0, 0, 0, 0, 1, 0, 0, 0, 3, 2, 0, 2, 0, 0], [0, 0, 0, 1, 0, 0, 0, 0, 0, 0, 0, 0, 10, 1], [0, 0, 1, 0, 1, 0, 0, 1, 2, 1, 1, 0, 0, 5]]"
source_expansion_Faces_to_PetImages_to_GarbageDataset,hoeffding_tree,adwin,0.55,9,9042,0.48504661537730065,0.24305905573974554,0.26917411352786325,0.471,0.48504661537730065,0.24305905573974554,0.26917411352786325,0.53,0.62,0.531,0.17405822509423663,0.189812779920548,0.1744756565300333,0.53,0.51,3.0,"[[167, 59, 4, 2, 1, 1, 1, 0, 0, 0, 0, 4, 1, 0], [126, 62, 4, 7, 0, 2, 3, 0, 0, 0, 0, 4, 0, 0], [31, 7, 103, 6, 1, 8, 14, 0, 0, 0, 0, 4, 0, 0], [5, 15, 4, 11, 0, 0, 5, 0, 0, 0, 0, 1, 2, 0], [0, 7, 0, 2, 114, 3, 23, 0, 0, 0, 1, 53, 9, 0], [0, 5, 0, 1, 0, 2, 2, 0, 0, 0, 0, 2, 0, 0], [0, 3, 1, 1, 1, 0, 1, 0, 0, 0, 0, 3, 0, 0], [0, 11, 0, 0, 0, 0, 3, 1, 0, 0, 0, 2, 1, 0], [0, 8, 0, 0, 1, 1, 2, 0, 3, 0, 0, 5, 1, 0], [0, 2, 0, 0, 1, 0, 3, 0, 1, 3, 0, 5, 0, 0], [0, 3, 0, 0, 0, 1, 6, 0, 0, 0, 1, 2, 0, 2], [0, 4, 0, 0, 3, 0, 0, 0, 0, 0, 0, 1, 0, 0], [0, 6, 0, 0, 0, 0, 1, 0, 0, 0, 0, 4, 1, 0], [0, 5, 0, 0, 1, 0, 3, 0, 0, 0, 0, 2, 0, 1]]","[[155, 56, 13, 2, 14, 0, 0, 0, 0, 0, 0, 0, 0, 0], [117, 57, 14, 7, 13, 0, 0, 0, 0, 0, 0, 0, 0, 0], [32, 5, 118, 5, 14, 0, 0, 0, 0, 0, 0, 0, 0, 0], [5, 13, 10, 6, 9, 0, 0, 0, 0, 0, 0, 0, 0, 0], [0, 0, 15, 0, 195, 1, 0, 0, 0, 0, 1, 0, 0, 0], [1, 0, 2, 0, 9, 0, 0, 0, 0, 0, 0, 0, 0, 0], [0, 0, 1, 0, 9, 0, 0, 0, 0, 0, 0, 0, 0, 0], [0, 0, 0, 0, 18, 0, 0, 0, 0, 0, 0, 0, 0, 0], [0, 0, 2, 0, 19, 0, 0, 0, 0, 0, 0, 0, 0, 0], [0, 0, 2, 0, 13, 0, 0, 0, 0, 0, 0, 0, 0, 0], [1, 0, 3, 0, 11, 0, 0, 0, 0, 0, 0, 0, 0, 0], [0, 0, 0, 0, 8, 0, 0, 0, 0, 0, 0, 0, 0, 0], [0, 0, 0, 0, 12, 0, 0, 0, 0, 0, 0, 0, 0, 0], [0, 0, 0, 0, 12, 0, 0, 0, 0, 0, 0, 0, 0, 0]]"
source_expansion_Faces_to_PetImages_to_GarbageDataset,gaussian_nb,adwin,0.55,9,9042,0.6710569620881445,0.5131577305564686,0.5537575001806531,0.698,0.6710569620881445,0.5131577305564686,0.5537575001806531,0.5700000000000001,0.74,0.684,0.6543269138012311,0.4994289206067285,0.5334669817573792,0.5700000000000001,0.78,1.0,"[[161, 79, 0, 0, 0, 0, 0, 0, 0, 0, 0, 0, 0, 0], [109, 99, 0, 0, 0, 0, 0, 0, 0, 0, 0, 0, 0, 0], [0, 8, 159, 7, 0, 0, 0, 0, 0, 0, 0, 0, 0, 0], [0, 6, 0, 37, 0, 0, 0, 0, 0, 0, 0, 0, 0, 0], [0, 7, 0, 4, 193, 0, 1, 0, 0, 2, 3, 0, 0, 2], [0, 2, 0, 3, 0, 7, 0, 0, 0, 0, 0, 0, 0, 0], [0, 2, 0, 0, 4, 1, 0, 0, 0, 1, 2, 0, 0, 0], [0, 4, 0, 1, 0, 0, 0, 11, 0, 0, 2, 0, 0, 0], [0, 6, 0, 0, 3, 0, 0, 0, 7, 3, 0, 0, 1, 1], [0, 4, 0, 0, 3, 0, 0, 0, 0, 7, 0, 0, 1, 0], [0, 7, 0, 0, 0, 0, 2, 0, 0, 0, 6, 0, 0, 0], [0, 1, 0, 0, 1, 0, 0, 0, 3, 1, 1, 1, 0, 0], [0, 5, 0, 0, 0, 1, 0, 0, 0, 0, 0, 0, 6, 0], [0, 7, 0, 0, 1, 0, 0, 0, 0, 0, 0, 0, 0, 4]]","[[147, 89, 0, 4, 0, 0, 0, 0, 0, 0, 0, 0, 0, 0], [100, 103, 2, 3, 0, 0, 0, 0, 0, 0, 0, 0, 0, 0], [0, 5, 159, 10, 0, 0, 0, 0, 0, 0, 0, 0, 0, 0], [1, 6, 2, 34, 0, 0, 0, 0, 0, 0, 0, 0, 0, 0], [0, 0, 10, 4, 193, 0, 1, 0, 0, 2, 0, 0, 0, 2], [0, 0, 1, 4, 0, 7, 0, 0, 0, 0, 0, 0, 0, 0], [0, 0, 2, 0, 4, 0, 0, 0, 0, 1, 3, 0, 0, 0], [0, 1, 3, 1, 0, 0, 0, 11, 0, 0, 2, 0, 0, 0], [0, 0, 5, 1, 3, 0, 0, 0, 7, 4, 0, 0, 1, 0], [0, 0, 2, 0, 4, 0, 0, 0, 0, 7, 0, 0, 2, 0], [0, 0, 6, 0, 0, 0, 2, 1, 0, 0, 6, 0, 0, 0], [0, 0, 0, 1, 1, 0, 0, 0, 3, 1, 1, 1, 0, 0], [0, 0, 5, 1, 0, 0, 0, 0, 0, 0, 0, 0, 6, 0], [0, 0, 6, 1, 1, 0, 0, 0, 0, 0, 1, 0, 0, 3]]"
source_expansion_Faces_to_PetImages_to_GarbageDataset,logistic_regression,page_hinkley,0.55,9,9042,0.630203496809597,0.5904169991194212,0.6059063977262864,0.715,0.630203496809597,0.5904169991194212,0.6059063977262864,0.5800000000000001,0.8,0.708,0.6435087140860068,0.6062936884084863,0.6174439546144219,0.5800000000000001,0.8,1.0,"[[132, 95, 6, 7, 0, 0, 0, 0, 0, 0, 0, 0, 0, 0], [86, 112, 2, 6, 0, 1, 0, 0, 0, 1, 0, 0, 0, 0], [0, 2, 165, 7, 0, 0, 0, 0, 0, 0, 0, 0, 0, 0], [0, 1, 6, 36, 0, 0, 0, 0, 0, 0, 0, 0, 0, 0], [0, 0, 1, 0, 207, 0, 2, 0, 1, 1, 0, 0, 0, 0], [0, 0, 0, 0, 2, 9, 0, 0, 0, 0, 1, 0, 0, 0], [0, 0, 0, 0, 4, 0, 3, 1, 0, 0, 1, 1, 0, 0], [0, 0, 0, 0, 0, 1, 1, 12, 1, 0, 3, 0, 0, 0], [0, 1, 1, 0, 3, 0, 0, 0, 11, 3, 0, 2, 0, 0], [0, 0, 0, 0, 6, 0, 0, 0, 1, 7, 0, 1, 0, 0], [0, 0, 0, 0, 2, 0, 2, 2, 0, 1, 5, 1, 0, 2], [0, 0, 0, 0, 1, 0, 0, 1, 4, 0, 1, 1, 0, 0], [1, 0, 0, 0, 0, 0, 0, 0, 0, 0, 0, 0, 10, 1], [0, 1, 1, 0, 2, 0, 0, 0, 1, 1, 1, 0, 0, 5]]","[[131, 98, 6, 5, 0, 0, 0, 0, 0, 0, 0, 0, 0, 0], [88, 114, 2, 3, 0, 0, 0, 0, 0, 0, 0, 1, 0, 0], [2, 2, 155, 13, 1, 0, 1, 0, 0, 0, 0, 0, 0, 0], [0, 2, 5, 36, 0, 0, 0, 0, 0, 0, 0, 0, 0, 0], [0, 1, 0, 1, 205, 0, 2, 0, 1, 2, 0, 0, 0, 0], [0, 1, 0, 1, 1, 9, 0, 0, 0, 0, 0, 0, 0, 0], [0, 0, 0, 0, 4, 0, 3, 1, 0, 0, 1, 1, 0, 0], [0, 1, 0, 0, 0, 1, 0, 14, 0, 0, 2, 0, 0, 0], [1, 1, 0, 0, 1, 0, 0, 0, 12, 4, 0, 2, 0, 0], [0, 0, 0, 0, 6, 0, 0, 0, 1, 7, 0, 0, 1, 0], [0, 0, 0, 1, 2, 0, 2, 0, 0, 2, 5, 1, 0, 2], [0, 0, 0, 0, 1, 0, 0, 0, 3, 2, 0, 2, 0, 0], [0, 0, 0, 0, 0, 0, 0, 0, 0, 0, 0, 0, 11, 1], [0, 0, 1, 0, 2, 0, 0, 1, 1, 1, 1, 0, 1, 4]]"
source_expansion_Faces_to_PetImages_to_GarbageDataset,hoeffding_tree,page_hinkley,0.55,9,9042,0.48504661537730065,0.24305905573974554,0.26917411352786325,0.471,0.48504661537730065,0.24305905573974554,0.26917411352786325,0.53,0.62,0.507,0.16442867345230608,0.18062880424387665,0.164755007174485,0.53,0.51,4.0,"[[167, 59, 4, 2, 1, 1, 1, 0, 0, 0, 0, 4, 1, 0], [126, 62, 4, 7, 0, 2, 3, 0, 0, 0, 0, 4, 0, 0], [31, 7, 103, 6, 1, 8, 14, 0, 0, 0, 0, 4, 0, 0], [5, 15, 4, 11, 0, 0, 5, 0, 0, 0, 0, 1, 2, 0], [0, 7, 0, 2, 114, 3, 23, 0, 0, 0, 1, 53, 9, 0], [0, 5, 0, 1, 0, 2, 2, 0, 0, 0, 0, 2, 0, 0], [0, 3, 1, 1, 1, 0, 1, 0, 0, 0, 0, 3, 0, 0], [0, 11, 0, 0, 0, 0, 3, 1, 0, 0, 0, 2, 1, 0], [0, 8, 0, 0, 1, 1, 2, 0, 3, 0, 0, 5, 1, 0], [0, 2, 0, 0, 1, 0, 3, 0, 1, 3, 0, 5, 0, 0], [0, 3, 0, 0, 0, 1, 6, 0, 0, 0, 1, 2, 0, 2], [0, 4, 0, 0, 3, 0, 0, 0, 0, 0, 0, 1, 0, 0], [0, 6, 0, 0, 0, 0, 1, 0, 0, 0, 0, 4, 1, 0], [0, 5, 0, 0, 1, 0, 3, 0, 0, 0, 0, 2, 0, 1]]","[[145, 58, 19, 3, 15, 0, 0, 0, 0, 0, 0, 0, 0, 0], [118, 54, 15, 8, 12, 0, 1, 0, 0, 0, 0, 0, 0, 0], [32, 11, 116, 1, 12, 0, 2, 0, 0, 0, 0, 0, 0, 0], [10, 4, 17, 5, 7, 0, 0, 0, 0, 0, 0, 0, 0, 0], [0, 0, 24, 0, 187, 0, 1, 0, 0, 0, 0, 0, 0, 0], [0, 0, 3, 0, 9, 0, 0, 0, 0, 0, 0, 0, 0, 0], [0, 0, 1, 0, 9, 0, 0, 0, 0, 0, 0, 0, 0, 0], [0, 0, 2, 0, 16, 0, 0, 0, 0, 0, 0, 0, 0, 0], [0, 0, 2, 0, 19, 0, 0, 0, 0, 0, 0, 0, 0, 0], [0, 0, 2, 0, 13, 0, 0, 0, 0, 0, 0, 0, 0, 0], [0, 0, 6, 0, 9, 0, 0, 0, 0, 0, 0, 0, 0, 0], [0, 0, 1, 0, 7, 0, 0, 0, 0, 0, 0, 0, 0, 0], [0, 0, 1, 0, 11, 0, 0, 0, 0, 0, 0, 0, 0, 0], [0, 0, 1, 0, 11, 0, 0, 0, 0, 0, 0, 0, 0, 0]]"
source_expansion_Faces_to_PetImages_to_GarbageDataset,gaussian_nb,page_hinkley,0.55,9,9042,0.6710569620881445,0.5131577305564686,0.5537575001806531,0.698,0.6710569620881445,0.5131577305564686,0.5537575001806531,0.5700000000000001,0.74,0.667,0.7165772299859701,0.38149227230985716,0.42667171248650143,0.5700000000000001,0.76,2.0,"[[161, 79, 0, 0, 0, 0, 0, 0, 0, 0, 0, 0, 0, 0], [109, 99, 0, 0, 0, 0, 0, 0, 0, 0, 0, 0, 0, 0], [0, 8, 159, 7, 0, 0, 0, 0, 0, 0, 0, 0, 0, 0], [0, 6, 0, 37, 0, 0, 0, 0, 0, 0, 0, 0, 0, 0], [0, 7, 0, 4, 193, 0, 1, 0, 0, 2, 3, 0, 0, 2], [0, 2, 0, 3, 0, 7, 0, 0, 0, 0, 0, 0, 0, 0], [0, 2, 0, 0, 4, 1, 0, 0, 0, 1, 2, 0, 0, 0], [0, 4, 0, 1, 0, 0, 0, 11, 0, 0, 2, 0, 0, 0], [0, 6, 0, 0, 3, 0, 0, 0, 7, 3, 0, 0, 1, 1], [0, 4, 0, 0, 3, 0, 0, 0, 0, 7, 0, 0, 1, 0], [0, 7, 0, 0, 0, 0, 2, 0, 0, 0, 6, 0, 0, 0], [0, 1, 0, 0, 1, 0, 0, 0, 3, 1, 1, 1, 0, 0], [0, 5, 0, 0, 0, 1, 0, 0, 0, 0, 0, 0, 6, 0], [0, 7, 0, 0, 1, 0, 0, 0, 0, 0, 0, 0, 0, 4]]","[[142, 87, 7, 0, 4, 0, 0, 0, 0, 0, 0, 0, 0, 0], [94, 108, 1, 2, 3, 0, 0, 0, 0, 0, 0, 0, 0, 0], [1, 4, 160, 3, 6, 0, 0, 0, 0, 0, 0, 0, 0, 0], [0, 5, 7, 27, 4, 0, 0, 0, 0, 0, 0, 0, 0, 0], [1, 0, 3, 5, 203, 0, 0, 0, 0, 0, 0, 0, 0, 0], [0, 0, 2, 2, 5, 3, 0, 0, 0, 0, 0, 0, 0, 0], [0, 0, 0, 0, 9, 0, 0, 0, 0, 0, 1, 0, 0, 0], [0, 0, 5, 0, 4, 0, 0, 9, 0, 0, 0, 0, 0, 0], [0, 0, 3, 1, 10, 0, 0, 0, 7, 0, 0, 0, 0, 0], [0, 0, 2, 0, 9, 0, 0, 0, 1, 2, 0, 0, 1, 0], [0, 0, 4, 1, 7, 0, 0, 1, 0, 0, 2, 0, 0, 0], [0, 0, 0, 0, 5, 0, 0, 0, 2, 0, 0, 1, 0, 0], [0, 0, 2, 3, 3, 0, 0, 0, 2, 0, 0, 0, 2, 0], [0, 0, 3, 1, 6, 0, 0, 0, 1, 0, 0, 0, 0, 1]]"
source_expansion_Faces_to_PetImages_to_GarbageDataset,logistic_regression,hddm_w,0.55,9,9042,0.630203496809597,0.5904169991194212,0.6059063977262864,0.715,0.630203496809597,0.5904169991194212,0.6059063977262864,0.5800000000000001,0.8,0.715,0.630203496809597,0.5904169991194212,0.6059063977262864,0.5800000000000001,0.8,0.0,"[[132, 95, 6, 7, 0, 0, 0, 0, 0, 0, 0, 0, 0, 0], [86, 112, 2, 6, 0, 1, 0, 0, 0, 1, 0, 0, 0, 0], [0, 2, 165, 7, 0, 0, 0, 0, 0, 0, 0, 0, 0, 0], [0, 1, 6, 36, 0, 0, 0, 0, 0, 0, 0, 0, 0, 0], [0, 0, 1, 0, 207, 0, 2, 0, 1, 1, 0, 0, 0, 0], [0, 0, 0, 0, 2, 9, 0, 0, 0, 0, 1, 0, 0, 0], [0, 0, 0, 0, 4, 0, 3, 1, 0, 0, 1, 1, 0, 0], [0, 0, 0, 0, 0, 1, 1, 12, 1, 0, 3, 0, 0, 0], [0, 1, 1, 0, 3, 0, 0, 0, 11, 3, 0, 2, 0, 0], [0, 0, 0, 0, 6, 0, 0, 0, 1, 7, 0, 1, 0, 0], [0, 0, 0, 0, 2, 0, 2, 2, 0, 1, 5, 1, 0, 2], [0, 0, 0, 0, 1, 0, 0, 1, 4, 0, 1, 1, 0, 0], [1, 0, 0, 0, 0, 0, 0, 0, 0, 0, 0, 0, 10, 1], [0, 1, 1, 0, 2, 0, 0, 0, 1, 1, 1, 0, 0, 5]]","[[132, 95, 6, 7, 0, 0, 0, 0, 0, 0, 0, 0, 0, 0], [86, 112, 2, 6, 0, 1, 0, 0, 0, 1, 0, 0, 0, 0], [0, 2, 165, 7, 0, 0, 0, 0, 0, 0, 0, 0, 0, 0], [0, 1, 6, 36, 0, 0, 0, 0, 0, 0, 0, 0, 0, 0], [0, 0, 1, 0, 207, 0, 2, 0, 1, 1, 0, 0, 0, 0], [0, 0, 0, 0, 2, 9, 0, 0, 0, 0, 1, 0, 0, 0], [0, 0, 0, 0, 4, 0, 3, 1, 0, 0, 1, 1, 0, 0], [0, 0, 0, 0, 0, 1, 1, 12, 1, 0, 3, 0, 0, 0], [0, 1, 1, 0, 3, 0, 0, 0, 11, 3, 0, 2, 0, 0], [0, 0, 0, 0, 6, 0, 0, 0, 1, 7, 0, 1, 0, 0], [0, 0, 0, 0, 2, 0, 2, 2, 0, 1, 5, 1, 0, 2], [0, 0, 0, 0, 1, 0, 0, 1, 4, 0, 1, 1, 0, 0], [1, 0, 0, 0, 0, 0, 0, 0, 0, 0, 0, 0, 10, 1], [0, 1, 1, 0, 2, 0, 0, 0, 1, 1, 1, 0, 0, 5]]"
source_expansion_Faces_to_PetImages_to_GarbageDataset,hoeffding_tree,hddm_w,0.55,9,9042,0.48504661537730065,0.24305905573974554,0.26917411352786325,0.471,0.48504661537730065,0.24305905573974554,0.26917411352786325,0.53,0.62,0.517,0.17073844199636382,0.18430080247054192,0.17082682879806596,0.53,0.51,2.0,"[[167, 59, 4, 2, 1, 1, 1, 0, 0, 0, 0, 4, 1, 0], [126, 62, 4, 7, 0, 2, 3, 0, 0, 0, 0, 4, 0, 0], [31, 7, 103, 6, 1, 8, 14, 0, 0, 0, 0, 4, 0, 0], [5, 15, 4, 11, 0, 0, 5, 0, 0, 0, 0, 1, 2, 0], [0, 7, 0, 2, 114, 3, 23, 0, 0, 0, 1, 53, 9, 0], [0, 5, 0, 1, 0, 2, 2, 0, 0, 0, 0, 2, 0, 0], [0, 3, 1, 1, 1, 0, 1, 0, 0, 0, 0, 3, 0, 0], [0, 11, 0, 0, 0, 0, 3, 1, 0, 0, 0, 2, 1, 0], [0, 8, 0, 0, 1, 1, 2, 0, 3, 0, 0, 5, 1, 0], [0, 2, 0, 0, 1, 0, 3, 0, 1, 3, 0, 5, 0, 0], [0, 3, 0, 0, 0, 1, 6, 0, 0, 0, 1, 2, 0, 2], [0, 4, 0, 0, 3, 0, 0, 0, 0, 0, 0, 1, 0, 0], [0, 6, 0, 0, 0, 0, 1, 0, 0, 0, 0, 4, 1, 0], [0, 5, 0, 0, 1, 0, 3, 0, 0, 0, 0, 2, 0, 1]]","[[157, 64, 2, 2, 15, 0, 0, 0, 0, 0, 0, 0, 0, 0], [121, 60, 7, 7, 12, 0, 1, 0, 0, 0, 0, 0, 0, 0], [45, 2, 108, 3, 13, 0, 3, 0, 0, 0, 0, 0, 0, 0], [11, 7, 11, 6, 8, 0, 0, 0, 0, 0, 0, 0, 0, 0], [0, 1, 21, 3, 186, 0, 1, 0, 0, 0, 0, 0, 0, 0], [0, 0, 3, 0, 9, 0, 0, 0, 0, 0, 0, 0, 0, 0], [0, 0, 1, 0, 9, 0, 0, 0, 0, 0, 0, 0, 0, 0], [0, 0, 2, 0, 16, 0, 0, 0, 0, 0, 0, 0, 0, 0], [0, 0, 3, 0, 18, 0, 0, 0, 0, 0, 0, 0, 0, 0], [0, 0, 3, 0, 12, 0, 0, 0, 0, 0, 0, 0, 0, 0], [0, 0, 6, 0, 9, 0, 0, 0, 0, 0, 0, 0, 0, 0], [0, 0, 0, 0, 8, 0, 0, 0, 0, 0, 0, 0, 0, 0], [0, 0, 1, 0, 11, 0, 0, 0, 0, 0, 0, 0, 0, 0], [0, 0, 3, 0, 9, 0, 0, 0, 0, 0, 0, 0, 0, 0]]"
source_expansion_Faces_to_PetImages_to_GarbageDataset,gaussian_nb,hddm_w,0.55,9,9042,0.6710569620881445,0.5131577305564686,0.5537575001806531,0.698,0.6710569620881445,0.5131577305564686,0.5537575001806531,0.5700000000000001,0.74,0.686,0.7273403114028031,0.4488096090398624,0.5017423725504758,0.5700000000000001,0.78,1.0,"[[161, 79, 0, 0, 0, 0, 0, 0, 0, 0, 0, 0, 0, 0], [109, 99, 0, 0, 0, 0, 0, 0, 0, 0, 0, 0, 0, 0], [0, 8, 159, 7, 0, 0, 0, 0, 0, 0, 0, 0, 0, 0], [0, 6, 0, 37, 0, 0, 0, 0, 0, 0, 0, 0, 0, 0], [0, 7, 0, 4, 193, 0, 1, 0, 0, 2, 3, 0, 0, 2], [0, 2, 0, 3, 0, 7, 0, 0, 0, 0, 0, 0, 0, 0], [0, 2, 0, 0, 4, 1, 0, 0, 0, 1, 2, 0, 0, 0], [0, 4, 0, 1, 0, 0, 0, 11, 0, 0, 2, 0, 0, 0], [0, 6, 0, 0, 3, 0, 0, 0, 7, 3, 0, 0, 1, 1], [0, 4, 0, 0, 3, 0, 0, 0, 0, 7, 0, 0, 1, 0], [0, 7, 0, 0, 0, 0, 2, 0, 0, 0, 6, 0, 0, 0], [0, 1, 0, 0, 1, 0, 0, 0, 3, 1, 1, 1, 0, 0], [0, 5, 0, 0, 0, 1, 0, 0, 0, 0, 0, 0, 6, 0], [0, 7, 0, 0, 1, 0, 0, 0, 0, 0, 0, 0, 0, 4]]","[[153, 83, 0, 0, 4, 0, 0, 0, 0, 0, 0, 0, 0, 0], [103, 102, 0, 0, 3, 0, 0, 0, 0, 0, 0, 0, 0, 0], [0, 6, 156, 7, 5, 0, 0, 0, 0, 0, 0, 0, 0, 0], [0, 6, 0, 31, 5, 0, 0, 0, 1, 0, 0, 0, 0, 0], [0, 3, 0, 3, 206, 0, 0, 0, 0, 0, 0, 0, 0, 0], [0, 2, 0, 2, 3, 4, 0, 0, 1, 0, 0, 0, 0, 0], [0, 0, 0, 0, 10, 0, 0, 0, 0, 0, 0, 0, 0, 0], [0, 2, 0, 0, 3, 0, 0, 13, 0, 0, 0, 0, 0, 0], [0, 2, 0, 0, 8, 0, 0, 0, 6, 4, 0, 0, 1, 0], [0, 2, 0, 0, 9, 0, 0, 0, 1, 3, 0, 0, 0, 0], [0, 5, 0, 0, 3, 0, 5, 1, 0, 0, 1, 0, 0, 0], [0, 0, 0, 0, 3, 0, 0, 0, 2, 2, 0, 1, 0, 0], [0, 1, 0, 0, 5, 0, 0, 0, 0, 0, 0, 0, 6, 0], [0, 3, 0, 0, 3, 0, 1, 0, 0, 1, 0, 0, 0, 4]]"
source_expansion_Faces_to_PetImages_to_GarbageDataset,logistic_regression,kswin,0.65,0,100042,0.6055690893845626,0.5554145924238622,0.5751274927846746,0.748,0.6055690893845626,0.5554145924238622,0.5751274927846746,0.56,0.87,0.755,0.5791971401926457,0.5552329150021487,0.5603346221119695,0.56,0.86,2.0,"[[156, 98, 4, 3, 0, 0, 0, 0, 0, 0, 1, 0, 0, 0], [70, 89, 1, 2, 0, 0, 0, 0, 0, 0, 0, 0, 0, 0], [0, 1, 174, 5, 1, 0, 0, 0, 0, 0, 0, 0, 0, 0], [1, 0, 4, 33, 0, 0, 0, 0, 0, 1, 0, 0, 0, 0], [1, 0, 0, 1, 259, 0, 0, 0, 2, 1, 1, 2, 0, 1], [0, 0, 0, 1, 0, 10, 0, 0, 0, 0, 0, 0, 1, 0], [0, 1, 0, 0, 3, 0, 4, 0, 0, 0, 2, 0, 0, 0], [0, 0, 0, 1, 0, 0, 0, 6, 0, 0, 0, 0, 0, 0], [0, 0, 0, 0, 1, 0, 0, 0, 1, 2, 0, 3, 0, 1], [0, 0, 1, 0, 4, 0, 0, 0, 1, 2, 1, 0, 0, 0], [0, 0, 0, 0, 5, 0, 2, 0, 0, 0, 3, 0, 0, 3], [0, 0, 1, 0, 3, 0, 0, 0, 2, 1, 1, 2, 0, 0], [0, 0, 0, 0, 0, 0, 0, 0, 1, 1, 0, 0, 5, 1], [0, 0, 1, 0, 3, 0, 0, 0, 1, 0, 1, 0, 1, 4]]","[[153, 105, 3, 1, 0, 0, 0, 0, 0, 0, 0, 0, 0, 0], [60, 99, 1, 1, 0, 0, 0, 0, 0, 0, 0, 0, 0, 1], [0, 2, 168, 8, 1, 0, 0, 0, 0, 1, 1, 0, 0, 0], [0, 0, 2, 37, 0, 0, 0, 0, 0, 0, 0, 0, 0, 0], [0, 0, 0, 1, 262, 0, 0, 0, 1, 0, 3, 1, 0, 0], [0, 0, 0, 2, 0, 9, 0, 0, 0, 0, 0, 0, 1, 0], [0, 0, 0, 0, 2, 0, 5, 0, 0, 0, 3, 0, 0, 0], [0, 0, 0, 0, 0, 0, 0, 6, 0, 0, 0, 0, 1, 0], [1, 0, 0, 0, 1, 1, 0, 0, 1, 2, 0, 1, 0, 1], [0, 0, 0, 0, 4, 0, 1, 1, 1, 1, 1, 0, 0, 0], [0, 0, 0, 2, 3, 0, 3, 0, 0, 0, 4, 0, 0, 1], [0, 0, 0, 1, 2, 0, 0, 0, 1, 2, 0, 3, 0, 1], [0, 0, 0, 0, 0, 1, 0, 0, 1, 1, 0, 0, 4, 1], [1, 0, 0, 0, 2, 0, 0, 0, 2, 1, 0, 0, 2, 3]]"
source_expansion_Faces_to_PetImages_to_GarbageDataset,hoeffding_tree,kswin,0.65,0,100042,0.26780795365448595,0.209175608619506,0.20797577639517542,0.54,0.26780795365448595,0.209175608619506,0.20797577639517542,0.61,0.76,0.601,0.1532195747185002,0.17876953218265718,0.15293247215504183,0.61,0.73,3.0,"[[245, 11, 0, 0, 1, 0, 3, 2, 0, 0, 0, 0, 0, 0], [140, 13, 0, 0, 0, 1, 2, 3, 1, 2, 0, 0, 0, 0], [41, 1, 97, 3, 11, 1, 16, 3, 1, 7, 0, 0, 0, 0], [8, 9, 3, 10, 1, 2, 5, 0, 1, 0, 0, 0, 0, 0], [2, 10, 2, 1, 170, 19, 14, 13, 32, 5, 0, 0, 0, 0], [0, 8, 0, 1, 0, 2, 0, 0, 1, 0, 0, 0, 0, 0], [0, 2, 0, 1, 2, 1, 1, 1, 1, 1, 0, 0, 0, 0], [1, 3, 0, 0, 0, 0, 1, 1, 1, 0, 0, 0, 0, 0], [0, 3, 0, 2, 0, 1, 0, 1, 0, 0, 0, 1, 0, 0], [0, 6, 0, 0, 0, 1, 2, 0, 0, 0, 0, 0, 0, 0], [3, 4, 0, 0, 0, 0, 1, 0, 3, 1, 1, 0, 0, 0], [0, 6, 0, 0, 2, 0, 1, 0, 0, 1, 0, 0, 0, 0], [1, 5, 0, 0, 0, 0, 1, 1, 0, 0, 0, 0, 0, 0], [0, 6, 0, 0, 0, 1, 0, 1, 2, 0, 1, 0, 0, 0]]","[[237, 9, 10, 0, 6, 0, 0, 0, 0, 0, 0, 0, 0, 0], [126, 5, 17, 0, 14, 0, 0, 0, 0, 0, 0, 0, 0, 0], [43, 0, 127, 0, 11, 0, 0, 0, 0, 0, 0, 0, 0, 0], [8, 1, 20, 0, 10, 0, 0, 0, 0, 0, 0, 0, 0, 0], [2, 0, 34, 0, 232, 0, 0, 0, 0, 0, 0, 0, 0, 0], [0, 0, 0, 0, 12, 0, 0, 0, 0, 0, 0, 0, 0, 0], [0, 0, 2, 0, 8, 0, 0, 0, 0, 0, 0, 0, 0, 0], [0, 0, 1, 0, 6, 0, 0, 0, 0, 0, 0, 0, 0, 0], [0, 0, 1, 0, 7, 0, 0, 0, 0, 0, 0, 0, 0, 0], [0, 0, 3, 0, 6, 0, 0, 0, 0, 0, 0, 0, 0, 0], [0, 0, 2, 0, 11, 0, 0, 0, 0, 0, 0, 0, 0, 0], [0, 0, 2, 0, 8, 0, 0, 0, 0, 0, 0, 0, 0, 0], [0, 0, 1, 0, 7, 0, 0, 0, 0, 0, 0, 0, 0, 0], [0, 0, 0, 0, 11, 0, 0, 0, 0, 0, 0, 0, 0, 0]]"
source_expansion_Faces_to_PetImages_to_GarbageDataset,gaussian_nb,kswin,0.65,0,100042,0.5199754173766691,0.37884324958984456,0.41191974209482646,0.71,0.5199754173766691,0.37884324958984456,0.41191974209482646,0.5800000000000001,0.8200000000000001,0.73,0.5235114953252987,0.3865767279205235,0.4154649917081514,0.5800000000000001,0.8200000000000001,2.0,"[[189, 73, 0, 0, 0, 0, 0, 0, 0, 0, 0, 0, 0, 0], [98, 64, 0, 0, 0, 0, 0, 0, 0, 0, 0, 0, 0, 0], [0, 6, 167, 8, 0, 0, 0, 0, 0, 0, 0, 0, 0, 0], [0, 6, 1, 32, 0, 0, 0, 0, 0, 0, 0, 0, 0, 0], [1, 12, 0, 2, 242, 0, 4, 0, 0, 0, 6, 1, 0, 0], [0, 7, 0, 1, 0, 4, 0, 0, 0, 0, 0, 0, 0, 0], [0, 1, 0, 0, 6, 0, 2, 0, 0, 0, 1, 0, 0, 0], [1, 6, 0, 0, 0, 0, 0, 0, 0, 0, 0, 0, 0, 0], [0, 2, 0, 2, 0, 0, 0, 0, 0, 3, 0, 1, 0, 0], [0, 5, 0, 0, 1, 0, 0, 0, 0, 2, 0, 0, 0, 1], [1, 5, 0, 1, 2, 0, 1, 0, 0, 0, 2, 0, 0, 1], [0, 4, 1, 0, 1, 0, 0, 0, 0, 2, 0, 2, 0, 0], [1, 4, 0, 0, 0, 0, 0, 0, 0, 0, 0, 0, 2, 1], [1, 7, 0, 0, 0, 0, 0, 0, 0, 0, 1, 0, 0, 2]]","[[198, 63, 1, 0, 0, 0, 0, 0, 0, 0, 0, 0, 0, 0], [87, 70, 4, 1, 0, 0, 0, 0, 0, 0, 0, 0, 0, 0], [4, 3, 173, 1, 0, 0, 0, 0, 0, 0, 0, 0, 0, 0], [1, 2, 7, 29, 0, 0, 0, 0, 0, 0, 0, 0, 0, 0], [0, 0, 12, 4, 243, 0, 4, 0, 0, 1, 3, 1, 0, 0], [0, 0, 2, 6, 0, 4, 0, 0, 0, 0, 0, 0, 0, 0], [0, 0, 4, 0, 3, 0, 2, 0, 0, 0, 1, 0, 0, 0], [0, 0, 6, 1, 0, 0, 0, 0, 0, 0, 0, 0, 0, 0], [0, 0, 1, 3, 1, 0, 0, 0, 0, 2, 0, 1, 0, 0], [0, 0, 4, 1, 1, 0, 0, 0, 0, 2, 0, 0, 0, 1], [0, 0, 4, 2, 2, 0, 1, 0, 0, 0, 3, 0, 0, 1], [0, 0, 4, 1, 1, 0, 0, 0, 0, 1, 1, 2, 0, 0], [0, 0, 5, 0, 0, 0, 0, 0, 0, 0, 0, 0, 2, 1], [0, 0, 6, 1, 1, 0, 0, 0, 0, 0, 1, 0, 0, 2]]"
source_expansion_Faces_to_PetImages_to_GarbageDataset,logistic_regression,adwin,0.65,0,100042,0.6055690893845626,0.5554145924238622,0.5751274927846746,0.748,0.6055690893845626,0.5554145924238622,0.5751274927846746,0.56,0.87,0.745,0.5815469061704467,0.5663794021790133,0.567145468283699,0.56,0.86,1.0,"[[156, 98, 4, 3, 0, 0, 0, 0, 0, 0, 1, 0, 0, 0], [70, 89, 1, 2, 0, 0, 0, 0, 0, 0, 0, 0, 0, 0], [0, 1, 174, 5, 1, 0, 0, 0, 0, 0, 0, 0, 0, 0], [1, 0, 4, 33, 0, 0, 0, 0, 0, 1, 0, 0, 0, 0], [1, 0, 0, 1, 259, 0, 0, 0, 2, 1, 1, 2, 0, 1], [0, 0, 0, 1, 0, 10, 0, 0, 0, 0, 0, 0, 1, 0], [0, 1, 0, 0, 3, 0, 4, 0, 0, 0, 2, 0, 0, 0], [0, 0, 0, 1, 0, 0, 0, 6, 0, 0, 0, 0, 0, 0], [0, 0, 0, 0, 1, 0, 0, 0, 1, 2, 0, 3, 0, 1], [0, 0, 1, 0, 4, 0, 0, 0, 1, 2, 1, 0, 0, 0], [0, 0, 0, 0, 5, 0, 2, 0, 0, 0, 3, 0, 0, 3], [0, 0, 1, 0, 3, 0, 0, 0, 2, 1, 1, 2, 0, 0], [0, 0, 0, 0, 0, 0, 0, 0, 1, 1, 0, 0, 5, 1], [0, 0, 1, 0, 3, 0, 0, 0, 1, 0, 1, 0, 1, 4]]","[[149, 106, 5, 2, 0, 0, 0, 0, 0, 0, 0, 0, 0, 0], [65, 94, 1, 2, 0, 0, 0, 0, 0, 0, 0, 0, 0, 0], [1, 3, 166, 8, 1, 0, 0, 0, 0, 1, 1, 0, 0, 0], [2, 1, 3, 33, 0, 0, 0, 0, 0, 0, 0, 0, 0, 0], [0, 0, 0, 1, 264, 0, 1, 0, 0, 0, 1, 1, 0, 0], [0, 0, 0, 1, 0, 10, 0, 0, 0, 0, 0, 0, 1, 0], [0, 0, 0, 0, 2, 0, 5, 0, 0, 0, 3, 0, 0, 0], [0, 0, 0, 0, 0, 0, 0, 6, 0, 0, 0, 0, 1, 0], [1, 0, 0, 0, 1, 1, 0, 0, 1, 2, 0, 1, 0, 1], [0, 0, 0, 0, 4, 0, 1, 1, 1, 1, 1, 0, 0, 0], [0, 0, 0, 0, 3, 1, 3, 1, 0, 0, 4, 0, 0, 1], [0, 0, 0, 0, 3, 0, 0, 0, 0, 2, 0, 4, 0, 1], [0, 0, 0, 0, 0, 0, 0, 0, 1, 1, 0, 0, 5, 1], [1, 0, 0, 0, 1, 0, 0, 0, 2, 1, 0, 0, 3, 3]]"
source_expansion_Faces_to_PetImages_to_GarbageDataset,hoeffding_tree,adwin,0.65,0,100042,0.26780795365448595,0.209175608619506,0.20797577639517542,0.54,0.26780795365448595,0.209175608619506,0.20797577639517542,0.61,0.76,0.603,0.14760285378984767,0.1779691087813134,0.15250799841083792,0.61,0.73,3.0,"[[245, 11, 0, 0, 1, 0, 3, 2, 0, 0, 0, 0, 0, 0], [140, 13, 0, 0, 0, 1, 2, 3, 1, 2, 0, 0, 0, 0], [41, 1, 97, 3, 11, 1, 16, 3, 1, 7, 0, 0, 0, 0], [8, 9, 3, 10, 1, 2, 5, 0, 1, 0, 0, 0, 0, 0], [2, 10, 2, 1, 170, 19, 14, 13, 32, 5, 0, 0, 0, 0], [0, 8, 0, 1, 0, 2, 0, 0, 1, 0, 0, 0, 0, 0], [0, 2, 0, 1, 2, 1, 1, 1, 1, 1, 0, 0, 0, 0], [1, 3, 0, 0, 0, 0, 1, 1, 1, 0, 0, 0, 0, 0], [0, 3, 0, 2, 0, 1, 0, 1, 0, 0, 0, 1, 0, 0], [0, 6, 0, 0, 0, 1, 2, 0, 0, 0, 0, 0, 0, 0], [3, 4, 0, 0, 0, 0, 1, 0, 3, 1, 1, 0, 0, 0], [0, 6, 0, 0, 2, 0, 1, 0, 0, 1, 0, 0, 0, 0], [1, 5, 0, 0, 0, 0, 1, 1, 0, 0, 0, 0, 0, 0], [0, 6, 0, 0, 0, 1, 0, 1, 2, 0, 1, 0, 0, 0]]","[[236, 9, 9, 0, 8, 0, 0, 0, 0, 0, 0, 0, 0, 0], [123, 4, 18, 0, 16, 0, 0, 0, 0, 0, 0, 1, 0, 0], [39, 2, 118, 1, 21, 0, 0, 0, 0, 0, 0, 0, 0, 0], [7, 0, 22, 0, 10, 0, 0, 0, 0, 0, 0, 0, 0, 0], [1, 2, 20, 0, 245, 0, 0, 0, 0, 0, 0, 0, 0, 0], [0, 0, 0, 0, 12, 0, 0, 0, 0, 0, 0, 0, 0, 0], [0, 0, 2, 0, 8, 0, 0, 0, 0, 0, 0, 0, 0, 0], [0, 0, 1, 0, 6, 0, 0, 0, 0, 0, 0, 0, 0, 0], [0, 0, 0, 0, 8, 0, 0, 0, 0, 0, 0, 0, 0, 0], [0, 0, 2, 0, 7, 0, 0, 0, 0, 0, 0, 0, 0, 0], [0, 0, 1, 0, 12, 0, 0, 0, 0, 0, 0, 0, 0, 0], [0, 0, 1, 0, 9, 0, 0, 0, 0, 0, 0, 0, 0, 0], [0, 0, 1, 0, 7, 0, 0, 0, 0, 0, 0, 0, 0, 0], [0, 0, 0, 0, 11, 0, 0, 0, 0, 0, 0, 0, 0, 0]]"
source_expansion_Faces_to_PetImages_to_GarbageDataset,gaussian_nb,adwin,0.65,0,100042,0.5199754173766691,0.37884324958984456,0.41191974209482646,0.71,0.5199754173766691,0.37884324958984456,0.41191974209482646,0.5800000000000001,0.8200000000000001,0.708,0.5176039829797785,0.3829241705864402,0.4166625212520156,0.5800000000000001,0.83,1.0,"[[189, 73, 0, 0, 0, 0, 0, 0, 0, 0, 0, 0, 0, 0], [98, 64, 0, 0, 0, 0, 0, 0, 0, 0, 0, 0, 0, 0], [0, 6, 167, 8, 0, 0, 0, 0, 0, 0, 0, 0, 0, 0], [0, 6, 1, 32, 0, 0, 0, 0, 0, 0, 0, 0, 0, 0], [1, 12, 0, 2, 242, 0, 4, 0, 0, 0, 6, 1, 0, 0], [0, 7, 0, 1, 0, 4, 0, 0, 0, 0, 0, 0, 0, 0], [0, 1, 0, 0, 6, 0, 2, 0, 0, 0, 1, 0, 0, 0], [1, 6, 0, 0, 0, 0, 0, 0, 0, 0, 0, 0, 0, 0], [0, 2, 0, 2, 0, 0, 0, 0, 0, 3, 0, 1, 0, 0], [0, 5, 0, 0, 1, 0, 0, 0, 0, 2, 0, 0, 0, 1], [1, 5, 0, 1, 2, 0, 1, 0, 0, 0, 2, 0, 0, 1], [0, 4, 1, 0, 1, 0, 0, 0, 0, 2, 0, 2, 0, 0], [1, 4, 0, 0, 0, 0, 0, 0, 0, 0, 0, 0, 2, 1], [1, 7, 0, 0, 0, 0, 0, 0, 0, 0, 1, 0, 0, 2]]","[[179, 81, 2, 0, 0, 0, 0, 0, 0, 0, 0, 0, 0, 0], [86, 69, 4, 3, 0, 0, 0, 0, 0, 0, 0, 0, 0, 0], [1, 6, 169, 5, 0, 0, 0, 0, 0, 0, 0, 0, 0, 0], [0, 5, 7, 27, 0, 0, 0, 0, 0, 0, 0, 0, 0, 0], [0, 0, 14, 0, 246, 0, 3, 0, 0, 1, 3, 1, 0, 0], [0, 0, 4, 2, 0, 6, 0, 0, 0, 0, 0, 0, 0, 0], [0, 0, 4, 0, 3, 0, 2, 0, 0, 0, 1, 0, 0, 0], [0, 0, 7, 0, 0, 0, 0, 0, 0, 0, 0, 0, 0, 0], [0, 0, 2, 2, 1, 0, 0, 0, 0, 2, 0, 1, 0, 0], [0, 0, 5, 0, 1, 0, 0, 0, 0, 2, 0, 0, 0, 1], [0, 0, 7, 1, 1, 0, 1, 0, 0, 0, 2, 0, 0, 1], [0, 0, 5, 0, 1, 0, 0, 0, 0, 1, 1, 2, 0, 0], [0, 0, 5, 0, 0, 0, 0, 0, 0, 0, 0, 0, 2, 1], [0, 0, 6, 1, 1, 0, 0, 0, 0, 0, 1, 0, 0, 2]]"
source_expansion_Faces_to_PetImages_to_GarbageDataset,logistic_regression,page_hinkley,0.65,0,100042,0.6055690893845626,0.5554145924238622,0.5751274927846746,0.748,0.6055690893845626,0.5554145924238622,0.5751274927846746,0.56,0.87,0.75,0.555302621936269,0.5532723885045766,0.5477870269591885,0.56,0.86,1.0,"[[156, 98, 4, 3, 0, 0, 0, 0, 0, 0, 1, 0, 0, 0], [70, 89, 1, 2, 0, 0, 0, 0, 0, 0, 0, 0, 0, 0], [0, 1, 174, 5, 1, 0, 0, 0, 0, 0, 0, 0, 0, 0], [1, 0, 4, 33, 0, 0, 0, 0, 0, 1, 0, 0, 0, 0], [1, 0, 0, 1, 259, 0, 0, 0, 2, 1, 1, 2, 0, 1], [0, 0, 0, 1, 0, 10, 0, 0, 0, 0, 0, 0, 1, 0], [0, 1, 0, 0, 3, 0, 4, 0, 0, 0, 2, 0, 0, 0], [0, 0, 0, 1, 0, 0, 0, 6, 0, 0, 0, 0, 0, 0], [0, 0, 0, 0, 1, 0, 0, 0, 1, 2, 0, 3, 0, 1], [0, 0, 1, 0, 4, 0, 0, 0, 1, 2, 1, 0, 0, 0], [0, 0, 0, 0, 5, 0, 2, 0, 0, 0, 3, 0, 0, 3], [0, 0, 1, 0, 3, 0, 0, 0, 2, 1, 1, 2, 0, 0], [0, 0, 0, 0, 0, 0, 0, 0, 1, 1, 0, 0, 5, 1], [0, 0, 1, 0, 3, 0, 0, 0, 1, 0, 1, 0, 1, 4]]","[[150, 106, 4, 2, 0, 0, 0, 0, 0, 0, 0, 0, 0, 0], [57, 101, 2, 2, 0, 0, 0, 0, 0, 0, 0, 0, 0, 0], [2, 1, 165, 11, 1, 0, 0, 0, 0, 1, 0, 0, 0, 0], [2, 1, 3, 33, 0, 0, 0, 0, 0, 0, 0, 0, 0, 0], [0, 0, 0, 1, 264, 0, 0, 0, 0, 0, 2, 1, 0, 0], [0, 0, 0, 1, 0, 10, 0, 0, 0, 0, 0, 0, 1, 0], [0, 0, 0, 0, 2, 0, 5, 0, 0, 0, 3, 0, 0, 0], [0, 0, 0, 0, 0, 0, 0, 6, 0, 0, 0, 0, 1, 0], [0, 0, 0, 0, 1, 2, 0, 0, 0, 2, 0, 2, 0, 1], [0, 0, 0, 1, 3, 0, 1, 1, 1, 1, 1, 0, 0, 0], [0, 0, 0, 1, 3, 0, 3, 1, 0, 0, 4, 0, 0, 1], [0, 0, 0, 1, 2, 0, 0, 0, 1, 2, 0, 3, 0, 1], [0, 0, 0, 0, 0, 0, 0, 0, 1, 1, 0, 0, 5, 1], [0, 0, 0, 0, 1, 0, 0, 0, 2, 1, 1, 0, 3, 3]]"
source_expansion_Faces_to_PetImages_to_GarbageDataset,hoeffding_tree,page_hinkley,0.65,0,100042,0.26780795365448595,0.209175608619506,0.20797577639517542,0.54,0.26780795365448595,0.209175608619506,0.20797577639517542,0.61,0.76,0.619,0.1552002996208743,0.18491157176777828,0.15735863681857182,0.61,0.73,4.0,"[[245, 11, 0, 0, 1, 0, 3, 2, 0, 0, 0, 0, 0, 0], [140, 13, 0, 0, 0, 1, 2, 3, 1, 2, 0, 0, 0, 0], [41, 1, 97, 3, 11, 1, 16, 3, 1, 7, 0, 0, 0, 0], [8, 9, 3, 10, 1, 2, 5, 0, 1, 0, 0, 0, 0, 0], [2, 10, 2, 1, 170, 19, 14, 13, 32, 5, 0, 0, 0, 0], [0, 8, 0, 1, 0, 2, 0, 0, 1, 0, 0, 0, 0, 0], [0, 2, 0, 1, 2, 1, 1, 1, 1, 1, 0, 0, 0, 0], [1, 3, 0, 0, 0, 0, 1, 1, 1, 0, 0, 0, 0, 0], [0, 3, 0, 2, 0, 1, 0, 1, 0, 0, 0, 1, 0, 0], [0, 6, 0, 0, 0, 1, 2, 0, 0, 0, 0, 0, 0, 0], [3, 4, 0, 0, 0, 0, 1, 0, 3, 1, 1, 0, 0, 0], [0, 6, 0, 0, 2, 0, 1, 0, 0, 1, 0, 0, 0, 0], [1, 5, 0, 0, 0, 0, 1, 1, 0, 0, 0, 0, 0, 0], [0, 6, 0, 0, 0, 1, 0, 1, 2, 0, 1, 0, 0, 0]]","[[234, 9, 11, 0, 8, 0, 0, 0, 0, 0, 0, 0, 0, 0], [120, 4, 22, 0, 16, 0, 0, 0, 0, 0, 0, 0, 0, 0], [21, 0, 139, 0, 21, 0, 0, 0, 0, 0, 0, 0, 0, 0], [5, 0, 22, 0, 12, 0, 0, 0, 0, 0, 0, 0, 0, 0], [2, 0, 24, 0, 242, 0, 0, 0, 0, 0, 0, 0, 0, 0], [0, 0, 0, 0, 12, 0, 0, 0, 0, 0, 0, 0, 0, 0], [0, 0, 1, 0, 9, 0, 0, 0, 0, 0, 0, 0, 0, 0], [0, 0, 1, 0, 6, 0, 0, 0, 0, 0, 0, 0, 0, 0], [0, 0, 1, 0, 7, 0, 0, 0, 0, 0, 0, 0, 0, 0], [0, 0, 3, 0, 6, 0, 0, 0, 0, 0, 0, 0, 0, 0], [0, 0, 1, 0, 12, 0, 0, 0, 0, 0, 0, 0, 0, 0], [0, 0, 2, 0, 8, 0, 0, 0, 0, 0, 0, 0, 0, 0], [0, 0, 0, 0, 8, 0, 0, 0, 0, 0, 0, 0, 0, 0], [0, 0, 0, 0, 11, 0, 0, 0, 0, 0, 0, 0, 0, 0]]"
source_expansion_Faces_to_PetImages_to_GarbageDataset,gaussian_nb,page_hinkley,0.65,0,100042,0.5199754173766691,0.37884324958984456,0.41191974209482646,0.71,0.5199754173766691,0.37884324958984456,0.41191974209482646,0.5800000000000001,0.8200000000000001,0.703,0.306343984962406,0.292893287075787,0.2935589330737674,0.5800000000000001,0.8200000000000001,2.0,"[[189, 73, 0, 0, 0, 0, 0, 0, 0, 0, 0, 0, 0, 0], [98, 64, 0, 0, 0, 0, 0, 0, 0, 0, 0, 0, 0, 0], [0, 6, 167, 8, 0, 0, 0, 0, 0, 0, 0, 0, 0, 0], [0, 6, 1, 32, 0, 0, 0, 0, 0, 0, 0, 0, 0, 0], [1, 12, 0, 2, 242, 0, 4, 0, 0, 0, 6, 1, 0, 0], [0, 7, 0, 1, 0, 4, 0, 0, 0, 0, 0, 0, 0, 0], [0, 1, 0, 0, 6, 0, 2, 0, 0, 0, 1, 0, 0, 0], [1, 6, 0, 0, 0, 0, 0, 0, 0, 0, 0, 0, 0, 0], [0, 2, 0, 2, 0, 0, 0, 0, 0, 3, 0, 1, 0, 0], [0, 5, 0, 0, 1, 0, 0, 0, 0, 2, 0, 0, 0, 1], [1, 5, 0, 1, 2, 0, 1, 0, 0, 0, 2, 0, 0, 1], [0, 4, 1, 0, 1, 0, 0, 0, 0, 2, 0, 2, 0, 0], [1, 4, 0, 0, 0, 0, 0, 0, 0, 0, 0, 0, 2, 1], [1, 7, 0, 0, 0, 0, 0, 0, 0, 0, 1, 0, 0, 2]]","[[179, 82, 1, 0, 0, 0, 0, 0, 0, 0, 0, 0, 0, 0], [83, 71, 4, 0, 4, 0, 0, 0, 0, 0, 0, 0, 0, 0], [1, 6, 168, 2, 4, 0, 0, 0, 0, 0, 0, 0, 0, 0], [0, 6, 6, 25, 2, 0, 0, 0, 0, 0, 0, 0, 0, 0], [0, 0, 4, 3, 255, 0, 2, 0, 0, 0, 2, 0, 2, 0], [0, 0, 1, 3, 4, 4, 0, 0, 0, 0, 0, 0, 0, 0], [0, 0, 3, 0, 7, 0, 0, 0, 0, 0, 0, 0, 0, 0], [0, 0, 5, 0, 2, 0, 0, 0, 0, 0, 0, 0, 0, 0], [0, 0, 0, 3, 4, 0, 0, 0, 0, 0, 0, 1, 0, 0], [0, 0, 3, 1, 4, 0, 0, 0, 0, 0, 0, 0, 0, 1], [0, 0, 4, 1, 7, 0, 1, 0, 0, 0, 0, 0, 0, 0], [0, 0, 3, 1, 6, 0, 0, 0, 0, 0, 0, 0, 0, 0], [1, 0, 3, 0, 1, 2, 0, 0, 0, 0, 0, 0, 1, 0], [0, 0, 5, 1, 4, 0, 0, 0, 0, 0, 0, 0, 1, 0]]"
source_expansion_Faces_to_PetImages_to_GarbageDataset,logistic_regression,hddm_w,0.65,0,100042,0.6055690893845626,0.5554145924238622,0.5751274927846746,0.748,0.6055690893845626,0.5554145924238622,0.5751274927846746,0.56,0.87,0.749,0.5762130710553847,0.5432680118540042,0.5543382392425661,0.56,0.87,1.0,"[[156, 98, 4, 3, 0, 0, 0, 0, 0, 0, 1, 0, 0, 0], [70, 89, 1, 2, 0, 0, 0, 0, 0, 0, 0, 0, 0, 0], [0, 1, 174, 5, 1, 0, 0, 0, 0, 0, 0, 0, 0, 0], [1, 0, 4, 33, 0, 0, 0, 0, 0, 1, 0, 0, 0, 0], [1, 0, 0, 1, 259, 0, 0, 0, 2, 1, 1, 2, 0, 1], [0, 0, 0, 1, 0, 10, 0, 0, 0, 0, 0, 0, 1, 0], [0, 1, 0, 0, 3, 0, 4, 0, 0, 0, 2, 0, 0, 0], [0, 0, 0, 1, 0, 0, 0, 6, 0, 0, 0, 0, 0, 0], [0, 0, 0, 0, 1, 0, 0, 0, 1, 2, 0, 3, 0, 1], [0, 0, 1, 0, 4, 0, 0, 0, 1, 2, 1, 0, 0, 0], [0, 0, 0, 0, 5, 0, 2, 0, 0, 0, 3, 0, 0, 3], [0, 0, 1, 0, 3, 0, 0, 0, 2, 1, 1, 2, 0, 0], [0, 0, 0, 0, 0, 0, 0, 0, 1, 1, 0, 0, 5, 1], [0, 0, 1, 0, 3, 0, 0, 0, 1, 0, 1, 0, 1, 4]]","[[153, 107, 2, 0, 0, 0, 0, 0, 0, 0, 0, 0, 0, 0], [69, 92, 0, 1, 0, 0, 0, 0, 0, 0, 0, 0, 0, 0], [1, 1, 173, 4, 1, 0, 0, 0, 0, 1, 0, 0, 0, 0], [0, 0, 5, 34, 0, 0, 0, 0, 0, 0, 0, 0, 0, 0], [0, 0, 0, 1, 262, 0, 0, 0, 1, 0, 1, 2, 0, 1], [0, 0, 0, 2, 0, 9, 0, 0, 0, 0, 0, 0, 1, 0], [0, 0, 0, 0, 2, 0, 4, 0, 0, 1, 3, 0, 0, 0], [0, 0, 0, 0, 0, 0, 0, 6, 0, 0, 0, 0, 1, 0], [0, 0, 0, 0, 1, 0, 0, 0, 2, 2, 0, 2, 0, 1], [0, 0, 0, 0, 4, 0, 1, 1, 1, 1, 1, 0, 0, 0], [0, 0, 0, 1, 3, 0, 2, 1, 0, 0, 4, 0, 0, 2], [0, 0, 0, 0, 3, 0, 0, 0, 2, 2, 0, 2, 0, 1], [0, 0, 1, 0, 0, 0, 0, 0, 1, 1, 0, 0, 4, 1], [0, 0, 0, 0, 3, 0, 0, 0, 2, 0, 1, 0, 2, 3]]"
source_expansion_Faces_to_PetImages_to_GarbageDataset,hoeffding_tree,hddm_w,0.65,0,100042,0.26780795365448595,0.209175608619506,0.20797577639517542,0.54,0.26780795365448595,0.209175608619506,0.20797577639517542,0.61,0.76,0.622,0.19675378374222235,0.1940300706360595,0.17452044374214673,0.61,0.73,2.0,"[[245, 11, 0, 0, 1, 0, 3, 2, 0, 0, 0, 0, 0, 0], [140, 13, 0, 0, 0, 1, 2, 3, 1, 2, 0, 0, 0, 0], [41, 1, 97, 3, 11, 1, 16, 3, 1, 7, 0, 0, 0, 0], [8, 9, 3, 10, 1, 2, 5, 0, 1, 0, 0, 0, 0, 0], [2, 10, 2, 1, 170, 19, 14, 13, 32, 5, 0, 0, 0, 0], [0, 8, 0, 1, 0, 2, 0, 0, 1, 0, 0, 0, 0, 0], [0, 2, 0, 1, 2, 1, 1, 1, 1, 1, 0, 0, 0, 0], [1, 3, 0, 0, 0, 0, 1, 1, 1, 0, 0, 0, 0, 0], [0, 3, 0, 2, 0, 1, 0, 1, 0, 0, 0, 1, 0, 0], [0, 6, 0, 0, 0, 1, 2, 0, 0, 0, 0, 0, 0, 0], [3, 4, 0, 0, 0, 0, 1, 0, 3, 1, 1, 0, 0, 0], [0, 6, 0, 0, 2, 0, 1, 0, 0, 1, 0, 0, 0, 0], [1, 5, 0, 0, 0, 0, 1, 1, 0, 0, 0, 0, 0, 0], [0, 6, 0, 0, 0, 1, 0, 1, 2, 0, 1, 0, 0, 0]]","[[232, 14, 9, 0, 7, 0, 0, 0, 0, 0, 0, 0, 0, 0], [127, 10, 12, 0, 13, 0, 0, 0, 0, 0, 0, 0, 0, 0], [9, 1, 147, 4, 20, 0, 0, 0, 0, 0, 0, 0, 0, 0], [4, 2, 18, 4, 11, 0, 0, 0, 0, 0, 0, 0, 0, 0], [0, 0, 39, 0, 229, 0, 0, 0, 0, 0, 0, 0, 0, 0], [0, 0, 0, 0, 12, 0, 0, 0, 0, 0, 0, 0, 0, 0], [0, 0, 3, 0, 7, 0, 0, 0, 0, 0, 0, 0, 0, 0], [0, 0, 2, 0, 5, 0, 0, 0, 0, 0, 0, 0, 0, 0], [0, 0, 1, 0, 7, 0, 0, 0, 0, 0, 0, 0, 0, 0], [0, 0, 3, 0, 6, 0, 0, 0, 0, 0, 0, 0, 0, 0], [0, 0, 2, 0, 11, 0, 0, 0, 0, 0, 0, 0, 0, 0], [0, 0, 2, 0, 8, 0, 0, 0, 0, 0, 0, 0, 0, 0], [0, 0, 2, 0, 6, 0, 0, 0, 0, 0, 0, 0, 0, 0], [0, 0, 1, 0, 10, 0, 0, 0, 0, 0, 0, 0, 0, 0]]"
source_expansion_Faces_to_PetImages_to_GarbageDataset,gaussian_nb,hddm_w,0.65,0,100042,0.5199754173766691,0.37884324958984456,0.41191974209482646,0.71,0.5199754173766691,0.37884324958984456,0.41191974209482646,0.5800000000000001,0.8200000000000001,0.707,0.5229503881853496,0.3783863575887651,0.412583445532198,0.5800000000000001,0.81,1.0,"[[189, 73, 0, 0, 0, 0, 0, 0, 0, 0, 0, 0, 0, 0], [98, 64, 0, 0, 0, 0, 0, 0, 0, 0, 0, 0, 0, 0], [0, 6, 167, 8, 0, 0, 0, 0, 0, 0, 0, 0, 0, 0], [0, 6, 1, 32, 0, 0, 0, 0, 0, 0, 0, 0, 0, 0], [1, 12, 0, 2, 242, 0, 4, 0, 0, 0, 6, 1, 0, 0], [0, 7, 0, 1, 0, 4, 0, 0, 0, 0, 0, 0, 0, 0], [0, 1, 0, 0, 6, 0, 2, 0, 0, 0, 1, 0, 0, 0], [1, 6, 0, 0, 0, 0, 0, 0, 0, 0, 0, 0, 0, 0], [0, 2, 0, 2, 0, 0, 0, 0, 0, 3, 0, 1, 0, 0], [0, 5, 0, 0, 1, 0, 0, 0, 0, 2, 0, 0, 0, 1], [1, 5, 0, 1, 2, 0, 1, 0, 0, 0, 2, 0, 0, 1], [0, 4, 1, 0, 1, 0, 0, 0, 0, 2, 0, 2, 0, 0], [1, 4, 0, 0, 0, 0, 0, 0, 0, 0, 0, 0, 2, 1], [1, 7, 0, 0, 0, 0, 0, 0, 0, 0, 1, 0, 0, 2]]","[[188, 74, 0, 0, 0, 0, 0, 0, 0, 0, 0, 0, 0, 0], [96, 66, 0, 0, 0, 0, 0, 0, 0, 0, 0, 0, 0, 0], [0, 6, 167, 8, 0, 0, 0, 0, 0, 0, 0, 0, 0, 0], [0, 6, 1, 32, 0, 0, 0, 0, 0, 0, 0, 0, 0, 0], [7, 10, 0, 2, 238, 0, 4, 0, 0, 0, 6, 1, 0, 0], [0, 7, 0, 1, 0, 4, 0, 0, 0, 0, 0, 0, 0, 0], [0, 1, 0, 0, 6, 0, 2, 0, 0, 0, 1, 0, 0, 0], [1, 6, 0, 0, 0, 0, 0, 0, 0, 0, 0, 0, 0, 0], [0, 2, 0, 2, 0, 0, 0, 0, 0, 3, 0, 1, 0, 0], [1, 4, 0, 0, 1, 0, 0, 0, 0, 2, 0, 0, 0, 1], [1, 5, 0, 1, 2, 0, 1, 0, 0, 0, 2, 0, 0, 1], [2, 3, 1, 0, 1, 0, 0, 0, 0, 1, 0, 2, 0, 0], [2, 3, 0, 0, 0, 0, 0, 0, 0, 0, 0, 0, 2, 1], [1, 7, 0, 0, 0, 0, 0, 0, 0, 0, 1, 0, 0, 2]]"
source_expansion_Faces_to_PetImages_to_GarbageDataset,logistic_regression,kswin,0.65,1,101042,0.5703609144401529,0.5457435421721135,0.5502761020776947,0.777,0.5703609144401529,0.5457435421721135,0.5502761020776947,0.62,0.88,0.777,0.5703609144401529,0.5457435421721135,0.5502761020776947,0.62,0.88,0.0,"[[125, 73, 5, 5, 0, 0, 0, 0, 0, 0, 0, 0, 0, 0], [61, 99, 2, 1, 1, 0, 0, 0, 0, 0, 0, 1, 0, 0], [0, 2, 252, 10, 0, 0, 0, 0, 0, 0, 0, 0, 0, 0], [0, 1, 6, 48, 0, 1, 0, 0, 0, 0, 0, 0, 0, 0], [0, 0, 0, 1, 218, 1, 1, 0, 0, 2, 0, 1, 0, 0], [0, 0, 0, 0, 0, 10, 0, 0, 0, 0, 1, 0, 1, 0], [0, 1, 0, 1, 5, 0, 1, 0, 1, 0, 1, 0, 0, 0], [0, 0, 0, 0, 0, 0, 1, 6, 1, 1, 0, 0, 0, 0], [0, 0, 0, 0, 1, 1, 0, 0, 5, 1, 0, 1, 0, 1], [0, 0, 1, 0, 3, 0, 0, 1, 3, 2, 0, 0, 1, 1], [0, 0, 0, 0, 3, 0, 0, 1, 0, 1, 0, 0, 0, 0], [0, 0, 0, 0, 3, 0, 0, 0, 2, 1, 0, 3, 0, 0], [1, 0, 0, 0, 0, 0, 1, 0, 0, 0, 0, 0, 3, 0], [1, 0, 0, 0, 3, 1, 0, 0, 1, 0, 0, 0, 0, 5]]","[[125, 73, 5, 5, 0, 0, 0, 0, 0, 0, 0, 0, 0, 0], [61, 99, 2, 1, 1, 0, 0, 0, 0, 0, 0, 1, 0, 0], [0, 2, 252, 10, 0, 0, 0, 0, 0, 0, 0, 0, 0, 0], [0, 1, 6, 48, 0, 1, 0, 0, 0, 0, 0, 0, 0, 0], [0, 0, 0, 1, 218, 1, 1, 0, 0, 2, 0, 1, 0, 0], [0, 0, 0, 0, 0, 10, 0, 0, 0, 0, 1, 0, 1, 0], [0, 1, 0, 1, 5, 0, 1, 0, 1, 0, 1, 0, 0, 0], [0, 0, 0, 0, 0, 0, 1, 6, 1, 1, 0, 0, 0, 0], [0, 0, 0, 0, 1, 1, 0, 0, 5, 1, 0, 1, 0, 1], [0, 0, 1, 0, 3, 0, 0, 1, 3, 2, 0, 0, 1, 1], [0, 0, 0, 0, 3, 0, 0, 1, 0, 1, 0, 0, 0, 0], [0, 0, 0, 0, 3, 0, 0, 0, 2, 1, 0, 3, 0, 0], [1, 0, 0, 0, 0, 0, 1, 0, 0, 0, 0, 0, 3, 0], [1, 0, 0, 0, 3, 1, 0, 0, 1, 0, 0, 0, 0, 5]]"
source_expansion_Faces_to_PetImages_to_GarbageDataset,hoeffding_tree,kswin,0.65,1,101042,0.2781274158451979,0.2540045767724339,0.2537051885468518,0.572,0.2781274158451979,0.2540045767724339,0.2537051885468518,0.56,0.71,0.604,0.2180601602129279,0.20603176585319444,0.19568859976376585,0.52,0.62,4.0,"[[174, 23, 3, 1, 2, 0, 4, 0, 0, 1, 0, 0, 0, 0], [133, 21, 1, 0, 0, 1, 6, 2, 0, 1, 0, 0, 0, 0], [40, 8, 181, 6, 5, 1, 13, 6, 0, 2, 0, 2, 0, 0], [10, 6, 7, 30, 0, 0, 3, 0, 0, 0, 0, 0, 0, 0], [0, 5, 0, 2, 159, 6, 12, 27, 4, 3, 0, 6, 0, 0], [1, 5, 0, 1, 0, 2, 0, 3, 0, 0, 0, 0, 0, 0], [0, 3, 1, 0, 4, 0, 1, 0, 0, 1, 0, 0, 0, 0], [6, 0, 1, 0, 0, 0, 0, 1, 0, 0, 0, 1, 0, 0], [0, 6, 0, 0, 1, 0, 0, 1, 2, 0, 0, 0, 0, 0], [0, 4, 0, 0, 3, 0, 0, 3, 0, 1, 0, 1, 0, 0], [1, 2, 0, 0, 0, 1, 0, 1, 0, 0, 0, 0, 0, 0], [0, 4, 0, 0, 1, 0, 1, 2, 1, 0, 0, 0, 0, 0], [0, 3, 0, 0, 0, 0, 0, 2, 0, 0, 0, 0, 0, 0], [0, 6, 0, 0, 1, 0, 1, 2, 0, 1, 0, 0, 0, 0]]","[[159, 27, 15, 0, 7, 0, 0, 0, 0, 0, 0, 0, 0, 0], [111, 24, 16, 1, 12, 0, 1, 0, 0, 0, 0, 0, 0, 0], [45, 1, 196, 5, 15, 0, 2, 0, 0, 0, 0, 0, 0, 0], [11, 1, 18, 17, 9, 0, 0, 0, 0, 0, 0, 0, 0, 0], [1, 0, 14, 0, 208, 0, 1, 0, 0, 0, 0, 0, 0, 0], [0, 0, 0, 0, 12, 0, 0, 0, 0, 0, 0, 0, 0, 0], [0, 0, 2, 0, 8, 0, 0, 0, 0, 0, 0, 0, 0, 0], [0, 0, 0, 0, 9, 0, 0, 0, 0, 0, 0, 0, 0, 0], [0, 0, 0, 0, 10, 0, 0, 0, 0, 0, 0, 0, 0, 0], [0, 0, 0, 0, 12, 0, 0, 0, 0, 0, 0, 0, 0, 0], [0, 0, 0, 0, 5, 0, 0, 0, 0, 0, 0, 0, 0, 0], [0, 0, 1, 0, 8, 0, 0, 0, 0, 0, 0, 0, 0, 0], [0, 0, 0, 0, 5, 0, 0, 0, 0, 0, 0, 0, 0, 0], [0, 0, 2, 0, 9, 0, 0, 0, 0, 0, 0, 0, 0, 0]]"
source_expansion_Faces_to_PetImages_to_GarbageDataset,gaussian_nb,kswin,0.65,1,101042,0.6759935571046602,0.43060783462569174,0.4851848081149141,0.734,0.6759935571046602,0.43060783462569174,0.4851848081149141,0.5800000000000001,0.83,0.731,0.6485117467348646,0.43026214856572,0.48431487527176137,0.5800000000000001,0.85,1.0,"[[158, 50, 0, 0, 0, 0, 0, 0, 0, 0, 0, 0, 0, 0], [103, 62, 0, 0, 0, 0, 0, 0, 0, 0, 0, 0, 0, 0], [0, 11, 237, 16, 0, 0, 0, 0, 0, 0, 0, 0, 0, 0], [0, 5, 1, 50, 0, 0, 0, 0, 0, 0, 0, 0, 0, 0], [0, 10, 0, 6, 205, 0, 2, 0, 0, 1, 0, 0, 0, 0], [1, 4, 0, 1, 0, 6, 0, 0, 0, 0, 0, 0, 0, 0], [0, 3, 1, 1, 3, 0, 2, 0, 0, 0, 0, 0, 0, 0], [4, 2, 0, 0, 0, 0, 0, 3, 0, 0, 0, 0, 0, 0], [0, 2, 0, 1, 1, 0, 0, 0, 3, 2, 0, 1, 0, 0], [0, 4, 0, 2, 2, 0, 0, 0, 0, 3, 0, 0, 0, 1], [0, 4, 0, 0, 1, 0, 0, 0, 0, 0, 0, 0, 0, 0], [0, 4, 0, 0, 0, 0, 1, 0, 1, 1, 0, 2, 0, 0], [0, 4, 0, 0, 0, 0, 0, 0, 0, 0, 0, 0, 1, 0], [0, 8, 0, 1, 0, 0, 0, 0, 0, 0, 0, 0, 0, 2]]","[[150, 54, 3, 1, 0, 0, 0, 0, 0, 0, 0, 0, 0, 0], [97, 64, 4, 0, 0, 0, 0, 0, 0, 0, 0, 0, 0, 0], [0, 10, 237, 17, 0, 0, 0, 0, 0, 0, 0, 0, 0, 0], [1, 5, 6, 44, 0, 0, 0, 0, 0, 0, 0, 0, 0, 0], [0, 2, 3, 4, 213, 0, 2, 0, 0, 0, 0, 0, 0, 0], [0, 0, 3, 0, 3, 6, 0, 0, 0, 0, 0, 0, 0, 0], [0, 0, 3, 0, 6, 0, 1, 0, 0, 0, 0, 0, 0, 0], [0, 0, 5, 0, 0, 0, 0, 4, 0, 0, 0, 0, 0, 0], [0, 0, 1, 0, 4, 0, 0, 0, 2, 2, 0, 1, 0, 0], [0, 0, 1, 1, 5, 0, 0, 0, 1, 3, 0, 0, 0, 1], [0, 0, 1, 0, 3, 0, 0, 0, 0, 1, 0, 0, 0, 0], [0, 0, 1, 0, 2, 0, 2, 0, 1, 1, 0, 2, 0, 0], [0, 0, 3, 0, 1, 0, 0, 0, 0, 0, 0, 0, 1, 0], [0, 0, 2, 0, 5, 0, 0, 0, 0, 0, 0, 0, 0, 4]]"
source_expansion_Faces_to_PetImages_to_GarbageDataset,logistic_regression,adwin,0.65,1,101042,0.5703609144401529,0.5457435421721135,0.5502761020776947,0.777,0.5703609144401529,0.5457435421721135,0.5502761020776947,0.62,0.88,0.77,0.583040837340387,0.5672292984792985,0.5702002073228468,0.62,0.89,1.0,"[[125, 73, 5, 5, 0, 0, 0, 0, 0, 0, 0, 0, 0, 0], [61, 99, 2, 1, 1, 0, 0, 0, 0, 0, 0, 1, 0, 0], [0, 2, 252, 10, 0, 0, 0, 0, 0, 0, 0, 0, 0, 0], [0, 1, 6, 48, 0, 1, 0, 0, 0, 0, 0, 0, 0, 0], [0, 0, 0, 1, 218, 1, 1, 0, 0, 2, 0, 1, 0, 0], [0, 0, 0, 0, 0, 10, 0, 0, 0, 0, 1, 0, 1, 0], [0, 1, 0, 1, 5, 0, 1, 0, 1, 0, 1, 0, 0, 0], [0, 0, 0, 0, 0, 0, 1, 6, 1, 1, 0, 0, 0, 0], [0, 0, 0, 0, 1, 1, 0, 0, 5, 1, 0, 1, 0, 1], [0, 0, 1, 0, 3, 0, 0, 1, 3, 2, 0, 0, 1, 1], [0, 0, 0, 0, 3, 0, 0, 1, 0, 1, 0, 0, 0, 0], [0, 0, 0, 0, 3, 0, 0, 0, 2, 1, 0, 3, 0, 0], [1, 0, 0, 0, 0, 0, 1, 0, 0, 0, 0, 0, 3, 0], [1, 0, 0, 0, 3, 1, 0, 0, 1, 0, 0, 0, 0, 5]]","[[122, 76, 5, 5, 0, 0, 0, 0, 0, 0, 0, 0, 0, 0], [67, 95, 2, 1, 0, 0, 0, 0, 0, 0, 0, 0, 0, 0], [0, 1, 249, 14, 0, 0, 0, 0, 0, 0, 0, 0, 0, 0], [1, 1, 7, 47, 0, 0, 0, 0, 0, 0, 0, 0, 0, 0], [0, 0, 0, 0, 218, 1, 2, 0, 0, 2, 1, 0, 0, 0], [0, 0, 0, 0, 0, 10, 0, 0, 0, 0, 1, 0, 1, 0], [0, 1, 0, 0, 4, 1, 2, 0, 0, 0, 1, 0, 0, 1], [0, 0, 0, 0, 0, 0, 1, 6, 1, 1, 0, 0, 0, 0], [0, 0, 0, 0, 1, 1, 0, 0, 4, 2, 0, 2, 0, 0], [1, 0, 0, 0, 2, 0, 0, 0, 2, 4, 0, 0, 1, 2], [0, 0, 0, 0, 0, 0, 0, 2, 0, 2, 0, 0, 0, 1], [0, 0, 0, 0, 2, 0, 0, 0, 2, 1, 0, 4, 0, 0], [1, 0, 0, 0, 0, 0, 0, 0, 0, 0, 1, 0, 3, 0], [0, 0, 0, 0, 2, 1, 0, 1, 1, 0, 0, 0, 0, 6]]"
source_expansion_Faces_to_PetImages_to_GarbageDataset,hoeffding_tree,adwin,0.65,1,101042,0.2781274158451979,0.2540045767724339,0.2537051885468518,0.572,0.2781274158451979,0.2540045767724339,0.2537051885468518,0.56,0.71,0.583,0.18134092973142552,0.18454328409685553,0.16326097914286672,0.56,0.62,3.0,"[[174, 23, 3, 1, 2, 0, 4, 0, 0, 1, 0, 0, 0, 0], [133, 21, 1, 0, 0, 1, 6, 2, 0, 1, 0, 0, 0, 0], [40, 8, 181, 6, 5, 1, 13, 6, 0, 2, 0, 2, 0, 0], [10, 6, 7, 30, 0, 0, 3, 0, 0, 0, 0, 0, 0, 0], [0, 5, 0, 2, 159, 6, 12, 27, 4, 3, 0, 6, 0, 0], [1, 5, 0, 1, 0, 2, 0, 3, 0, 0, 0, 0, 0, 0], [0, 3, 1, 0, 4, 0, 1, 0, 0, 1, 0, 0, 0, 0], [6, 0, 1, 0, 0, 0, 0, 1, 0, 0, 0, 1, 0, 0], [0, 6, 0, 0, 1, 0, 0, 1, 2, 0, 0, 0, 0, 0], [0, 4, 0, 0, 3, 0, 0, 3, 0, 1, 0, 1, 0, 0], [1, 2, 0, 0, 0, 1, 0, 1, 0, 0, 0, 0, 0, 0], [0, 4, 0, 0, 1, 0, 1, 2, 1, 0, 0, 0, 0, 0], [0, 3, 0, 0, 0, 0, 0, 2, 0, 0, 0, 0, 0, 0], [0, 6, 0, 0, 1, 0, 1, 2, 0, 1, 0, 0, 0, 0]]","[[159, 20, 22, 1, 6, 0, 0, 0, 0, 0, 0, 0, 0, 0], [112, 13, 27, 0, 12, 0, 1, 0, 0, 0, 0, 0, 0, 0], [43, 5, 199, 2, 15, 0, 0, 0, 0, 0, 0, 0, 0, 0], [10, 4, 30, 3, 9, 0, 0, 0, 0, 0, 0, 0, 0, 0], [2, 0, 11, 1, 209, 0, 1, 0, 0, 0, 0, 0, 0, 0], [0, 0, 0, 0, 12, 0, 0, 0, 0, 0, 0, 0, 0, 0], [1, 0, 1, 0, 8, 0, 0, 0, 0, 0, 0, 0, 0, 0], [0, 0, 0, 0, 9, 0, 0, 0, 0, 0, 0, 0, 0, 0], [0, 0, 0, 0, 10, 0, 0, 0, 0, 0, 0, 0, 0, 0], [0, 0, 1, 0, 11, 0, 0, 0, 0, 0, 0, 0, 0, 0], [0, 0, 0, 0, 5, 0, 0, 0, 0, 0, 0, 0, 0, 0], [0, 0, 1, 0, 8, 0, 0, 0, 0, 0, 0, 0, 0, 0], [0, 0, 0, 0, 5, 0, 0, 0, 0, 0, 0, 0, 0, 0], [0, 0, 1, 0, 10, 0, 0, 0, 0, 0, 0, 0, 0, 0]]"
source_expansion_Faces_to_PetImages_to_GarbageDataset,gaussian_nb,adwin,0.65,1,101042,0.6759935571046602,0.43060783462569174,0.4851848081149141,0.734,0.6759935571046602,0.43060783462569174,0.4851848081149141,0.5800000000000001,0.83,0.714,0.6652220914772176,0.4183013910692482,0.4706976075987011,0.5800000000000001,0.81,1.0,"[[158, 50, 0, 0, 0, 0, 0, 0, 0, 0, 0, 0, 0, 0], [103, 62, 0, 0, 0, 0, 0, 0, 0, 0, 0, 0, 0, 0], [0, 11, 237, 16, 0, 0, 0, 0, 0, 0, 0, 0, 0, 0], [0, 5, 1, 50, 0, 0, 0, 0, 0, 0, 0, 0, 0, 0], [0, 10, 0, 6, 205, 0, 2, 0, 0, 1, 0, 0, 0, 0], [1, 4, 0, 1, 0, 6, 0, 0, 0, 0, 0, 0, 0, 0], [0, 3, 1, 1, 3, 0, 2, 0, 0, 0, 0, 0, 0, 0], [4, 2, 0, 0, 0, 0, 0, 3, 0, 0, 0, 0, 0, 0], [0, 2, 0, 1, 1, 0, 0, 0, 3, 2, 0, 1, 0, 0], [0, 4, 0, 2, 2, 0, 0, 0, 0, 3, 0, 0, 0, 1], [0, 4, 0, 0, 1, 0, 0, 0, 0, 0, 0, 0, 0, 0], [0, 4, 0, 0, 0, 0, 1, 0, 1, 1, 0, 2, 0, 0], [0, 4, 0, 0, 0, 0, 0, 0, 0, 0, 0, 0, 1, 0], [0, 8, 0, 1, 0, 0, 0, 0, 0, 0, 0, 0, 0, 2]]","[[151, 54, 3, 0, 0, 0, 0, 0, 0, 0, 0, 0, 0, 0], [99, 61, 2, 3, 0, 0, 0, 0, 0, 0, 0, 0, 0, 0], [0, 9, 235, 20, 0, 0, 0, 0, 0, 0, 0, 0, 0, 0], [2, 5, 5, 44, 0, 0, 0, 0, 0, 0, 0, 0, 0, 0], [0, 0, 6, 15, 201, 0, 2, 0, 0, 0, 0, 0, 0, 0], [0, 0, 4, 2, 0, 6, 0, 0, 0, 0, 0, 0, 0, 0], [0, 0, 6, 1, 1, 0, 2, 0, 0, 0, 0, 0, 0, 0], [0, 0, 5, 1, 0, 0, 0, 3, 0, 0, 0, 0, 0, 0], [0, 0, 3, 1, 0, 0, 0, 0, 3, 2, 0, 1, 0, 0], [0, 0, 2, 4, 2, 0, 0, 0, 0, 3, 0, 0, 0, 1], [0, 0, 3, 0, 2, 0, 0, 0, 0, 0, 0, 0, 0, 0], [0, 0, 3, 1, 0, 0, 1, 0, 1, 1, 0, 2, 0, 0], [0, 0, 4, 0, 0, 0, 0, 0, 0, 0, 0, 0, 1, 0], [0, 0, 6, 3, 0, 0, 0, 0, 0, 0, 0, 0, 0, 2]]"
source_expansion_Faces_to_PetImages_to_GarbageDataset,logistic_regression,page_hinkley,0.65,1,101042,0.5703609144401529,0.5457435421721135,0.5502761020776947,0.777,0.5703609144401529,0.5457435421721135,0.5502761020776947,0.62,0.88,0.762,0.579201511856098,0.5650814463314464,0.5668134758633233,0.62,0.89,2.0,"[[125, 73, 5, 5, 0, 0, 0, 0, 0, 0, 0, 0, 0, 0], [61, 99, 2, 1, 1, 0, 0, 0, 0, 0, 0, 1, 0, 0], [0, 2, 252, 10, 0, 0, 0, 0, 0, 0, 0, 0, 0, 0], [0, 1, 6, 48, 0, 1, 0, 0, 0, 0, 0, 0, 0, 0], [0, 0, 0, 1, 218, 1, 1, 0, 0, 2, 0, 1, 0, 0], [0, 0, 0, 0, 0, 10, 0, 0, 0, 0, 1, 0, 1, 0], [0, 1, 0, 1, 5, 0, 1, 0, 1, 0, 1, 0, 0, 0], [0, 0, 0, 0, 0, 0, 1, 6, 1, 1, 0, 0, 0, 0], [0, 0, 0, 0, 1, 1, 0, 0, 5, 1, 0, 1, 0, 1], [0, 0, 1, 0, 3, 0, 0, 1, 3, 2, 0, 0, 1, 1], [0, 0, 0, 0, 3, 0, 0, 1, 0, 1, 0, 0, 0, 0], [0, 0, 0, 0, 3, 0, 0, 0, 2, 1, 0, 3, 0, 0], [1, 0, 0, 0, 0, 0, 1, 0, 0, 0, 0, 0, 3, 0], [1, 0, 0, 0, 3, 1, 0, 0, 1, 0, 0, 0, 0, 5]]","[[120, 79, 5, 4, 0, 0, 0, 0, 0, 0, 0, 0, 0, 0], [66, 96, 2, 1, 0, 0, 0, 0, 0, 0, 0, 0, 0, 0], [0, 3, 242, 19, 0, 0, 0, 0, 0, 0, 0, 0, 0, 0], [2, 1, 6, 47, 0, 0, 0, 0, 0, 0, 0, 0, 0, 0], [0, 0, 0, 0, 218, 1, 2, 0, 0, 2, 1, 0, 0, 0], [0, 0, 0, 0, 0, 10, 0, 0, 0, 0, 1, 0, 1, 0], [0, 1, 0, 0, 4, 1, 2, 0, 0, 0, 1, 0, 0, 1], [0, 0, 0, 0, 0, 0, 1, 6, 1, 1, 0, 0, 0, 0], [0, 0, 0, 0, 1, 1, 0, 0, 4, 2, 0, 2, 0, 0], [1, 0, 0, 0, 2, 0, 0, 0, 2, 4, 0, 0, 1, 2], [0, 0, 0, 0, 0, 0, 0, 2, 0, 2, 0, 0, 0, 1], [0, 0, 0, 0, 2, 0, 0, 0, 2, 1, 0, 4, 0, 0], [1, 0, 0, 0, 0, 0, 0, 0, 0, 0, 1, 0, 3, 0], [0, 0, 0, 0, 2, 1, 0, 1, 1, 0, 0, 0, 0, 6]]"
source_expansion_Faces_to_PetImages_to_GarbageDataset,hoeffding_tree,page_hinkley,0.65,1,101042,0.2781274158451979,0.2540045767724339,0.2537051885468518,0.572,0.2781274158451979,0.2540045767724339,0.2537051885468518,0.56,0.71,0.582,0.2111846573811543,0.19070081704010278,0.17805303339936612,0.56,0.62,4.0,"[[174, 23, 3, 1, 2, 0, 4, 0, 0, 1, 0, 0, 0, 0], [133, 21, 1, 0, 0, 1, 6, 2, 0, 1, 0, 0, 0, 0], [40, 8, 181, 6, 5, 1, 13, 6, 0, 2, 0, 2, 0, 0], [10, 6, 7, 30, 0, 0, 3, 0, 0, 0, 0, 0, 0, 0], [0, 5, 0, 2, 159, 6, 12, 27, 4, 3, 0, 6, 0, 0], [1, 5, 0, 1, 0, 2, 0, 3, 0, 0, 0, 0, 0, 0], [0, 3, 1, 0, 4, 0, 1, 0, 0, 1, 0, 0, 0, 0], [6, 0, 1, 0, 0, 0, 0, 1, 0, 0, 0, 1, 0, 0], [0, 6, 0, 0, 1, 0, 0, 1, 2, 0, 0, 0, 0, 0], [0, 4, 0, 0, 3, 0, 0, 3, 0, 1, 0, 1, 0, 0], [1, 2, 0, 0, 0, 1, 0, 1, 0, 0, 0, 0, 0, 0], [0, 4, 0, 0, 1, 0, 1, 2, 1, 0, 0, 0, 0, 0], [0, 3, 0, 0, 0, 0, 0, 2, 0, 0, 0, 0, 0, 0], [0, 6, 0, 0, 1, 0, 1, 2, 0, 1, 0, 0, 0, 0]]","[[152, 33, 11, 0, 12, 0, 0, 0, 0, 0, 0, 0, 0, 0], [109, 23, 14, 1, 16, 0, 2, 0, 0, 0, 0, 0, 0, 0], [47, 1, 184, 2, 22, 0, 8, 0, 0, 0, 0, 0, 0, 0], [11, 3, 24, 8, 9, 0, 1, 0, 0, 0, 0, 0, 0, 0], [2, 1, 3, 0, 215, 0, 3, 0, 0, 0, 0, 0, 0, 0], [0, 0, 0, 0, 12, 0, 0, 0, 0, 0, 0, 0, 0, 0], [0, 0, 1, 0, 9, 0, 0, 0, 0, 0, 0, 0, 0, 0], [0, 0, 0, 0, 9, 0, 0, 0, 0, 0, 0, 0, 0, 0], [0, 0, 0, 0, 10, 0, 0, 0, 0, 0, 0, 0, 0, 0], [0, 0, 0, 0, 12, 0, 0, 0, 0, 0, 0, 0, 0, 0], [0, 0, 0, 0, 5, 0, 0, 0, 0, 0, 0, 0, 0, 0], [0, 0, 1, 0, 8, 0, 0, 0, 0, 0, 0, 0, 0, 0], [0, 0, 0, 0, 5, 0, 0, 0, 0, 0, 0, 0, 0, 0], [0, 0, 0, 0, 11, 0, 0, 0, 0, 0, 0, 0, 0, 0]]"
source_expansion_Faces_to_PetImages_to_GarbageDataset,gaussian_nb,page_hinkley,0.65,1,101042,0.6759935571046602,0.43060783462569174,0.4851848081149141,0.734,0.6759935571046602,0.43060783462569174,0.4851848081149141,0.5800000000000001,0.83,0.725,0.5647784623753556,0.36029813440527725,0.38953148211105015,0.5800000000000001,0.8,2.0,"[[158, 50, 0, 0, 0, 0, 0, 0, 0, 0, 0, 0, 0, 0], [103, 62, 0, 0, 0, 0, 0, 0, 0, 0, 0, 0, 0, 0], [0, 11, 237, 16, 0, 0, 0, 0, 0, 0, 0, 0, 0, 0], [0, 5, 1, 50, 0, 0, 0, 0, 0, 0, 0, 0, 0, 0], [0, 10, 0, 6, 205, 0, 2, 0, 0, 1, 0, 0, 0, 0], [1, 4, 0, 1, 0, 6, 0, 0, 0, 0, 0, 0, 0, 0], [0, 3, 1, 1, 3, 0, 2, 0, 0, 0, 0, 0, 0, 0], [4, 2, 0, 0, 0, 0, 0, 3, 0, 0, 0, 0, 0, 0], [0, 2, 0, 1, 1, 0, 0, 0, 3, 2, 0, 1, 0, 0], [0, 4, 0, 2, 2, 0, 0, 0, 0, 3, 0, 0, 0, 1], [0, 4, 0, 0, 1, 0, 0, 0, 0, 0, 0, 0, 0, 0], [0, 4, 0, 0, 0, 0, 1, 0, 1, 1, 0, 2, 0, 0], [0, 4, 0, 0, 0, 0, 0, 0, 0, 0, 0, 0, 1, 0], [0, 8, 0, 1, 0, 0, 0, 0, 0, 0, 0, 0, 0, 2]]","[[143, 57, 5, 0, 3, 0, 0, 0, 0, 0, 0, 0, 0, 0], [82, 72, 6, 0, 5, 0, 0, 0, 0, 0, 0, 0, 0, 0], [1, 6, 244, 10, 3, 0, 0, 0, 0, 0, 0, 0, 0, 0], [0, 5, 6, 40, 5, 0, 0, 0, 0, 0, 0, 0, 0, 0], [0, 0, 2, 7, 212, 2, 1, 0, 0, 0, 0, 0, 0, 0], [1, 0, 1, 1, 3, 6, 0, 0, 0, 0, 0, 0, 0, 0], [0, 0, 2, 0, 7, 0, 1, 0, 0, 0, 0, 0, 0, 0], [0, 0, 1, 0, 4, 0, 1, 3, 0, 0, 0, 0, 0, 0], [0, 0, 0, 0, 7, 0, 0, 0, 2, 1, 0, 0, 0, 0], [0, 0, 2, 1, 8, 0, 0, 0, 1, 0, 0, 0, 0, 0], [0, 0, 2, 0, 3, 0, 0, 0, 0, 0, 0, 0, 0, 0], [0, 0, 0, 1, 5, 0, 1, 0, 1, 0, 0, 1, 0, 0], [0, 0, 1, 0, 3, 0, 0, 0, 0, 1, 0, 0, 0, 0], [0, 0, 1, 2, 6, 0, 1, 0, 0, 0, 0, 0, 0, 1]]"
source_expansion_Faces_to_PetImages_to_GarbageDataset,logistic_regression,hddm_w,0.65,1,101042,0.5703609144401529,0.5457435421721135,0.5502761020776947,0.777,0.5703609144401529,0.5457435421721135,0.5502761020776947,0.62,0.88,0.777,0.5703609144401529,0.5457435421721135,0.5502761020776947,0.62,0.88,0.0,"[[125, 73, 5, 5, 0, 0, 0, 0, 0, 0, 0, 0, 0, 0], [61, 99, 2, 1, 1, 0, 0, 0, 0, 0, 0, 1, 0, 0], [0, 2, 252, 10, 0, 0, 0, 0, 0, 0, 0, 0, 0, 0], [0, 1, 6, 48, 0, 1, 0, 0, 0, 0, 0, 0, 0, 0], [0, 0, 0, 1, 218, 1, 1, 0, 0, 2, 0, 1, 0, 0], [0, 0, 0, 0, 0, 10, 0, 0, 0, 0, 1, 0, 1, 0], [0, 1, 0, 1, 5, 0, 1, 0, 1, 0, 1, 0, 0, 0], [0, 0, 0, 0, 0, 0, 1, 6, 1, 1, 0, 0, 0, 0], [0, 0, 0, 0, 1, 1, 0, 0, 5, 1, 0, 1, 0, 1], [0, 0, 1, 0, 3, 0, 0, 1, 3, 2, 0, 0, 1, 1], [0, 0, 0, 0, 3, 0, 0, 1, 0, 1, 0, 0, 0, 0], [0, 0, 0, 0, 3, 0, 0, 0, 2, 1, 0, 3, 0, 0], [1, 0, 0, 0, 0, 0, 1, 0, 0, 0, 0, 0, 3, 0], [1, 0, 0, 0, 3, 1, 0, 0, 1, 0, 0, 0, 0, 5]]","[[125, 73, 5, 5, 0, 0, 0, 0, 0, 0, 0, 0, 0, 0], [61, 99, 2, 1, 1, 0, 0, 0, 0, 0, 0, 1, 0, 0], [0, 2, 252, 10, 0, 0, 0, 0, 0, 0, 0, 0, 0, 0], [0, 1, 6, 48, 0, 1, 0, 0, 0, 0, 0, 0, 0, 0], [0, 0, 0, 1, 218, 1, 1, 0, 0, 2, 0, 1, 0, 0], [0, 0, 0, 0, 0, 10, 0, 0, 0, 0, 1, 0, 1, 0], [0, 1, 0, 1, 5, 0, 1, 0, 1, 0, 1, 0, 0, 0], [0, 0, 0, 0, 0, 0, 1, 6, 1, 1, 0, 0, 0, 0], [0, 0, 0, 0, 1, 1, 0, 0, 5, 1, 0, 1, 0, 1], [0, 0, 1, 0, 3, 0, 0, 1, 3, 2, 0, 0, 1, 1], [0, 0, 0, 0, 3, 0, 0, 1, 0, 1, 0, 0, 0, 0], [0, 0, 0, 0, 3, 0, 0, 0, 2, 1, 0, 3, 0, 0], [1, 0, 0, 0, 0, 0, 1, 0, 0, 0, 0, 0, 3, 0], [1, 0, 0, 0, 3, 1, 0, 0, 1, 0, 0, 0, 0, 5]]"
source_expansion_Faces_to_PetImages_to_GarbageDataset,hoeffding_tree,hddm_w,0.65,1,101042,0.2781274158451979,0.2540045767724339,0.2537051885468518,0.572,0.2781274158451979,0.2540045767724339,0.2537051885468518,0.56,0.71,0.609,0.22439780394170858,0.21138994933637792,0.20287580108754716,0.56,0.62,2.0,"[[174, 23, 3, 1, 2, 0, 4, 0, 0, 1, 0, 0, 0, 0], [133, 21, 1, 0, 0, 1, 6, 2, 0, 1, 0, 0, 0, 0], [40, 8, 181, 6, 5, 1, 13, 6, 0, 2, 0, 2, 0, 0], [10, 6, 7, 30, 0, 0, 3, 0, 0, 0, 0, 0, 0, 0], [0, 5, 0, 2, 159, 6, 12, 27, 4, 3, 0, 6, 0, 0], [1, 5, 0, 1, 0, 2, 0, 3, 0, 0, 0, 0, 0, 0], [0, 3, 1, 0, 4, 0, 1, 0, 0, 1, 0, 0, 0, 0], [6, 0, 1, 0, 0, 0, 0, 1, 0, 0, 0, 1, 0, 0], [0, 6, 0, 0, 1, 0, 0, 1, 2, 0, 0, 0, 0, 0], [0, 4, 0, 0, 3, 0, 0, 3, 0, 1, 0, 1, 0, 0], [1, 2, 0, 0, 0, 1, 0, 1, 0, 0, 0, 0, 0, 0], [0, 4, 0, 0, 1, 0, 1, 2, 1, 0, 0, 0, 0, 0], [0, 3, 0, 0, 0, 0, 0, 2, 0, 0, 0, 0, 0, 0], [0, 6, 0, 0, 1, 0, 1, 2, 0, 1, 0, 0, 0, 0]]","[[167, 26, 8, 0, 6, 0, 0, 0, 0, 1, 0, 0, 0, 0], [118, 28, 7, 0, 11, 0, 1, 0, 0, 0, 0, 0, 0, 0], [52, 4, 191, 6, 11, 0, 0, 0, 0, 0, 0, 0, 0, 0], [18, 3, 6, 20, 9, 0, 0, 0, 0, 0, 0, 0, 0, 0], [0, 0, 20, 0, 203, 0, 1, 0, 0, 0, 0, 0, 0, 0], [0, 0, 0, 0, 12, 0, 0, 0, 0, 0, 0, 0, 0, 0], [0, 0, 2, 0, 8, 0, 0, 0, 0, 0, 0, 0, 0, 0], [0, 0, 0, 0, 9, 0, 0, 0, 0, 0, 0, 0, 0, 0], [0, 0, 0, 0, 10, 0, 0, 0, 0, 0, 0, 0, 0, 0], [0, 0, 1, 0, 11, 0, 0, 0, 0, 0, 0, 0, 0, 0], [0, 0, 0, 0, 5, 0, 0, 0, 0, 0, 0, 0, 0, 0], [0, 0, 1, 0, 8, 0, 0, 0, 0, 0, 0, 0, 0, 0], [0, 0, 0, 0, 5, 0, 0, 0, 0, 0, 0, 0, 0, 0], [0, 0, 2, 0, 9, 0, 0, 0, 0, 0, 0, 0, 0, 0]]"
source_expansion_Faces_to_PetImages_to_GarbageDataset,gaussian_nb,hddm_w,0.65,1,101042,0.6759935571046602,0.43060783462569174,0.4851848081149141,0.734,0.6759935571046602,0.43060783462569174,0.4851848081149141,0.5800000000000001,0.83,0.726,0.6756138135822548,0.4282393202036059,0.4901953851730086,0.5800000000000001,0.83,1.0,"[[158, 50, 0, 0, 0, 0, 0, 0, 0, 0, 0, 0, 0, 0], [103, 62, 0, 0, 0, 0, 0, 0, 0, 0, 0, 0, 0, 0], [0, 11, 237, 16, 0, 0, 0, 0, 0, 0, 0, 0, 0, 0], [0, 5, 1, 50, 0, 0, 0, 0, 0, 0, 0, 0, 0, 0], [0, 10, 0, 6, 205, 0, 2, 0, 0, 1, 0, 0, 0, 0], [1, 4, 0, 1, 0, 6, 0, 0, 0, 0, 0, 0, 0, 0], [0, 3, 1, 1, 3, 0, 2, 0, 0, 0, 0, 0, 0, 0], [4, 2, 0, 0, 0, 0, 0, 3, 0, 0, 0, 0, 0, 0], [0, 2, 0, 1, 1, 0, 0, 0, 3, 2, 0, 1, 0, 0], [0, 4, 0, 2, 2, 0, 0, 0, 0, 3, 0, 0, 0, 1], [0, 4, 0, 0, 1, 0, 0, 0, 0, 0, 0, 0, 0, 0], [0, 4, 0, 0, 0, 0, 1, 0, 1, 1, 0, 2, 0, 0], [0, 4, 0, 0, 0, 0, 0, 0, 0, 0, 0, 0, 1, 0], [0, 8, 0, 1, 0, 0, 0, 0, 0, 0, 0, 0, 0, 2]]","[[149, 56, 3, 0, 0, 0, 0, 0, 0, 0, 0, 0, 0, 0], [96, 64, 5, 0, 0, 0, 0, 0, 0, 0, 0, 0, 0, 0], [2, 10, 239, 13, 0, 0, 0, 0, 0, 0, 0, 0, 0, 0], [0, 5, 8, 43, 0, 0, 0, 0, 0, 0, 0, 0, 0, 0], [0, 0, 13, 1, 208, 0, 2, 0, 0, 0, 0, 0, 0, 0], [0, 0, 6, 0, 0, 6, 0, 0, 0, 0, 0, 0, 0, 0], [0, 0, 4, 0, 5, 0, 1, 0, 0, 0, 0, 0, 0, 0], [0, 0, 5, 0, 0, 0, 0, 4, 0, 0, 0, 0, 0, 0], [0, 0, 3, 0, 1, 0, 0, 0, 3, 2, 0, 1, 0, 0], [0, 0, 4, 1, 3, 0, 0, 0, 0, 3, 0, 0, 0, 1], [0, 0, 3, 0, 2, 0, 0, 0, 0, 0, 0, 0, 0, 0], [0, 0, 4, 0, 0, 0, 1, 0, 1, 1, 0, 2, 0, 0], [0, 0, 4, 0, 0, 0, 0, 0, 0, 0, 0, 0, 1, 0], [0, 0, 8, 0, 0, 0, 0, 0, 0, 0, 0, 0, 0, 3]]"
source_expansion_Faces_to_PetImages_to_GarbageDataset,logistic_regression,kswin,0.65,2,102042,0.6017384831494722,0.53935838594326,0.5604124384655786,0.771,0.6017384831494722,0.53935838594326,0.5604124384655786,0.51,0.9,0.771,0.6017384831494722,0.53935838594326,0.5604124384655786,0.51,0.9,0.0,"[[117, 76, 2, 8, 0, 0, 0, 0, 0, 0, 0, 0, 0, 0], [64, 76, 3, 4, 0, 0, 0, 1, 0, 1, 0, 0, 0, 0], [0, 1, 255, 2, 1, 0, 0, 1, 0, 0, 0, 0, 0, 0], [0, 0, 7, 43, 0, 0, 0, 0, 0, 0, 0, 0, 0, 0], [0, 0, 0, 2, 239, 0, 1, 0, 1, 0, 1, 0, 0, 0], [0, 0, 0, 0, 2, 11, 0, 0, 1, 1, 0, 0, 0, 0], [0, 0, 0, 0, 4, 0, 2, 1, 0, 0, 1, 0, 1, 0], [1, 0, 0, 1, 0, 0, 0, 7, 0, 0, 1, 1, 0, 0], [0, 1, 0, 0, 1, 1, 0, 0, 3, 0, 1, 1, 0, 1], [0, 0, 0, 0, 2, 1, 0, 0, 0, 6, 2, 0, 0, 0], [1, 1, 0, 0, 6, 0, 2, 0, 0, 0, 5, 0, 0, 1], [0, 0, 0, 1, 1, 0, 0, 0, 1, 0, 1, 1, 0, 1], [0, 0, 0, 0, 0, 0, 0, 1, 0, 1, 1, 0, 4, 2], [0, 0, 1, 0, 2, 1, 0, 1, 0, 0, 1, 0, 0, 2]]","[[117, 76, 2, 8, 0, 0, 0, 0, 0, 0, 0, 0, 0, 0], [64, 76, 3, 4, 0, 0, 0, 1, 0, 1, 0, 0, 0, 0], [0, 1, 255, 2, 1, 0, 0, 1, 0, 0, 0, 0, 0, 0], [0, 0, 7, 43, 0, 0, 0, 0, 0, 0, 0, 0, 0, 0], [0, 0, 0, 2, 239, 0, 1, 0, 1, 0, 1, 0, 0, 0], [0, 0, 0, 0, 2, 11, 0, 0, 1, 1, 0, 0, 0, 0], [0, 0, 0, 0, 4, 0, 2, 1, 0, 0, 1, 0, 1, 0], [1, 0, 0, 1, 0, 0, 0, 7, 0, 0, 1, 1, 0, 0], [0, 1, 0, 0, 1, 1, 0, 0, 3, 0, 1, 1, 0, 1], [0, 0, 0, 0, 2, 1, 0, 0, 0, 6, 2, 0, 0, 0], [1, 1, 0, 0, 6, 0, 2, 0, 0, 0, 5, 0, 0, 1], [0, 0, 0, 1, 1, 0, 0, 0, 1, 0, 1, 1, 0, 1], [0, 0, 0, 0, 0, 0, 0, 1, 0, 1, 1, 0, 4, 2], [0, 0, 1, 0, 2, 1, 0, 1, 0, 0, 1, 0, 0, 2]]"
source_expansion_Faces_to_PetImages_to_GarbageDataset,hoeffding_tree,kswin,0.65,2,102042,0.26759502321065165,0.238898860477816,0.22984532431977311,0.514,0.26759502321065165,0.238898860477816,0.22984532431977311,0.56,0.74,0.563,0.17277430782435835,0.17660136121683587,0.1625423843890356,0.54,0.71,7.0,"[[180, 16, 0, 0, 1, 3, 0, 0, 0, 0, 1, 2, 0, 0], [127, 13, 0, 0, 0, 3, 0, 0, 2, 0, 4, 0, 0, 0], [45, 5, 161, 5, 4, 20, 0, 0, 5, 7, 4, 4, 0, 0], [10, 8, 2, 20, 0, 2, 0, 0, 4, 0, 1, 3, 0, 0], [0, 11, 0, 2, 131, 13, 0, 0, 8, 1, 13, 60, 0, 5], [2, 5, 0, 0, 0, 2, 0, 0, 0, 1, 1, 4, 0, 0], [0, 3, 0, 0, 0, 2, 0, 0, 0, 0, 1, 3, 0, 0], [1, 5, 0, 0, 0, 2, 0, 0, 0, 0, 0, 3, 0, 0], [0, 4, 0, 0, 0, 0, 0, 0, 1, 0, 0, 4, 0, 0], [0, 8, 0, 0, 0, 1, 0, 0, 0, 1, 1, 0, 0, 0], [0, 7, 0, 0, 2, 0, 0, 0, 1, 0, 3, 3, 0, 0], [1, 3, 0, 1, 0, 0, 0, 0, 0, 0, 0, 1, 0, 0], [0, 5, 0, 0, 0, 3, 0, 0, 0, 0, 0, 1, 0, 0], [0, 3, 0, 0, 0, 0, 0, 0, 0, 0, 0, 4, 0, 1]]","[[131, 34, 28, 1, 9, 0, 0, 0, 0, 0, 0, 0, 0, 0], [88, 23, 31, 0, 7, 0, 0, 0, 0, 0, 0, 0, 0, 0], [28, 1, 203, 1, 24, 0, 0, 0, 2, 0, 1, 0, 0, 0], [4, 0, 28, 3, 15, 0, 0, 0, 0, 0, 0, 0, 0, 0], [2, 0, 33, 4, 203, 0, 0, 0, 1, 0, 1, 0, 0, 0], [0, 0, 3, 0, 12, 0, 0, 0, 0, 0, 0, 0, 0, 0], [0, 0, 3, 0, 6, 0, 0, 0, 0, 0, 0, 0, 0, 0], [0, 0, 2, 0, 9, 0, 0, 0, 0, 0, 0, 0, 0, 0], [0, 0, 0, 1, 8, 0, 0, 0, 0, 0, 0, 0, 0, 0], [0, 0, 1, 0, 10, 0, 0, 0, 0, 0, 0, 0, 0, 0], [1, 0, 2, 0, 13, 0, 0, 0, 0, 0, 0, 0, 0, 0], [0, 0, 0, 0, 6, 0, 0, 0, 0, 0, 0, 0, 0, 0], [0, 0, 3, 0, 6, 0, 0, 0, 0, 0, 0, 0, 0, 0], [0, 0, 0, 0, 8, 0, 0, 0, 0, 0, 0, 0, 0, 0]]"
source_expansion_Faces_to_PetImages_to_GarbageDataset,gaussian_nb,kswin,0.65,2,102042,0.5971728419451724,0.4116874057847787,0.454667640173627,0.729,0.5971728419451724,0.4116874057847787,0.454667640173627,0.56,0.83,0.729,0.5971728419451724,0.4116874057847787,0.454667640173627,0.56,0.83,0.0,"[[130, 73, 0, 0, 0, 0, 0, 0, 0, 0, 0, 0, 0, 0], [80, 69, 0, 0, 0, 0, 0, 0, 0, 0, 0, 0, 0, 0], [0, 11, 239, 10, 0, 0, 0, 0, 0, 0, 0, 0, 0, 0], [0, 4, 3, 43, 0, 0, 0, 0, 0, 0, 0, 0, 0, 0], [0, 10, 0, 3, 224, 0, 1, 0, 2, 1, 3, 0, 0, 0], [1, 7, 0, 0, 0, 7, 0, 0, 0, 0, 0, 0, 0, 0], [0, 3, 0, 0, 4, 0, 1, 0, 0, 0, 1, 0, 0, 0], [2, 6, 0, 0, 0, 0, 0, 3, 0, 0, 0, 0, 0, 0], [0, 5, 0, 1, 1, 0, 0, 0, 2, 0, 0, 0, 0, 0], [0, 5, 0, 0, 1, 0, 0, 0, 1, 2, 2, 0, 0, 0], [1, 7, 0, 0, 1, 0, 1, 0, 0, 0, 6, 0, 0, 0], [0, 2, 0, 1, 0, 0, 0, 0, 1, 0, 2, 0, 0, 0], [0, 6, 0, 0, 0, 0, 0, 0, 0, 0, 0, 0, 3, 0], [0, 7, 0, 0, 0, 0, 0, 0, 0, 0, 1, 0, 0, 0]]","[[130, 73, 0, 0, 0, 0, 0, 0, 0, 0, 0, 0, 0, 0], [80, 69, 0, 0, 0, 0, 0, 0, 0, 0, 0, 0, 0, 0], [0, 11, 239, 10, 0, 0, 0, 0, 0, 0, 0, 0, 0, 0], [0, 4, 3, 43, 0, 0, 0, 0, 0, 0, 0, 0, 0, 0], [0, 10, 0, 3, 224, 0, 1, 0, 2, 1, 3, 0, 0, 0], [1, 7, 0, 0, 0, 7, 0, 0, 0, 0, 0, 0, 0, 0], [0, 3, 0, 0, 4, 0, 1, 0, 0, 0, 1, 0, 0, 0], [2, 6, 0, 0, 0, 0, 0, 3, 0, 0, 0, 0, 0, 0], [0, 5, 0, 1, 1, 0, 0, 0, 2, 0, 0, 0, 0, 0], [0, 5, 0, 0, 1, 0, 0, 0, 1, 2, 2, 0, 0, 0], [1, 7, 0, 0, 1, 0, 1, 0, 0, 0, 6, 0, 0, 0], [0, 2, 0, 1, 0, 0, 0, 0, 1, 0, 2, 0, 0, 0], [0, 6, 0, 0, 0, 0, 0, 0, 0, 0, 0, 0, 3, 0], [0, 7, 0, 0, 0, 0, 0, 0, 0, 0, 1, 0, 0, 0]]"
source_expansion_Faces_to_PetImages_to_GarbageDataset,logistic_regression,adwin,0.65,2,102042,0.6017384831494722,0.53935838594326,0.5604124384655786,0.771,0.6017384831494722,0.53935838594326,0.5604124384655786,0.51,0.9,0.741,0.6063135866030611,0.5377720829468584,0.5520305487096383,0.51,0.9,1.0,"[[117, 76, 2, 8, 0, 0, 0, 0, 0, 0, 0, 0, 0, 0], [64, 76, 3, 4, 0, 0, 0, 1, 0, 1, 0, 0, 0, 0], [0, 1, 255, 2, 1, 0, 0, 1, 0, 0, 0, 0, 0, 0], [0, 0, 7, 43, 0, 0, 0, 0, 0, 0, 0, 0, 0, 0], [0, 0, 0, 2, 239, 0, 1, 0, 1, 0, 1, 0, 0, 0], [0, 0, 0, 0, 2, 11, 0, 0, 1, 1, 0, 0, 0, 0], [0, 0, 0, 0, 4, 0, 2, 1, 0, 0, 1, 0, 1, 0], [1, 0, 0, 1, 0, 0, 0, 7, 0, 0, 1, 1, 0, 0], [0, 1, 0, 0, 1, 1, 0, 0, 3, 0, 1, 1, 0, 1], [0, 0, 0, 0, 2, 1, 0, 0, 0, 6, 2, 0, 0, 0], [1, 1, 0, 0, 6, 0, 2, 0, 0, 0, 5, 0, 0, 1], [0, 0, 0, 1, 1, 0, 0, 0, 1, 0, 1, 1, 0, 1], [0, 0, 0, 0, 0, 0, 0, 1, 0, 1, 1, 0, 4, 2], [0, 0, 1, 0, 2, 1, 0, 1, 0, 0, 1, 0, 0, 2]]","[[112, 81, 2, 8, 0, 0, 0, 0, 0, 0, 0, 0, 0, 0], [66, 76, 3, 4, 0, 0, 0, 0, 0, 0, 0, 0, 0, 0], [4, 6, 232, 16, 0, 0, 0, 0, 0, 0, 1, 0, 1, 0], [0, 1, 7, 40, 2, 0, 0, 0, 0, 0, 0, 0, 0, 0], [0, 0, 0, 1, 239, 0, 0, 0, 2, 0, 2, 0, 0, 0], [1, 0, 0, 0, 2, 11, 0, 0, 0, 0, 0, 0, 1, 0], [0, 1, 0, 0, 3, 0, 3, 1, 0, 0, 1, 0, 0, 0], [0, 0, 0, 0, 0, 1, 0, 7, 0, 0, 1, 1, 1, 0], [0, 0, 0, 1, 1, 1, 0, 0, 2, 0, 1, 2, 0, 1], [0, 0, 1, 0, 3, 0, 0, 0, 1, 3, 1, 1, 1, 0], [0, 1, 0, 0, 5, 0, 2, 0, 0, 0, 6, 0, 1, 1], [0, 0, 0, 0, 1, 0, 0, 1, 1, 0, 1, 1, 0, 1], [1, 0, 0, 0, 0, 0, 0, 1, 0, 0, 1, 0, 5, 1], [0, 0, 0, 0, 1, 0, 0, 0, 1, 0, 1, 1, 0, 4]]"
source_expansion_Faces_to_PetImages_to_GarbageDataset,hoeffding_tree,adwin,0.65,2,102042,0.26759502321065165,0.238898860477816,0.22984532431977311,0.514,0.26759502321065165,0.238898860477816,0.22984532431977311,0.56,0.74,0.569,0.20466239441425996,0.18812221526991507,0.1702548924228028,0.56,0.71,5.0,"[[180, 16, 0, 0, 1, 3, 0, 0, 0, 0, 1, 2, 0, 0], [127, 13, 0, 0, 0, 3, 0, 0, 2, 0, 4, 0, 0, 0], [45, 5, 161, 5, 4, 20, 0, 0, 5, 7, 4, 4, 0, 0], [10, 8, 2, 20, 0, 2, 0, 0, 4, 0, 1, 3, 0, 0], [0, 11, 0, 2, 131, 13, 0, 0, 8, 1, 13, 60, 0, 5], [2, 5, 0, 0, 0, 2, 0, 0, 0, 1, 1, 4, 0, 0], [0, 3, 0, 0, 0, 2, 0, 0, 0, 0, 1, 3, 0, 0], [1, 5, 0, 0, 0, 2, 0, 0, 0, 0, 0, 3, 0, 0], [0, 4, 0, 0, 0, 0, 0, 0, 1, 0, 0, 4, 0, 0], [0, 8, 0, 0, 0, 1, 0, 0, 0, 1, 1, 0, 0, 0], [0, 7, 0, 0, 2, 0, 0, 0, 1, 0, 3, 3, 0, 0], [1, 3, 0, 1, 0, 0, 0, 0, 0, 0, 0, 1, 0, 0], [0, 5, 0, 0, 0, 3, 0, 0, 0, 0, 0, 1, 0, 0], [0, 3, 0, 0, 0, 0, 0, 0, 0, 0, 0, 4, 0, 1]]","[[164, 16, 14, 0, 9, 0, 0, 0, 0, 0, 0, 0, 0, 0], [113, 10, 17, 0, 6, 0, 0, 0, 2, 0, 1, 0, 0, 0], [38, 0, 185, 0, 21, 2, 0, 1, 5, 7, 1, 0, 0, 0], [8, 0, 21, 5, 12, 0, 0, 0, 4, 0, 0, 0, 0, 0], [2, 0, 23, 2, 204, 1, 0, 0, 8, 1, 2, 0, 0, 1], [0, 0, 3, 0, 11, 0, 0, 0, 0, 1, 0, 0, 0, 0], [0, 0, 3, 0, 6, 0, 0, 0, 0, 0, 0, 0, 0, 0], [1, 0, 1, 0, 9, 0, 0, 0, 0, 0, 0, 0, 0, 0], [0, 0, 0, 1, 7, 0, 0, 0, 1, 0, 0, 0, 0, 0], [0, 0, 1, 0, 8, 1, 0, 0, 0, 0, 1, 0, 0, 0], [0, 0, 0, 0, 15, 0, 0, 0, 1, 0, 0, 0, 0, 0], [0, 0, 0, 0, 6, 0, 0, 0, 0, 0, 0, 0, 0, 0], [0, 0, 3, 0, 6, 0, 0, 0, 0, 0, 0, 0, 0, 0], [1, 0, 0, 0, 7, 0, 0, 0, 0, 0, 0, 0, 0, 0]]"
source_expansion_Faces_to_PetImages_to_GarbageDataset,gaussian_nb,adwin,0.65,2,102042,0.5971728419451724,0.4116874057847787,0.454667640173627,0.729,0.5971728419451724,0.4116874057847787,0.454667640173627,0.56,0.83,0.728,0.6041542895672115,0.4069188612022348,0.4498226708612715,0.56,0.85,1.0,"[[130, 73, 0, 0, 0, 0, 0, 0, 0, 0, 0, 0, 0, 0], [80, 69, 0, 0, 0, 0, 0, 0, 0, 0, 0, 0, 0, 0], [0, 11, 239, 10, 0, 0, 0, 0, 0, 0, 0, 0, 0, 0], [0, 4, 3, 43, 0, 0, 0, 0, 0, 0, 0, 0, 0, 0], [0, 10, 0, 3, 224, 0, 1, 0, 2, 1, 3, 0, 0, 0], [1, 7, 0, 0, 0, 7, 0, 0, 0, 0, 0, 0, 0, 0], [0, 3, 0, 0, 4, 0, 1, 0, 0, 0, 1, 0, 0, 0], [2, 6, 0, 0, 0, 0, 0, 3, 0, 0, 0, 0, 0, 0], [0, 5, 0, 1, 1, 0, 0, 0, 2, 0, 0, 0, 0, 0], [0, 5, 0, 0, 1, 0, 0, 0, 1, 2, 2, 0, 0, 0], [1, 7, 0, 0, 1, 0, 1, 0, 0, 0, 6, 0, 0, 0], [0, 2, 0, 1, 0, 0, 0, 0, 1, 0, 2, 0, 0, 0], [0, 6, 0, 0, 0, 0, 0, 0, 0, 0, 0, 0, 3, 0], [0, 7, 0, 0, 0, 0, 0, 0, 0, 0, 1, 0, 0, 0]]","[[123, 78, 2, 0, 0, 0, 0, 0, 0, 0, 0, 0, 0, 0], [74, 70, 5, 0, 0, 0, 0, 0, 0, 0, 0, 0, 0, 0], [1, 6, 248, 5, 0, 0, 0, 0, 0, 0, 0, 0, 0, 0], [0, 4, 9, 37, 0, 0, 0, 0, 0, 0, 0, 0, 0, 0], [0, 0, 11, 3, 225, 0, 0, 0, 1, 1, 3, 0, 0, 0], [0, 0, 6, 2, 0, 7, 0, 0, 0, 0, 0, 0, 0, 0], [0, 0, 6, 0, 1, 0, 1, 0, 0, 0, 1, 0, 0, 0], [0, 0, 7, 0, 0, 0, 0, 4, 0, 0, 0, 0, 0, 0], [0, 0, 4, 2, 1, 0, 0, 0, 2, 0, 0, 0, 0, 0], [0, 0, 5, 0, 1, 0, 0, 0, 0, 2, 3, 0, 0, 0], [0, 0, 8, 0, 0, 0, 1, 0, 0, 0, 7, 0, 0, 0], [0, 0, 4, 0, 0, 0, 0, 0, 1, 0, 1, 0, 0, 0], [0, 0, 4, 0, 0, 0, 0, 0, 2, 0, 1, 0, 2, 0], [0, 0, 6, 0, 0, 0, 0, 0, 0, 0, 2, 0, 0, 0]]"
source_expansion_Faces_to_PetImages_to_GarbageDataset,logistic_regression,page_hinkley,0.65,2,102042,0.6017384831494722,0.53935838594326,0.5604124384655786,0.771,0.6017384831494722,0.53935838594326,0.5604124384655786,0.51,0.9,0.755,0.5931582303448704,0.5540695612723986,0.564688082892444,0.51,0.9,1.0,"[[117, 76, 2, 8, 0, 0, 0, 0, 0, 0, 0, 0, 0, 0], [64, 76, 3, 4, 0, 0, 0, 1, 0, 1, 0, 0, 0, 0], [0, 1, 255, 2, 1, 0, 0, 1, 0, 0, 0, 0, 0, 0], [0, 0, 7, 43, 0, 0, 0, 0, 0, 0, 0, 0, 0, 0], [0, 0, 0, 2, 239, 0, 1, 0, 1, 0, 1, 0, 0, 0], [0, 0, 0, 0, 2, 11, 0, 0, 1, 1, 0, 0, 0, 0], [0, 0, 0, 0, 4, 0, 2, 1, 0, 0, 1, 0, 1, 0], [1, 0, 0, 1, 0, 0, 0, 7, 0, 0, 1, 1, 0, 0], [0, 1, 0, 0, 1, 1, 0, 0, 3, 0, 1, 1, 0, 1], [0, 0, 0, 0, 2, 1, 0, 0, 0, 6, 2, 0, 0, 0], [1, 1, 0, 0, 6, 0, 2, 0, 0, 0, 5, 0, 0, 1], [0, 0, 0, 1, 1, 0, 0, 0, 1, 0, 1, 1, 0, 1], [0, 0, 0, 0, 0, 0, 0, 1, 0, 1, 1, 0, 4, 2], [0, 0, 1, 0, 2, 1, 0, 1, 0, 0, 1, 0, 0, 2]]","[[114, 82, 1, 5, 0, 0, 0, 0, 0, 0, 0, 0, 1, 0], [62, 79, 3, 5, 0, 0, 0, 0, 0, 0, 0, 0, 0, 0], [1, 3, 239, 15, 0, 0, 0, 0, 1, 0, 1, 0, 0, 0], [1, 1, 5, 42, 1, 0, 0, 0, 0, 0, 0, 0, 0, 0], [0, 0, 0, 2, 238, 0, 0, 0, 2, 0, 2, 0, 0, 0], [0, 0, 0, 1, 1, 10, 0, 0, 1, 1, 0, 0, 1, 0], [1, 0, 0, 0, 3, 0, 3, 1, 0, 0, 1, 0, 0, 0], [0, 0, 0, 0, 0, 1, 0, 7, 0, 0, 1, 1, 1, 0], [0, 1, 0, 0, 1, 1, 0, 0, 3, 0, 1, 1, 0, 1], [0, 0, 0, 0, 3, 0, 0, 0, 1, 4, 1, 1, 1, 0], [0, 1, 0, 0, 5, 0, 2, 0, 0, 0, 6, 0, 1, 1], [0, 0, 0, 1, 1, 0, 0, 1, 1, 0, 1, 1, 0, 0], [0, 0, 0, 0, 0, 0, 0, 1, 0, 1, 1, 0, 5, 1], [0, 0, 0, 0, 1, 1, 0, 1, 0, 0, 1, 0, 0, 4]]"
source_expansion_Faces_to_PetImages_to_GarbageDataset,hoeffding_tree,page_hinkley,0.65,2,102042,0.26759502321065165,0.238898860477816,0.22984532431977311,0.514,0.26759502321065165,0.238898860477816,0.22984532431977311,0.56,0.74,0.568,0.14221693502360547,0.17310038301893885,0.1493782199637223,0.56,0.71,7.0,"[[180, 16, 0, 0, 1, 3, 0, 0, 0, 0, 1, 2, 0, 0], [127, 13, 0, 0, 0, 3, 0, 0, 2, 0, 4, 0, 0, 0], [45, 5, 161, 5, 4, 20, 0, 0, 5, 7, 4, 4, 0, 0], [10, 8, 2, 20, 0, 2, 0, 0, 4, 0, 1, 3, 0, 0], [0, 11, 0, 2, 131, 13, 0, 0, 8, 1, 13, 60, 0, 5], [2, 5, 0, 0, 0, 2, 0, 0, 0, 1, 1, 4, 0, 0], [0, 3, 0, 0, 0, 2, 0, 0, 0, 0, 1, 3, 0, 0], [1, 5, 0, 0, 0, 2, 0, 0, 0, 0, 0, 3, 0, 0], [0, 4, 0, 0, 0, 0, 0, 0, 1, 0, 0, 4, 0, 0], [0, 8, 0, 0, 0, 1, 0, 0, 0, 1, 1, 0, 0, 0], [0, 7, 0, 0, 2, 0, 0, 0, 1, 0, 3, 3, 0, 0], [1, 3, 0, 1, 0, 0, 0, 0, 0, 0, 0, 1, 0, 0], [0, 5, 0, 0, 0, 3, 0, 0, 0, 0, 0, 1, 0, 0], [0, 3, 0, 0, 0, 0, 0, 0, 0, 0, 0, 4, 0, 1]]","[[157, 12, 28, 0, 6, 0, 0, 0, 0, 0, 0, 0, 0, 0], [103, 7, 35, 0, 4, 0, 0, 0, 0, 0, 0, 0, 0, 0], [29, 5, 209, 2, 15, 0, 0, 0, 0, 0, 0, 0, 0, 0], [5, 1, 33, 0, 11, 0, 0, 0, 0, 0, 0, 0, 0, 0], [1, 2, 43, 0, 195, 1, 1, 1, 0, 0, 0, 0, 0, 0], [0, 0, 3, 0, 11, 0, 0, 0, 0, 1, 0, 0, 0, 0], [1, 0, 3, 0, 5, 0, 0, 0, 0, 0, 0, 0, 0, 0], [0, 1, 2, 0, 8, 0, 0, 0, 0, 0, 0, 0, 0, 0], [0, 1, 1, 0, 7, 0, 0, 0, 0, 0, 0, 0, 0, 0], [1, 0, 1, 1, 8, 0, 0, 0, 0, 0, 0, 0, 0, 0], [0, 0, 4, 0, 11, 0, 1, 0, 0, 0, 0, 0, 0, 0], [0, 0, 0, 0, 6, 0, 0, 0, 0, 0, 0, 0, 0, 0], [0, 0, 4, 0, 5, 0, 0, 0, 0, 0, 0, 0, 0, 0], [0, 0, 0, 0, 8, 0, 0, 0, 0, 0, 0, 0, 0, 0]]"
source_expansion_Faces_to_PetImages_to_GarbageDataset,gaussian_nb,page_hinkley,0.65,2,102042,0.5971728419451724,0.4116874057847787,0.454667640173627,0.729,0.5971728419451724,0.4116874057847787,0.454667640173627,0.56,0.83,0.721,0.5500313207134723,0.34894591069019626,0.3740775616103077,0.56,0.85,2.0,"[[130, 73, 0, 0, 0, 0, 0, 0, 0, 0, 0, 0, 0, 0], [80, 69, 0, 0, 0, 0, 0, 0, 0, 0, 0, 0, 0, 0], [0, 11, 239, 10, 0, 0, 0, 0, 0, 0, 0, 0, 0, 0], [0, 4, 3, 43, 0, 0, 0, 0, 0, 0, 0, 0, 0, 0], [0, 10, 0, 3, 224, 0, 1, 0, 2, 1, 3, 0, 0, 0], [1, 7, 0, 0, 0, 7, 0, 0, 0, 0, 0, 0, 0, 0], [0, 3, 0, 0, 4, 0, 1, 0, 0, 0, 1, 0, 0, 0], [2, 6, 0, 0, 0, 0, 0, 3, 0, 0, 0, 0, 0, 0], [0, 5, 0, 1, 1, 0, 0, 0, 2, 0, 0, 0, 0, 0], [0, 5, 0, 0, 1, 0, 0, 0, 1, 2, 2, 0, 0, 0], [1, 7, 0, 0, 1, 0, 1, 0, 0, 0, 6, 0, 0, 0], [0, 2, 0, 1, 0, 0, 0, 0, 1, 0, 2, 0, 0, 0], [0, 6, 0, 0, 0, 0, 0, 0, 0, 0, 0, 0, 3, 0], [0, 7, 0, 0, 0, 0, 0, 0, 0, 0, 1, 0, 0, 0]]","[[113, 85, 1, 1, 1, 2, 0, 0, 0, 0, 0, 0, 0, 0], [67, 78, 3, 0, 0, 1, 0, 0, 0, 0, 0, 0, 0, 0], [1, 5, 248, 6, 0, 0, 0, 0, 0, 0, 0, 0, 0, 0], [1, 3, 9, 35, 1, 0, 0, 1, 0, 0, 0, 0, 0, 0], [0, 0, 1, 8, 233, 0, 0, 0, 0, 0, 2, 0, 0, 0], [0, 0, 2, 3, 5, 5, 0, 0, 0, 0, 0, 0, 0, 0], [0, 0, 1, 0, 6, 0, 0, 0, 0, 0, 2, 0, 0, 0], [0, 0, 2, 3, 3, 0, 0, 2, 0, 0, 1, 0, 0, 0], [0, 0, 2, 2, 5, 0, 0, 0, 0, 0, 0, 0, 0, 0], [0, 0, 2, 1, 4, 1, 0, 0, 0, 1, 1, 1, 0, 0], [0, 0, 3, 1, 8, 0, 0, 0, 0, 0, 3, 0, 0, 1], [0, 0, 0, 1, 3, 0, 0, 0, 0, 0, 0, 1, 0, 1], [1, 0, 1, 2, 2, 0, 0, 0, 1, 0, 1, 0, 1, 0], [0, 0, 0, 0, 6, 0, 0, 0, 0, 0, 1, 0, 0, 1]]"
source_expansion_Faces_to_PetImages_to_GarbageDataset,logistic_regression,hddm_w,0.65,2,102042,0.6017384831494722,0.53935838594326,0.5604124384655786,0.771,0.6017384831494722,0.53935838594326,0.5604124384655786,0.51,0.9,0.771,0.6017384831494722,0.53935838594326,0.5604124384655786,0.51,0.9,0.0,"[[117, 76, 2, 8, 0, 0, 0, 0, 0, 0, 0, 0, 0, 0], [64, 76, 3, 4, 0, 0, 0, 1, 0, 1, 0, 0, 0, 0], [0, 1, 255, 2, 1, 0, 0, 1, 0, 0, 0, 0, 0, 0], [0, 0, 7, 43, 0, 0, 0, 0, 0, 0, 0, 0, 0, 0], [0, 0, 0, 2, 239, 0, 1, 0, 1, 0, 1, 0, 0, 0], [0, 0, 0, 0, 2, 11, 0, 0, 1, 1, 0, 0, 0, 0], [0, 0, 0, 0, 4, 0, 2, 1, 0, 0, 1, 0, 1, 0], [1, 0, 0, 1, 0, 0, 0, 7, 0, 0, 1, 1, 0, 0], [0, 1, 0, 0, 1, 1, 0, 0, 3, 0, 1, 1, 0, 1], [0, 0, 0, 0, 2, 1, 0, 0, 0, 6, 2, 0, 0, 0], [1, 1, 0, 0, 6, 0, 2, 0, 0, 0, 5, 0, 0, 1], [0, 0, 0, 1, 1, 0, 0, 0, 1, 0, 1, 1, 0, 1], [0, 0, 0, 0, 0, 0, 0, 1, 0, 1, 1, 0, 4, 2], [0, 0, 1, 0, 2, 1, 0, 1, 0, 0, 1, 0, 0, 2]]","[[117, 76, 2, 8, 0, 0, 0, 0, 0, 0, 0, 0, 0, 0], [64, 76, 3, 4, 0, 0, 0, 1, 0, 1, 0, 0, 0, 0], [0, 1, 255, 2, 1, 0, 0, 1, 0, 0, 0, 0, 0, 0], [0, 0, 7, 43, 0, 0, 0, 0, 0, 0, 0, 0, 0, 0], [0, 0, 0, 2, 239, 0, 1, 0, 1, 0, 1, 0, 0, 0], [0, 0, 0, 0, 2, 11, 0, 0, 1, 1, 0, 0, 0, 0], [0, 0, 0, 0, 4, 0, 2, 1, 0, 0, 1, 0, 1, 0], [1, 0, 0, 1, 0, 0, 0, 7, 0, 0, 1, 1, 0, 0], [0, 1, 0, 0, 1, 1, 0, 0, 3, 0, 1, 1, 0, 1], [0, 0, 0, 0, 2, 1, 0, 0, 0, 6, 2, 0, 0, 0], [1, 1, 0, 0, 6, 0, 2, 0, 0, 0, 5, 0, 0, 1], [0, 0, 0, 1, 1, 0, 0, 0, 1, 0, 1, 1, 0, 1], [0, 0, 0, 0, 0, 0, 0, 1, 0, 1, 1, 0, 4, 2], [0, 0, 1, 0, 2, 1, 0, 1, 0, 0, 1, 0, 0, 2]]"
source_expansion_Faces_to_PetImages_to_GarbageDataset,hoeffding_tree,hddm_w,0.65,2,102042,0.26759502321065165,0.238898860477816,0.22984532431977311,0.514,0.26759502321065165,0.238898860477816,0.22984532431977311,0.56,0.74,0.608,0.2112240641372329,0.2029222611630703,0.18993732007891775,0.56,0.71,3.0,"[[180, 16, 0, 0, 1, 3, 0, 0, 0, 0, 1, 2, 0, 0], [127, 13, 0, 0, 0, 3, 0, 0, 2, 0, 4, 0, 0, 0], [45, 5, 161, 5, 4, 20, 0, 0, 5, 7, 4, 4, 0, 0], [10, 8, 2, 20, 0, 2, 0, 0, 4, 0, 1, 3, 0, 0], [0, 11, 0, 2, 131, 13, 0, 0, 8, 1, 13, 60, 0, 5], [2, 5, 0, 0, 0, 2, 0, 0, 0, 1, 1, 4, 0, 0], [0, 3, 0, 0, 0, 2, 0, 0, 0, 0, 1, 3, 0, 0], [1, 5, 0, 0, 0, 2, 0, 0, 0, 0, 0, 3, 0, 0], [0, 4, 0, 0, 0, 0, 0, 0, 1, 0, 0, 4, 0, 0], [0, 8, 0, 0, 0, 1, 0, 0, 0, 1, 1, 0, 0, 0], [0, 7, 0, 0, 2, 0, 0, 0, 1, 0, 3, 3, 0, 0], [1, 3, 0, 1, 0, 0, 0, 0, 0, 0, 0, 1, 0, 0], [0, 5, 0, 0, 0, 3, 0, 0, 0, 0, 0, 1, 0, 0], [0, 3, 0, 0, 0, 0, 0, 0, 0, 0, 0, 4, 0, 1]]","[[174, 16, 4, 0, 9, 0, 0, 0, 0, 0, 0, 0, 0, 0], [117, 18, 7, 0, 7, 0, 0, 0, 0, 0, 0, 0, 0, 0], [31, 0, 193, 6, 26, 0, 0, 0, 4, 0, 0, 0, 0, 0], [8, 1, 13, 13, 15, 0, 0, 0, 0, 0, 0, 0, 0, 0], [0, 0, 29, 3, 210, 0, 0, 0, 2, 0, 0, 0, 0, 0], [0, 0, 3, 0, 12, 0, 0, 0, 0, 0, 0, 0, 0, 0], [0, 0, 3, 0, 6, 0, 0, 0, 0, 0, 0, 0, 0, 0], [0, 0, 2, 0, 9, 0, 0, 0, 0, 0, 0, 0, 0, 0], [0, 0, 0, 1, 8, 0, 0, 0, 0, 0, 0, 0, 0, 0], [0, 0, 1, 0, 10, 0, 0, 0, 0, 0, 0, 0, 0, 0], [0, 0, 1, 0, 15, 0, 0, 0, 0, 0, 0, 0, 0, 0], [0, 0, 0, 0, 6, 0, 0, 0, 0, 0, 0, 0, 0, 0], [0, 0, 3, 0, 6, 0, 0, 0, 0, 0, 0, 0, 0, 0], [0, 0, 0, 0, 8, 0, 0, 0, 0, 0, 0, 0, 0, 0]]"
source_expansion_Faces_to_PetImages_to_GarbageDataset,gaussian_nb,hddm_w,0.65,2,102042,0.5971728419451724,0.4116874057847787,0.454667640173627,0.729,0.5971728419451724,0.4116874057847787,0.454667640173627,0.56,0.83,0.713,0.5425134408751578,0.3443022450604634,0.3693580538449754,0.56,0.84,2.0,"[[130, 73, 0, 0, 0, 0, 0, 0, 0, 0, 0, 0, 0, 0], [80, 69, 0, 0, 0, 0, 0, 0, 0, 0, 0, 0, 0, 0], [0, 11, 239, 10, 0, 0, 0, 0, 0, 0, 0, 0, 0, 0], [0, 4, 3, 43, 0, 0, 0, 0, 0, 0, 0, 0, 0, 0], [0, 10, 0, 3, 224, 0, 1, 0, 2, 1, 3, 0, 0, 0], [1, 7, 0, 0, 0, 7, 0, 0, 0, 0, 0, 0, 0, 0], [0, 3, 0, 0, 4, 0, 1, 0, 0, 0, 1, 0, 0, 0], [2, 6, 0, 0, 0, 0, 0, 3, 0, 0, 0, 0, 0, 0], [0, 5, 0, 1, 1, 0, 0, 0, 2, 0, 0, 0, 0, 0], [0, 5, 0, 0, 1, 0, 0, 0, 1, 2, 2, 0, 0, 0], [1, 7, 0, 0, 1, 0, 1, 0, 0, 0, 6, 0, 0, 0], [0, 2, 0, 1, 0, 0, 0, 0, 1, 0, 2, 0, 0, 0], [0, 6, 0, 0, 0, 0, 0, 0, 0, 0, 0, 0, 3, 0], [0, 7, 0, 0, 0, 0, 0, 0, 0, 0, 1, 0, 0, 0]]","[[118, 81, 0, 1, 3, 0, 0, 0, 0, 0, 0, 0, 0, 0], [80, 69, 0, 0, 0, 0, 0, 0, 0, 0, 0, 0, 0, 0], [5, 0, 240, 10, 5, 0, 0, 0, 0, 0, 0, 0, 0, 0], [2, 2, 3, 38, 5, 0, 0, 0, 0, 0, 0, 0, 0, 0], [1, 0, 0, 4, 235, 0, 0, 0, 2, 0, 2, 0, 0, 0], [0, 1, 1, 3, 4, 4, 0, 0, 1, 1, 0, 0, 0, 0], [0, 0, 1, 0, 6, 0, 0, 0, 1, 0, 1, 0, 0, 0], [3, 1, 0, 0, 6, 0, 0, 1, 0, 0, 0, 0, 0, 0], [0, 0, 1, 2, 5, 0, 0, 0, 1, 0, 0, 0, 0, 0], [0, 0, 0, 2, 5, 1, 0, 0, 1, 2, 0, 0, 0, 0], [1, 0, 2, 1, 6, 0, 0, 0, 0, 0, 3, 0, 0, 3], [0, 0, 0, 0, 2, 0, 0, 0, 1, 0, 0, 1, 0, 2], [1, 1, 0, 2, 1, 0, 0, 0, 3, 0, 0, 0, 0, 1], [0, 0, 0, 0, 7, 0, 0, 0, 0, 0, 0, 0, 0, 1]]"
source_expansion_Faces_to_PetImages_to_GarbageDataset,logistic_regression,kswin,0.65,3,103042,0.5657314033247872,0.5390653169069729,0.5480860970576046,0.771,0.5657314033247872,0.5390653169069729,0.5480860970576046,0.56,0.91,0.771,0.5657314033247872,0.5390653169069729,0.5480860970576046,0.56,0.91,0.0,"[[148, 89, 4, 2, 0, 0, 1, 0, 0, 0, 0, 0, 0, 0], [77, 94, 2, 0, 0, 0, 0, 0, 1, 0, 0, 0, 0, 0], [0, 1, 211, 3, 1, 0, 0, 0, 0, 0, 0, 0, 0, 0], [1, 1, 3, 35, 0, 0, 0, 1, 0, 0, 0, 0, 0, 0], [0, 0, 0, 2, 252, 0, 1, 0, 0, 2, 0, 0, 0, 0], [0, 1, 0, 0, 1, 5, 0, 0, 0, 0, 0, 0, 1, 1], [0, 0, 1, 0, 5, 0, 0, 1, 0, 0, 1, 0, 0, 0], [1, 0, 0, 0, 0, 1, 0, 10, 0, 1, 0, 0, 0, 0], [0, 0, 0, 1, 1, 0, 0, 0, 6, 0, 0, 1, 0, 1], [0, 0, 0, 0, 1, 0, 0, 0, 1, 1, 0, 1, 0, 0], [0, 1, 1, 0, 1, 0, 0, 0, 0, 0, 3, 0, 0, 0], [0, 0, 0, 0, 3, 0, 0, 1, 2, 0, 0, 0, 0, 0], [0, 0, 0, 0, 0, 0, 0, 0, 1, 0, 0, 0, 5, 1], [0, 0, 0, 0, 2, 0, 0, 1, 0, 0, 0, 0, 1, 1]]","[[148, 89, 4, 2, 0, 0, 1, 0, 0, 0, 0, 0, 0, 0], [77, 94, 2, 0, 0, 0, 0, 0, 1, 0, 0, 0, 0, 0], [0, 1, 211, 3, 1, 0, 0, 0, 0, 0, 0, 0, 0, 0], [1, 1, 3, 35, 0, 0, 0, 1, 0, 0, 0, 0, 0, 0], [0, 0, 0, 2, 252, 0, 1, 0, 0, 2, 0, 0, 0, 0], [0, 1, 0, 0, 1, 5, 0, 0, 0, 0, 0, 0, 1, 1], [0, 0, 1, 0, 5, 0, 0, 1, 0, 0, 1, 0, 0, 0], [1, 0, 0, 0, 0, 1, 0, 10, 0, 1, 0, 0, 0, 0], [0, 0, 0, 1, 1, 0, 0, 0, 6, 0, 0, 1, 0, 1], [0, 0, 0, 0, 1, 0, 0, 0, 1, 1, 0, 1, 0, 0], [0, 1, 1, 0, 1, 0, 0, 0, 0, 0, 3, 0, 0, 0], [0, 0, 0, 0, 3, 0, 0, 1, 2, 0, 0, 0, 0, 0], [0, 0, 0, 0, 0, 0, 0, 0, 1, 0, 0, 0, 5, 1], [0, 0, 0, 0, 2, 0, 0, 1, 0, 0, 0, 0, 1, 1]]"
source_expansion_Faces_to_PetImages_to_GarbageDataset,hoeffding_tree,kswin,0.65,3,103042,0.236438004163414,0.17570321741779082,0.18554489323757362,0.506,0.236438004163414,0.17570321741779082,0.18554489323757362,0.65,0.74,0.61,0.17360743014832283,0.1871965358652463,0.16908033209022516,0.65,0.6699999999999999,2.0,"[[222, 12, 0, 0, 0, 2, 8, 0, 0, 0, 0, 0, 0, 0], [140, 17, 0, 0, 0, 5, 10, 0, 0, 2, 0, 0, 0, 0], [7, 17, 137, 4, 0, 4, 40, 0, 0, 7, 0, 0, 0, 0], [2, 13, 5, 10, 0, 3, 8, 0, 0, 0, 0, 0, 0, 0], [1, 7, 0, 2, 119, 80, 47, 0, 0, 1, 0, 0, 0, 0], [1, 5, 0, 0, 1, 1, 1, 0, 0, 0, 0, 0, 0, 0], [0, 2, 0, 0, 2, 3, 0, 0, 0, 1, 0, 0, 0, 0], [1, 3, 0, 1, 0, 6, 2, 0, 0, 0, 0, 0, 0, 0], [0, 3, 0, 0, 0, 4, 3, 0, 0, 0, 0, 0, 0, 0], [0, 0, 1, 0, 0, 2, 1, 0, 0, 0, 0, 0, 0, 0], [0, 2, 0, 0, 0, 4, 0, 0, 0, 0, 0, 0, 0, 0], [0, 1, 0, 0, 0, 4, 1, 0, 0, 0, 0, 0, 0, 0], [0, 3, 1, 0, 0, 1, 2, 0, 0, 0, 0, 0, 0, 0], [0, 3, 0, 0, 0, 1, 1, 0, 0, 0, 0, 0, 0, 0]]","[[212, 12, 10, 0, 10, 0, 0, 0, 0, 0, 0, 0, 0, 0], [134, 15, 13, 0, 12, 0, 0, 0, 0, 0, 0, 0, 0, 0], [8, 17, 182, 4, 4, 0, 0, 0, 0, 1, 0, 0, 0, 0], [2, 12, 14, 2, 11, 0, 0, 0, 0, 0, 0, 0, 0, 0], [1, 0, 55, 2, 199, 0, 0, 0, 0, 0, 0, 0, 0, 0], [0, 0, 1, 0, 8, 0, 0, 0, 0, 0, 0, 0, 0, 0], [0, 0, 2, 0, 6, 0, 0, 0, 0, 0, 0, 0, 0, 0], [0, 0, 3, 0, 10, 0, 0, 0, 0, 0, 0, 0, 0, 0], [0, 0, 3, 0, 7, 0, 0, 0, 0, 0, 0, 0, 0, 0], [0, 0, 2, 0, 2, 0, 0, 0, 0, 0, 0, 0, 0, 0], [0, 0, 0, 0, 6, 0, 0, 0, 0, 0, 0, 0, 0, 0], [0, 0, 2, 0, 4, 0, 0, 0, 0, 0, 0, 0, 0, 0], [0, 0, 2, 0, 5, 0, 0, 0, 0, 0, 0, 0, 0, 0], [0, 0, 2, 0, 3, 0, 0, 0, 0, 0, 0, 0, 0, 0]]"
source_expansion_Faces_to_PetImages_to_GarbageDataset,gaussian_nb,kswin,0.65,3,103042,0.5307928589221488,0.35113649263968005,0.38084375593233977,0.745,0.5307928589221488,0.35113649263968005,0.38084375593233977,0.5900000000000001,0.81,0.731,0.5253417053766141,0.3388338562337633,0.37385574959061024,0.5900000000000001,0.8200000000000001,2.0,"[[193, 51, 0, 0, 0, 0, 0, 0, 0, 0, 0, 0, 0, 0], [110, 64, 0, 0, 0, 0, 0, 0, 0, 0, 0, 0, 0, 0], [1, 5, 202, 8, 0, 0, 0, 0, 0, 0, 0, 0, 0, 0], [1, 4, 2, 34, 0, 0, 0, 0, 0, 0, 0, 0, 0, 0], [1, 10, 0, 5, 241, 0, 0, 0, 0, 0, 0, 0, 0, 0], [1, 5, 0, 0, 0, 2, 0, 0, 0, 0, 0, 0, 1, 0], [0, 1, 0, 1, 4, 0, 1, 1, 0, 0, 0, 0, 0, 0], [0, 9, 0, 0, 0, 0, 0, 4, 0, 0, 0, 0, 0, 0], [0, 4, 0, 0, 2, 0, 0, 0, 4, 0, 0, 0, 0, 0], [0, 2, 0, 1, 1, 0, 0, 0, 0, 0, 0, 0, 0, 0], [0, 5, 0, 0, 1, 0, 0, 0, 0, 0, 0, 0, 0, 0], [0, 5, 0, 0, 1, 0, 0, 0, 0, 0, 0, 0, 0, 0], [0, 5, 2, 0, 0, 0, 0, 0, 0, 0, 0, 0, 0, 0], [0, 4, 0, 0, 1, 0, 0, 0, 0, 0, 0, 0, 0, 0]]","[[181, 57, 6, 0, 0, 0, 0, 0, 0, 0, 0, 0, 0, 0], [97, 71, 6, 0, 0, 0, 0, 0, 0, 0, 0, 0, 0, 0], [2, 4, 207, 3, 0, 0, 0, 0, 0, 0, 0, 0, 0, 0], [0, 1, 16, 24, 0, 0, 0, 0, 0, 0, 0, 0, 0, 0], [0, 0, 18, 3, 236, 0, 0, 0, 0, 0, 0, 0, 0, 0], [0, 0, 6, 0, 0, 2, 0, 0, 0, 0, 0, 0, 1, 0], [0, 0, 2, 0, 4, 0, 1, 1, 0, 0, 0, 0, 0, 0], [0, 0, 8, 0, 0, 0, 0, 5, 0, 0, 0, 0, 0, 0], [0, 0, 4, 0, 2, 0, 0, 0, 4, 0, 0, 0, 0, 0], [0, 0, 4, 0, 0, 0, 0, 0, 0, 0, 0, 0, 0, 0], [0, 0, 5, 0, 1, 0, 0, 0, 0, 0, 0, 0, 0, 0], [0, 0, 5, 0, 1, 0, 0, 0, 0, 0, 0, 0, 0, 0], [0, 0, 7, 0, 0, 0, 0, 0, 0, 0, 0, 0, 0, 0], [0, 0, 3, 0, 1, 0, 0, 1, 0, 0, 0, 0, 0, 0]]"
source_expansion_Faces_to_PetImages_to_GarbageDataset,logistic_regression,adwin,0.65,3,103042,0.5657314033247872,0.5390653169069729,0.5480860970576046,0.771,0.5657314033247872,0.5390653169069729,0.5480860970576046,0.56,0.91,0.758,0.6291678892826428,0.5538505771093372,0.5737045866458061,0.56,0.87,1.0,"[[148, 89, 4, 2, 0, 0, 1, 0, 0, 0, 0, 0, 0, 0], [77, 94, 2, 0, 0, 0, 0, 0, 1, 0, 0, 0, 0, 0], [0, 1, 211, 3, 1, 0, 0, 0, 0, 0, 0, 0, 0, 0], [1, 1, 3, 35, 0, 0, 0, 1, 0, 0, 0, 0, 0, 0], [0, 0, 0, 2, 252, 0, 1, 0, 0, 2, 0, 0, 0, 0], [0, 1, 0, 0, 1, 5, 0, 0, 0, 0, 0, 0, 1, 1], [0, 0, 1, 0, 5, 0, 0, 1, 0, 0, 1, 0, 0, 0], [1, 0, 0, 0, 0, 1, 0, 10, 0, 1, 0, 0, 0, 0], [0, 0, 0, 1, 1, 0, 0, 0, 6, 0, 0, 1, 0, 1], [0, 0, 0, 0, 1, 0, 0, 0, 1, 1, 0, 1, 0, 0], [0, 1, 1, 0, 1, 0, 0, 0, 0, 0, 3, 0, 0, 0], [0, 0, 0, 0, 3, 0, 0, 1, 2, 0, 0, 0, 0, 0], [0, 0, 0, 0, 0, 0, 0, 0, 1, 0, 0, 0, 5, 1], [0, 0, 0, 0, 2, 0, 0, 1, 0, 0, 0, 0, 1, 1]]","[[144, 94, 4, 2, 0, 0, 0, 0, 0, 0, 0, 0, 0, 0], [72, 97, 3, 1, 0, 0, 0, 1, 0, 0, 0, 0, 0, 0], [3, 2, 198, 11, 2, 0, 0, 0, 0, 0, 0, 0, 0, 0], [2, 0, 4, 35, 0, 0, 0, 0, 0, 0, 0, 0, 0, 0], [0, 0, 1, 2, 252, 0, 0, 0, 0, 0, 1, 1, 0, 0], [0, 0, 0, 1, 0, 6, 0, 0, 0, 0, 0, 1, 1, 0], [0, 0, 0, 0, 5, 0, 1, 0, 0, 0, 1, 1, 0, 0], [0, 1, 0, 0, 0, 1, 1, 9, 0, 0, 0, 0, 0, 1], [0, 0, 0, 1, 1, 0, 0, 0, 6, 1, 0, 1, 0, 0], [0, 0, 0, 0, 1, 0, 0, 0, 0, 2, 0, 1, 0, 0], [0, 0, 0, 0, 1, 1, 0, 1, 0, 0, 3, 0, 0, 0], [0, 1, 0, 0, 2, 0, 0, 1, 2, 0, 0, 0, 0, 0], [0, 0, 0, 2, 0, 0, 0, 1, 0, 0, 0, 0, 4, 0], [0, 0, 0, 0, 1, 0, 0, 3, 0, 0, 0, 0, 0, 1]]"
source_expansion_Faces_to_PetImages_to_GarbageDataset,hoeffding_tree,adwin,0.65,3,103042,0.236438004163414,0.17570321741779082,0.18554489323757362,0.506,0.236438004163414,0.17570321741779082,0.18554489323757362,0.65,0.74,0.624,0.18721980186075401,0.19042097733781868,0.17197576851832172,0.65,0.6699999999999999,3.0,"[[222, 12, 0, 0, 0, 2, 8, 0, 0, 0, 0, 0, 0, 0], [140, 17, 0, 0, 0, 5, 10, 0, 0, 2, 0, 0, 0, 0], [7, 17, 137, 4, 0, 4, 40, 0, 0, 7, 0, 0, 0, 0], [2, 13, 5, 10, 0, 3, 8, 0, 0, 0, 0, 0, 0, 0], [1, 7, 0, 2, 119, 80, 47, 0, 0, 1, 0, 0, 0, 0], [1, 5, 0, 0, 1, 1, 1, 0, 0, 0, 0, 0, 0, 0], [0, 2, 0, 0, 2, 3, 0, 0, 0, 1, 0, 0, 0, 0], [1, 3, 0, 1, 0, 6, 2, 0, 0, 0, 0, 0, 0, 0], [0, 3, 0, 0, 0, 4, 3, 0, 0, 0, 0, 0, 0, 0], [0, 0, 1, 0, 0, 2, 1, 0, 0, 0, 0, 0, 0, 0], [0, 2, 0, 0, 0, 4, 0, 0, 0, 0, 0, 0, 0, 0], [0, 1, 0, 0, 0, 4, 1, 0, 0, 0, 0, 0, 0, 0], [0, 3, 1, 0, 0, 1, 2, 0, 0, 0, 0, 0, 0, 0], [0, 3, 0, 0, 0, 1, 1, 0, 0, 0, 0, 0, 0, 0]]","[[208, 10, 13, 1, 12, 0, 0, 0, 0, 0, 0, 0, 0, 0], [130, 14, 13, 0, 17, 0, 0, 0, 0, 0, 0, 0, 0, 0], [10, 17, 173, 1, 15, 0, 0, 0, 0, 0, 0, 0, 0, 0], [1, 9, 16, 2, 13, 0, 0, 0, 0, 0, 0, 0, 0, 0], [1, 0, 29, 0, 227, 0, 0, 0, 0, 0, 0, 0, 0, 0], [0, 0, 0, 0, 9, 0, 0, 0, 0, 0, 0, 0, 0, 0], [0, 0, 1, 0, 7, 0, 0, 0, 0, 0, 0, 0, 0, 0], [0, 0, 1, 0, 12, 0, 0, 0, 0, 0, 0, 0, 0, 0], [0, 0, 2, 1, 7, 0, 0, 0, 0, 0, 0, 0, 0, 0], [0, 0, 2, 0, 2, 0, 0, 0, 0, 0, 0, 0, 0, 0], [0, 0, 0, 0, 6, 0, 0, 0, 0, 0, 0, 0, 0, 0], [0, 0, 1, 0, 5, 0, 0, 0, 0, 0, 0, 0, 0, 0], [0, 0, 2, 0, 5, 0, 0, 0, 0, 0, 0, 0, 0, 0], [0, 0, 1, 0, 4, 0, 0, 0, 0, 0, 0, 0, 0, 0]]"
source_expansion_Faces_to_PetImages_to_GarbageDataset,gaussian_nb,adwin,0.65,3,103042,0.5307928589221488,0.35113649263968005,0.38084375593233977,0.745,0.5307928589221488,0.35113649263968005,0.38084375593233977,0.5900000000000001,0.81,0.74,0.5288417485111337,0.3542288167989317,0.38600957541957265,0.5900000000000001,0.8200000000000001,1.0,"[[193, 51, 0, 0, 0, 0, 0, 0, 0, 0, 0, 0, 0, 0], [110, 64, 0, 0, 0, 0, 0, 0, 0, 0, 0, 0, 0, 0], [1, 5, 202, 8, 0, 0, 0, 0, 0, 0, 0, 0, 0, 0], [1, 4, 2, 34, 0, 0, 0, 0, 0, 0, 0, 0, 0, 0], [1, 10, 0, 5, 241, 0, 0, 0, 0, 0, 0, 0, 0, 0], [1, 5, 0, 0, 0, 2, 0, 0, 0, 0, 0, 0, 1, 0], [0, 1, 0, 1, 4, 0, 1, 1, 0, 0, 0, 0, 0, 0], [0, 9, 0, 0, 0, 0, 0, 4, 0, 0, 0, 0, 0, 0], [0, 4, 0, 0, 2, 0, 0, 0, 4, 0, 0, 0, 0, 0], [0, 2, 0, 1, 1, 0, 0, 0, 0, 0, 0, 0, 0, 0], [0, 5, 0, 0, 1, 0, 0, 0, 0, 0, 0, 0, 0, 0], [0, 5, 0, 0, 1, 0, 0, 0, 0, 0, 0, 0, 0, 0], [0, 5, 2, 0, 0, 0, 0, 0, 0, 0, 0, 0, 0, 0], [0, 4, 0, 0, 1, 0, 0, 0, 0, 0, 0, 0, 0, 0]]","[[180, 61, 3, 0, 0, 0, 0, 0, 0, 0, 0, 0, 0, 0], [97, 73, 4, 0, 0, 0, 0, 0, 0, 0, 0, 0, 0, 0], [1, 5, 209, 1, 0, 0, 0, 0, 0, 0, 0, 0, 0, 0], [1, 2, 9, 29, 0, 0, 0, 0, 0, 0, 0, 0, 0, 0], [0, 0, 15, 6, 236, 0, 0, 0, 0, 0, 0, 0, 0, 0], [0, 0, 6, 0, 0, 2, 0, 0, 0, 0, 0, 0, 1, 0], [0, 0, 3, 0, 3, 0, 1, 1, 0, 0, 0, 0, 0, 0], [0, 0, 7, 0, 0, 0, 0, 6, 0, 0, 0, 0, 0, 0], [0, 0, 4, 1, 1, 0, 0, 0, 4, 0, 0, 0, 0, 0], [0, 0, 4, 0, 0, 0, 0, 0, 0, 0, 0, 0, 0, 0], [0, 0, 5, 0, 1, 0, 0, 0, 0, 0, 0, 0, 0, 0], [0, 0, 5, 0, 1, 0, 0, 0, 0, 0, 0, 0, 0, 0], [0, 0, 7, 0, 0, 0, 0, 0, 0, 0, 0, 0, 0, 0], [0, 0, 3, 0, 1, 0, 0, 1, 0, 0, 0, 0, 0, 0]]"
source_expansion_Faces_to_PetImages_to_GarbageDataset,logistic_regression,page_hinkley,0.65,3,103042,0.5657314033247872,0.5390653169069729,0.5480860970576046,0.771,0.5657314033247872,0.5390653169069729,0.5480860970576046,0.56,0.91,0.715,0.4007225993143911,0.4383858692929098,0.4168715812001919,0.56,0.78,2.0,"[[148, 89, 4, 2, 0, 0, 1, 0, 0, 0, 0, 0, 0, 0], [77, 94, 2, 0, 0, 0, 0, 0, 1, 0, 0, 0, 0, 0], [0, 1, 211, 3, 1, 0, 0, 0, 0, 0, 0, 0, 0, 0], [1, 1, 3, 35, 0, 0, 0, 1, 0, 0, 0, 0, 0, 0], [0, 0, 0, 2, 252, 0, 1, 0, 0, 2, 0, 0, 0, 0], [0, 1, 0, 0, 1, 5, 0, 0, 0, 0, 0, 0, 1, 1], [0, 0, 1, 0, 5, 0, 0, 1, 0, 0, 1, 0, 0, 0], [1, 0, 0, 0, 0, 1, 0, 10, 0, 1, 0, 0, 0, 0], [0, 0, 0, 1, 1, 0, 0, 0, 6, 0, 0, 1, 0, 1], [0, 0, 0, 0, 1, 0, 0, 0, 1, 1, 0, 1, 0, 0], [0, 1, 1, 0, 1, 0, 0, 0, 0, 0, 3, 0, 0, 0], [0, 0, 0, 0, 3, 0, 0, 1, 2, 0, 0, 0, 0, 0], [0, 0, 0, 0, 0, 0, 0, 0, 1, 0, 0, 0, 5, 1], [0, 0, 0, 0, 2, 0, 0, 1, 0, 0, 0, 0, 1, 1]]","[[149, 90, 4, 1, 0, 0, 0, 0, 0, 0, 0, 0, 0, 0], [80, 91, 2, 0, 1, 0, 0, 0, 0, 0, 0, 0, 0, 0], [1, 4, 202, 7, 2, 0, 0, 0, 0, 0, 0, 0, 0, 0], [3, 2, 2, 33, 0, 0, 1, 0, 0, 0, 0, 0, 0, 0], [1, 2, 3, 5, 218, 3, 7, 3, 3, 4, 0, 3, 3, 2], [1, 0, 0, 0, 0, 5, 0, 0, 0, 0, 0, 0, 0, 3], [0, 0, 0, 1, 2, 1, 0, 1, 1, 0, 1, 1, 0, 0], [1, 1, 0, 1, 0, 1, 0, 7, 0, 0, 0, 0, 0, 2], [0, 0, 0, 2, 1, 0, 0, 0, 5, 0, 0, 1, 0, 1], [0, 0, 0, 0, 1, 0, 0, 0, 2, 1, 0, 0, 0, 0], [0, 0, 1, 0, 1, 0, 0, 3, 0, 0, 0, 0, 0, 1], [0, 0, 1, 0, 3, 0, 0, 0, 2, 0, 0, 0, 0, 0], [0, 0, 0, 0, 0, 0, 0, 2, 0, 0, 0, 1, 4, 0], [2, 0, 0, 1, 0, 0, 0, 0, 0, 0, 0, 0, 2, 0]]"
source_expansion_Faces_to_PetImages_to_GarbageDataset,hoeffding_tree,page_hinkley,0.65,3,103042,0.236438004163414,0.17570321741779082,0.18554489323757362,0.506,0.236438004163414,0.17570321741779082,0.18554489323757362,0.65,0.74,0.615,0.18715113573107095,0.19206770801753364,0.17573695902969108,0.65,0.6699999999999999,3.0,"[[222, 12, 0, 0, 0, 2, 8, 0, 0, 0, 0, 0, 0, 0], [140, 17, 0, 0, 0, 5, 10, 0, 0, 2, 0, 0, 0, 0], [7, 17, 137, 4, 0, 4, 40, 0, 0, 7, 0, 0, 0, 0], [2, 13, 5, 10, 0, 3, 8, 0, 0, 0, 0, 0, 0, 0], [1, 7, 0, 2, 119, 80, 47, 0, 0, 1, 0, 0, 0, 0], [1, 5, 0, 0, 1, 1, 1, 0, 0, 0, 0, 0, 0, 0], [0, 2, 0, 0, 2, 3, 0, 0, 0, 1, 0, 0, 0, 0], [1, 3, 0, 1, 0, 6, 2, 0, 0, 0, 0, 0, 0, 0], [0, 3, 0, 0, 0, 4, 3, 0, 0, 0, 0, 0, 0, 0], [0, 0, 1, 0, 0, 2, 1, 0, 0, 0, 0, 0, 0, 0], [0, 2, 0, 0, 0, 4, 0, 0, 0, 0, 0, 0, 0, 0], [0, 1, 0, 0, 0, 4, 1, 0, 0, 0, 0, 0, 0, 0], [0, 3, 1, 0, 0, 1, 2, 0, 0, 0, 0, 0, 0, 0], [0, 3, 0, 0, 0, 1, 1, 0, 0, 0, 0, 0, 0, 0]]","[[204, 9, 20, 0, 11, 0, 0, 0, 0, 0, 0, 0, 0, 0], [127, 13, 17, 0, 17, 0, 0, 0, 0, 0, 0, 0, 0, 0], [8, 17, 172, 7, 12, 0, 0, 0, 0, 0, 0, 0, 0, 0], [2, 3, 19, 5, 12, 0, 0, 0, 0, 0, 0, 0, 0, 0], [1, 0, 35, 0, 221, 0, 0, 0, 0, 0, 0, 0, 0, 0], [0, 0, 0, 0, 9, 0, 0, 0, 0, 0, 0, 0, 0, 0], [0, 0, 1, 0, 7, 0, 0, 0, 0, 0, 0, 0, 0, 0], [0, 0, 1, 0, 12, 0, 0, 0, 0, 0, 0, 0, 0, 0], [0, 0, 3, 0, 7, 0, 0, 0, 0, 0, 0, 0, 0, 0], [0, 0, 2, 0, 2, 0, 0, 0, 0, 0, 0, 0, 0, 0], [0, 0, 0, 0, 6, 0, 0, 0, 0, 0, 0, 0, 0, 0], [0, 0, 1, 0, 5, 0, 0, 0, 0, 0, 0, 0, 0, 0], [0, 0, 2, 0, 5, 0, 0, 0, 0, 0, 0, 0, 0, 0], [0, 0, 1, 0, 4, 0, 0, 0, 0, 0, 0, 0, 0, 0]]"
source_expansion_Faces_to_PetImages_to_GarbageDataset,gaussian_nb,page_hinkley,0.65,3,103042,0.5307928589221488,0.35113649263968005,0.38084375593233977,0.745,0.5307928589221488,0.35113649263968005,0.38084375593233977,0.5900000000000001,0.81,0.732,0.4403606120646794,0.30743103899281055,0.32604352372777884,0.5900000000000001,0.84,2.0,"[[193, 51, 0, 0, 0, 0, 0, 0, 0, 0, 0, 0, 0, 0], [110, 64, 0, 0, 0, 0, 0, 0, 0, 0, 0, 0, 0, 0], [1, 5, 202, 8, 0, 0, 0, 0, 0, 0, 0, 0, 0, 0], [1, 4, 2, 34, 0, 0, 0, 0, 0, 0, 0, 0, 0, 0], [1, 10, 0, 5, 241, 0, 0, 0, 0, 0, 0, 0, 0, 0], [1, 5, 0, 0, 0, 2, 0, 0, 0, 0, 0, 0, 1, 0], [0, 1, 0, 1, 4, 0, 1, 1, 0, 0, 0, 0, 0, 0], [0, 9, 0, 0, 0, 0, 0, 4, 0, 0, 0, 0, 0, 0], [0, 4, 0, 0, 2, 0, 0, 0, 4, 0, 0, 0, 0, 0], [0, 2, 0, 1, 1, 0, 0, 0, 0, 0, 0, 0, 0, 0], [0, 5, 0, 0, 1, 0, 0, 0, 0, 0, 0, 0, 0, 0], [0, 5, 0, 0, 1, 0, 0, 0, 0, 0, 0, 0, 0, 0], [0, 5, 2, 0, 0, 0, 0, 0, 0, 0, 0, 0, 0, 0], [0, 4, 0, 0, 1, 0, 0, 0, 0, 0, 0, 0, 0, 0]]","[[180, 59, 4, 0, 1, 0, 0, 0, 0, 0, 0, 0, 0, 0], [96, 71, 4, 0, 3, 0, 0, 0, 0, 0, 0, 0, 0, 0], [1, 4, 201, 6, 4, 0, 0, 0, 0, 0, 0, 0, 0, 0], [1, 1, 9, 25, 5, 0, 0, 0, 0, 0, 0, 0, 0, 0], [1, 0, 1, 7, 248, 0, 0, 0, 0, 0, 0, 0, 0, 0], [0, 0, 0, 1, 6, 2, 0, 0, 0, 0, 0, 0, 0, 0], [0, 0, 1, 1, 5, 0, 0, 1, 0, 0, 0, 0, 0, 0], [0, 0, 4, 0, 6, 0, 0, 3, 0, 0, 0, 0, 0, 0], [0, 0, 3, 1, 4, 0, 0, 0, 2, 0, 0, 0, 0, 0], [0, 0, 1, 1, 2, 0, 0, 0, 0, 0, 0, 0, 0, 0], [0, 0, 2, 0, 4, 0, 0, 0, 0, 0, 0, 0, 0, 0], [0, 0, 3, 0, 3, 0, 0, 0, 0, 0, 0, 0, 0, 0], [0, 0, 0, 2, 5, 0, 0, 0, 0, 0, 0, 0, 0, 0], [0, 0, 1, 1, 3, 0, 0, 0, 0, 0, 0, 0, 0, 0]]"
source_expansion_Faces_to_PetImages_to_GarbageDataset,logistic_regression,hddm_w,0.65,3,103042,0.5657314033247872,0.5390653169069729,0.5480860970576046,0.771,0.5657314033247872,0.5390653169069729,0.5480860970576046,0.56,0.91,0.771,0.5657314033247872,0.5390653169069729,0.5480860970576046,0.56,0.91,0.0,"[[148, 89, 4, 2, 0, 0, 1, 0, 0, 0, 0, 0, 0, 0], [77, 94, 2, 0, 0, 0, 0, 0, 1, 0, 0, 0, 0, 0], [0, 1, 211, 3, 1, 0, 0, 0, 0, 0, 0, 0, 0, 0], [1, 1, 3, 35, 0, 0, 0, 1, 0, 0, 0, 0, 0, 0], [0, 0, 0, 2, 252, 0, 1, 0, 0, 2, 0, 0, 0, 0], [0, 1, 0, 0, 1, 5, 0, 0, 0, 0, 0, 0, 1, 1], [0, 0, 1, 0, 5, 0, 0, 1, 0, 0, 1, 0, 0, 0], [1, 0, 0, 0, 0, 1, 0, 10, 0, 1, 0, 0, 0, 0], [0, 0, 0, 1, 1, 0, 0, 0, 6, 0, 0, 1, 0, 1], [0, 0, 0, 0, 1, 0, 0, 0, 1, 1, 0, 1, 0, 0], [0, 1, 1, 0, 1, 0, 0, 0, 0, 0, 3, 0, 0, 0], [0, 0, 0, 0, 3, 0, 0, 1, 2, 0, 0, 0, 0, 0], [0, 0, 0, 0, 0, 0, 0, 0, 1, 0, 0, 0, 5, 1], [0, 0, 0, 0, 2, 0, 0, 1, 0, 0, 0, 0, 1, 1]]","[[148, 89, 4, 2, 0, 0, 1, 0, 0, 0, 0, 0, 0, 0], [77, 94, 2, 0, 0, 0, 0, 0, 1, 0, 0, 0, 0, 0], [0, 1, 211, 3, 1, 0, 0, 0, 0, 0, 0, 0, 0, 0], [1, 1, 3, 35, 0, 0, 0, 1, 0, 0, 0, 0, 0, 0], [0, 0, 0, 2, 252, 0, 1, 0, 0, 2, 0, 0, 0, 0], [0, 1, 0, 0, 1, 5, 0, 0, 0, 0, 0, 0, 1, 1], [0, 0, 1, 0, 5, 0, 0, 1, 0, 0, 1, 0, 0, 0], [1, 0, 0, 0, 0, 1, 0, 10, 0, 1, 0, 0, 0, 0], [0, 0, 0, 1, 1, 0, 0, 0, 6, 0, 0, 1, 0, 1], [0, 0, 0, 0, 1, 0, 0, 0, 1, 1, 0, 1, 0, 0], [0, 1, 1, 0, 1, 0, 0, 0, 0, 0, 3, 0, 0, 0], [0, 0, 0, 0, 3, 0, 0, 1, 2, 0, 0, 0, 0, 0], [0, 0, 0, 0, 0, 0, 0, 0, 1, 0, 0, 0, 5, 1], [0, 0, 0, 0, 2, 0, 0, 1, 0, 0, 0, 0, 1, 1]]"
source_expansion_Faces_to_PetImages_to_GarbageDataset,hoeffding_tree,hddm_w,0.65,3,103042,0.236438004163414,0.17570321741779082,0.18554489323757362,0.506,0.236438004163414,0.17570321741779082,0.18554489323757362,0.65,0.74,0.509,0.1876631795323776,0.16866298760014842,0.1607894037115863,0.65,0.75,1.0,"[[222, 12, 0, 0, 0, 2, 8, 0, 0, 0, 0, 0, 0, 0], [140, 17, 0, 0, 0, 5, 10, 0, 0, 2, 0, 0, 0, 0], [7, 17, 137, 4, 0, 4, 40, 0, 0, 7, 0, 0, 0, 0], [2, 13, 5, 10, 0, 3, 8, 0, 0, 0, 0, 0, 0, 0], [1, 7, 0, 2, 119, 80, 47, 0, 0, 1, 0, 0, 0, 0], [1, 5, 0, 0, 1, 1, 1, 0, 0, 0, 0, 0, 0, 0], [0, 2, 0, 0, 2, 3, 0, 0, 0, 1, 0, 0, 0, 0], [1, 3, 0, 1, 0, 6, 2, 0, 0, 0, 0, 0, 0, 0], [0, 3, 0, 0, 0, 4, 3, 0, 0, 0, 0, 0, 0, 0], [0, 0, 1, 0, 0, 2, 1, 0, 0, 0, 0, 0, 0, 0], [0, 2, 0, 0, 0, 4, 0, 0, 0, 0, 0, 0, 0, 0], [0, 1, 0, 0, 0, 4, 1, 0, 0, 0, 0, 0, 0, 0], [0, 3, 1, 0, 0, 1, 2, 0, 0, 0, 0, 0, 0, 0], [0, 3, 0, 0, 0, 1, 1, 0, 0, 0, 0, 0, 0, 0]]","[[219, 13, 8, 0, 0, 0, 4, 0, 0, 0, 0, 0, 0, 0], [138, 18, 11, 0, 0, 0, 5, 0, 0, 2, 0, 0, 0, 0], [7, 17, 159, 4, 0, 0, 22, 0, 0, 7, 0, 0, 0, 0], [2, 12, 12, 9, 0, 0, 6, 0, 0, 0, 0, 0, 0, 0], [0, 1, 138, 4, 104, 0, 9, 0, 0, 1, 0, 0, 0, 0], [0, 1, 3, 4, 1, 0, 0, 0, 0, 0, 0, 0, 0, 0], [0, 0, 5, 0, 2, 0, 0, 0, 0, 1, 0, 0, 0, 0], [0, 1, 11, 0, 0, 0, 1, 0, 0, 0, 0, 0, 0, 0], [0, 1, 6, 1, 1, 0, 1, 0, 0, 0, 0, 0, 0, 0], [0, 0, 4, 0, 0, 0, 0, 0, 0, 0, 0, 0, 0, 0], [0, 1, 5, 0, 0, 0, 0, 0, 0, 0, 0, 0, 0, 0], [0, 0, 6, 0, 0, 0, 0, 0, 0, 0, 0, 0, 0, 0], [0, 0, 6, 0, 0, 0, 1, 0, 0, 0, 0, 0, 0, 0], [0, 0, 2, 2, 1, 0, 0, 0, 0, 0, 0, 0, 0, 0]]"
source_expansion_Faces_to_PetImages_to_GarbageDataset,gaussian_nb,hddm_w,0.65,3,103042,0.5307928589221488,0.35113649263968005,0.38084375593233977,0.745,0.5307928589221488,0.35113649263968005,0.38084375593233977,0.5900000000000001,0.81,0.742,0.5692258036342003,0.3775546953826952,0.41768508220610995,0.5900000000000001,0.87,2.0,"[[193, 51, 0, 0, 0, 0, 0, 0, 0, 0, 0, 0, 0, 0], [110, 64, 0, 0, 0, 0, 0, 0, 0, 0, 0, 0, 0, 0], [1, 5, 202, 8, 0, 0, 0, 0, 0, 0, 0, 0, 0, 0], [1, 4, 2, 34, 0, 0, 0, 0, 0, 0, 0, 0, 0, 0], [1, 10, 0, 5, 241, 0, 0, 0, 0, 0, 0, 0, 0, 0], [1, 5, 0, 0, 0, 2, 0, 0, 0, 0, 0, 0, 1, 0], [0, 1, 0, 1, 4, 0, 1, 1, 0, 0, 0, 0, 0, 0], [0, 9, 0, 0, 0, 0, 0, 4, 0, 0, 0, 0, 0, 0], [0, 4, 0, 0, 2, 0, 0, 0, 4, 0, 0, 0, 0, 0], [0, 2, 0, 1, 1, 0, 0, 0, 0, 0, 0, 0, 0, 0], [0, 5, 0, 0, 1, 0, 0, 0, 0, 0, 0, 0, 0, 0], [0, 5, 0, 0, 1, 0, 0, 0, 0, 0, 0, 0, 0, 0], [0, 5, 2, 0, 0, 0, 0, 0, 0, 0, 0, 0, 0, 0], [0, 4, 0, 0, 1, 0, 0, 0, 0, 0, 0, 0, 0, 0]]","[[183, 58, 3, 0, 0, 0, 0, 0, 0, 0, 0, 0, 0, 0], [102, 69, 3, 0, 0, 0, 0, 0, 0, 0, 0, 0, 0, 0], [3, 7, 202, 4, 0, 0, 0, 0, 0, 0, 0, 0, 0, 0], [2, 1, 12, 26, 0, 0, 0, 0, 0, 0, 0, 0, 0, 0], [0, 0, 10, 2, 245, 0, 0, 0, 0, 0, 0, 0, 0, 0], [0, 0, 5, 0, 0, 3, 0, 0, 0, 0, 0, 0, 1, 0], [0, 0, 2, 0, 4, 0, 1, 1, 0, 0, 0, 0, 0, 0], [0, 0, 5, 0, 0, 0, 0, 8, 0, 0, 0, 0, 0, 0], [0, 0, 3, 0, 3, 0, 0, 0, 4, 0, 0, 0, 0, 0], [0, 0, 4, 0, 0, 0, 0, 0, 0, 0, 0, 0, 0, 0], [0, 0, 5, 0, 1, 0, 0, 0, 0, 0, 0, 0, 0, 0], [0, 0, 5, 0, 1, 0, 0, 0, 0, 0, 0, 0, 0, 0], [0, 0, 6, 0, 0, 0, 0, 0, 0, 0, 0, 0, 1, 0], [0, 0, 3, 0, 1, 0, 0, 1, 0, 0, 0, 0, 0, 0]]"
source_expansion_Faces_to_PetImages_to_GarbageDataset,logistic_regression,kswin,0.65,4,104042,0.5810676538668493,0.5520304050995566,0.5628950859569075,0.775,0.5810676538668493,0.5520304050995566,0.5628950859569075,0.56,0.9,0.775,0.5810676538668493,0.5520304050995566,0.5628950859569075,0.56,0.9,0.0,"[[148, 79, 3, 5, 0, 0, 0, 0, 0, 0, 0, 0, 0, 0], [64, 75, 2, 3, 0, 0, 0, 0, 0, 0, 0, 0, 1, 0], [2, 1, 212, 3, 0, 1, 0, 0, 0, 0, 0, 0, 0, 0], [0, 1, 5, 43, 0, 0, 0, 1, 0, 0, 0, 0, 0, 0], [1, 0, 0, 0, 257, 0, 0, 0, 0, 0, 1, 1, 0, 0], [0, 0, 1, 0, 1, 9, 0, 0, 0, 0, 0, 0, 0, 1], [0, 0, 0, 0, 5, 1, 4, 1, 0, 0, 0, 1, 0, 0], [1, 0, 0, 0, 1, 0, 1, 4, 0, 0, 1, 0, 0, 0], [0, 0, 0, 0, 1, 0, 1, 0, 3, 1, 0, 2, 0, 0], [0, 1, 0, 0, 3, 1, 2, 1, 0, 0, 0, 1, 0, 0], [0, 0, 0, 1, 2, 0, 2, 0, 0, 1, 1, 0, 0, 2], [0, 0, 0, 0, 2, 0, 0, 0, 2, 1, 0, 4, 0, 1], [0, 0, 1, 1, 0, 0, 0, 0, 1, 0, 0, 0, 9, 0], [0, 0, 1, 1, 1, 0, 0, 0, 0, 0, 1, 0, 1, 6]]","[[148, 79, 3, 5, 0, 0, 0, 0, 0, 0, 0, 0, 0, 0], [64, 75, 2, 3, 0, 0, 0, 0, 0, 0, 0, 0, 1, 0], [2, 1, 212, 3, 0, 1, 0, 0, 0, 0, 0, 0, 0, 0], [0, 1, 5, 43, 0, 0, 0, 1, 0, 0, 0, 0, 0, 0], [1, 0, 0, 0, 257, 0, 0, 0, 0, 0, 1, 1, 0, 0], [0, 0, 1, 0, 1, 9, 0, 0, 0, 0, 0, 0, 0, 1], [0, 0, 0, 0, 5, 1, 4, 1, 0, 0, 0, 1, 0, 0], [1, 0, 0, 0, 1, 0, 1, 4, 0, 0, 1, 0, 0, 0], [0, 0, 0, 0, 1, 0, 1, 0, 3, 1, 0, 2, 0, 0], [0, 1, 0, 0, 3, 1, 2, 1, 0, 0, 0, 1, 0, 0], [0, 0, 0, 1, 2, 0, 2, 0, 0, 1, 1, 0, 0, 2], [0, 0, 0, 0, 2, 0, 0, 0, 2, 1, 0, 4, 0, 1], [0, 0, 1, 1, 0, 0, 0, 0, 1, 0, 0, 0, 9, 0], [0, 0, 1, 1, 1, 0, 0, 0, 0, 0, 1, 0, 1, 6]]"
source_expansion_Faces_to_PetImages_to_GarbageDataset,hoeffding_tree,kswin,0.65,4,104042,0.2457945593358454,0.20372324052293198,0.20264897728215497,0.535,0.2457945593358454,0.20372324052293198,0.20264897728215497,0.5700000000000001,0.75,0.596,0.14135586697274133,0.17880561742535228,0.15182237041149912,0.5700000000000001,0.7,4.0,"[[215, 11, 0, 0, 2, 1, 2, 1, 1, 2, 0, 0, 0, 0], [126, 12, 0, 0, 1, 0, 1, 1, 0, 0, 4, 0, 0, 0], [65, 0, 115, 5, 14, 12, 0, 0, 1, 3, 4, 0, 0, 0], [18, 7, 1, 19, 0, 0, 1, 0, 0, 2, 2, 0, 0, 0], [5, 4, 0, 0, 171, 3, 32, 1, 25, 10, 9, 0, 0, 0], [2, 4, 0, 0, 1, 1, 0, 0, 3, 1, 0, 0, 0, 0], [3, 3, 0, 0, 2, 0, 1, 1, 2, 0, 0, 0, 0, 0], [3, 2, 0, 0, 0, 0, 2, 0, 0, 1, 0, 0, 0, 0], [4, 2, 0, 0, 0, 0, 1, 0, 1, 0, 0, 0, 0, 0], [0, 2, 1, 0, 2, 0, 2, 0, 1, 0, 1, 0, 0, 0], [4, 1, 0, 0, 2, 0, 1, 0, 0, 1, 0, 0, 0, 0], [5, 2, 0, 0, 0, 0, 1, 0, 0, 1, 1, 0, 0, 0], [6, 3, 0, 0, 0, 0, 2, 0, 0, 0, 1, 0, 0, 0], [6, 3, 0, 0, 0, 0, 0, 0, 0, 2, 0, 0, 0, 0]]","[[180, 11, 33, 0, 11, 0, 0, 0, 0, 0, 0, 0, 0, 0], [105, 3, 29, 0, 8, 0, 0, 0, 0, 0, 0, 0, 0, 0], [29, 2, 178, 0, 10, 0, 0, 0, 0, 0, 0, 0, 0, 0], [6, 1, 33, 0, 10, 0, 0, 0, 0, 0, 0, 0, 0, 0], [1, 0, 24, 0, 235, 0, 0, 0, 0, 0, 0, 0, 0, 0], [0, 0, 3, 0, 9, 0, 0, 0, 0, 0, 0, 0, 0, 0], [0, 0, 0, 0, 12, 0, 0, 0, 0, 0, 0, 0, 0, 0], [0, 0, 0, 0, 8, 0, 0, 0, 0, 0, 0, 0, 0, 0], [0, 0, 0, 0, 8, 0, 0, 0, 0, 0, 0, 0, 0, 0], [0, 0, 1, 0, 8, 0, 0, 0, 0, 0, 0, 0, 0, 0], [0, 0, 2, 0, 7, 0, 0, 0, 0, 0, 0, 0, 0, 0], [0, 0, 2, 0, 8, 0, 0, 0, 0, 0, 0, 0, 0, 0], [0, 0, 1, 0, 11, 0, 0, 0, 0, 0, 0, 0, 0, 0], [0, 0, 2, 0, 9, 0, 0, 0, 0, 0, 0, 0, 0, 0]]"
source_expansion_Faces_to_PetImages_to_GarbageDataset,gaussian_nb,kswin,0.65,4,104042,0.6437956258866457,0.44177636126937125,0.49071753127721074,0.744,0.6437956258866457,0.44177636126937125,0.49071753127721074,0.54,0.84,0.744,0.6437956258866457,0.44177636126937125,0.49071753127721074,0.54,0.84,0.0,"[[170, 65, 0, 0, 0, 0, 0, 0, 0, 0, 0, 0, 0, 0], [82, 63, 0, 0, 0, 0, 0, 0, 0, 0, 0, 0, 0, 0], [5, 4, 202, 8, 0, 0, 0, 0, 0, 0, 0, 0, 0, 0], [0, 6, 2, 42, 0, 0, 0, 0, 0, 0, 0, 0, 0, 0], [3, 5, 0, 4, 242, 0, 4, 0, 1, 0, 1, 0, 0, 0], [2, 3, 0, 1, 0, 6, 0, 0, 0, 0, 0, 0, 0, 0], [2, 3, 0, 0, 2, 0, 5, 0, 0, 0, 0, 0, 0, 0], [1, 4, 0, 0, 0, 0, 1, 2, 0, 0, 0, 0, 0, 0], [1, 2, 1, 0, 0, 0, 0, 0, 2, 1, 0, 1, 0, 0], [1, 3, 0, 0, 2, 0, 2, 0, 0, 1, 0, 0, 0, 0], [2, 0, 0, 1, 3, 0, 1, 0, 0, 0, 0, 0, 0, 2], [2, 1, 0, 0, 2, 0, 0, 0, 1, 2, 0, 2, 0, 0], [6, 2, 0, 0, 0, 0, 0, 0, 0, 0, 0, 0, 4, 0], [3, 2, 0, 0, 1, 0, 1, 0, 0, 1, 0, 0, 0, 3]]","[[170, 65, 0, 0, 0, 0, 0, 0, 0, 0, 0, 0, 0, 0], [82, 63, 0, 0, 0, 0, 0, 0, 0, 0, 0, 0, 0, 0], [5, 4, 202, 8, 0, 0, 0, 0, 0, 0, 0, 0, 0, 0], [0, 6, 2, 42, 0, 0, 0, 0, 0, 0, 0, 0, 0, 0], [3, 5, 0, 4, 242, 0, 4, 0, 1, 0, 1, 0, 0, 0], [2, 3, 0, 1, 0, 6, 0, 0, 0, 0, 0, 0, 0, 0], [2, 3, 0, 0, 2, 0, 5, 0, 0, 0, 0, 0, 0, 0], [1, 4, 0, 0, 0, 0, 1, 2, 0, 0, 0, 0, 0, 0], [1, 2, 1, 0, 0, 0, 0, 0, 2, 1, 0, 1, 0, 0], [1, 3, 0, 0, 2, 0, 2, 0, 0, 1, 0, 0, 0, 0], [2, 0, 0, 1, 3, 0, 1, 0, 0, 0, 0, 0, 0, 2], [2, 1, 0, 0, 2, 0, 0, 0, 1, 2, 0, 2, 0, 0], [6, 2, 0, 0, 0, 0, 0, 0, 0, 0, 0, 0, 4, 0], [3, 2, 0, 0, 1, 0, 1, 0, 0, 1, 0, 0, 0, 3]]"
source_expansion_Faces_to_PetImages_to_GarbageDataset,logistic_regression,adwin,0.65,4,104042,0.5810676538668493,0.5520304050995566,0.5628950859569075,0.775,0.5810676538668493,0.5520304050995566,0.5628950859569075,0.56,0.9,0.736,0.5398410382463753,0.4997737076812996,0.5142091791016309,0.56,0.86,1.0,"[[148, 79, 3, 5, 0, 0, 0, 0, 0, 0, 0, 0, 0, 0], [64, 75, 2, 3, 0, 0, 0, 0, 0, 0, 0, 0, 1, 0], [2, 1, 212, 3, 0, 1, 0, 0, 0, 0, 0, 0, 0, 0], [0, 1, 5, 43, 0, 0, 0, 1, 0, 0, 0, 0, 0, 0], [1, 0, 0, 0, 257, 0, 0, 0, 0, 0, 1, 1, 0, 0], [0, 0, 1, 0, 1, 9, 0, 0, 0, 0, 0, 0, 0, 1], [0, 0, 0, 0, 5, 1, 4, 1, 0, 0, 0, 1, 0, 0], [1, 0, 0, 0, 1, 0, 1, 4, 0, 0, 1, 0, 0, 0], [0, 0, 0, 0, 1, 0, 1, 0, 3, 1, 0, 2, 0, 0], [0, 1, 0, 0, 3, 1, 2, 1, 0, 0, 0, 1, 0, 0], [0, 0, 0, 1, 2, 0, 2, 0, 0, 1, 1, 0, 0, 2], [0, 0, 0, 0, 2, 0, 0, 0, 2, 1, 0, 4, 0, 1], [0, 0, 1, 1, 0, 0, 0, 0, 1, 0, 0, 0, 9, 0], [0, 0, 1, 1, 1, 0, 0, 0, 0, 0, 1, 0, 1, 6]]","[[140, 86, 4, 5, 0, 0, 0, 0, 0, 0, 0, 0, 0, 0], [68, 72, 2, 3, 0, 0, 0, 0, 0, 0, 0, 0, 0, 0], [8, 3, 194, 13, 1, 0, 0, 0, 0, 0, 0, 0, 0, 0], [1, 2, 5, 42, 0, 0, 0, 0, 0, 0, 0, 0, 0, 0], [0, 0, 0, 1, 254, 1, 0, 0, 1, 0, 2, 1, 0, 0], [1, 0, 0, 1, 1, 7, 1, 0, 0, 0, 0, 0, 0, 1], [0, 0, 0, 0, 3, 1, 4, 1, 0, 1, 1, 1, 0, 0], [0, 1, 0, 1, 1, 0, 2, 3, 0, 0, 0, 0, 0, 0], [0, 0, 0, 1, 1, 0, 1, 0, 2, 1, 0, 2, 0, 0], [1, 1, 0, 0, 3, 1, 0, 1, 1, 1, 0, 0, 0, 0], [0, 0, 0, 1, 2, 0, 2, 0, 0, 1, 1, 0, 0, 2], [0, 0, 0, 0, 2, 0, 0, 0, 2, 1, 0, 4, 0, 1], [0, 0, 0, 0, 1, 0, 0, 1, 2, 0, 1, 0, 7, 0], [0, 0, 0, 1, 1, 1, 0, 0, 0, 0, 1, 0, 2, 5]]"
source_expansion_Faces_to_PetImages_to_GarbageDataset,hoeffding_tree,adwin,0.65,4,104042,0.2457945593358454,0.20372324052293198,0.20264897728215497,0.535,0.2457945593358454,0.20372324052293198,0.20264897728215497,0.5700000000000001,0.75,0.584,0.17591516139296587,0.1797127693996004,0.16134372085803264,0.5700000000000001,0.7,3.0,"[[215, 11, 0, 0, 2, 1, 2, 1, 1, 2, 0, 0, 0, 0], [126, 12, 0, 0, 1, 0, 1, 1, 0, 0, 4, 0, 0, 0], [65, 0, 115, 5, 14, 12, 0, 0, 1, 3, 4, 0, 0, 0], [18, 7, 1, 19, 0, 0, 1, 0, 0, 2, 2, 0, 0, 0], [5, 4, 0, 0, 171, 3, 32, 1, 25, 10, 9, 0, 0, 0], [2, 4, 0, 0, 1, 1, 0, 0, 3, 1, 0, 0, 0, 0], [3, 3, 0, 0, 2, 0, 1, 1, 2, 0, 0, 0, 0, 0], [3, 2, 0, 0, 0, 0, 2, 0, 0, 1, 0, 0, 0, 0], [4, 2, 0, 0, 0, 0, 1, 0, 1, 0, 0, 0, 0, 0], [0, 2, 1, 0, 2, 0, 2, 0, 1, 0, 1, 0, 0, 0], [4, 1, 0, 0, 2, 0, 1, 0, 0, 1, 0, 0, 0, 0], [5, 2, 0, 0, 0, 0, 1, 0, 0, 1, 1, 0, 0, 0], [6, 3, 0, 0, 0, 0, 2, 0, 0, 0, 1, 0, 0, 0], [6, 3, 0, 0, 0, 0, 0, 0, 0, 2, 0, 0, 0, 0]]","[[196, 11, 14, 0, 14, 0, 0, 0, 0, 0, 0, 0, 0, 0], [113, 5, 12, 3, 11, 0, 0, 0, 0, 0, 0, 1, 0, 0], [59, 4, 130, 2, 23, 0, 0, 0, 0, 0, 0, 1, 0, 0], [13, 2, 17, 5, 12, 0, 0, 0, 0, 0, 0, 1, 0, 0], [1, 0, 7, 2, 248, 0, 1, 0, 0, 0, 0, 1, 0, 0], [0, 0, 2, 0, 10, 0, 0, 0, 0, 0, 0, 0, 0, 0], [0, 0, 0, 0, 11, 0, 0, 0, 0, 0, 0, 0, 1, 0], [0, 0, 0, 0, 8, 0, 0, 0, 0, 0, 0, 0, 0, 0], [0, 0, 0, 0, 8, 0, 0, 0, 0, 0, 0, 0, 0, 0], [0, 0, 0, 1, 8, 0, 0, 0, 0, 0, 0, 0, 0, 0], [0, 0, 1, 0, 8, 0, 0, 0, 0, 0, 0, 0, 0, 0], [0, 0, 0, 0, 10, 0, 0, 0, 0, 0, 0, 0, 0, 0], [1, 0, 1, 0, 10, 0, 0, 0, 0, 0, 0, 0, 0, 0], [0, 0, 0, 0, 11, 0, 0, 0, 0, 0, 0, 0, 0, 0]]"
source_expansion_Faces_to_PetImages_to_GarbageDataset,gaussian_nb,adwin,0.65,4,104042,0.6437956258866457,0.44177636126937125,0.49071753127721074,0.744,0.6437956258866457,0.44177636126937125,0.49071753127721074,0.54,0.84,0.724,0.6582549150536471,0.4101735649594924,0.4706308665964505,0.54,0.81,1.0,"[[170, 65, 0, 0, 0, 0, 0, 0, 0, 0, 0, 0, 0, 0], [82, 63, 0, 0, 0, 0, 0, 0, 0, 0, 0, 0, 0, 0], [5, 4, 202, 8, 0, 0, 0, 0, 0, 0, 0, 0, 0, 0], [0, 6, 2, 42, 0, 0, 0, 0, 0, 0, 0, 0, 0, 0], [3, 5, 0, 4, 242, 0, 4, 0, 1, 0, 1, 0, 0, 0], [2, 3, 0, 1, 0, 6, 0, 0, 0, 0, 0, 0, 0, 0], [2, 3, 0, 0, 2, 0, 5, 0, 0, 0, 0, 0, 0, 0], [1, 4, 0, 0, 0, 0, 1, 2, 0, 0, 0, 0, 0, 0], [1, 2, 1, 0, 0, 0, 0, 0, 2, 1, 0, 1, 0, 0], [1, 3, 0, 0, 2, 0, 2, 0, 0, 1, 0, 0, 0, 0], [2, 0, 0, 1, 3, 0, 1, 0, 0, 0, 0, 0, 0, 2], [2, 1, 0, 0, 2, 0, 0, 0, 1, 2, 0, 2, 0, 0], [6, 2, 0, 0, 0, 0, 0, 0, 0, 0, 0, 0, 4, 0], [3, 2, 0, 0, 1, 0, 1, 0, 0, 1, 0, 0, 0, 3]]","[[163, 68, 4, 0, 0, 0, 0, 0, 0, 0, 0, 0, 0, 0], [77, 63, 5, 0, 0, 0, 0, 0, 0, 0, 0, 0, 0, 0], [4, 4, 209, 2, 0, 0, 0, 0, 0, 0, 0, 0, 0, 0], [0, 6, 10, 34, 0, 0, 0, 0, 0, 0, 0, 0, 0, 0], [0, 0, 19, 3, 233, 0, 4, 0, 0, 0, 1, 0, 0, 0], [0, 0, 6, 0, 0, 6, 0, 0, 0, 0, 0, 0, 0, 0], [0, 0, 8, 0, 2, 0, 2, 0, 0, 0, 0, 0, 0, 0], [0, 0, 5, 0, 0, 0, 1, 2, 0, 0, 0, 0, 0, 0], [0, 0, 5, 0, 0, 0, 0, 0, 2, 0, 0, 1, 0, 0], [0, 0, 5, 1, 1, 0, 1, 0, 0, 1, 0, 0, 0, 0], [0, 0, 4, 1, 2, 0, 1, 0, 0, 0, 0, 0, 0, 1], [0, 0, 3, 0, 2, 0, 0, 0, 1, 2, 0, 2, 0, 0], [0, 0, 7, 1, 0, 0, 0, 0, 0, 0, 0, 0, 4, 0], [0, 0, 7, 0, 0, 0, 1, 0, 0, 0, 0, 0, 0, 3]]"
source_expansion_Faces_to_PetImages_to_GarbageDataset,logistic_regression,page_hinkley,0.65,4,104042,0.5810676538668493,0.5520304050995566,0.5628950859569075,0.775,0.5810676538668493,0.5520304050995566,0.5628950859569075,0.56,0.9,0.753,0.55903122380255,0.526824640304625,0.5389288702652199,0.56,0.87,1.0,"[[148, 79, 3, 5, 0, 0, 0, 0, 0, 0, 0, 0, 0, 0], [64, 75, 2, 3, 0, 0, 0, 0, 0, 0, 0, 0, 1, 0], [2, 1, 212, 3, 0, 1, 0, 0, 0, 0, 0, 0, 0, 0], [0, 1, 5, 43, 0, 0, 0, 1, 0, 0, 0, 0, 0, 0], [1, 0, 0, 0, 257, 0, 0, 0, 0, 0, 1, 1, 0, 0], [0, 0, 1, 0, 1, 9, 0, 0, 0, 0, 0, 0, 0, 1], [0, 0, 0, 0, 5, 1, 4, 1, 0, 0, 0, 1, 0, 0], [1, 0, 0, 0, 1, 0, 1, 4, 0, 0, 1, 0, 0, 0], [0, 0, 0, 0, 1, 0, 1, 0, 3, 1, 0, 2, 0, 0], [0, 1, 0, 0, 3, 1, 2, 1, 0, 0, 0, 1, 0, 0], [0, 0, 0, 1, 2, 0, 2, 0, 0, 1, 1, 0, 0, 2], [0, 0, 0, 0, 2, 0, 0, 0, 2, 1, 0, 4, 0, 1], [0, 0, 1, 1, 0, 0, 0, 0, 1, 0, 0, 0, 9, 0], [0, 0, 1, 1, 1, 0, 0, 0, 0, 0, 1, 0, 1, 6]]","[[142, 85, 3, 4, 0, 0, 0, 0, 1, 0, 0, 0, 0, 0], [73, 66, 3, 3, 0, 0, 0, 0, 0, 0, 0, 0, 0, 0], [2, 2, 209, 6, 0, 0, 0, 0, 0, 0, 0, 0, 0, 0], [2, 1, 3, 44, 0, 0, 0, 0, 0, 0, 0, 0, 0, 0], [0, 1, 0, 1, 255, 0, 0, 0, 1, 0, 1, 1, 0, 0], [0, 0, 0, 0, 1, 9, 0, 0, 0, 0, 1, 0, 0, 1], [0, 0, 0, 0, 4, 1, 3, 1, 0, 1, 1, 1, 0, 0], [0, 1, 0, 0, 1, 0, 2, 3, 0, 0, 0, 0, 0, 1], [0, 0, 0, 0, 1, 0, 1, 0, 3, 1, 0, 2, 0, 0], [0, 0, 0, 0, 4, 1, 1, 1, 0, 1, 0, 1, 0, 0], [0, 0, 0, 1, 2, 0, 2, 0, 0, 1, 1, 0, 0, 2], [0, 0, 0, 0, 2, 0, 0, 0, 2, 1, 0, 4, 0, 1], [0, 0, 0, 0, 1, 0, 0, 1, 1, 0, 1, 1, 7, 0], [0, 0, 0, 0, 2, 0, 0, 0, 0, 0, 1, 0, 2, 6]]"
source_expansion_Faces_to_PetImages_to_GarbageDataset,hoeffding_tree,page_hinkley,0.65,4,104042,0.2457945593358454,0.20372324052293198,0.20264897728215497,0.535,0.2457945593358454,0.20372324052293198,0.20264897728215497,0.5700000000000001,0.75,0.6,0.19452005268468725,0.18238967133765072,0.15947592943852631,0.5700000000000001,0.7,5.0,"[[215, 11, 0, 0, 2, 1, 2, 1, 1, 2, 0, 0, 0, 0], [126, 12, 0, 0, 1, 0, 1, 1, 0, 0, 4, 0, 0, 0], [65, 0, 115, 5, 14, 12, 0, 0, 1, 3, 4, 0, 0, 0], [18, 7, 1, 19, 0, 0, 1, 0, 0, 2, 2, 0, 0, 0], [5, 4, 0, 0, 171, 3, 32, 1, 25, 10, 9, 0, 0, 0], [2, 4, 0, 0, 1, 1, 0, 0, 3, 1, 0, 0, 0, 0], [3, 3, 0, 0, 2, 0, 1, 1, 2, 0, 0, 0, 0, 0], [3, 2, 0, 0, 0, 0, 2, 0, 0, 1, 0, 0, 0, 0], [4, 2, 0, 0, 0, 0, 1, 0, 1, 0, 0, 0, 0, 0], [0, 2, 1, 0, 2, 0, 2, 0, 1, 0, 1, 0, 0, 0], [4, 1, 0, 0, 2, 0, 1, 0, 0, 1, 0, 0, 0, 0], [5, 2, 0, 0, 0, 0, 1, 0, 0, 1, 1, 0, 0, 0], [6, 3, 0, 0, 0, 0, 2, 0, 0, 0, 1, 0, 0, 0], [6, 3, 0, 0, 0, 0, 0, 0, 0, 2, 0, 0, 0, 0]]","[[187, 13, 24, 1, 10, 0, 0, 0, 0, 0, 0, 0, 0, 0], [105, 5, 27, 0, 8, 0, 0, 0, 0, 0, 0, 0, 0, 0], [37, 2, 169, 0, 11, 0, 0, 0, 0, 0, 0, 0, 0, 0], [6, 1, 30, 2, 11, 0, 0, 0, 0, 0, 0, 0, 0, 0], [2, 0, 21, 0, 237, 0, 0, 0, 0, 0, 0, 0, 0, 0], [0, 0, 3, 0, 9, 0, 0, 0, 0, 0, 0, 0, 0, 0], [0, 0, 0, 0, 12, 0, 0, 0, 0, 0, 0, 0, 0, 0], [1, 0, 0, 0, 7, 0, 0, 0, 0, 0, 0, 0, 0, 0], [0, 0, 0, 0, 8, 0, 0, 0, 0, 0, 0, 0, 0, 0], [0, 0, 1, 0, 8, 0, 0, 0, 0, 0, 0, 0, 0, 0], [0, 0, 2, 0, 7, 0, 0, 0, 0, 0, 0, 0, 0, 0], [0, 0, 2, 0, 8, 0, 0, 0, 0, 0, 0, 0, 0, 0], [0, 0, 1, 0, 11, 0, 0, 0, 0, 0, 0, 0, 0, 0], [1, 0, 2, 0, 8, 0, 0, 0, 0, 0, 0, 0, 0, 0]]"
source_expansion_Faces_to_PetImages_to_GarbageDataset,gaussian_nb,page_hinkley,0.65,4,104042,0.6437956258866457,0.44177636126937125,0.49071753127721074,0.744,0.6437956258866457,0.44177636126937125,0.49071753127721074,0.54,0.84,0.705,0.5269600817651853,0.348931185013809,0.3838081532227264,0.54,0.87,3.0,"[[170, 65, 0, 0, 0, 0, 0, 0, 0, 0, 0, 0, 0, 0], [82, 63, 0, 0, 0, 0, 0, 0, 0, 0, 0, 0, 0, 0], [5, 4, 202, 8, 0, 0, 0, 0, 0, 0, 0, 0, 0, 0], [0, 6, 2, 42, 0, 0, 0, 0, 0, 0, 0, 0, 0, 0], [3, 5, 0, 4, 242, 0, 4, 0, 1, 0, 1, 0, 0, 0], [2, 3, 0, 1, 0, 6, 0, 0, 0, 0, 0, 0, 0, 0], [2, 3, 0, 0, 2, 0, 5, 0, 0, 0, 0, 0, 0, 0], [1, 4, 0, 0, 0, 0, 1, 2, 0, 0, 0, 0, 0, 0], [1, 2, 1, 0, 0, 0, 0, 0, 2, 1, 0, 1, 0, 0], [1, 3, 0, 0, 2, 0, 2, 0, 0, 1, 0, 0, 0, 0], [2, 0, 0, 1, 3, 0, 1, 0, 0, 0, 0, 0, 0, 2], [2, 1, 0, 0, 2, 0, 0, 0, 1, 2, 0, 2, 0, 0], [6, 2, 0, 0, 0, 0, 0, 0, 0, 0, 0, 0, 4, 0], [3, 2, 0, 0, 1, 0, 1, 0, 0, 1, 0, 0, 0, 3]]","[[156, 74, 1, 0, 3, 1, 0, 0, 0, 0, 0, 0, 0, 0], [87, 53, 2, 1, 0, 1, 1, 0, 0, 0, 0, 0, 0, 0], [10, 1, 200, 4, 2, 0, 2, 0, 0, 0, 0, 0, 0, 0], [3, 1, 10, 32, 4, 0, 0, 0, 0, 0, 0, 0, 0, 0], [1, 0, 3, 4, 250, 0, 2, 0, 0, 0, 0, 0, 0, 0], [0, 0, 2, 1, 5, 4, 0, 0, 0, 0, 0, 0, 0, 0], [0, 0, 1, 0, 9, 0, 2, 0, 0, 0, 0, 0, 0, 0], [0, 1, 0, 0, 4, 0, 1, 2, 0, 0, 0, 0, 0, 0], [0, 0, 1, 0, 4, 0, 0, 0, 2, 0, 0, 1, 0, 0], [0, 0, 1, 0, 7, 0, 1, 0, 0, 0, 0, 0, 0, 0], [0, 0, 0, 1, 5, 0, 2, 0, 0, 0, 0, 0, 0, 1], [0, 0, 1, 0, 4, 0, 2, 0, 1, 2, 0, 0, 0, 0], [0, 0, 1, 1, 5, 0, 2, 0, 0, 0, 0, 0, 3, 0], [0, 0, 1, 1, 5, 0, 3, 0, 0, 0, 0, 0, 0, 1]]"
source_expansion_Faces_to_PetImages_to_GarbageDataset,logistic_regression,hddm_w,0.65,4,104042,0.5810676538668493,0.5520304050995566,0.5628950859569075,0.775,0.5810676538668493,0.5520304050995566,0.5628950859569075,0.56,0.9,0.775,0.5810676538668493,0.5520304050995566,0.5628950859569075,0.56,0.9,0.0,"[[148, 79, 3, 5, 0, 0, 0, 0, 0, 0, 0, 0, 0, 0], [64, 75, 2, 3, 0, 0, 0, 0, 0, 0, 0, 0, 1, 0], [2, 1, 212, 3, 0, 1, 0, 0, 0, 0, 0, 0, 0, 0], [0, 1, 5, 43, 0, 0, 0, 1, 0, 0, 0, 0, 0, 0], [1, 0, 0, 0, 257, 0, 0, 0, 0, 0, 1, 1, 0, 0], [0, 0, 1, 0, 1, 9, 0, 0, 0, 0, 0, 0, 0, 1], [0, 0, 0, 0, 5, 1, 4, 1, 0, 0, 0, 1, 0, 0], [1, 0, 0, 0, 1, 0, 1, 4, 0, 0, 1, 0, 0, 0], [0, 0, 0, 0, 1, 0, 1, 0, 3, 1, 0, 2, 0, 0], [0, 1, 0, 0, 3, 1, 2, 1, 0, 0, 0, 1, 0, 0], [0, 0, 0, 1, 2, 0, 2, 0, 0, 1, 1, 0, 0, 2], [0, 0, 0, 0, 2, 0, 0, 0, 2, 1, 0, 4, 0, 1], [0, 0, 1, 1, 0, 0, 0, 0, 1, 0, 0, 0, 9, 0], [0, 0, 1, 1, 1, 0, 0, 0, 0, 0, 1, 0, 1, 6]]","[[148, 79, 3, 5, 0, 0, 0, 0, 0, 0, 0, 0, 0, 0], [64, 75, 2, 3, 0, 0, 0, 0, 0, 0, 0, 0, 1, 0], [2, 1, 212, 3, 0, 1, 0, 0, 0, 0, 0, 0, 0, 0], [0, 1, 5, 43, 0, 0, 0, 1, 0, 0, 0, 0, 0, 0], [1, 0, 0, 0, 257, 0, 0, 0, 0, 0, 1, 1, 0, 0], [0, 0, 1, 0, 1, 9, 0, 0, 0, 0, 0, 0, 0, 1], [0, 0, 0, 0, 5, 1, 4, 1, 0, 0, 0, 1, 0, 0], [1, 0, 0, 0, 1, 0, 1, 4, 0, 0, 1, 0, 0, 0], [0, 0, 0, 0, 1, 0, 1, 0, 3, 1, 0, 2, 0, 0], [0, 1, 0, 0, 3, 1, 2, 1, 0, 0, 0, 1, 0, 0], [0, 0, 0, 1, 2, 0, 2, 0, 0, 1, 1, 0, 0, 2], [0, 0, 0, 0, 2, 0, 0, 0, 2, 1, 0, 4, 0, 1], [0, 0, 1, 1, 0, 0, 0, 0, 1, 0, 0, 0, 9, 0], [0, 0, 1, 1, 1, 0, 0, 0, 0, 0, 1, 0, 1, 6]]"
source_expansion_Faces_to_PetImages_to_GarbageDataset,hoeffding_tree,hddm_w,0.65,4,104042,0.2457945593358454,0.20372324052293198,0.20264897728215497,0.535,0.2457945593358454,0.20372324052293198,0.20264897728215497,0.5700000000000001,0.75,0.611,0.19151775464941392,0.19655897566956976,0.18267075388618595,0.5700000000000001,0.7,3.0,"[[215, 11, 0, 0, 2, 1, 2, 1, 1, 2, 0, 0, 0, 0], [126, 12, 0, 0, 1, 0, 1, 1, 0, 0, 4, 0, 0, 0], [65, 0, 115, 5, 14, 12, 0, 0, 1, 3, 4, 0, 0, 0], [18, 7, 1, 19, 0, 0, 1, 0, 0, 2, 2, 0, 0, 0], [5, 4, 0, 0, 171, 3, 32, 1, 25, 10, 9, 0, 0, 0], [2, 4, 0, 0, 1, 1, 0, 0, 3, 1, 0, 0, 0, 0], [3, 3, 0, 0, 2, 0, 1, 1, 2, 0, 0, 0, 0, 0], [3, 2, 0, 0, 0, 0, 2, 0, 0, 1, 0, 0, 0, 0], [4, 2, 0, 0, 0, 0, 1, 0, 1, 0, 0, 0, 0, 0], [0, 2, 1, 0, 2, 0, 2, 0, 1, 0, 1, 0, 0, 0], [4, 1, 0, 0, 2, 0, 1, 0, 0, 1, 0, 0, 0, 0], [5, 2, 0, 0, 0, 0, 1, 0, 0, 1, 1, 0, 0, 0], [6, 3, 0, 0, 0, 0, 2, 0, 0, 0, 1, 0, 0, 0], [6, 3, 0, 0, 0, 0, 0, 0, 0, 2, 0, 0, 0, 0]]","[[189, 22, 13, 1, 10, 0, 0, 0, 0, 0, 0, 0, 0, 0], [111, 14, 10, 3, 7, 0, 0, 0, 0, 0, 0, 0, 0, 0], [27, 3, 167, 7, 15, 0, 0, 0, 0, 0, 0, 0, 0, 0], [7, 2, 22, 10, 9, 0, 0, 0, 0, 0, 0, 0, 0, 0], [0, 0, 28, 1, 231, 0, 0, 0, 0, 0, 0, 0, 0, 0], [0, 0, 3, 0, 9, 0, 0, 0, 0, 0, 0, 0, 0, 0], [0, 0, 1, 0, 11, 0, 0, 0, 0, 0, 0, 0, 0, 0], [0, 0, 1, 0, 7, 0, 0, 0, 0, 0, 0, 0, 0, 0], [0, 0, 1, 0, 7, 0, 0, 0, 0, 0, 0, 0, 0, 0], [0, 0, 1, 0, 8, 0, 0, 0, 0, 0, 0, 0, 0, 0], [0, 0, 2, 0, 7, 0, 0, 0, 0, 0, 0, 0, 0, 0], [0, 0, 2, 0, 8, 0, 0, 0, 0, 0, 0, 0, 0, 0], [0, 0, 1, 0, 11, 0, 0, 0, 0, 0, 0, 0, 0, 0], [0, 0, 2, 0, 9, 0, 0, 0, 0, 0, 0, 0, 0, 0]]"
source_expansion_Faces_to_PetImages_to_GarbageDataset,gaussian_nb,hddm_w,0.65,4,104042,0.6437956258866457,0.44177636126937125,0.49071753127721074,0.744,0.6437956258866457,0.44177636126937125,0.49071753127721074,0.54,0.84,0.744,0.6206138577810512,0.4161721888499544,0.45983401511984606,0.54,0.89,1.0,"[[170, 65, 0, 0, 0, 0, 0, 0, 0, 0, 0, 0, 0, 0], [82, 63, 0, 0, 0, 0, 0, 0, 0, 0, 0, 0, 0, 0], [5, 4, 202, 8, 0, 0, 0, 0, 0, 0, 0, 0, 0, 0], [0, 6, 2, 42, 0, 0, 0, 0, 0, 0, 0, 0, 0, 0], [3, 5, 0, 4, 242, 0, 4, 0, 1, 0, 1, 0, 0, 0], [2, 3, 0, 1, 0, 6, 0, 0, 0, 0, 0, 0, 0, 0], [2, 3, 0, 0, 2, 0, 5, 0, 0, 0, 0, 0, 0, 0], [1, 4, 0, 0, 0, 0, 1, 2, 0, 0, 0, 0, 0, 0], [1, 2, 1, 0, 0, 0, 0, 0, 2, 1, 0, 1, 0, 0], [1, 3, 0, 0, 2, 0, 2, 0, 0, 1, 0, 0, 0, 0], [2, 0, 0, 1, 3, 0, 1, 0, 0, 0, 0, 0, 0, 2], [2, 1, 0, 0, 2, 0, 0, 0, 1, 2, 0, 2, 0, 0], [6, 2, 0, 0, 0, 0, 0, 0, 0, 0, 0, 0, 4, 0], [3, 2, 0, 0, 1, 0, 1, 0, 0, 1, 0, 0, 0, 3]]","[[171, 62, 0, 0, 2, 0, 0, 0, 0, 0, 0, 0, 0, 0], [79, 62, 2, 0, 2, 0, 0, 0, 0, 0, 0, 0, 0, 0], [4, 4, 201, 7, 3, 0, 0, 0, 0, 0, 0, 0, 0, 0], [0, 6, 2, 38, 4, 0, 0, 0, 0, 0, 0, 0, 0, 0], [2, 1, 0, 4, 250, 0, 3, 0, 0, 0, 0, 0, 0, 0], [0, 1, 0, 1, 5, 5, 0, 0, 0, 0, 0, 0, 0, 0], [0, 0, 0, 0, 8, 0, 4, 0, 0, 0, 0, 0, 0, 0], [0, 0, 0, 0, 5, 0, 1, 2, 0, 0, 0, 0, 0, 0], [0, 0, 1, 0, 4, 0, 0, 0, 2, 0, 0, 1, 0, 0], [0, 1, 0, 0, 6, 0, 2, 0, 0, 0, 0, 0, 0, 0], [0, 0, 0, 1, 4, 0, 3, 0, 0, 0, 0, 0, 0, 1], [1, 0, 0, 0, 2, 0, 3, 0, 1, 2, 0, 1, 0, 0], [1, 0, 0, 0, 4, 0, 1, 0, 0, 0, 0, 0, 6, 0], [0, 1, 0, 0, 5, 0, 3, 0, 0, 0, 0, 0, 0, 2]]"
source_expansion_Faces_to_PetImages_to_GarbageDataset,logistic_regression,kswin,0.65,5,105042,0.5793711916951247,0.5304057373629337,0.5463007627878101,0.777,0.5793711916951247,0.5304057373629337,0.5463007627878101,0.48,0.88,0.777,0.5793711916951247,0.5304057373629337,0.5463007627878101,0.48,0.88,0.0,"[[130, 81, 2, 5, 0, 0, 0, 0, 0, 0, 0, 0, 0, 0], [63, 78, 1, 4, 1, 0, 0, 0, 0, 1, 0, 0, 0, 0], [1, 1, 287, 4, 0, 0, 0, 0, 0, 0, 0, 1, 0, 1], [0, 2, 6, 71, 0, 0, 0, 0, 0, 0, 0, 0, 0, 1], [0, 0, 2, 0, 178, 0, 0, 0, 0, 1, 0, 1, 0, 1], [0, 0, 0, 0, 1, 9, 0, 0, 0, 0, 0, 0, 1, 0], [0, 0, 1, 0, 4, 0, 5, 0, 0, 1, 1, 0, 0, 0], [0, 0, 2, 0, 0, 0, 0, 4, 0, 0, 1, 0, 0, 0], [0, 0, 0, 1, 0, 0, 0, 0, 1, 1, 0, 1, 0, 0], [0, 0, 0, 1, 1, 0, 1, 0, 0, 2, 1, 0, 0, 1], [0, 0, 0, 1, 1, 0, 3, 0, 0, 0, 0, 0, 1, 1], [0, 0, 0, 0, 3, 1, 0, 0, 1, 1, 0, 0, 1, 0], [0, 0, 0, 0, 1, 0, 0, 0, 0, 1, 0, 0, 8, 1], [0, 0, 0, 1, 2, 0, 0, 0, 0, 0, 1, 1, 1, 4]]","[[130, 81, 2, 5, 0, 0, 0, 0, 0, 0, 0, 0, 0, 0], [63, 78, 1, 4, 1, 0, 0, 0, 0, 1, 0, 0, 0, 0], [1, 1, 287, 4, 0, 0, 0, 0, 0, 0, 0, 1, 0, 1], [0, 2, 6, 71, 0, 0, 0, 0, 0, 0, 0, 0, 0, 1], [0, 0, 2, 0, 178, 0, 0, 0, 0, 1, 0, 1, 0, 1], [0, 0, 0, 0, 1, 9, 0, 0, 0, 0, 0, 0, 1, 0], [0, 0, 1, 0, 4, 0, 5, 0, 0, 1, 1, 0, 0, 0], [0, 0, 2, 0, 0, 0, 0, 4, 0, 0, 1, 0, 0, 0], [0, 0, 0, 1, 0, 0, 0, 0, 1, 1, 0, 1, 0, 0], [0, 0, 0, 1, 1, 0, 1, 0, 0, 2, 1, 0, 0, 1], [0, 0, 0, 1, 1, 0, 3, 0, 0, 0, 0, 0, 1, 1], [0, 0, 0, 0, 3, 1, 0, 0, 1, 1, 0, 0, 1, 0], [0, 0, 0, 0, 1, 0, 0, 0, 0, 1, 0, 0, 8, 1], [0, 0, 0, 1, 2, 0, 0, 0, 0, 0, 1, 1, 1, 4]]"
source_expansion_Faces_to_PetImages_to_GarbageDataset,hoeffding_tree,kswin,0.65,5,105042,0.3219399796842734,0.243796652457306,0.24284621452226013,0.562,0.3219399796842734,0.243796652457306,0.24284621452226013,0.62,0.6799999999999999,0.564,0.20957239210468695,0.18582579844128988,0.17453371311156854,0.62,0.62,3.0,"[[191, 12, 0, 0, 1, 5, 0, 2, 0, 3, 2, 0, 2, 0], [115, 22, 0, 0, 1, 5, 0, 0, 0, 2, 0, 0, 3, 0], [40, 2, 180, 10, 8, 16, 0, 27, 1, 7, 2, 0, 2, 0], [15, 5, 4, 36, 2, 7, 0, 9, 0, 2, 0, 0, 0, 0], [2, 4, 0, 0, 127, 22, 0, 6, 1, 2, 3, 0, 16, 0], [0, 4, 0, 4, 0, 1, 0, 0, 1, 0, 0, 0, 1, 0], [0, 5, 0, 0, 3, 2, 2, 0, 0, 0, 0, 0, 0, 0], [0, 5, 0, 0, 0, 0, 0, 1, 0, 0, 0, 0, 1, 0], [0, 2, 0, 0, 0, 1, 0, 0, 0, 0, 1, 0, 0, 0], [0, 2, 0, 0, 0, 3, 0, 1, 0, 1, 0, 0, 0, 0], [2, 1, 0, 0, 1, 2, 0, 0, 0, 1, 0, 0, 0, 0], [1, 1, 0, 0, 1, 3, 0, 0, 0, 1, 0, 0, 0, 0], [4, 5, 0, 0, 0, 1, 0, 0, 0, 0, 0, 0, 1, 0], [3, 1, 0, 1, 1, 2, 0, 1, 0, 0, 0, 0, 1, 0]]","[[175, 3, 32, 2, 5, 0, 0, 1, 0, 0, 0, 0, 0, 0], [105, 10, 25, 1, 7, 0, 0, 0, 0, 0, 0, 0, 0, 0], [38, 4, 235, 7, 9, 0, 0, 2, 0, 0, 0, 0, 0, 0], [10, 1, 41, 21, 6, 0, 0, 1, 0, 0, 0, 0, 0, 0], [0, 0, 58, 0, 123, 0, 0, 1, 0, 0, 0, 1, 0, 0], [0, 0, 4, 0, 7, 0, 0, 0, 0, 0, 0, 0, 0, 0], [0, 0, 2, 0, 10, 0, 0, 0, 0, 0, 0, 0, 0, 0], [0, 0, 3, 1, 3, 0, 0, 0, 0, 0, 0, 0, 0, 0], [0, 0, 2, 0, 2, 0, 0, 0, 0, 0, 0, 0, 0, 0], [0, 0, 5, 0, 2, 0, 0, 0, 0, 0, 0, 0, 0, 0], [0, 0, 3, 0, 4, 0, 0, 0, 0, 0, 0, 0, 0, 0], [1, 0, 3, 0, 3, 0, 0, 0, 0, 0, 0, 0, 0, 0], [0, 0, 2, 0, 9, 0, 0, 0, 0, 0, 0, 0, 0, 0], [0, 0, 5, 0, 5, 0, 0, 0, 0, 0, 0, 0, 0, 0]]"
source_expansion_Faces_to_PetImages_to_GarbageDataset,gaussian_nb,kswin,0.65,5,105042,0.5849486124522942,0.41757653291360325,0.4614539674982604,0.761,0.5849486124522942,0.41757653291360325,0.4614539674982604,0.6,0.81,0.761,0.5849486124522942,0.41757653291360325,0.4614539674982604,0.6,0.81,0.0,"[[163, 55, 0, 0, 0, 0, 0, 0, 0, 0, 0, 0, 0, 0], [84, 64, 0, 0, 0, 0, 0, 0, 0, 0, 0, 0, 0, 0], [3, 7, 269, 16, 0, 0, 0, 0, 0, 0, 0, 0, 0, 0], [1, 5, 0, 74, 0, 0, 0, 0, 0, 0, 0, 0, 0, 0], [1, 8, 0, 1, 172, 0, 0, 0, 0, 0, 0, 1, 0, 0], [0, 5, 0, 2, 0, 4, 0, 0, 0, 0, 0, 0, 0, 0], [0, 5, 0, 0, 3, 0, 4, 0, 0, 0, 0, 0, 0, 0], [3, 4, 0, 0, 0, 0, 0, 0, 0, 0, 0, 0, 0, 0], [0, 3, 0, 0, 0, 0, 0, 0, 0, 1, 0, 0, 0, 0], [0, 3, 1, 1, 0, 0, 0, 0, 0, 1, 0, 0, 0, 1], [1, 3, 0, 0, 1, 0, 1, 0, 0, 0, 0, 0, 0, 1], [1, 1, 0, 1, 1, 0, 0, 0, 0, 1, 0, 2, 0, 0], [2, 3, 0, 1, 1, 0, 0, 0, 0, 0, 0, 0, 4, 0], [1, 2, 0, 1, 2, 0, 0, 0, 0, 0, 0, 0, 0, 4]]","[[163, 55, 0, 0, 0, 0, 0, 0, 0, 0, 0, 0, 0, 0], [84, 64, 0, 0, 0, 0, 0, 0, 0, 0, 0, 0, 0, 0], [3, 7, 269, 16, 0, 0, 0, 0, 0, 0, 0, 0, 0, 0], [1, 5, 0, 74, 0, 0, 0, 0, 0, 0, 0, 0, 0, 0], [1, 8, 0, 1, 172, 0, 0, 0, 0, 0, 0, 1, 0, 0], [0, 5, 0, 2, 0, 4, 0, 0, 0, 0, 0, 0, 0, 0], [0, 5, 0, 0, 3, 0, 4, 0, 0, 0, 0, 0, 0, 0], [3, 4, 0, 0, 0, 0, 0, 0, 0, 0, 0, 0, 0, 0], [0, 3, 0, 0, 0, 0, 0, 0, 0, 1, 0, 0, 0, 0], [0, 3, 1, 1, 0, 0, 0, 0, 0, 1, 0, 0, 0, 1], [1, 3, 0, 0, 1, 0, 1, 0, 0, 0, 0, 0, 0, 1], [1, 1, 0, 1, 1, 0, 0, 0, 0, 1, 0, 2, 0, 0], [2, 3, 0, 1, 1, 0, 0, 0, 0, 0, 0, 0, 4, 0], [1, 2, 0, 1, 2, 0, 0, 0, 0, 0, 0, 0, 0, 4]]"
source_expansion_Faces_to_PetImages_to_GarbageDataset,logistic_regression,adwin,0.65,5,105042,0.5793711916951247,0.5304057373629337,0.5463007627878101,0.777,0.5793711916951247,0.5304057373629337,0.5463007627878101,0.48,0.88,0.737,0.4739373202588803,0.49543088720005996,0.4809475835179186,0.48,0.83,2.0,"[[130, 81, 2, 5, 0, 0, 0, 0, 0, 0, 0, 0, 0, 0], [63, 78, 1, 4, 1, 0, 0, 0, 0, 1, 0, 0, 0, 0], [1, 1, 287, 4, 0, 0, 0, 0, 0, 0, 0, 1, 0, 1], [0, 2, 6, 71, 0, 0, 0, 0, 0, 0, 0, 0, 0, 1], [0, 0, 2, 0, 178, 0, 0, 0, 0, 1, 0, 1, 0, 1], [0, 0, 0, 0, 1, 9, 0, 0, 0, 0, 0, 0, 1, 0], [0, 0, 1, 0, 4, 0, 5, 0, 0, 1, 1, 0, 0, 0], [0, 0, 2, 0, 0, 0, 0, 4, 0, 0, 1, 0, 0, 0], [0, 0, 0, 1, 0, 0, 0, 0, 1, 1, 0, 1, 0, 0], [0, 0, 0, 1, 1, 0, 1, 0, 0, 2, 1, 0, 0, 1], [0, 0, 0, 1, 1, 0, 3, 0, 0, 0, 0, 0, 1, 1], [0, 0, 0, 0, 3, 1, 0, 0, 1, 1, 0, 0, 1, 0], [0, 0, 0, 0, 1, 0, 0, 0, 0, 1, 0, 0, 8, 1], [0, 0, 0, 1, 2, 0, 0, 0, 0, 0, 1, 1, 1, 4]]","[[125, 87, 3, 3, 0, 0, 0, 0, 0, 0, 0, 0, 0, 0], [72, 73, 0, 3, 0, 0, 0, 0, 0, 0, 0, 0, 0, 0], [4, 5, 275, 10, 0, 0, 0, 1, 0, 0, 0, 0, 0, 0], [2, 2, 2, 71, 1, 0, 0, 0, 0, 1, 0, 0, 0, 1], [0, 0, 0, 1, 165, 3, 2, 1, 0, 2, 1, 3, 1, 4], [1, 0, 0, 0, 1, 4, 0, 0, 3, 0, 0, 0, 1, 1], [0, 0, 0, 1, 1, 0, 6, 0, 0, 2, 1, 0, 0, 1], [1, 1, 0, 0, 0, 0, 0, 4, 0, 0, 0, 0, 0, 1], [0, 0, 0, 0, 0, 0, 0, 0, 2, 2, 0, 0, 0, 0], [0, 0, 0, 0, 1, 1, 1, 0, 0, 1, 1, 0, 0, 2], [0, 0, 0, 1, 0, 0, 3, 0, 0, 0, 1, 0, 0, 2], [0, 0, 0, 0, 3, 1, 0, 0, 1, 0, 0, 0, 1, 1], [0, 0, 0, 0, 0, 0, 0, 1, 0, 1, 0, 0, 8, 1], [1, 0, 0, 0, 2, 0, 0, 2, 0, 1, 1, 1, 0, 2]]"
source_expansion_Faces_to_PetImages_to_GarbageDataset,hoeffding_tree,adwin,0.65,5,105042,0.3219399796842734,0.243796652457306,0.24284621452226013,0.562,0.3219399796842734,0.243796652457306,0.24284621452226013,0.62,0.6799999999999999,0.575,0.21880028860280584,0.19347542603795614,0.18184000514391865,0.62,0.62,3.0,"[[191, 12, 0, 0, 1, 5, 0, 2, 0, 3, 2, 0, 2, 0], [115, 22, 0, 0, 1, 5, 0, 0, 0, 2, 0, 0, 3, 0], [40, 2, 180, 10, 8, 16, 0, 27, 1, 7, 2, 0, 2, 0], [15, 5, 4, 36, 2, 7, 0, 9, 0, 2, 0, 0, 0, 0], [2, 4, 0, 0, 127, 22, 0, 6, 1, 2, 3, 0, 16, 0], [0, 4, 0, 4, 0, 1, 0, 0, 1, 0, 0, 0, 1, 0], [0, 5, 0, 0, 3, 2, 2, 0, 0, 0, 0, 0, 0, 0], [0, 5, 0, 0, 0, 0, 0, 1, 0, 0, 0, 0, 1, 0], [0, 2, 0, 0, 0, 1, 0, 0, 0, 0, 1, 0, 0, 0], [0, 2, 0, 0, 0, 3, 0, 1, 0, 1, 0, 0, 0, 0], [2, 1, 0, 0, 1, 2, 0, 0, 0, 1, 0, 0, 0, 0], [1, 1, 0, 0, 1, 3, 0, 0, 0, 1, 0, 0, 0, 0], [4, 5, 0, 0, 0, 1, 0, 0, 0, 0, 0, 0, 1, 0], [3, 1, 0, 1, 1, 2, 0, 1, 0, 0, 0, 0, 1, 0]]","[[171, 5, 30, 2, 9, 0, 0, 1, 0, 0, 0, 0, 0, 0], [105, 10, 19, 3, 11, 0, 0, 0, 0, 0, 0, 0, 0, 0], [29, 0, 231, 8, 15, 0, 0, 12, 0, 0, 0, 0, 0, 0], [8, 0, 34, 26, 8, 0, 0, 4, 0, 0, 0, 0, 0, 0], [1, 0, 43, 0, 137, 0, 0, 2, 0, 0, 0, 0, 0, 0], [0, 0, 3, 0, 8, 0, 0, 0, 0, 0, 0, 0, 0, 0], [0, 0, 2, 0, 10, 0, 0, 0, 0, 0, 0, 0, 0, 0], [0, 0, 2, 1, 4, 0, 0, 0, 0, 0, 0, 0, 0, 0], [0, 0, 2, 0, 2, 0, 0, 0, 0, 0, 0, 0, 0, 0], [0, 0, 5, 0, 2, 0, 0, 0, 0, 0, 0, 0, 0, 0], [0, 0, 3, 0, 4, 0, 0, 0, 0, 0, 0, 0, 0, 0], [0, 0, 3, 0, 4, 0, 0, 0, 0, 0, 0, 0, 0, 0], [0, 0, 1, 0, 10, 0, 0, 0, 0, 0, 0, 0, 0, 0], [0, 0, 3, 0, 6, 0, 0, 1, 0, 0, 0, 0, 0, 0]]"
source_expansion_Faces_to_PetImages_to_GarbageDataset,gaussian_nb,adwin,0.65,5,105042,0.5849486124522942,0.41757653291360325,0.4614539674982604,0.761,0.5849486124522942,0.41757653291360325,0.4614539674982604,0.6,0.81,0.76,0.661571237471675,0.4304249015648981,0.4797231002871351,0.6,0.84,1.0,"[[163, 55, 0, 0, 0, 0, 0, 0, 0, 0, 0, 0, 0, 0], [84, 64, 0, 0, 0, 0, 0, 0, 0, 0, 0, 0, 0, 0], [3, 7, 269, 16, 0, 0, 0, 0, 0, 0, 0, 0, 0, 0], [1, 5, 0, 74, 0, 0, 0, 0, 0, 0, 0, 0, 0, 0], [1, 8, 0, 1, 172, 0, 0, 0, 0, 0, 0, 1, 0, 0], [0, 5, 0, 2, 0, 4, 0, 0, 0, 0, 0, 0, 0, 0], [0, 5, 0, 0, 3, 0, 4, 0, 0, 0, 0, 0, 0, 0], [3, 4, 0, 0, 0, 0, 0, 0, 0, 0, 0, 0, 0, 0], [0, 3, 0, 0, 0, 0, 0, 0, 0, 1, 0, 0, 0, 0], [0, 3, 1, 1, 0, 0, 0, 0, 0, 1, 0, 0, 0, 1], [1, 3, 0, 0, 1, 0, 1, 0, 0, 0, 0, 0, 0, 1], [1, 1, 0, 1, 1, 0, 0, 0, 0, 1, 0, 2, 0, 0], [2, 3, 0, 1, 1, 0, 0, 0, 0, 0, 0, 0, 4, 0], [1, 2, 0, 1, 2, 0, 0, 0, 0, 0, 0, 0, 0, 4]]","[[158, 58, 2, 0, 0, 0, 0, 0, 0, 0, 0, 0, 0, 0], [84, 63, 1, 0, 0, 0, 0, 0, 0, 0, 0, 0, 0, 0], [0, 6, 275, 14, 0, 0, 0, 0, 0, 0, 0, 0, 0, 0], [0, 6, 4, 70, 0, 0, 0, 0, 0, 0, 0, 0, 0, 0], [0, 0, 1, 9, 173, 0, 0, 0, 0, 0, 0, 0, 0, 0], [0, 0, 0, 7, 0, 4, 0, 0, 0, 0, 0, 0, 0, 0], [0, 0, 4, 1, 3, 0, 4, 0, 0, 0, 0, 0, 0, 0], [0, 0, 3, 3, 0, 0, 0, 1, 0, 0, 0, 0, 0, 0], [0, 0, 3, 0, 0, 0, 0, 0, 0, 1, 0, 0, 0, 0], [0, 0, 2, 3, 0, 0, 0, 0, 0, 1, 0, 0, 0, 1], [0, 0, 1, 2, 1, 0, 2, 0, 0, 0, 0, 0, 0, 1], [0, 0, 0, 3, 1, 0, 0, 0, 0, 1, 0, 2, 0, 0], [0, 0, 1, 4, 1, 0, 0, 0, 0, 0, 0, 0, 5, 0], [0, 0, 2, 2, 2, 0, 0, 0, 0, 0, 0, 0, 0, 4]]"
source_expansion_Faces_to_PetImages_to_GarbageDataset,logistic_regression,page_hinkley,0.65,5,105042,0.5793711916951247,0.5304057373629337,0.5463007627878101,0.777,0.5793711916951247,0.5304057373629337,0.5463007627878101,0.48,0.88,0.75,0.5271164255972222,0.5223595755626438,0.5195229369351186,0.48,0.84,2.0,"[[130, 81, 2, 5, 0, 0, 0, 0, 0, 0, 0, 0, 0, 0], [63, 78, 1, 4, 1, 0, 0, 0, 0, 1, 0, 0, 0, 0], [1, 1, 287, 4, 0, 0, 0, 0, 0, 0, 0, 1, 0, 1], [0, 2, 6, 71, 0, 0, 0, 0, 0, 0, 0, 0, 0, 1], [0, 0, 2, 0, 178, 0, 0, 0, 0, 1, 0, 1, 0, 1], [0, 0, 0, 0, 1, 9, 0, 0, 0, 0, 0, 0, 1, 0], [0, 0, 1, 0, 4, 0, 5, 0, 0, 1, 1, 0, 0, 0], [0, 0, 2, 0, 0, 0, 0, 4, 0, 0, 1, 0, 0, 0], [0, 0, 0, 1, 0, 0, 0, 0, 1, 1, 0, 1, 0, 0], [0, 0, 0, 1, 1, 0, 1, 0, 0, 2, 1, 0, 0, 1], [0, 0, 0, 1, 1, 0, 3, 0, 0, 0, 0, 0, 1, 1], [0, 0, 0, 0, 3, 1, 0, 0, 1, 1, 0, 0, 1, 0], [0, 0, 0, 0, 1, 0, 0, 0, 0, 1, 0, 0, 8, 1], [0, 0, 0, 1, 2, 0, 0, 0, 0, 0, 1, 1, 1, 4]]","[[128, 84, 3, 2, 0, 0, 0, 0, 0, 0, 1, 0, 0, 0], [70, 75, 0, 3, 0, 0, 0, 0, 0, 0, 0, 0, 0, 0], [2, 3, 278, 12, 0, 0, 0, 0, 0, 0, 0, 0, 0, 0], [0, 1, 6, 71, 0, 0, 0, 0, 0, 1, 0, 0, 0, 1], [2, 1, 1, 1, 164, 1, 1, 1, 1, 2, 2, 5, 1, 0], [1, 0, 0, 0, 0, 8, 0, 0, 2, 0, 0, 0, 0, 0], [0, 0, 1, 1, 1, 0, 7, 0, 0, 1, 1, 0, 0, 0], [1, 1, 0, 0, 0, 1, 0, 3, 0, 0, 0, 0, 1, 0], [0, 0, 0, 0, 0, 0, 0, 0, 1, 2, 0, 0, 1, 0], [0, 0, 0, 0, 1, 0, 1, 0, 0, 1, 1, 1, 0, 2], [0, 1, 0, 0, 1, 0, 3, 0, 0, 0, 1, 1, 0, 0], [0, 0, 0, 0, 3, 1, 0, 0, 1, 0, 0, 0, 2, 0], [0, 0, 0, 0, 0, 0, 0, 0, 0, 0, 1, 0, 9, 1], [0, 0, 1, 1, 0, 1, 0, 0, 0, 0, 2, 1, 0, 4]]"
source_expansion_Faces_to_PetImages_to_GarbageDataset,hoeffding_tree,page_hinkley,0.65,5,105042,0.3219399796842734,0.243796652457306,0.24284621452226013,0.562,0.3219399796842734,0.243796652457306,0.24284621452226013,0.62,0.6799999999999999,0.561,0.1939453702608387,0.18246511882806432,0.16915640305020938,0.62,0.62,4.0,"[[191, 12, 0, 0, 1, 5, 0, 2, 0, 3, 2, 0, 2, 0], [115, 22, 0, 0, 1, 5, 0, 0, 0, 2, 0, 0, 3, 0], [40, 2, 180, 10, 8, 16, 0, 27, 1, 7, 2, 0, 2, 0], [15, 5, 4, 36, 2, 7, 0, 9, 0, 2, 0, 0, 0, 0], [2, 4, 0, 0, 127, 22, 0, 6, 1, 2, 3, 0, 16, 0], [0, 4, 0, 4, 0, 1, 0, 0, 1, 0, 0, 0, 1, 0], [0, 5, 0, 0, 3, 2, 2, 0, 0, 0, 0, 0, 0, 0], [0, 5, 0, 0, 0, 0, 0, 1, 0, 0, 0, 0, 1, 0], [0, 2, 0, 0, 0, 1, 0, 0, 0, 0, 1, 0, 0, 0], [0, 2, 0, 0, 0, 3, 0, 1, 0, 1, 0, 0, 0, 0], [2, 1, 0, 0, 1, 2, 0, 0, 0, 1, 0, 0, 0, 0], [1, 1, 0, 0, 1, 3, 0, 0, 0, 1, 0, 0, 0, 0], [4, 5, 0, 0, 0, 1, 0, 0, 0, 0, 0, 0, 1, 0], [3, 1, 0, 1, 1, 2, 0, 1, 0, 0, 0, 0, 1, 0]]","[[162, 5, 42, 1, 7, 0, 0, 1, 0, 0, 0, 0, 0, 0], [102, 6, 29, 3, 8, 0, 0, 0, 0, 0, 0, 0, 0, 0], [19, 2, 246, 8, 14, 0, 0, 5, 0, 0, 0, 0, 0, 1], [6, 2, 43, 19, 8, 0, 0, 2, 0, 0, 0, 0, 0, 0], [1, 0, 52, 0, 128, 0, 0, 2, 0, 0, 0, 0, 0, 0], [0, 0, 4, 0, 7, 0, 0, 0, 0, 0, 0, 0, 0, 0], [0, 0, 2, 0, 10, 0, 0, 0, 0, 0, 0, 0, 0, 0], [0, 0, 3, 1, 3, 0, 0, 0, 0, 0, 0, 0, 0, 0], [0, 0, 2, 0, 2, 0, 0, 0, 0, 0, 0, 0, 0, 0], [0, 0, 5, 0, 2, 0, 0, 0, 0, 0, 0, 0, 0, 0], [0, 0, 3, 0, 4, 0, 0, 0, 0, 0, 0, 0, 0, 0], [0, 0, 3, 0, 4, 0, 0, 0, 0, 0, 0, 0, 0, 0], [0, 0, 2, 0, 9, 0, 0, 0, 0, 0, 0, 0, 0, 0], [0, 0, 4, 0, 6, 0, 0, 0, 0, 0, 0, 0, 0, 0]]"
source_expansion_Faces_to_PetImages_to_GarbageDataset,gaussian_nb,page_hinkley,0.65,5,105042,0.5849486124522942,0.41757653291360325,0.4614539674982604,0.761,0.5849486124522942,0.41757653291360325,0.4614539674982604,0.6,0.81,0.736,0.6286975202019681,0.39619644485632266,0.44378730374196557,0.6,0.8200000000000001,2.0,"[[163, 55, 0, 0, 0, 0, 0, 0, 0, 0, 0, 0, 0, 0], [84, 64, 0, 0, 0, 0, 0, 0, 0, 0, 0, 0, 0, 0], [3, 7, 269, 16, 0, 0, 0, 0, 0, 0, 0, 0, 0, 0], [1, 5, 0, 74, 0, 0, 0, 0, 0, 0, 0, 0, 0, 0], [1, 8, 0, 1, 172, 0, 0, 0, 0, 0, 0, 1, 0, 0], [0, 5, 0, 2, 0, 4, 0, 0, 0, 0, 0, 0, 0, 0], [0, 5, 0, 0, 3, 0, 4, 0, 0, 0, 0, 0, 0, 0], [3, 4, 0, 0, 0, 0, 0, 0, 0, 0, 0, 0, 0, 0], [0, 3, 0, 0, 0, 0, 0, 0, 0, 1, 0, 0, 0, 0], [0, 3, 1, 1, 0, 0, 0, 0, 0, 1, 0, 0, 0, 1], [1, 3, 0, 0, 1, 0, 1, 0, 0, 0, 0, 0, 0, 1], [1, 1, 0, 1, 1, 0, 0, 0, 0, 1, 0, 2, 0, 0], [2, 3, 0, 1, 1, 0, 0, 0, 0, 0, 0, 0, 4, 0], [1, 2, 0, 1, 2, 0, 0, 0, 0, 0, 0, 0, 0, 4]]","[[155, 56, 4, 1, 2, 0, 0, 0, 0, 0, 0, 0, 0, 0], [87, 56, 4, 1, 0, 0, 0, 0, 0, 0, 0, 0, 0, 0], [4, 4, 270, 15, 2, 0, 0, 0, 0, 0, 0, 0, 0, 0], [1, 5, 10, 64, 0, 0, 0, 0, 0, 0, 0, 0, 0, 0], [0, 0, 2, 8, 173, 0, 0, 0, 0, 0, 0, 0, 0, 0], [0, 0, 1, 5, 1, 4, 0, 0, 0, 0, 0, 0, 0, 0], [0, 0, 3, 0, 6, 0, 3, 0, 0, 0, 0, 0, 0, 0], [0, 0, 3, 2, 1, 0, 0, 1, 0, 0, 0, 0, 0, 0], [0, 0, 1, 1, 1, 0, 0, 0, 0, 1, 0, 0, 0, 0], [0, 0, 2, 2, 2, 0, 0, 0, 0, 0, 0, 0, 0, 1], [0, 0, 1, 2, 2, 0, 2, 0, 0, 0, 0, 0, 0, 0], [0, 0, 1, 0, 4, 0, 0, 0, 0, 0, 0, 2, 0, 0], [0, 0, 0, 4, 2, 0, 0, 0, 0, 0, 0, 0, 5, 0], [0, 0, 5, 1, 1, 0, 0, 0, 0, 0, 0, 0, 0, 3]]"
source_expansion_Faces_to_PetImages_to_GarbageDataset,logistic_regression,hddm_w,0.65,5,105042,0.5793711916951247,0.5304057373629337,0.5463007627878101,0.777,0.5793711916951247,0.5304057373629337,0.5463007627878101,0.48,0.88,0.763,0.4854443440468888,0.4816788174839478,0.48210709690327647,0.48,0.88,1.0,"[[130, 81, 2, 5, 0, 0, 0, 0, 0, 0, 0, 0, 0, 0], [63, 78, 1, 4, 1, 0, 0, 0, 0, 1, 0, 0, 0, 0], [1, 1, 287, 4, 0, 0, 0, 0, 0, 0, 0, 1, 0, 1], [0, 2, 6, 71, 0, 0, 0, 0, 0, 0, 0, 0, 0, 1], [0, 0, 2, 0, 178, 0, 0, 0, 0, 1, 0, 1, 0, 1], [0, 0, 0, 0, 1, 9, 0, 0, 0, 0, 0, 0, 1, 0], [0, 0, 1, 0, 4, 0, 5, 0, 0, 1, 1, 0, 0, 0], [0, 0, 2, 0, 0, 0, 0, 4, 0, 0, 1, 0, 0, 0], [0, 0, 0, 1, 0, 0, 0, 0, 1, 1, 0, 1, 0, 0], [0, 0, 0, 1, 1, 0, 1, 0, 0, 2, 1, 0, 0, 1], [0, 0, 0, 1, 1, 0, 3, 0, 0, 0, 0, 0, 1, 1], [0, 0, 0, 0, 3, 1, 0, 0, 1, 1, 0, 0, 1, 0], [0, 0, 0, 0, 1, 0, 0, 0, 0, 1, 0, 0, 8, 1], [0, 0, 0, 1, 2, 0, 0, 0, 0, 0, 1, 1, 1, 4]]","[[128, 83, 2, 5, 0, 0, 0, 0, 0, 0, 0, 0, 0, 0], [66, 77, 1, 4, 0, 0, 0, 0, 0, 0, 0, 0, 0, 0], [2, 1, 285, 4, 1, 0, 0, 0, 0, 0, 0, 1, 0, 1], [0, 3, 6, 70, 0, 0, 0, 0, 1, 0, 0, 0, 0, 0], [0, 1, 2, 0, 174, 0, 2, 1, 0, 2, 0, 1, 0, 0], [0, 0, 0, 2, 1, 6, 0, 0, 1, 0, 0, 0, 0, 1], [0, 0, 1, 0, 1, 0, 6, 1, 0, 1, 1, 0, 1, 0], [0, 0, 2, 0, 0, 1, 0, 3, 1, 0, 0, 0, 0, 0], [0, 0, 0, 0, 0, 0, 0, 0, 0, 3, 0, 0, 1, 0], [1, 0, 0, 1, 0, 1, 1, 0, 1, 1, 1, 0, 0, 0], [0, 0, 0, 1, 1, 0, 2, 0, 0, 1, 0, 0, 0, 2], [0, 0, 0, 0, 1, 1, 0, 0, 2, 1, 0, 0, 2, 0], [0, 0, 0, 1, 0, 0, 0, 0, 0, 1, 0, 0, 8, 1], [0, 0, 0, 1, 2, 0, 0, 1, 0, 0, 0, 1, 0, 5]]"
source_expansion_Faces_to_PetImages_to_GarbageDataset,hoeffding_tree,hddm_w,0.65,5,105042,0.3219399796842734,0.243796652457306,0.24284621452226013,0.562,0.3219399796842734,0.243796652457306,0.24284621452226013,0.62,0.6799999999999999,0.608,0.21002462804494598,0.20636250059614986,0.1975459142234615,0.62,0.62,2.0,"[[191, 12, 0, 0, 1, 5, 0, 2, 0, 3, 2, 0, 2, 0], [115, 22, 0, 0, 1, 5, 0, 0, 0, 2, 0, 0, 3, 0], [40, 2, 180, 10, 8, 16, 0, 27, 1, 7, 2, 0, 2, 0], [15, 5, 4, 36, 2, 7, 0, 9, 0, 2, 0, 0, 0, 0], [2, 4, 0, 0, 127, 22, 0, 6, 1, 2, 3, 0, 16, 0], [0, 4, 0, 4, 0, 1, 0, 0, 1, 0, 0, 0, 1, 0], [0, 5, 0, 0, 3, 2, 2, 0, 0, 0, 0, 0, 0, 0], [0, 5, 0, 0, 0, 0, 0, 1, 0, 0, 0, 0, 1, 0], [0, 2, 0, 0, 0, 1, 0, 0, 0, 0, 1, 0, 0, 0], [0, 2, 0, 0, 0, 3, 0, 1, 0, 1, 0, 0, 0, 0], [2, 1, 0, 0, 1, 2, 0, 0, 0, 1, 0, 0, 0, 0], [1, 1, 0, 0, 1, 3, 0, 0, 0, 1, 0, 0, 0, 0], [4, 5, 0, 0, 0, 1, 0, 0, 0, 0, 0, 0, 1, 0], [3, 1, 0, 1, 1, 2, 0, 1, 0, 0, 0, 0, 1, 0]]","[[175, 18, 17, 2, 5, 0, 0, 1, 0, 0, 0, 0, 0, 0], [105, 19, 13, 4, 7, 0, 0, 0, 0, 0, 0, 0, 0, 0], [8, 5, 262, 13, 5, 0, 0, 2, 0, 0, 0, 0, 0, 0], [7, 0, 32, 34, 6, 0, 0, 1, 0, 0, 0, 0, 0, 0], [0, 0, 64, 0, 118, 0, 0, 1, 0, 0, 0, 0, 0, 0], [0, 0, 4, 0, 7, 0, 0, 0, 0, 0, 0, 0, 0, 0], [0, 0, 2, 0, 10, 0, 0, 0, 0, 0, 0, 0, 0, 0], [0, 0, 4, 1, 2, 0, 0, 0, 0, 0, 0, 0, 0, 0], [0, 0, 2, 0, 2, 0, 0, 0, 0, 0, 0, 0, 0, 0], [0, 0, 5, 0, 2, 0, 0, 0, 0, 0, 0, 0, 0, 0], [0, 0, 4, 0, 3, 0, 0, 0, 0, 0, 0, 0, 0, 0], [0, 0, 4, 0, 3, 0, 0, 0, 0, 0, 0, 0, 0, 0], [0, 0, 2, 0, 9, 0, 0, 0, 0, 0, 0, 0, 0, 0], [0, 0, 5, 0, 5, 0, 0, 0, 0, 0, 0, 0, 0, 0]]"
source_expansion_Faces_to_PetImages_to_GarbageDataset,gaussian_nb,hddm_w,0.65,5,105042,0.5849486124522942,0.41757653291360325,0.4614539674982604,0.761,0.5849486124522942,0.41757653291360325,0.4614539674982604,0.6,0.81,0.764,0.6596001717748983,0.4348194125874607,0.48248137749557457,0.6,0.84,1.0,"[[163, 55, 0, 0, 0, 0, 0, 0, 0, 0, 0, 0, 0, 0], [84, 64, 0, 0, 0, 0, 0, 0, 0, 0, 0, 0, 0, 0], [3, 7, 269, 16, 0, 0, 0, 0, 0, 0, 0, 0, 0, 0], [1, 5, 0, 74, 0, 0, 0, 0, 0, 0, 0, 0, 0, 0], [1, 8, 0, 1, 172, 0, 0, 0, 0, 0, 0, 1, 0, 0], [0, 5, 0, 2, 0, 4, 0, 0, 0, 0, 0, 0, 0, 0], [0, 5, 0, 0, 3, 0, 4, 0, 0, 0, 0, 0, 0, 0], [3, 4, 0, 0, 0, 0, 0, 0, 0, 0, 0, 0, 0, 0], [0, 3, 0, 0, 0, 0, 0, 0, 0, 1, 0, 0, 0, 0], [0, 3, 1, 1, 0, 0, 0, 0, 0, 1, 0, 0, 0, 1], [1, 3, 0, 0, 1, 0, 1, 0, 0, 0, 0, 0, 0, 1], [1, 1, 0, 1, 1, 0, 0, 0, 0, 1, 0, 2, 0, 0], [2, 3, 0, 1, 1, 0, 0, 0, 0, 0, 0, 0, 4, 0], [1, 2, 0, 1, 2, 0, 0, 0, 0, 0, 0, 0, 0, 4]]","[[162, 56, 0, 0, 0, 0, 0, 0, 0, 0, 0, 0, 0, 0], [83, 65, 0, 0, 0, 0, 0, 0, 0, 0, 0, 0, 0, 0], [3, 6, 269, 17, 0, 0, 0, 0, 0, 0, 0, 0, 0, 0], [1, 5, 0, 74, 0, 0, 0, 0, 0, 0, 0, 0, 0, 0], [1, 5, 0, 4, 173, 0, 0, 0, 0, 0, 0, 0, 0, 0], [0, 2, 0, 5, 0, 4, 0, 0, 0, 0, 0, 0, 0, 0], [0, 0, 3, 2, 3, 0, 4, 0, 0, 0, 0, 0, 0, 0], [1, 2, 1, 2, 0, 0, 0, 1, 0, 0, 0, 0, 0, 0], [0, 1, 1, 1, 0, 0, 0, 0, 0, 1, 0, 0, 0, 0], [0, 2, 1, 2, 0, 0, 0, 0, 0, 1, 0, 0, 0, 1], [0, 1, 0, 1, 1, 0, 2, 0, 0, 1, 0, 0, 0, 1], [0, 1, 0, 2, 1, 0, 0, 0, 0, 1, 0, 2, 0, 0], [0, 1, 0, 4, 1, 0, 0, 0, 0, 0, 0, 0, 5, 0], [0, 1, 0, 3, 2, 0, 0, 0, 0, 0, 0, 0, 0, 4]]"
source_expansion_Faces_to_PetImages_to_GarbageDataset,logistic_regression,kswin,0.65,6,106042,0.5692302378034106,0.5459696617950015,0.5513458170134855,0.713,0.5692302378034106,0.5459696617950015,0.5513458170134855,0.53,0.84,0.708,0.566754961007092,0.5584330985725493,0.5532134612898463,0.53,0.86,2.0,"[[169, 109, 4, 6, 0, 0, 0, 0, 0, 0, 0, 0, 0, 0], [81, 96, 5, 6, 1, 1, 0, 0, 0, 0, 0, 1, 0, 0], [0, 2, 216, 4, 0, 1, 0, 0, 0, 0, 0, 0, 0, 0], [0, 0, 5, 37, 0, 1, 0, 0, 0, 1, 0, 0, 1, 0], [0, 0, 1, 1, 161, 1, 1, 0, 2, 2, 2, 1, 0, 1], [0, 0, 0, 0, 1, 3, 0, 0, 0, 0, 1, 0, 0, 1], [0, 0, 0, 0, 4, 0, 2, 0, 1, 0, 2, 0, 0, 0], [0, 0, 1, 0, 1, 0, 1, 6, 0, 0, 1, 0, 0, 0], [0, 0, 0, 1, 3, 0, 0, 0, 4, 1, 1, 2, 0, 0], [1, 0, 1, 0, 2, 0, 0, 0, 1, 3, 0, 0, 0, 0], [0, 0, 0, 1, 3, 0, 0, 1, 1, 0, 4, 1, 0, 0], [0, 0, 0, 1, 1, 0, 0, 0, 2, 1, 0, 2, 0, 0], [0, 0, 1, 0, 0, 0, 1, 0, 0, 0, 0, 0, 7, 0], [0, 1, 0, 0, 1, 1, 0, 1, 0, 0, 1, 0, 0, 3]]","[[162, 116, 3, 7, 0, 0, 0, 0, 0, 0, 0, 0, 0, 0], [77, 103, 3, 7, 1, 0, 0, 0, 0, 0, 0, 0, 0, 0], [1, 3, 206, 10, 1, 1, 0, 0, 0, 0, 0, 1, 0, 0], [0, 2, 6, 37, 0, 0, 0, 0, 0, 0, 0, 0, 0, 0], [0, 0, 1, 0, 164, 3, 0, 1, 1, 1, 0, 1, 0, 1], [0, 0, 0, 1, 1, 3, 0, 0, 0, 0, 0, 0, 0, 1], [0, 0, 0, 0, 2, 0, 4, 0, 1, 0, 2, 0, 0, 0], [0, 1, 0, 0, 0, 0, 1, 7, 0, 0, 1, 0, 0, 0], [0, 0, 0, 1, 2, 0, 0, 0, 5, 2, 1, 1, 0, 0], [0, 0, 0, 0, 3, 0, 0, 0, 1, 3, 1, 0, 0, 0], [0, 0, 0, 1, 2, 3, 0, 1, 0, 0, 3, 0, 1, 0], [0, 0, 0, 1, 0, 0, 1, 0, 1, 0, 0, 2, 2, 0], [0, 0, 0, 0, 0, 0, 1, 0, 1, 0, 0, 0, 7, 0], [0, 0, 0, 0, 1, 1, 0, 1, 1, 0, 1, 1, 0, 2]]"
source_expansion_Faces_to_PetImages_to_GarbageDataset,hoeffding_tree,kswin,0.65,6,106042,0.29438192294756427,0.18050454939245147,0.18667950244874895,0.497,0.29438192294756427,0.18050454939245147,0.18667950244874895,0.5800000000000001,0.6799999999999999,0.543,0.15150348784857157,0.16759615843334544,0.14496295561607342,0.5800000000000001,0.64,5.0,"[[268, 5, 0, 0, 0, 15, 0, 0, 0, 0, 0, 0, 0, 0], [160, 10, 0, 0, 3, 18, 0, 0, 0, 0, 0, 0, 0, 0], [48, 1, 109, 4, 5, 56, 0, 0, 0, 0, 0, 0, 0, 0], [14, 4, 2, 10, 1, 14, 0, 0, 0, 0, 0, 0, 0, 0], [0, 6, 0, 0, 98, 69, 0, 0, 0, 0, 0, 0, 0, 0], [0, 2, 0, 2, 1, 1, 0, 0, 0, 0, 0, 0, 0, 0], [0, 2, 0, 2, 3, 2, 0, 0, 0, 0, 0, 0, 0, 0], [0, 3, 0, 0, 0, 6, 0, 1, 0, 0, 0, 0, 0, 0], [0, 6, 0, 0, 0, 6, 0, 0, 0, 0, 0, 0, 0, 0], [0, 4, 0, 0, 0, 4, 0, 0, 0, 0, 0, 0, 0, 0], [0, 4, 0, 0, 1, 6, 0, 0, 0, 0, 0, 0, 0, 0], [0, 3, 0, 0, 1, 3, 0, 0, 0, 0, 0, 0, 0, 0], [0, 5, 0, 0, 0, 4, 0, 0, 0, 0, 0, 0, 0, 0], [0, 3, 0, 0, 1, 4, 0, 0, 0, 0, 0, 0, 0, 0]]","[[255, 8, 24, 0, 1, 0, 0, 0, 0, 0, 0, 0, 0, 0], [144, 7, 32, 1, 7, 0, 0, 0, 0, 0, 0, 0, 0, 0], [38, 8, 167, 5, 4, 0, 0, 0, 0, 0, 0, 1, 0, 0], [11, 1, 28, 1, 4, 0, 0, 0, 0, 0, 0, 0, 0, 0], [2, 0, 58, 0, 113, 0, 0, 0, 0, 0, 0, 0, 0, 0], [0, 0, 0, 0, 6, 0, 0, 0, 0, 0, 0, 0, 0, 0], [0, 0, 2, 0, 7, 0, 0, 0, 0, 0, 0, 0, 0, 0], [0, 0, 4, 0, 6, 0, 0, 0, 0, 0, 0, 0, 0, 0], [0, 0, 5, 0, 7, 0, 0, 0, 0, 0, 0, 0, 0, 0], [0, 0, 2, 0, 6, 0, 0, 0, 0, 0, 0, 0, 0, 0], [0, 0, 5, 0, 6, 0, 0, 0, 0, 0, 0, 0, 0, 0], [0, 0, 3, 0, 4, 0, 0, 0, 0, 0, 0, 0, 0, 0], [0, 0, 4, 0, 5, 0, 0, 0, 0, 0, 0, 0, 0, 0], [0, 0, 3, 0, 5, 0, 0, 0, 0, 0, 0, 0, 0, 0]]"
source_expansion_Faces_to_PetImages_to_GarbageDataset,gaussian_nb,kswin,0.65,6,106042,0.6818549518350663,0.419650206765238,0.46481560078850614,0.736,0.6818549518350663,0.419650206765238,0.46481560078850614,0.61,0.8,0.74,0.6810228730108537,0.4346406184894511,0.465524284180987,0.61,0.85,1.0,"[[228, 60, 0, 0, 0, 0, 0, 0, 0, 0, 0, 0, 0, 0], [106, 85, 0, 0, 0, 0, 0, 0, 0, 0, 0, 0, 0, 0], [0, 7, 208, 8, 0, 0, 0, 0, 0, 0, 0, 0, 0, 0], [0, 3, 3, 39, 0, 0, 0, 0, 0, 0, 0, 0, 0, 0], [0, 8, 1, 3, 157, 0, 0, 0, 3, 0, 1, 0, 0, 0], [0, 4, 0, 2, 0, 0, 0, 0, 0, 0, 0, 0, 0, 0], [0, 1, 0, 0, 2, 0, 4, 0, 1, 0, 1, 0, 0, 0], [0, 7, 0, 0, 0, 0, 0, 3, 0, 0, 0, 0, 0, 0], [0, 7, 0, 0, 1, 0, 0, 0, 4, 0, 0, 0, 0, 0], [0, 4, 0, 0, 2, 0, 0, 0, 2, 0, 0, 0, 0, 0], [0, 3, 0, 0, 3, 0, 0, 0, 1, 0, 4, 0, 0, 0], [0, 3, 0, 0, 0, 0, 1, 0, 2, 0, 0, 1, 0, 0], [0, 6, 1, 0, 0, 0, 0, 0, 0, 0, 0, 0, 2, 0], [0, 6, 0, 0, 1, 0, 0, 0, 0, 0, 0, 0, 0, 1]]","[[220, 68, 0, 0, 0, 0, 0, 0, 0, 0, 0, 0, 0, 0], [99, 91, 1, 0, 0, 0, 0, 0, 0, 0, 0, 0, 0, 0], [3, 5, 208, 7, 0, 0, 0, 0, 0, 0, 0, 0, 0, 0], [2, 1, 2, 40, 0, 0, 0, 0, 0, 0, 0, 0, 0, 0], [0, 0, 3, 6, 160, 0, 0, 0, 4, 0, 0, 0, 0, 0], [0, 0, 2, 4, 0, 0, 0, 0, 0, 0, 0, 0, 0, 0], [0, 1, 0, 0, 2, 0, 4, 0, 1, 0, 1, 0, 0, 0], [0, 2, 2, 3, 0, 0, 0, 3, 0, 0, 0, 0, 0, 0], [0, 0, 1, 3, 2, 0, 0, 0, 6, 0, 0, 0, 0, 0], [0, 0, 0, 1, 2, 0, 0, 0, 5, 0, 0, 0, 0, 0], [0, 0, 0, 1, 5, 0, 0, 0, 1, 0, 4, 0, 0, 0], [0, 0, 1, 2, 0, 0, 1, 0, 2, 0, 0, 1, 0, 0], [0, 0, 6, 1, 0, 0, 0, 0, 0, 0, 0, 0, 2, 0], [0, 1, 2, 1, 2, 0, 0, 0, 1, 0, 0, 0, 0, 1]]"
source_expansion_Faces_to_PetImages_to_GarbageDataset,logistic_regression,adwin,0.65,6,106042,0.5692302378034106,0.5459696617950015,0.5513458170134855,0.713,0.5692302378034106,0.5459696617950015,0.5513458170134855,0.53,0.84,0.696,0.5848513612201371,0.5486544751746838,0.558818904535906,0.53,0.83,1.0,"[[169, 109, 4, 6, 0, 0, 0, 0, 0, 0, 0, 0, 0, 0], [81, 96, 5, 6, 1, 1, 0, 0, 0, 0, 0, 1, 0, 0], [0, 2, 216, 4, 0, 1, 0, 0, 0, 0, 0, 0, 0, 0], [0, 0, 5, 37, 0, 1, 0, 0, 0, 1, 0, 0, 1, 0], [0, 0, 1, 1, 161, 1, 1, 0, 2, 2, 2, 1, 0, 1], [0, 0, 0, 0, 1, 3, 0, 0, 0, 0, 1, 0, 0, 1], [0, 0, 0, 0, 4, 0, 2, 0, 1, 0, 2, 0, 0, 0], [0, 0, 1, 0, 1, 0, 1, 6, 0, 0, 1, 0, 0, 0], [0, 0, 0, 1, 3, 0, 0, 0, 4, 1, 1, 2, 0, 0], [1, 0, 1, 0, 2, 0, 0, 0, 1, 3, 0, 0, 0, 0], [0, 0, 0, 1, 3, 0, 0, 1, 1, 0, 4, 1, 0, 0], [0, 0, 0, 1, 1, 0, 0, 0, 2, 1, 0, 2, 0, 0], [0, 0, 1, 0, 0, 0, 1, 0, 0, 0, 0, 0, 7, 0], [0, 1, 0, 0, 1, 1, 0, 1, 0, 0, 1, 0, 0, 3]]","[[167, 112, 4, 4, 0, 0, 0, 0, 0, 0, 0, 1, 0, 0], [77, 104, 6, 4, 0, 0, 0, 0, 0, 0, 0, 0, 0, 0], [7, 12, 192, 10, 1, 0, 0, 0, 0, 0, 0, 1, 0, 0], [2, 1, 6, 33, 0, 0, 0, 0, 1, 1, 0, 0, 0, 1], [0, 0, 0, 1, 164, 1, 1, 0, 1, 1, 1, 1, 0, 2], [0, 0, 1, 0, 1, 3, 0, 0, 0, 0, 0, 0, 0, 1], [0, 0, 0, 0, 4, 0, 2, 0, 1, 0, 2, 0, 0, 0], [0, 0, 0, 0, 2, 0, 1, 6, 0, 0, 1, 0, 0, 0], [0, 0, 0, 2, 3, 0, 0, 0, 4, 3, 0, 0, 0, 0], [0, 1, 0, 0, 1, 0, 0, 0, 1, 4, 1, 0, 0, 0], [0, 0, 0, 0, 2, 0, 0, 1, 1, 0, 6, 1, 0, 0], [0, 0, 0, 1, 1, 0, 0, 0, 1, 1, 0, 2, 1, 0], [0, 0, 1, 0, 0, 0, 0, 1, 0, 0, 0, 0, 7, 0], [0, 0, 0, 0, 2, 0, 0, 2, 1, 0, 1, 0, 0, 2]]"
source_expansion_Faces_to_PetImages_to_GarbageDataset,hoeffding_tree,adwin,0.65,6,106042,0.29438192294756427,0.18050454939245147,0.18667950244874895,0.497,0.29438192294756427,0.18050454939245147,0.18667950244874895,0.5800000000000001,0.6799999999999999,0.553,0.14991283872513358,0.17237521706978307,0.14606943669966949,0.5800000000000001,0.65,3.0,"[[268, 5, 0, 0, 0, 15, 0, 0, 0, 0, 0, 0, 0, 0], [160, 10, 0, 0, 3, 18, 0, 0, 0, 0, 0, 0, 0, 0], [48, 1, 109, 4, 5, 56, 0, 0, 0, 0, 0, 0, 0, 0], [14, 4, 2, 10, 1, 14, 0, 0, 0, 0, 0, 0, 0, 0], [0, 6, 0, 0, 98, 69, 0, 0, 0, 0, 0, 0, 0, 0], [0, 2, 0, 2, 1, 1, 0, 0, 0, 0, 0, 0, 0, 0], [0, 2, 0, 2, 3, 2, 0, 0, 0, 0, 0, 0, 0, 0], [0, 3, 0, 0, 0, 6, 0, 1, 0, 0, 0, 0, 0, 0], [0, 6, 0, 0, 0, 6, 0, 0, 0, 0, 0, 0, 0, 0], [0, 4, 0, 0, 0, 4, 0, 0, 0, 0, 0, 0, 0, 0], [0, 4, 0, 0, 1, 6, 0, 0, 0, 0, 0, 0, 0, 0], [0, 3, 0, 0, 1, 3, 0, 0, 0, 0, 0, 0, 0, 0], [0, 5, 0, 0, 0, 4, 0, 0, 0, 0, 0, 0, 0, 0], [0, 3, 0, 0, 1, 4, 0, 0, 0, 0, 0, 0, 0, 0]]","[[252, 6, 28, 0, 2, 0, 0, 0, 0, 0, 0, 0, 0, 0], [142, 3, 38, 0, 8, 0, 0, 0, 0, 0, 0, 0, 0, 0], [42, 3, 167, 4, 7, 0, 0, 0, 0, 0, 0, 0, 0, 0], [14, 1, 23, 1, 6, 0, 0, 0, 0, 0, 0, 0, 0, 0], [1, 2, 40, 0, 130, 0, 0, 0, 0, 0, 0, 0, 0, 0], [0, 0, 0, 0, 6, 0, 0, 0, 0, 0, 0, 0, 0, 0], [0, 0, 1, 0, 8, 0, 0, 0, 0, 0, 0, 0, 0, 0], [0, 0, 3, 0, 7, 0, 0, 0, 0, 0, 0, 0, 0, 0], [0, 0, 5, 0, 7, 0, 0, 0, 0, 0, 0, 0, 0, 0], [0, 0, 1, 0, 7, 0, 0, 0, 0, 0, 0, 0, 0, 0], [0, 0, 3, 0, 8, 0, 0, 0, 0, 0, 0, 0, 0, 0], [0, 0, 3, 0, 4, 0, 0, 0, 0, 0, 0, 0, 0, 0], [0, 0, 3, 0, 6, 0, 0, 0, 0, 0, 0, 0, 0, 0], [0, 0, 2, 0, 6, 0, 0, 0, 0, 0, 0, 0, 0, 0]]"
source_expansion_Faces_to_PetImages_to_GarbageDataset,gaussian_nb,adwin,0.65,6,106042,0.6818549518350663,0.419650206765238,0.46481560078850614,0.736,0.6818549518350663,0.419650206765238,0.46481560078850614,0.61,0.8,0.727,0.6248202687330521,0.38297218863318105,0.42291477114163684,0.61,0.79,1.0,"[[228, 60, 0, 0, 0, 0, 0, 0, 0, 0, 0, 0, 0, 0], [106, 85, 0, 0, 0, 0, 0, 0, 0, 0, 0, 0, 0, 0], [0, 7, 208, 8, 0, 0, 0, 0, 0, 0, 0, 0, 0, 0], [0, 3, 3, 39, 0, 0, 0, 0, 0, 0, 0, 0, 0, 0], [0, 8, 1, 3, 157, 0, 0, 0, 3, 0, 1, 0, 0, 0], [0, 4, 0, 2, 0, 0, 0, 0, 0, 0, 0, 0, 0, 0], [0, 1, 0, 0, 2, 0, 4, 0, 1, 0, 1, 0, 0, 0], [0, 7, 0, 0, 0, 0, 0, 3, 0, 0, 0, 0, 0, 0], [0, 7, 0, 0, 1, 0, 0, 0, 4, 0, 0, 0, 0, 0], [0, 4, 0, 0, 2, 0, 0, 0, 2, 0, 0, 0, 0, 0], [0, 3, 0, 0, 3, 0, 0, 0, 1, 0, 4, 0, 0, 0], [0, 3, 0, 0, 0, 0, 1, 0, 2, 0, 0, 1, 0, 0], [0, 6, 1, 0, 0, 0, 0, 0, 0, 0, 0, 0, 2, 0], [0, 6, 0, 0, 1, 0, 0, 0, 0, 0, 0, 0, 0, 1]]","[[217, 67, 4, 0, 0, 0, 0, 0, 0, 0, 0, 0, 0, 0], [92, 96, 3, 0, 0, 0, 0, 0, 0, 0, 0, 0, 0, 0], [0, 8, 209, 6, 0, 0, 0, 0, 0, 0, 0, 0, 0, 0], [0, 1, 11, 33, 0, 0, 0, 0, 0, 0, 0, 0, 0, 0], [0, 0, 11, 3, 157, 0, 0, 0, 2, 0, 0, 0, 0, 0], [0, 0, 2, 4, 0, 0, 0, 0, 0, 0, 0, 0, 0, 0], [0, 0, 4, 0, 1, 0, 2, 0, 1, 0, 1, 0, 0, 0], [0, 0, 6, 1, 0, 0, 0, 3, 0, 0, 0, 0, 0, 0], [0, 0, 5, 1, 2, 0, 0, 0, 4, 0, 0, 0, 0, 0], [0, 0, 2, 1, 2, 0, 0, 0, 3, 0, 0, 0, 0, 0], [0, 0, 2, 0, 5, 0, 0, 0, 1, 0, 2, 0, 0, 1], [0, 0, 3, 0, 0, 0, 1, 0, 2, 0, 0, 1, 0, 0], [0, 0, 7, 0, 0, 0, 0, 0, 0, 0, 0, 0, 2, 0], [0, 0, 4, 0, 2, 0, 0, 0, 1, 0, 0, 0, 0, 1]]"
source_expansion_Faces_to_PetImages_to_GarbageDataset,logistic_regression,page_hinkley,0.65,6,106042,0.5692302378034106,0.5459696617950015,0.5513458170134855,0.713,0.5692302378034106,0.5459696617950015,0.5513458170134855,0.53,0.84,0.684,0.46082736570476807,0.5095380907492132,0.47797399900871207,0.53,0.6699999999999999,3.0,"[[169, 109, 4, 6, 0, 0, 0, 0, 0, 0, 0, 0, 0, 0], [81, 96, 5, 6, 1, 1, 0, 0, 0, 0, 0, 1, 0, 0], [0, 2, 216, 4, 0, 1, 0, 0, 0, 0, 0, 0, 0, 0], [0, 0, 5, 37, 0, 1, 0, 0, 0, 1, 0, 0, 1, 0], [0, 0, 1, 1, 161, 1, 1, 0, 2, 2, 2, 1, 0, 1], [0, 0, 0, 0, 1, 3, 0, 0, 0, 0, 1, 0, 0, 1], [0, 0, 0, 0, 4, 0, 2, 0, 1, 0, 2, 0, 0, 0], [0, 0, 1, 0, 1, 0, 1, 6, 0, 0, 1, 0, 0, 0], [0, 0, 0, 1, 3, 0, 0, 0, 4, 1, 1, 2, 0, 0], [1, 0, 1, 0, 2, 0, 0, 0, 1, 3, 0, 0, 0, 0], [0, 0, 0, 1, 3, 0, 0, 1, 1, 0, 4, 1, 0, 0], [0, 0, 0, 1, 1, 0, 0, 0, 2, 1, 0, 2, 0, 0], [0, 0, 1, 0, 0, 0, 1, 0, 0, 0, 0, 0, 7, 0], [0, 1, 0, 0, 1, 1, 0, 1, 0, 0, 1, 0, 0, 3]]","[[168, 114, 3, 2, 0, 0, 0, 0, 0, 0, 0, 1, 0, 0], [76, 105, 4, 5, 0, 0, 0, 0, 1, 0, 0, 0, 0, 0], [3, 1, 206, 10, 1, 0, 0, 0, 1, 0, 0, 0, 1, 0], [1, 0, 2, 40, 0, 0, 0, 1, 0, 0, 0, 0, 1, 0], [0, 0, 0, 2, 134, 5, 5, 5, 9, 1, 5, 2, 1, 4], [0, 1, 0, 1, 1, 2, 0, 0, 0, 0, 0, 1, 0, 0], [0, 1, 0, 1, 1, 0, 3, 0, 1, 1, 1, 0, 0, 0], [0, 1, 0, 0, 1, 0, 1, 5, 0, 0, 1, 0, 1, 0], [1, 0, 0, 1, 3, 0, 0, 0, 5, 2, 0, 0, 0, 0], [0, 0, 0, 0, 2, 1, 0, 0, 0, 3, 2, 0, 0, 0], [0, 0, 0, 0, 2, 0, 1, 2, 0, 1, 4, 1, 0, 0], [0, 0, 0, 1, 0, 0, 0, 0, 2, 1, 0, 2, 1, 0], [1, 1, 0, 0, 0, 0, 0, 1, 0, 1, 0, 0, 5, 0], [1, 0, 0, 0, 1, 1, 0, 2, 0, 0, 1, 0, 0, 2]]"
source_expansion_Faces_to_PetImages_to_GarbageDataset,hoeffding_tree,page_hinkley,0.65,6,106042,0.29438192294756427,0.18050454939245147,0.18667950244874895,0.497,0.29438192294756427,0.18050454939245147,0.18667950244874895,0.5800000000000001,0.6799999999999999,0.561,0.16992730889026278,0.18254428561964334,0.16277493595144651,0.5800000000000001,0.65,4.0,"[[268, 5, 0, 0, 0, 15, 0, 0, 0, 0, 0, 0, 0, 0], [160, 10, 0, 0, 3, 18, 0, 0, 0, 0, 0, 0, 0, 0], [48, 1, 109, 4, 5, 56, 0, 0, 0, 0, 0, 0, 0, 0], [14, 4, 2, 10, 1, 14, 0, 0, 0, 0, 0, 0, 0, 0], [0, 6, 0, 0, 98, 69, 0, 0, 0, 0, 0, 0, 0, 0], [0, 2, 0, 2, 1, 1, 0, 0, 0, 0, 0, 0, 0, 0], [0, 2, 0, 2, 3, 2, 0, 0, 0, 0, 0, 0, 0, 0], [0, 3, 0, 0, 0, 6, 0, 1, 0, 0, 0, 0, 0, 0], [0, 6, 0, 0, 0, 6, 0, 0, 0, 0, 0, 0, 0, 0], [0, 4, 0, 0, 0, 4, 0, 0, 0, 0, 0, 0, 0, 0], [0, 4, 0, 0, 1, 6, 0, 0, 0, 0, 0, 0, 0, 0], [0, 3, 0, 0, 1, 3, 0, 0, 0, 0, 0, 0, 0, 0], [0, 5, 0, 0, 0, 4, 0, 0, 0, 0, 0, 0, 0, 0], [0, 3, 0, 0, 1, 4, 0, 0, 0, 0, 0, 0, 0, 0]]","[[239, 16, 31, 1, 1, 0, 0, 0, 0, 0, 0, 0, 0, 0], [131, 8, 39, 6, 7, 0, 0, 0, 0, 0, 0, 0, 0, 0], [21, 1, 190, 7, 4, 0, 0, 0, 0, 0, 0, 0, 0, 0], [5, 2, 27, 7, 4, 0, 0, 0, 0, 0, 0, 0, 0, 0], [0, 0, 55, 0, 117, 0, 0, 0, 0, 0, 1, 0, 0, 0], [0, 0, 0, 0, 6, 0, 0, 0, 0, 0, 0, 0, 0, 0], [0, 0, 2, 0, 7, 0, 0, 0, 0, 0, 0, 0, 0, 0], [0, 0, 4, 0, 6, 0, 0, 0, 0, 0, 0, 0, 0, 0], [0, 0, 5, 0, 7, 0, 0, 0, 0, 0, 0, 0, 0, 0], [0, 0, 2, 0, 6, 0, 0, 0, 0, 0, 0, 0, 0, 0], [1, 0, 4, 0, 6, 0, 0, 0, 0, 0, 0, 0, 0, 0], [0, 0, 3, 0, 4, 0, 0, 0, 0, 0, 0, 0, 0, 0], [0, 0, 4, 0, 5, 0, 0, 0, 0, 0, 0, 0, 0, 0], [0, 0, 3, 0, 5, 0, 0, 0, 0, 0, 0, 0, 0, 0]]"
source_expansion_Faces_to_PetImages_to_GarbageDataset,gaussian_nb,page_hinkley,0.65,6,106042,0.6818549518350663,0.419650206765238,0.46481560078850614,0.736,0.6818549518350663,0.419650206765238,0.46481560078850614,0.61,0.8,0.71,0.419950909855137,0.30515488270113755,0.31791136769321654,0.61,0.72,3.0,"[[228, 60, 0, 0, 0, 0, 0, 0, 0, 0, 0, 0, 0, 0], [106, 85, 0, 0, 0, 0, 0, 0, 0, 0, 0, 0, 0, 0], [0, 7, 208, 8, 0, 0, 0, 0, 0, 0, 0, 0, 0, 0], [0, 3, 3, 39, 0, 0, 0, 0, 0, 0, 0, 0, 0, 0], [0, 8, 1, 3, 157, 0, 0, 0, 3, 0, 1, 0, 0, 0], [0, 4, 0, 2, 0, 0, 0, 0, 0, 0, 0, 0, 0, 0], [0, 1, 0, 0, 2, 0, 4, 0, 1, 0, 1, 0, 0, 0], [0, 7, 0, 0, 0, 0, 0, 3, 0, 0, 0, 0, 0, 0], [0, 7, 0, 0, 1, 0, 0, 0, 4, 0, 0, 0, 0, 0], [0, 4, 0, 0, 2, 0, 0, 0, 2, 0, 0, 0, 0, 0], [0, 3, 0, 0, 3, 0, 0, 0, 1, 0, 4, 0, 0, 0], [0, 3, 0, 0, 0, 0, 1, 0, 2, 0, 0, 1, 0, 0], [0, 6, 1, 0, 0, 0, 0, 0, 0, 0, 0, 0, 2, 0], [0, 6, 0, 0, 1, 0, 0, 0, 0, 0, 0, 0, 0, 1]]","[[226, 59, 3, 0, 0, 0, 0, 0, 0, 0, 0, 0, 0, 0], [104, 78, 5, 0, 4, 0, 0, 0, 0, 0, 0, 0, 0, 0], [0, 8, 211, 3, 0, 0, 0, 0, 0, 0, 0, 0, 1, 0], [0, 3, 11, 27, 3, 0, 0, 1, 0, 0, 0, 0, 0, 0], [0, 0, 6, 3, 162, 0, 0, 2, 0, 0, 0, 0, 0, 0], [0, 0, 1, 0, 2, 0, 0, 0, 0, 2, 1, 0, 0, 0], [0, 0, 1, 0, 6, 0, 1, 0, 0, 0, 1, 0, 0, 0], [1, 0, 3, 0, 4, 0, 0, 2, 0, 0, 0, 0, 0, 0], [0, 0, 1, 2, 7, 0, 0, 0, 1, 1, 0, 0, 0, 0], [0, 0, 0, 0, 8, 0, 0, 0, 0, 0, 0, 0, 0, 0], [0, 0, 1, 2, 6, 0, 0, 1, 0, 0, 1, 0, 0, 0], [0, 0, 2, 1, 2, 0, 0, 0, 2, 0, 0, 0, 0, 0], [0, 0, 4, 0, 3, 0, 0, 1, 0, 0, 0, 0, 1, 0], [0, 0, 1, 1, 5, 0, 0, 0, 0, 0, 1, 0, 0, 0]]"
source_expansion_Faces_to_PetImages_to_GarbageDataset,logistic_regression,hddm_w,0.65,6,106042,0.5692302378034106,0.5459696617950015,0.5513458170134855,0.713,0.5692302378034106,0.5459696617950015,0.5513458170134855,0.53,0.84,0.712,0.5749566771052257,0.5730420003724949,0.5616730380304484,0.53,0.87,1.0,"[[169, 109, 4, 6, 0, 0, 0, 0, 0, 0, 0, 0, 0, 0], [81, 96, 5, 6, 1, 1, 0, 0, 0, 0, 0, 1, 0, 0], [0, 2, 216, 4, 0, 1, 0, 0, 0, 0, 0, 0, 0, 0], [0, 0, 5, 37, 0, 1, 0, 0, 0, 1, 0, 0, 1, 0], [0, 0, 1, 1, 161, 1, 1, 0, 2, 2, 2, 1, 0, 1], [0, 0, 0, 0, 1, 3, 0, 0, 0, 0, 1, 0, 0, 1], [0, 0, 0, 0, 4, 0, 2, 0, 1, 0, 2, 0, 0, 0], [0, 0, 1, 0, 1, 0, 1, 6, 0, 0, 1, 0, 0, 0], [0, 0, 0, 1, 3, 0, 0, 0, 4, 1, 1, 2, 0, 0], [1, 0, 1, 0, 2, 0, 0, 0, 1, 3, 0, 0, 0, 0], [0, 0, 0, 1, 3, 0, 0, 1, 1, 0, 4, 1, 0, 0], [0, 0, 0, 1, 1, 0, 0, 0, 2, 1, 0, 2, 0, 0], [0, 0, 1, 0, 0, 0, 1, 0, 0, 0, 0, 0, 7, 0], [0, 1, 0, 0, 1, 1, 0, 1, 0, 0, 1, 0, 0, 3]]","[[167, 111, 4, 6, 0, 0, 0, 0, 0, 0, 0, 0, 0, 0], [84, 95, 5, 6, 1, 0, 0, 0, 0, 0, 0, 0, 0, 0], [0, 3, 210, 7, 0, 1, 0, 0, 1, 0, 0, 1, 0, 0], [0, 0, 5, 39, 0, 1, 0, 0, 0, 0, 0, 0, 0, 0], [0, 0, 1, 0, 164, 3, 0, 1, 1, 1, 0, 1, 0, 1], [0, 0, 0, 0, 1, 4, 0, 0, 0, 0, 0, 0, 0, 1], [0, 1, 0, 0, 2, 1, 4, 0, 0, 0, 1, 0, 0, 0], [0, 0, 0, 0, 0, 0, 1, 7, 1, 0, 1, 0, 0, 0], [0, 0, 0, 0, 2, 0, 0, 0, 5, 2, 2, 1, 0, 0], [0, 0, 0, 0, 2, 0, 0, 0, 1, 3, 2, 0, 0, 0], [0, 0, 0, 1, 2, 3, 0, 1, 0, 0, 3, 1, 0, 0], [0, 0, 0, 1, 0, 0, 1, 0, 1, 0, 0, 2, 2, 0], [0, 0, 0, 0, 0, 0, 0, 1, 1, 0, 0, 0, 7, 0], [0, 0, 0, 0, 2, 1, 0, 1, 1, 0, 1, 0, 0, 2]]"
source_expansion_Faces_to_PetImages_to_GarbageDataset,hoeffding_tree,hddm_w,0.65,6,106042,0.29438192294756427,0.18050454939245147,0.18667950244874895,0.497,0.29438192294756427,0.18050454939245147,0.18667950244874895,0.5800000000000001,0.6799999999999999,0.572,0.18194118683943647,0.19307445975442258,0.17800074307429942,0.5800000000000001,0.65,3.0,"[[268, 5, 0, 0, 0, 15, 0, 0, 0, 0, 0, 0, 0, 0], [160, 10, 0, 0, 3, 18, 0, 0, 0, 0, 0, 0, 0, 0], [48, 1, 109, 4, 5, 56, 0, 0, 0, 0, 0, 0, 0, 0], [14, 4, 2, 10, 1, 14, 0, 0, 0, 0, 0, 0, 0, 0], [0, 6, 0, 0, 98, 69, 0, 0, 0, 0, 0, 0, 0, 0], [0, 2, 0, 2, 1, 1, 0, 0, 0, 0, 0, 0, 0, 0], [0, 2, 0, 2, 3, 2, 0, 0, 0, 0, 0, 0, 0, 0], [0, 3, 0, 0, 0, 6, 0, 1, 0, 0, 0, 0, 0, 0], [0, 6, 0, 0, 0, 6, 0, 0, 0, 0, 0, 0, 0, 0], [0, 4, 0, 0, 0, 4, 0, 0, 0, 0, 0, 0, 0, 0], [0, 4, 0, 0, 1, 6, 0, 0, 0, 0, 0, 0, 0, 0], [0, 3, 0, 0, 1, 3, 0, 0, 0, 0, 0, 0, 0, 0], [0, 5, 0, 0, 0, 4, 0, 0, 0, 0, 0, 0, 0, 0], [0, 3, 0, 0, 1, 4, 0, 0, 0, 0, 0, 0, 0, 0]]","[[237, 23, 19, 8, 1, 0, 0, 0, 0, 0, 0, 0, 0, 0], [132, 23, 23, 6, 7, 0, 0, 0, 0, 0, 0, 0, 0, 0], [17, 5, 186, 8, 7, 0, 0, 0, 0, 0, 0, 0, 0, 0], [6, 3, 19, 12, 5, 0, 0, 0, 0, 0, 0, 0, 0, 0], [0, 1, 58, 0, 114, 0, 0, 0, 0, 0, 0, 0, 0, 0], [0, 0, 0, 0, 6, 0, 0, 0, 0, 0, 0, 0, 0, 0], [0, 0, 2, 0, 7, 0, 0, 0, 0, 0, 0, 0, 0, 0], [0, 0, 4, 0, 6, 0, 0, 0, 0, 0, 0, 0, 0, 0], [0, 0, 5, 0, 7, 0, 0, 0, 0, 0, 0, 0, 0, 0], [0, 0, 2, 0, 6, 0, 0, 0, 0, 0, 0, 0, 0, 0], [0, 0, 5, 0, 6, 0, 0, 0, 0, 0, 0, 0, 0, 0], [0, 0, 3, 0, 4, 0, 0, 0, 0, 0, 0, 0, 0, 0], [0, 0, 4, 0, 5, 0, 0, 0, 0, 0, 0, 0, 0, 0], [0, 0, 3, 0, 5, 0, 0, 0, 0, 0, 0, 0, 0, 0]]"
source_expansion_Faces_to_PetImages_to_GarbageDataset,gaussian_nb,hddm_w,0.65,6,106042,0.6818549518350663,0.419650206765238,0.46481560078850614,0.736,0.6818549518350663,0.419650206765238,0.46481560078850614,0.61,0.8,0.719,0.6091691084521056,0.3904736482183163,0.42142014012503776,0.61,0.8,1.0,"[[228, 60, 0, 0, 0, 0, 0, 0, 0, 0, 0, 0, 0, 0], [106, 85, 0, 0, 0, 0, 0, 0, 0, 0, 0, 0, 0, 0], [0, 7, 208, 8, 0, 0, 0, 0, 0, 0, 0, 0, 0, 0], [0, 3, 3, 39, 0, 0, 0, 0, 0, 0, 0, 0, 0, 0], [0, 8, 1, 3, 157, 0, 0, 0, 3, 0, 1, 0, 0, 0], [0, 4, 0, 2, 0, 0, 0, 0, 0, 0, 0, 0, 0, 0], [0, 1, 0, 0, 2, 0, 4, 0, 1, 0, 1, 0, 0, 0], [0, 7, 0, 0, 0, 0, 0, 3, 0, 0, 0, 0, 0, 0], [0, 7, 0, 0, 1, 0, 0, 0, 4, 0, 0, 0, 0, 0], [0, 4, 0, 0, 2, 0, 0, 0, 2, 0, 0, 0, 0, 0], [0, 3, 0, 0, 3, 0, 0, 0, 1, 0, 4, 0, 0, 0], [0, 3, 0, 0, 0, 0, 1, 0, 2, 0, 0, 1, 0, 0], [0, 6, 1, 0, 0, 0, 0, 0, 0, 0, 0, 0, 2, 0], [0, 6, 0, 0, 1, 0, 0, 0, 0, 0, 0, 0, 0, 1]]","[[221, 65, 2, 0, 0, 0, 0, 0, 0, 0, 0, 0, 0, 0], [102, 86, 2, 0, 0, 0, 0, 1, 0, 0, 0, 0, 0, 0], [0, 8, 204, 9, 0, 0, 0, 2, 0, 0, 0, 0, 0, 0], [0, 1, 8, 35, 0, 0, 0, 1, 0, 0, 0, 0, 0, 0], [0, 3, 3, 9, 157, 0, 0, 1, 0, 0, 0, 0, 0, 0], [0, 1, 0, 5, 0, 0, 0, 0, 0, 0, 0, 0, 0, 0], [0, 0, 0, 0, 5, 0, 2, 0, 0, 0, 2, 0, 0, 0], [0, 2, 3, 0, 1, 0, 0, 4, 0, 0, 0, 0, 0, 0], [0, 2, 2, 3, 1, 0, 0, 0, 3, 1, 0, 0, 0, 0], [0, 0, 1, 1, 4, 0, 0, 0, 1, 1, 0, 0, 0, 0], [0, 0, 1, 2, 4, 0, 0, 0, 0, 0, 3, 0, 0, 1], [0, 1, 2, 0, 0, 0, 1, 0, 2, 0, 0, 1, 0, 0], [0, 0, 5, 1, 1, 0, 0, 0, 0, 0, 1, 0, 1, 0], [0, 1, 2, 0, 3, 0, 0, 0, 1, 0, 0, 0, 0, 1]]"
source_expansion_Faces_to_PetImages_to_GarbageDataset,logistic_regression,kswin,0.65,7,107042,0.5409437609196556,0.4885518638717083,0.5083201788701845,0.785,0.5409437609196556,0.4885518638717083,0.5083201788701845,0.61,0.84,0.785,0.5409437609196556,0.4885518638717083,0.5083201788701845,0.61,0.84,0.0,"[[150, 75, 1, 6, 0, 0, 0, 0, 0, 0, 0, 0, 0, 0], [60, 80, 3, 4, 0, 0, 0, 0, 0, 0, 0, 0, 0, 0], [2, 1, 252, 1, 0, 0, 0, 0, 1, 0, 0, 0, 0, 0], [1, 1, 5, 44, 0, 0, 0, 0, 0, 0, 0, 0, 0, 0], [0, 0, 0, 1, 234, 0, 0, 0, 0, 0, 0, 0, 1, 0], [0, 0, 1, 0, 2, 7, 0, 1, 0, 0, 0, 0, 0, 0], [0, 1, 0, 0, 2, 1, 0, 1, 0, 0, 2, 0, 0, 0], [0, 0, 1, 1, 0, 0, 1, 4, 0, 0, 0, 0, 0, 1], [0, 1, 0, 1, 0, 0, 0, 0, 1, 1, 0, 1, 0, 1], [0, 0, 0, 1, 2, 0, 1, 1, 1, 1, 1, 0, 0, 1], [0, 0, 0, 0, 3, 0, 0, 0, 0, 0, 3, 1, 0, 3], [0, 0, 0, 0, 3, 0, 0, 0, 1, 0, 0, 4, 0, 0], [0, 0, 0, 0, 2, 0, 0, 0, 0, 2, 0, 0, 4, 0], [0, 0, 0, 1, 3, 1, 0, 0, 0, 1, 3, 0, 0, 1]]","[[150, 75, 1, 6, 0, 0, 0, 0, 0, 0, 0, 0, 0, 0], [60, 80, 3, 4, 0, 0, 0, 0, 0, 0, 0, 0, 0, 0], [2, 1, 252, 1, 0, 0, 0, 0, 1, 0, 0, 0, 0, 0], [1, 1, 5, 44, 0, 0, 0, 0, 0, 0, 0, 0, 0, 0], [0, 0, 0, 1, 234, 0, 0, 0, 0, 0, 0, 0, 1, 0], [0, 0, 1, 0, 2, 7, 0, 1, 0, 0, 0, 0, 0, 0], [0, 1, 0, 0, 2, 1, 0, 1, 0, 0, 2, 0, 0, 0], [0, 0, 1, 1, 0, 0, 1, 4, 0, 0, 0, 0, 0, 1], [0, 1, 0, 1, 0, 0, 0, 0, 1, 1, 0, 1, 0, 1], [0, 0, 0, 1, 2, 0, 1, 1, 1, 1, 1, 0, 0, 1], [0, 0, 0, 0, 3, 0, 0, 0, 0, 0, 3, 1, 0, 3], [0, 0, 0, 0, 3, 0, 0, 0, 1, 0, 0, 4, 0, 0], [0, 0, 0, 0, 2, 0, 0, 0, 0, 2, 0, 0, 4, 0], [0, 0, 0, 1, 3, 1, 0, 0, 0, 1, 3, 0, 0, 1]]"
source_expansion_Faces_to_PetImages_to_GarbageDataset,hoeffding_tree,kswin,0.65,7,107042,0.2845128590708418,0.24277173018267778,0.24135579838618892,0.572,0.2845128590708418,0.24277173018267778,0.24135579838618892,0.52,0.69,0.625,0.21936121038291753,0.19510838876624673,0.1811264847855504,0.52,0.6,4.0,"[[201, 25, 0, 0, 0, 0, 0, 0, 4, 1, 0, 1, 0, 0], [109, 29, 0, 0, 0, 1, 0, 1, 5, 0, 0, 2, 0, 0], [32, 5, 195, 2, 2, 11, 0, 6, 4, 0, 0, 0, 0, 0], [10, 6, 2, 22, 1, 3, 0, 1, 6, 0, 0, 0, 0, 0], [3, 4, 0, 1, 120, 12, 3, 3, 50, 8, 0, 32, 0, 0], [0, 5, 0, 0, 0, 1, 1, 1, 3, 0, 0, 0, 0, 0], [1, 3, 0, 0, 1, 0, 1, 0, 1, 0, 0, 0, 0, 0], [1, 0, 0, 0, 1, 2, 0, 0, 2, 0, 0, 2, 0, 0], [1, 2, 0, 1, 0, 1, 0, 0, 1, 0, 0, 0, 0, 0], [1, 3, 0, 0, 3, 0, 0, 0, 1, 1, 0, 0, 0, 0], [3, 1, 0, 0, 0, 0, 0, 0, 3, 0, 0, 3, 0, 0], [2, 3, 0, 0, 1, 1, 0, 0, 0, 0, 0, 1, 0, 0], [1, 4, 0, 0, 0, 0, 0, 1, 2, 0, 0, 0, 0, 0], [1, 4, 0, 0, 1, 0, 0, 0, 2, 0, 0, 2, 0, 0]]","[[173, 21, 24, 0, 14, 0, 0, 0, 0, 0, 0, 0, 0, 0], [97, 9, 30, 1, 9, 0, 0, 1, 0, 0, 0, 0, 0, 0], [25, 3, 218, 0, 9, 0, 0, 2, 0, 0, 0, 0, 0, 0], [6, 0, 24, 8, 12, 0, 0, 1, 0, 0, 0, 0, 0, 0], [0, 0, 18, 0, 217, 0, 0, 1, 0, 0, 0, 0, 0, 0], [0, 0, 3, 0, 8, 0, 0, 0, 0, 0, 0, 0, 0, 0], [0, 0, 0, 0, 7, 0, 0, 0, 0, 0, 0, 0, 0, 0], [1, 0, 2, 0, 5, 0, 0, 0, 0, 0, 0, 0, 0, 0], [0, 0, 1, 0, 5, 0, 0, 0, 0, 0, 0, 0, 0, 0], [0, 0, 0, 0, 9, 0, 0, 0, 0, 0, 0, 0, 0, 0], [0, 0, 0, 0, 10, 0, 0, 0, 0, 0, 0, 0, 0, 0], [0, 0, 1, 0, 7, 0, 0, 0, 0, 0, 0, 0, 0, 0], [0, 0, 1, 0, 7, 0, 0, 0, 0, 0, 0, 0, 0, 0], [0, 0, 0, 0, 10, 0, 0, 0, 0, 0, 0, 0, 0, 0]]"
source_expansion_Faces_to_PetImages_to_GarbageDataset,gaussian_nb,kswin,0.65,7,107042,0.568161856771746,0.40545758232824575,0.44513426163435355,0.764,0.568161856771746,0.40545758232824575,0.44513426163435355,0.5800000000000001,0.78,0.764,0.568161856771746,0.40545758232824575,0.44513426163435355,0.5800000000000001,0.78,0.0,"[[172, 60, 0, 0, 0, 0, 0, 0, 0, 0, 0, 0, 0, 0], [74, 73, 0, 0, 0, 0, 0, 0, 0, 0, 0, 0, 0, 0], [2, 9, 242, 4, 0, 0, 0, 0, 0, 0, 0, 0, 0, 0], [1, 4, 1, 45, 0, 0, 0, 0, 0, 0, 0, 0, 0, 0], [3, 11, 0, 2, 217, 0, 0, 0, 0, 0, 2, 1, 0, 0], [1, 5, 0, 2, 0, 3, 0, 0, 0, 0, 0, 0, 0, 0], [1, 1, 0, 0, 1, 1, 0, 0, 0, 0, 1, 1, 0, 1], [5, 0, 0, 0, 0, 0, 0, 3, 0, 0, 0, 0, 0, 0], [0, 4, 0, 0, 0, 0, 0, 0, 0, 0, 0, 0, 2, 0], [0, 4, 0, 0, 2, 0, 0, 0, 0, 2, 0, 1, 0, 0], [0, 5, 0, 0, 2, 0, 0, 0, 0, 0, 1, 1, 0, 1], [1, 2, 0, 0, 2, 0, 0, 0, 0, 0, 0, 2, 0, 1], [0, 4, 1, 0, 0, 0, 0, 0, 0, 0, 0, 0, 3, 0], [2, 4, 0, 0, 1, 0, 0, 0, 0, 0, 2, 0, 0, 1]]","[[172, 60, 0, 0, 0, 0, 0, 0, 0, 0, 0, 0, 0, 0], [74, 73, 0, 0, 0, 0, 0, 0, 0, 0, 0, 0, 0, 0], [2, 9, 242, 4, 0, 0, 0, 0, 0, 0, 0, 0, 0, 0], [1, 4, 1, 45, 0, 0, 0, 0, 0, 0, 0, 0, 0, 0], [3, 11, 0, 2, 217, 0, 0, 0, 0, 0, 2, 1, 0, 0], [1, 5, 0, 2, 0, 3, 0, 0, 0, 0, 0, 0, 0, 0], [1, 1, 0, 0, 1, 1, 0, 0, 0, 0, 1, 1, 0, 1], [5, 0, 0, 0, 0, 0, 0, 3, 0, 0, 0, 0, 0, 0], [0, 4, 0, 0, 0, 0, 0, 0, 0, 0, 0, 0, 2, 0], [0, 4, 0, 0, 2, 0, 0, 0, 0, 2, 0, 1, 0, 0], [0, 5, 0, 0, 2, 0, 0, 0, 0, 0, 1, 1, 0, 1], [1, 2, 0, 0, 2, 0, 0, 0, 0, 0, 0, 2, 0, 1], [0, 4, 1, 0, 0, 0, 0, 0, 0, 0, 0, 0, 3, 0], [2, 4, 0, 0, 1, 0, 0, 0, 0, 0, 2, 0, 0, 1]]"
source_expansion_Faces_to_PetImages_to_GarbageDataset,logistic_regression,adwin,0.65,7,107042,0.5409437609196556,0.4885518638717083,0.5083201788701845,0.785,0.5409437609196556,0.4885518638717083,0.5083201788701845,0.61,0.84,0.762,0.5084680860099805,0.4813242208110346,0.48926831727371484,0.61,0.83,1.0,"[[150, 75, 1, 6, 0, 0, 0, 0, 0, 0, 0, 0, 0, 0], [60, 80, 3, 4, 0, 0, 0, 0, 0, 0, 0, 0, 0, 0], [2, 1, 252, 1, 0, 0, 0, 0, 1, 0, 0, 0, 0, 0], [1, 1, 5, 44, 0, 0, 0, 0, 0, 0, 0, 0, 0, 0], [0, 0, 0, 1, 234, 0, 0, 0, 0, 0, 0, 0, 1, 0], [0, 0, 1, 0, 2, 7, 0, 1, 0, 0, 0, 0, 0, 0], [0, 1, 0, 0, 2, 1, 0, 1, 0, 0, 2, 0, 0, 0], [0, 0, 1, 1, 0, 0, 1, 4, 0, 0, 0, 0, 0, 1], [0, 1, 0, 1, 0, 0, 0, 0, 1, 1, 0, 1, 0, 1], [0, 0, 0, 1, 2, 0, 1, 1, 1, 1, 1, 0, 0, 1], [0, 0, 0, 0, 3, 0, 0, 0, 0, 0, 3, 1, 0, 3], [0, 0, 0, 0, 3, 0, 0, 0, 1, 0, 0, 4, 0, 0], [0, 0, 0, 0, 2, 0, 0, 0, 0, 2, 0, 0, 4, 0], [0, 0, 0, 1, 3, 1, 0, 0, 0, 1, 3, 0, 0, 1]]","[[146, 77, 1, 5, 0, 0, 0, 2, 0, 0, 1, 0, 0, 0], [62, 76, 4, 4, 0, 0, 1, 0, 0, 0, 0, 0, 0, 0], [9, 4, 236, 8, 0, 0, 0, 0, 0, 0, 0, 0, 0, 0], [2, 1, 3, 45, 0, 0, 0, 0, 0, 0, 0, 0, 0, 0], [0, 0, 0, 1, 233, 0, 1, 0, 0, 0, 0, 0, 0, 1], [1, 0, 0, 0, 0, 9, 0, 1, 0, 0, 0, 0, 0, 0], [0, 1, 0, 0, 2, 1, 0, 1, 0, 0, 1, 0, 0, 1], [1, 0, 0, 0, 0, 1, 0, 4, 0, 1, 0, 0, 0, 1], [0, 0, 0, 1, 1, 0, 0, 0, 0, 1, 0, 1, 1, 1], [0, 0, 0, 0, 3, 0, 1, 0, 1, 1, 1, 0, 0, 2], [0, 0, 0, 0, 4, 0, 0, 0, 0, 0, 3, 1, 0, 2], [0, 1, 0, 0, 2, 0, 0, 0, 1, 0, 1, 3, 0, 0], [0, 0, 0, 1, 1, 0, 0, 0, 0, 2, 0, 0, 4, 0], [0, 0, 0, 1, 2, 0, 1, 0, 0, 2, 2, 0, 0, 2]]"
source_expansion_Faces_to_PetImages_to_GarbageDataset,hoeffding_tree,adwin,0.65,7,107042,0.2845128590708418,0.24277173018267778,0.24135579838618892,0.572,0.2845128590708418,0.24277173018267778,0.24135579838618892,0.52,0.69,0.636,0.23782014595540796,0.1970080685849334,0.18323791687833887,0.52,0.6,3.0,"[[201, 25, 0, 0, 0, 0, 0, 0, 4, 1, 0, 1, 0, 0], [109, 29, 0, 0, 0, 1, 0, 1, 5, 0, 0, 2, 0, 0], [32, 5, 195, 2, 2, 11, 0, 6, 4, 0, 0, 0, 0, 0], [10, 6, 2, 22, 1, 3, 0, 1, 6, 0, 0, 0, 0, 0], [3, 4, 0, 1, 120, 12, 3, 3, 50, 8, 0, 32, 0, 0], [0, 5, 0, 0, 0, 1, 1, 1, 3, 0, 0, 0, 0, 0], [1, 3, 0, 0, 1, 0, 1, 0, 1, 0, 0, 0, 0, 0], [1, 0, 0, 0, 1, 2, 0, 0, 2, 0, 0, 2, 0, 0], [1, 2, 0, 1, 0, 1, 0, 0, 1, 0, 0, 0, 0, 0], [1, 3, 0, 0, 3, 0, 0, 0, 1, 1, 0, 0, 0, 0], [3, 1, 0, 0, 0, 0, 0, 0, 3, 0, 0, 3, 0, 0], [2, 3, 0, 0, 1, 1, 0, 0, 0, 0, 0, 1, 0, 0], [1, 4, 0, 0, 0, 0, 0, 1, 2, 0, 0, 0, 0, 0], [1, 4, 0, 0, 1, 0, 0, 0, 2, 0, 0, 2, 0, 0]]","[[181, 22, 14, 0, 15, 0, 0, 0, 0, 0, 0, 0, 0, 0], [105, 18, 15, 0, 9, 0, 0, 0, 0, 0, 0, 0, 0, 0], [34, 3, 211, 0, 9, 0, 0, 0, 0, 0, 0, 0, 0, 0], [9, 6, 17, 5, 14, 0, 0, 0, 0, 0, 0, 0, 0, 0], [1, 0, 14, 0, 221, 0, 0, 0, 0, 0, 0, 0, 0, 0], [0, 0, 1, 0, 10, 0, 0, 0, 0, 0, 0, 0, 0, 0], [0, 0, 0, 0, 7, 0, 0, 0, 0, 0, 0, 0, 0, 0], [0, 0, 2, 0, 6, 0, 0, 0, 0, 0, 0, 0, 0, 0], [0, 0, 1, 0, 5, 0, 0, 0, 0, 0, 0, 0, 0, 0], [0, 0, 0, 0, 9, 0, 0, 0, 0, 0, 0, 0, 0, 0], [0, 0, 0, 0, 10, 0, 0, 0, 0, 0, 0, 0, 0, 0], [0, 0, 1, 0, 7, 0, 0, 0, 0, 0, 0, 0, 0, 0], [0, 0, 1, 0, 7, 0, 0, 0, 0, 0, 0, 0, 0, 0], [0, 0, 0, 0, 10, 0, 0, 0, 0, 0, 0, 0, 0, 0]]"
source_expansion_Faces_to_PetImages_to_GarbageDataset,gaussian_nb,adwin,0.65,7,107042,0.568161856771746,0.40545758232824575,0.44513426163435355,0.764,0.568161856771746,0.40545758232824575,0.44513426163435355,0.5800000000000001,0.78,0.749,0.5525729893044449,0.39531063190329224,0.43684000275991647,0.5800000000000001,0.78,1.0,"[[172, 60, 0, 0, 0, 0, 0, 0, 0, 0, 0, 0, 0, 0], [74, 73, 0, 0, 0, 0, 0, 0, 0, 0, 0, 0, 0, 0], [2, 9, 242, 4, 0, 0, 0, 0, 0, 0, 0, 0, 0, 0], [1, 4, 1, 45, 0, 0, 0, 0, 0, 0, 0, 0, 0, 0], [3, 11, 0, 2, 217, 0, 0, 0, 0, 0, 2, 1, 0, 0], [1, 5, 0, 2, 0, 3, 0, 0, 0, 0, 0, 0, 0, 0], [1, 1, 0, 0, 1, 1, 0, 0, 0, 0, 1, 1, 0, 1], [5, 0, 0, 0, 0, 0, 0, 3, 0, 0, 0, 0, 0, 0], [0, 4, 0, 0, 0, 0, 0, 0, 0, 0, 0, 0, 2, 0], [0, 4, 0, 0, 2, 0, 0, 0, 0, 2, 0, 1, 0, 0], [0, 5, 0, 0, 2, 0, 0, 0, 0, 0, 1, 1, 0, 1], [1, 2, 0, 0, 2, 0, 0, 0, 0, 0, 0, 2, 0, 1], [0, 4, 1, 0, 0, 0, 0, 0, 0, 0, 0, 0, 3, 0], [2, 4, 0, 0, 1, 0, 0, 0, 0, 0, 2, 0, 0, 1]]","[[164, 67, 1, 0, 0, 0, 0, 0, 0, 0, 0, 0, 0, 0], [74, 67, 6, 0, 0, 0, 0, 0, 0, 0, 0, 0, 0, 0], [3, 8, 245, 1, 0, 0, 0, 0, 0, 0, 0, 0, 0, 0], [1, 4, 5, 41, 0, 0, 0, 0, 0, 0, 0, 0, 0, 0], [0, 0, 12, 5, 217, 0, 0, 0, 0, 0, 2, 0, 0, 0], [0, 0, 8, 0, 0, 3, 0, 0, 0, 0, 0, 0, 0, 0], [0, 0, 3, 0, 0, 1, 0, 0, 0, 0, 1, 1, 0, 1], [0, 0, 4, 0, 0, 0, 0, 4, 0, 0, 0, 0, 0, 0], [0, 0, 4, 0, 1, 0, 0, 0, 0, 0, 0, 0, 1, 0], [0, 0, 3, 0, 2, 1, 0, 0, 0, 2, 0, 1, 0, 0], [0, 0, 3, 0, 4, 0, 0, 0, 0, 0, 1, 1, 0, 1], [0, 0, 4, 0, 2, 0, 0, 0, 0, 0, 0, 1, 0, 1], [0, 0, 5, 0, 0, 0, 0, 0, 0, 0, 0, 0, 3, 0], [0, 0, 3, 1, 2, 0, 0, 0, 0, 0, 3, 0, 0, 1]]"
source_expansion_Faces_to_PetImages_to_GarbageDataset,logistic_regression,page_hinkley,0.65,7,107042,0.5409437609196556,0.4885518638717083,0.5083201788701845,0.785,0.5409437609196556,0.4885518638717083,0.5083201788701845,0.61,0.84,0.764,0.4939922368043798,0.4622897417450596,0.47365654432345616,0.61,0.83,1.0,"[[150, 75, 1, 6, 0, 0, 0, 0, 0, 0, 0, 0, 0, 0], [60, 80, 3, 4, 0, 0, 0, 0, 0, 0, 0, 0, 0, 0], [2, 1, 252, 1, 0, 0, 0, 0, 1, 0, 0, 0, 0, 0], [1, 1, 5, 44, 0, 0, 0, 0, 0, 0, 0, 0, 0, 0], [0, 0, 0, 1, 234, 0, 0, 0, 0, 0, 0, 0, 1, 0], [0, 0, 1, 0, 2, 7, 0, 1, 0, 0, 0, 0, 0, 0], [0, 1, 0, 0, 2, 1, 0, 1, 0, 0, 2, 0, 0, 0], [0, 0, 1, 1, 0, 0, 1, 4, 0, 0, 0, 0, 0, 1], [0, 1, 0, 1, 0, 0, 0, 0, 1, 1, 0, 1, 0, 1], [0, 0, 0, 1, 2, 0, 1, 1, 1, 1, 1, 0, 0, 1], [0, 0, 0, 0, 3, 0, 0, 0, 0, 0, 3, 1, 0, 3], [0, 0, 0, 0, 3, 0, 0, 0, 1, 0, 0, 4, 0, 0], [0, 0, 0, 0, 2, 0, 0, 0, 0, 2, 0, 0, 4, 0], [0, 0, 0, 1, 3, 1, 0, 0, 0, 1, 3, 0, 0, 1]]","[[152, 74, 1, 5, 0, 0, 0, 0, 0, 0, 0, 0, 0, 0], [61, 79, 3, 2, 0, 0, 0, 1, 1, 0, 0, 0, 0, 0], [7, 8, 232, 10, 0, 0, 0, 0, 0, 0, 0, 0, 0, 0], [1, 1, 5, 44, 0, 0, 0, 0, 0, 0, 0, 0, 0, 0], [0, 0, 0, 1, 234, 0, 1, 0, 0, 0, 0, 0, 0, 0], [0, 0, 0, 0, 2, 7, 0, 1, 0, 0, 0, 0, 1, 0], [0, 1, 0, 0, 2, 1, 0, 1, 0, 0, 1, 0, 0, 1], [1, 0, 0, 0, 0, 1, 0, 4, 0, 1, 0, 0, 0, 1], [0, 0, 0, 1, 1, 0, 0, 0, 0, 1, 0, 1, 2, 0], [0, 0, 0, 0, 3, 0, 1, 0, 1, 1, 1, 0, 0, 2], [0, 0, 0, 0, 4, 0, 0, 0, 0, 0, 3, 1, 0, 2], [0, 1, 0, 1, 2, 0, 0, 0, 1, 0, 0, 3, 0, 0], [0, 0, 0, 0, 2, 0, 0, 0, 0, 2, 0, 0, 4, 0], [0, 0, 0, 1, 2, 0, 1, 0, 0, 2, 3, 0, 0, 1]]"
source_expansion_Faces_to_PetImages_to_GarbageDataset,hoeffding_tree,page_hinkley,0.65,7,107042,0.2845128590708418,0.24277173018267778,0.24135579838618892,0.572,0.2845128590708418,0.24277173018267778,0.24135579838618892,0.52,0.69,0.627,0.20011171332625288,0.18969361028094717,0.17082607881500295,0.52,0.6,3.0,"[[201, 25, 0, 0, 0, 0, 0, 0, 4, 1, 0, 1, 0, 0], [109, 29, 0, 0, 0, 1, 0, 1, 5, 0, 0, 2, 0, 0], [32, 5, 195, 2, 2, 11, 0, 6, 4, 0, 0, 0, 0, 0], [10, 6, 2, 22, 1, 3, 0, 1, 6, 0, 0, 0, 0, 0], [3, 4, 0, 1, 120, 12, 3, 3, 50, 8, 0, 32, 0, 0], [0, 5, 0, 0, 0, 1, 1, 1, 3, 0, 0, 0, 0, 0], [1, 3, 0, 0, 1, 0, 1, 0, 1, 0, 0, 0, 0, 0], [1, 0, 0, 0, 1, 2, 0, 0, 2, 0, 0, 2, 0, 0], [1, 2, 0, 1, 0, 1, 0, 0, 1, 0, 0, 0, 0, 0], [1, 3, 0, 0, 3, 0, 0, 0, 1, 1, 0, 0, 0, 0], [3, 1, 0, 0, 0, 0, 0, 0, 3, 0, 0, 3, 0, 0], [2, 3, 0, 0, 1, 1, 0, 0, 0, 0, 0, 1, 0, 0], [1, 4, 0, 0, 0, 0, 0, 1, 2, 0, 0, 0, 0, 0], [1, 4, 0, 0, 1, 0, 0, 0, 2, 0, 0, 2, 0, 0]]","[[178, 20, 19, 0, 15, 0, 0, 0, 0, 0, 0, 0, 0, 0], [102, 17, 19, 0, 9, 0, 0, 0, 0, 0, 0, 0, 0, 0], [33, 4, 211, 1, 8, 0, 0, 0, 0, 0, 0, 0, 0, 0], [10, 4, 23, 1, 13, 0, 0, 0, 0, 0, 0, 0, 0, 0], [1, 0, 15, 0, 220, 0, 0, 0, 0, 0, 0, 0, 0, 0], [0, 0, 1, 0, 10, 0, 0, 0, 0, 0, 0, 0, 0, 0], [0, 0, 0, 0, 7, 0, 0, 0, 0, 0, 0, 0, 0, 0], [0, 0, 3, 0, 5, 0, 0, 0, 0, 0, 0, 0, 0, 0], [0, 0, 1, 0, 5, 0, 0, 0, 0, 0, 0, 0, 0, 0], [0, 0, 0, 0, 9, 0, 0, 0, 0, 0, 0, 0, 0, 0], [0, 0, 0, 0, 10, 0, 0, 0, 0, 0, 0, 0, 0, 0], [0, 0, 1, 0, 7, 0, 0, 0, 0, 0, 0, 0, 0, 0], [0, 0, 1, 0, 7, 0, 0, 0, 0, 0, 0, 0, 0, 0], [0, 0, 0, 0, 10, 0, 0, 0, 0, 0, 0, 0, 0, 0]]"
source_expansion_Faces_to_PetImages_to_GarbageDataset,gaussian_nb,page_hinkley,0.65,7,107042,0.568161856771746,0.40545758232824575,0.44513426163435355,0.764,0.568161856771746,0.40545758232824575,0.44513426163435355,0.5800000000000001,0.78,0.732,0.6166126393677583,0.3864246142129907,0.44060539487468214,0.5800000000000001,0.75,3.0,"[[172, 60, 0, 0, 0, 0, 0, 0, 0, 0, 0, 0, 0, 0], [74, 73, 0, 0, 0, 0, 0, 0, 0, 0, 0, 0, 0, 0], [2, 9, 242, 4, 0, 0, 0, 0, 0, 0, 0, 0, 0, 0], [1, 4, 1, 45, 0, 0, 0, 0, 0, 0, 0, 0, 0, 0], [3, 11, 0, 2, 217, 0, 0, 0, 0, 0, 2, 1, 0, 0], [1, 5, 0, 2, 0, 3, 0, 0, 0, 0, 0, 0, 0, 0], [1, 1, 0, 0, 1, 1, 0, 0, 0, 0, 1, 1, 0, 1], [5, 0, 0, 0, 0, 0, 0, 3, 0, 0, 0, 0, 0, 0], [0, 4, 0, 0, 0, 0, 0, 0, 0, 0, 0, 0, 2, 0], [0, 4, 0, 0, 2, 0, 0, 0, 0, 2, 0, 1, 0, 0], [0, 5, 0, 0, 2, 0, 0, 0, 0, 0, 1, 1, 0, 1], [1, 2, 0, 0, 2, 0, 0, 0, 0, 0, 0, 2, 0, 1], [0, 4, 1, 0, 0, 0, 0, 0, 0, 0, 0, 0, 3, 0], [2, 4, 0, 0, 1, 0, 0, 0, 0, 0, 2, 0, 0, 1]]","[[153, 73, 6, 0, 0, 0, 0, 0, 0, 0, 0, 0, 0, 0], [69, 71, 7, 0, 0, 0, 0, 0, 0, 0, 0, 0, 0, 0], [1, 8, 246, 2, 0, 0, 0, 0, 0, 0, 0, 0, 0, 0], [0, 4, 10, 37, 0, 0, 0, 0, 0, 0, 0, 0, 0, 0], [2, 0, 20, 2, 210, 0, 0, 0, 0, 0, 2, 0, 0, 0], [0, 0, 8, 0, 0, 3, 0, 0, 0, 0, 0, 0, 0, 0], [0, 0, 5, 0, 1, 0, 0, 0, 0, 0, 1, 0, 0, 0], [0, 0, 5, 0, 0, 0, 0, 3, 0, 0, 0, 0, 0, 0], [0, 0, 5, 0, 0, 0, 0, 0, 0, 0, 0, 0, 1, 0], [0, 0, 4, 0, 2, 1, 0, 0, 0, 2, 0, 0, 0, 0], [0, 0, 4, 0, 3, 0, 0, 0, 0, 0, 1, 0, 0, 2], [0, 0, 4, 0, 1, 0, 0, 0, 0, 0, 0, 2, 0, 1], [0, 0, 5, 0, 0, 0, 0, 0, 0, 0, 0, 0, 3, 0], [0, 0, 5, 1, 1, 0, 0, 0, 0, 0, 2, 0, 0, 1]]"
source_expansion_Faces_to_PetImages_to_GarbageDataset,logistic_regression,hddm_w,0.65,7,107042,0.5409437609196556,0.4885518638717083,0.5083201788701845,0.785,0.5409437609196556,0.4885518638717083,0.5083201788701845,0.61,0.84,0.785,0.5409437609196556,0.4885518638717083,0.5083201788701845,0.61,0.84,0.0,"[[150, 75, 1, 6, 0, 0, 0, 0, 0, 0, 0, 0, 0, 0], [60, 80, 3, 4, 0, 0, 0, 0, 0, 0, 0, 0, 0, 0], [2, 1, 252, 1, 0, 0, 0, 0, 1, 0, 0, 0, 0, 0], [1, 1, 5, 44, 0, 0, 0, 0, 0, 0, 0, 0, 0, 0], [0, 0, 0, 1, 234, 0, 0, 0, 0, 0, 0, 0, 1, 0], [0, 0, 1, 0, 2, 7, 0, 1, 0, 0, 0, 0, 0, 0], [0, 1, 0, 0, 2, 1, 0, 1, 0, 0, 2, 0, 0, 0], [0, 0, 1, 1, 0, 0, 1, 4, 0, 0, 0, 0, 0, 1], [0, 1, 0, 1, 0, 0, 0, 0, 1, 1, 0, 1, 0, 1], [0, 0, 0, 1, 2, 0, 1, 1, 1, 1, 1, 0, 0, 1], [0, 0, 0, 0, 3, 0, 0, 0, 0, 0, 3, 1, 0, 3], [0, 0, 0, 0, 3, 0, 0, 0, 1, 0, 0, 4, 0, 0], [0, 0, 0, 0, 2, 0, 0, 0, 0, 2, 0, 0, 4, 0], [0, 0, 0, 1, 3, 1, 0, 0, 0, 1, 3, 0, 0, 1]]","[[150, 75, 1, 6, 0, 0, 0, 0, 0, 0, 0, 0, 0, 0], [60, 80, 3, 4, 0, 0, 0, 0, 0, 0, 0, 0, 0, 0], [2, 1, 252, 1, 0, 0, 0, 0, 1, 0, 0, 0, 0, 0], [1, 1, 5, 44, 0, 0, 0, 0, 0, 0, 0, 0, 0, 0], [0, 0, 0, 1, 234, 0, 0, 0, 0, 0, 0, 0, 1, 0], [0, 0, 1, 0, 2, 7, 0, 1, 0, 0, 0, 0, 0, 0], [0, 1, 0, 0, 2, 1, 0, 1, 0, 0, 2, 0, 0, 0], [0, 0, 1, 1, 0, 0, 1, 4, 0, 0, 0, 0, 0, 1], [0, 1, 0, 1, 0, 0, 0, 0, 1, 1, 0, 1, 0, 1], [0, 0, 0, 1, 2, 0, 1, 1, 1, 1, 1, 0, 0, 1], [0, 0, 0, 0, 3, 0, 0, 0, 0, 0, 3, 1, 0, 3], [0, 0, 0, 0, 3, 0, 0, 0, 1, 0, 0, 4, 0, 0], [0, 0, 0, 0, 2, 0, 0, 0, 0, 2, 0, 0, 4, 0], [0, 0, 0, 1, 3, 1, 0, 0, 0, 1, 3, 0, 0, 1]]"
source_expansion_Faces_to_PetImages_to_GarbageDataset,hoeffding_tree,hddm_w,0.65,7,107042,0.2845128590708418,0.24277173018267778,0.24135579838618892,0.572,0.2845128590708418,0.24277173018267778,0.24135579838618892,0.52,0.69,0.624,0.21759838873426743,0.1916054314148523,0.17512254387376053,0.52,0.6,2.0,"[[201, 25, 0, 0, 0, 0, 0, 0, 4, 1, 0, 1, 0, 0], [109, 29, 0, 0, 0, 1, 0, 1, 5, 0, 0, 2, 0, 0], [32, 5, 195, 2, 2, 11, 0, 6, 4, 0, 0, 0, 0, 0], [10, 6, 2, 22, 1, 3, 0, 1, 6, 0, 0, 0, 0, 0], [3, 4, 0, 1, 120, 12, 3, 3, 50, 8, 0, 32, 0, 0], [0, 5, 0, 0, 0, 1, 1, 1, 3, 0, 0, 0, 0, 0], [1, 3, 0, 0, 1, 0, 1, 0, 1, 0, 0, 0, 0, 0], [1, 0, 0, 0, 1, 2, 0, 0, 2, 0, 0, 2, 0, 0], [1, 2, 0, 1, 0, 1, 0, 0, 1, 0, 0, 0, 0, 0], [1, 3, 0, 0, 3, 0, 0, 0, 1, 1, 0, 0, 0, 0], [3, 1, 0, 0, 0, 0, 0, 0, 3, 0, 0, 3, 0, 0], [2, 3, 0, 0, 1, 1, 0, 0, 0, 0, 0, 1, 0, 0], [1, 4, 0, 0, 0, 0, 0, 1, 2, 0, 0, 0, 0, 0], [1, 4, 0, 0, 1, 0, 0, 0, 2, 0, 0, 2, 0, 0]]","[[170, 22, 26, 0, 14, 0, 0, 0, 0, 0, 0, 0, 0, 0], [96, 10, 31, 0, 9, 0, 0, 1, 0, 0, 0, 0, 0, 0], [24, 0, 221, 1, 9, 0, 0, 2, 0, 0, 0, 0, 0, 0], [5, 0, 28, 5, 12, 0, 0, 1, 0, 0, 0, 0, 0, 0], [0, 0, 18, 0, 218, 0, 0, 0, 0, 0, 0, 0, 0, 0], [0, 0, 3, 0, 8, 0, 0, 0, 0, 0, 0, 0, 0, 0], [0, 0, 0, 0, 7, 0, 0, 0, 0, 0, 0, 0, 0, 0], [0, 0, 2, 0, 6, 0, 0, 0, 0, 0, 0, 0, 0, 0], [0, 0, 1, 0, 5, 0, 0, 0, 0, 0, 0, 0, 0, 0], [0, 0, 0, 0, 9, 0, 0, 0, 0, 0, 0, 0, 0, 0], [0, 0, 0, 0, 10, 0, 0, 0, 0, 0, 0, 0, 0, 0], [0, 0, 1, 0, 7, 0, 0, 0, 0, 0, 0, 0, 0, 0], [0, 0, 1, 0, 7, 0, 0, 0, 0, 0, 0, 0, 0, 0], [0, 0, 0, 0, 10, 0, 0, 0, 0, 0, 0, 0, 0, 0]]"
source_expansion_Faces_to_PetImages_to_GarbageDataset,gaussian_nb,hddm_w,0.65,7,107042,0.568161856771746,0.40545758232824575,0.44513426163435355,0.764,0.568161856771746,0.40545758232824575,0.44513426163435355,0.5800000000000001,0.78,0.764,0.568161856771746,0.40545758232824575,0.44513426163435355,0.5800000000000001,0.78,0.0,"[[172, 60, 0, 0, 0, 0, 0, 0, 0, 0, 0, 0, 0, 0], [74, 73, 0, 0, 0, 0, 0, 0, 0, 0, 0, 0, 0, 0], [2, 9, 242, 4, 0, 0, 0, 0, 0, 0, 0, 0, 0, 0], [1, 4, 1, 45, 0, 0, 0, 0, 0, 0, 0, 0, 0, 0], [3, 11, 0, 2, 217, 0, 0, 0, 0, 0, 2, 1, 0, 0], [1, 5, 0, 2, 0, 3, 0, 0, 0, 0, 0, 0, 0, 0], [1, 1, 0, 0, 1, 1, 0, 0, 0, 0, 1, 1, 0, 1], [5, 0, 0, 0, 0, 0, 0, 3, 0, 0, 0, 0, 0, 0], [0, 4, 0, 0, 0, 0, 0, 0, 0, 0, 0, 0, 2, 0], [0, 4, 0, 0, 2, 0, 0, 0, 0, 2, 0, 1, 0, 0], [0, 5, 0, 0, 2, 0, 0, 0, 0, 0, 1, 1, 0, 1], [1, 2, 0, 0, 2, 0, 0, 0, 0, 0, 0, 2, 0, 1], [0, 4, 1, 0, 0, 0, 0, 0, 0, 0, 0, 0, 3, 0], [2, 4, 0, 0, 1, 0, 0, 0, 0, 0, 2, 0, 0, 1]]","[[172, 60, 0, 0, 0, 0, 0, 0, 0, 0, 0, 0, 0, 0], [74, 73, 0, 0, 0, 0, 0, 0, 0, 0, 0, 0, 0, 0], [2, 9, 242, 4, 0, 0, 0, 0, 0, 0, 0, 0, 0, 0], [1, 4, 1, 45, 0, 0, 0, 0, 0, 0, 0, 0, 0, 0], [3, 11, 0, 2, 217, 0, 0, 0, 0, 0, 2, 1, 0, 0], [1, 5, 0, 2, 0, 3, 0, 0, 0, 0, 0, 0, 0, 0], [1, 1, 0, 0, 1, 1, 0, 0, 0, 0, 1, 1, 0, 1], [5, 0, 0, 0, 0, 0, 0, 3, 0, 0, 0, 0, 0, 0], [0, 4, 0, 0, 0, 0, 0, 0, 0, 0, 0, 0, 2, 0], [0, 4, 0, 0, 2, 0, 0, 0, 0, 2, 0, 1, 0, 0], [0, 5, 0, 0, 2, 0, 0, 0, 0, 0, 1, 1, 0, 1], [1, 2, 0, 0, 2, 0, 0, 0, 0, 0, 0, 2, 0, 1], [0, 4, 1, 0, 0, 0, 0, 0, 0, 0, 0, 0, 3, 0], [2, 4, 0, 0, 1, 0, 0, 0, 0, 0, 2, 0, 0, 1]]"
source_expansion_Faces_to_PetImages_to_GarbageDataset,logistic_regression,kswin,0.65,8,108042,0.5705778114805803,0.5372415747908359,0.5491846160802639,0.786,0.5705778114805803,0.5372415747908359,0.5491846160802639,0.6,0.85,0.714,0.4610168835421899,0.49212139338494026,0.4697261403776593,0.6,0.77,2.0,"[[120, 80, 0, 3, 0, 0, 0, 0, 0, 0, 0, 0, 0, 0], [54, 65, 2, 4, 0, 0, 0, 0, 0, 0, 0, 0, 0, 0], [1, 0, 255, 5, 0, 0, 0, 0, 0, 0, 0, 0, 0, 0], [0, 2, 3, 51, 0, 0, 0, 0, 0, 0, 0, 0, 0, 0], [0, 0, 1, 0, 253, 1, 1, 1, 0, 2, 0, 1, 0, 1], [0, 0, 0, 1, 1, 7, 0, 0, 0, 0, 0, 1, 0, 0], [0, 0, 0, 0, 6, 1, 7, 0, 0, 0, 1, 0, 0, 0], [0, 0, 0, 0, 0, 1, 0, 10, 0, 0, 1, 0, 1, 1], [0, 1, 0, 1, 2, 0, 0, 0, 2, 0, 0, 1, 0, 0], [0, 0, 1, 0, 2, 0, 1, 0, 3, 2, 0, 0, 0, 1], [0, 1, 0, 0, 3, 0, 3, 0, 0, 0, 0, 0, 0, 0], [0, 0, 0, 1, 2, 0, 0, 0, 0, 2, 0, 2, 0, 1], [0, 0, 0, 0, 1, 2, 1, 0, 0, 0, 0, 0, 10, 0], [0, 0, 0, 0, 2, 0, 0, 0, 1, 2, 1, 1, 0, 2]]","[[119, 80, 1, 3, 0, 0, 0, 0, 0, 0, 0, 0, 0, 0], [53, 66, 2, 3, 0, 0, 0, 0, 0, 0, 0, 1, 0, 0], [12, 4, 230, 12, 2, 0, 0, 0, 0, 0, 1, 0, 0, 0], [0, 5, 3, 46, 1, 0, 0, 0, 0, 1, 0, 0, 0, 0], [2, 0, 5, 10, 213, 1, 6, 3, 4, 6, 3, 4, 1, 3], [0, 0, 1, 1, 0, 5, 0, 0, 1, 0, 0, 1, 1, 0], [0, 0, 0, 1, 1, 0, 7, 0, 0, 1, 3, 0, 1, 1], [0, 0, 1, 0, 0, 0, 1, 11, 0, 0, 0, 0, 0, 1], [1, 0, 1, 0, 0, 0, 0, 0, 1, 0, 0, 3, 0, 1], [0, 0, 1, 1, 0, 0, 1, 0, 1, 3, 0, 0, 0, 3], [0, 0, 0, 0, 0, 0, 4, 0, 0, 2, 0, 0, 0, 1], [0, 0, 0, 2, 0, 0, 0, 1, 2, 0, 0, 1, 0, 2], [0, 0, 0, 0, 0, 1, 0, 3, 0, 0, 0, 0, 10, 0], [0, 0, 0, 1, 1, 0, 1, 0, 0, 1, 0, 1, 2, 2]]"
source_expansion_Faces_to_PetImages_to_GarbageDataset,hoeffding_tree,kswin,0.65,8,108042,0.372408342321907,0.258027445460943,0.26387938639590713,0.599,0.372408342321907,0.258027445460943,0.26387938639590713,0.71,0.71,0.646,0.18592212378372402,0.19185710376104465,0.16820042467479596,0.71,0.63,4.0,"[[197, 1, 0, 0, 0, 1, 0, 1, 3, 0, 0, 0, 0, 0], [109, 11, 0, 0, 0, 2, 0, 0, 3, 0, 0, 0, 0, 0], [47, 8, 190, 5, 3, 0, 6, 2, 0, 0, 0, 0, 0, 0], [8, 11, 2, 30, 0, 1, 1, 0, 3, 0, 0, 0, 0, 0], [2, 13, 0, 0, 164, 7, 22, 2, 51, 0, 0, 0, 0, 0], [0, 4, 0, 1, 0, 1, 2, 0, 2, 0, 0, 0, 0, 0], [0, 7, 0, 0, 2, 0, 2, 1, 3, 0, 0, 0, 0, 0], [0, 8, 0, 0, 0, 0, 1, 1, 2, 0, 0, 0, 1, 1], [1, 4, 0, 0, 0, 0, 1, 0, 1, 0, 0, 0, 0, 0], [0, 7, 0, 0, 0, 1, 0, 0, 2, 0, 0, 0, 0, 0], [0, 5, 0, 0, 0, 0, 0, 0, 1, 0, 1, 0, 0, 0], [0, 4, 0, 0, 2, 1, 0, 0, 1, 0, 0, 0, 0, 0], [1, 8, 0, 0, 0, 0, 3, 0, 1, 0, 0, 0, 1, 0], [1, 5, 0, 0, 0, 0, 1, 0, 2, 0, 0, 0, 0, 0]]","[[157, 4, 34, 0, 7, 0, 0, 1, 0, 0, 0, 0, 0, 0], [76, 6, 34, 0, 9, 0, 0, 0, 0, 0, 0, 0, 0, 0], [11, 3, 230, 1, 14, 0, 0, 2, 0, 0, 0, 0, 0, 0], [7, 2, 35, 1, 11, 0, 0, 0, 0, 0, 0, 0, 0, 0], [3, 0, 4, 1, 252, 0, 0, 1, 0, 0, 0, 0, 0, 0], [0, 0, 1, 0, 9, 0, 0, 0, 0, 0, 0, 0, 0, 0], [0, 0, 1, 0, 14, 0, 0, 0, 0, 0, 0, 0, 0, 0], [0, 0, 0, 0, 13, 0, 0, 0, 0, 0, 0, 0, 0, 1], [0, 0, 0, 0, 7, 0, 0, 0, 0, 0, 0, 0, 0, 0], [1, 0, 0, 0, 9, 0, 0, 0, 0, 0, 0, 0, 0, 0], [0, 0, 0, 0, 7, 0, 0, 0, 0, 0, 0, 0, 0, 0], [1, 0, 0, 0, 7, 0, 0, 0, 0, 0, 0, 0, 0, 0], [0, 0, 1, 0, 13, 0, 0, 0, 0, 0, 0, 0, 0, 0], [0, 0, 0, 1, 8, 0, 0, 0, 0, 0, 0, 0, 0, 0]]"
source_expansion_Faces_to_PetImages_to_GarbageDataset,gaussian_nb,kswin,0.65,8,108042,0.7595026327550254,0.4765864023770428,0.5293814646355307,0.772,0.7595026327550254,0.4765864023770428,0.5293814646355307,0.6799999999999999,0.8200000000000001,0.765,0.645084051967281,0.44746614277895064,0.49436437823297336,0.6799999999999999,0.85,2.0,"[[165, 38, 0, 0, 0, 0, 0, 0, 0, 0, 0, 0, 0, 0], [78, 47, 0, 0, 0, 0, 0, 0, 0, 0, 0, 0, 0, 0], [2, 11, 243, 5, 0, 0, 0, 0, 0, 0, 0, 0, 0, 0], [0, 7, 1, 48, 0, 0, 0, 0, 0, 0, 0, 0, 0, 0], [1, 15, 0, 1, 235, 0, 6, 0, 0, 3, 0, 0, 0, 0], [0, 5, 0, 1, 1, 3, 0, 0, 0, 0, 0, 0, 0, 0], [0, 4, 0, 0, 3, 0, 8, 0, 0, 0, 0, 0, 0, 0], [0, 7, 0, 0, 0, 0, 0, 7, 0, 0, 0, 0, 0, 0], [1, 4, 0, 0, 0, 0, 0, 0, 1, 1, 0, 0, 0, 0], [0, 4, 0, 0, 1, 0, 1, 0, 0, 4, 0, 0, 0, 0], [1, 4, 0, 0, 0, 0, 2, 0, 0, 0, 0, 0, 0, 0], [0, 5, 0, 0, 0, 0, 1, 0, 0, 0, 0, 1, 1, 0], [0, 6, 0, 0, 0, 0, 0, 0, 0, 0, 0, 0, 8, 0], [0, 7, 0, 0, 0, 0, 0, 0, 0, 0, 0, 0, 0, 2]]","[[145, 54, 1, 1, 2, 0, 0, 0, 0, 0, 0, 0, 0, 0], [64, 54, 2, 2, 3, 0, 0, 0, 0, 0, 0, 0, 0, 0], [3, 4, 244, 6, 4, 0, 0, 0, 0, 0, 0, 0, 0, 0], [2, 5, 6, 39, 4, 0, 0, 0, 0, 0, 0, 0, 0, 0], [0, 0, 2, 4, 252, 0, 3, 0, 0, 0, 0, 0, 0, 0], [0, 0, 0, 2, 5, 3, 0, 0, 0, 0, 0, 0, 0, 0], [0, 0, 1, 0, 7, 0, 7, 0, 0, 0, 0, 0, 0, 0], [0, 0, 1, 0, 4, 0, 0, 7, 0, 0, 0, 0, 2, 0], [0, 0, 0, 0, 6, 0, 0, 0, 0, 1, 0, 0, 0, 0], [0, 0, 1, 0, 4, 0, 1, 0, 2, 1, 0, 0, 0, 1], [0, 0, 0, 0, 5, 0, 2, 0, 0, 0, 0, 0, 0, 0], [0, 0, 0, 1, 3, 0, 1, 0, 0, 0, 0, 2, 1, 0], [0, 0, 0, 1, 5, 0, 0, 0, 0, 0, 0, 0, 8, 0], [0, 0, 0, 1, 4, 0, 1, 0, 0, 0, 0, 0, 0, 3]]"
source_expansion_Faces_to_PetImages_to_GarbageDataset,logistic_regression,adwin,0.65,8,108042,0.5705778114805803,0.5372415747908359,0.5491846160802639,0.786,0.5705778114805803,0.5372415747908359,0.5491846160802639,0.6,0.85,0.766,0.5798851522018316,0.5590728360309642,0.5634321746079031,0.6,0.85,1.0,"[[120, 80, 0, 3, 0, 0, 0, 0, 0, 0, 0, 0, 0, 0], [54, 65, 2, 4, 0, 0, 0, 0, 0, 0, 0, 0, 0, 0], [1, 0, 255, 5, 0, 0, 0, 0, 0, 0, 0, 0, 0, 0], [0, 2, 3, 51, 0, 0, 0, 0, 0, 0, 0, 0, 0, 0], [0, 0, 1, 0, 253, 1, 1, 1, 0, 2, 0, 1, 0, 1], [0, 0, 0, 1, 1, 7, 0, 0, 0, 0, 0, 1, 0, 0], [0, 0, 0, 0, 6, 1, 7, 0, 0, 0, 1, 0, 0, 0], [0, 0, 0, 0, 0, 1, 0, 10, 0, 0, 1, 0, 1, 1], [0, 1, 0, 1, 2, 0, 0, 0, 2, 0, 0, 1, 0, 0], [0, 0, 1, 0, 2, 0, 1, 0, 3, 2, 0, 0, 0, 1], [0, 1, 0, 0, 3, 0, 3, 0, 0, 0, 0, 0, 0, 0], [0, 0, 0, 1, 2, 0, 0, 0, 0, 2, 0, 2, 0, 1], [0, 0, 0, 0, 1, 2, 1, 0, 0, 0, 0, 0, 10, 0], [0, 0, 0, 0, 2, 0, 0, 0, 1, 2, 1, 1, 0, 2]]","[[116, 84, 0, 3, 0, 0, 0, 0, 0, 0, 0, 0, 0, 0], [53, 65, 2, 2, 0, 0, 0, 0, 2, 0, 1, 0, 0, 0], [3, 6, 237, 14, 0, 0, 0, 0, 0, 0, 1, 0, 0, 0], [1, 3, 3, 49, 0, 0, 0, 0, 0, 0, 0, 0, 0, 0], [0, 0, 1, 0, 254, 1, 0, 1, 0, 2, 0, 1, 0, 1], [0, 0, 0, 0, 0, 8, 0, 0, 0, 0, 0, 1, 1, 0], [0, 0, 0, 0, 7, 1, 6, 0, 0, 0, 1, 0, 0, 0], [0, 0, 0, 0, 0, 1, 0, 11, 0, 0, 1, 0, 0, 1], [0, 1, 0, 0, 2, 0, 0, 0, 3, 0, 0, 1, 0, 0], [0, 0, 1, 0, 2, 0, 2, 0, 2, 2, 0, 0, 0, 1], [0, 0, 0, 0, 2, 0, 4, 0, 0, 1, 0, 0, 0, 0], [0, 0, 0, 1, 2, 0, 0, 0, 0, 0, 0, 4, 0, 1], [0, 0, 0, 1, 0, 2, 0, 1, 0, 0, 1, 0, 9, 0], [0, 0, 0, 0, 1, 0, 0, 0, 1, 2, 3, 0, 0, 2]]"
source_expansion_Faces_to_PetImages_to_GarbageDataset,hoeffding_tree,adwin,0.65,8,108042,0.372408342321907,0.258027445460943,0.26387938639590713,0.599,0.372408342321907,0.258027445460943,0.26387938639590713,0.71,0.71,0.637,0.22826067270913933,0.19914238798967862,0.17945214512180005,0.71,0.63,4.0,"[[197, 1, 0, 0, 0, 1, 0, 1, 3, 0, 0, 0, 0, 0], [109, 11, 0, 0, 0, 2, 0, 0, 3, 0, 0, 0, 0, 0], [47, 8, 190, 5, 3, 0, 6, 2, 0, 0, 0, 0, 0, 0], [8, 11, 2, 30, 0, 1, 1, 0, 3, 0, 0, 0, 0, 0], [2, 13, 0, 0, 164, 7, 22, 2, 51, 0, 0, 0, 0, 0], [0, 4, 0, 1, 0, 1, 2, 0, 2, 0, 0, 0, 0, 0], [0, 7, 0, 0, 2, 0, 2, 1, 3, 0, 0, 0, 0, 0], [0, 8, 0, 0, 0, 0, 1, 1, 2, 0, 0, 0, 1, 1], [1, 4, 0, 0, 0, 0, 1, 0, 1, 0, 0, 0, 0, 0], [0, 7, 0, 0, 0, 1, 0, 0, 2, 0, 0, 0, 0, 0], [0, 5, 0, 0, 0, 0, 0, 0, 1, 0, 1, 0, 0, 0], [0, 4, 0, 0, 2, 1, 0, 0, 1, 0, 0, 0, 0, 0], [1, 8, 0, 0, 0, 0, 3, 0, 1, 0, 0, 0, 1, 0], [1, 5, 0, 0, 0, 0, 1, 0, 2, 0, 0, 0, 0, 0]]","[[163, 3, 28, 0, 7, 1, 0, 1, 0, 0, 0, 0, 0, 0], [81, 4, 29, 0, 9, 2, 0, 0, 0, 0, 0, 0, 0, 0], [15, 0, 226, 1, 11, 0, 6, 2, 0, 0, 0, 0, 0, 0], [7, 0, 33, 4, 10, 1, 1, 0, 0, 0, 0, 0, 0, 0], [2, 0, 1, 1, 239, 7, 9, 2, 0, 0, 0, 0, 0, 0], [0, 0, 0, 0, 8, 1, 1, 0, 0, 0, 0, 0, 0, 0], [0, 0, 0, 0, 14, 0, 0, 1, 0, 0, 0, 0, 0, 0], [0, 0, 0, 0, 13, 0, 0, 0, 0, 0, 0, 0, 0, 1], [0, 0, 0, 0, 7, 0, 0, 0, 0, 0, 0, 0, 0, 0], [0, 0, 0, 0, 9, 1, 0, 0, 0, 0, 0, 0, 0, 0], [0, 0, 0, 0, 7, 0, 0, 0, 0, 0, 0, 0, 0, 0], [0, 0, 0, 0, 7, 1, 0, 0, 0, 0, 0, 0, 0, 0], [0, 0, 0, 0, 13, 0, 1, 0, 0, 0, 0, 0, 0, 0], [0, 0, 0, 1, 8, 0, 0, 0, 0, 0, 0, 0, 0, 0]]"
source_expansion_Faces_to_PetImages_to_GarbageDataset,gaussian_nb,adwin,0.65,8,108042,0.7595026327550254,0.4765864023770428,0.5293814646355307,0.772,0.7595026327550254,0.4765864023770428,0.5293814646355307,0.6799999999999999,0.8200000000000001,0.761,0.6491566230583857,0.45126780827273444,0.4956493648799608,0.6799999999999999,0.78,1.0,"[[165, 38, 0, 0, 0, 0, 0, 0, 0, 0, 0, 0, 0, 0], [78, 47, 0, 0, 0, 0, 0, 0, 0, 0, 0, 0, 0, 0], [2, 11, 243, 5, 0, 0, 0, 0, 0, 0, 0, 0, 0, 0], [0, 7, 1, 48, 0, 0, 0, 0, 0, 0, 0, 0, 0, 0], [1, 15, 0, 1, 235, 0, 6, 0, 0, 3, 0, 0, 0, 0], [0, 5, 0, 1, 1, 3, 0, 0, 0, 0, 0, 0, 0, 0], [0, 4, 0, 0, 3, 0, 8, 0, 0, 0, 0, 0, 0, 0], [0, 7, 0, 0, 0, 0, 0, 7, 0, 0, 0, 0, 0, 0], [1, 4, 0, 0, 0, 0, 0, 0, 1, 1, 0, 0, 0, 0], [0, 4, 0, 0, 1, 0, 1, 0, 0, 4, 0, 0, 0, 0], [1, 4, 0, 0, 0, 0, 2, 0, 0, 0, 0, 0, 0, 0], [0, 5, 0, 0, 0, 0, 1, 0, 0, 0, 0, 1, 1, 0], [0, 6, 0, 0, 0, 0, 0, 0, 0, 0, 0, 0, 8, 0], [0, 7, 0, 0, 0, 0, 0, 0, 0, 0, 0, 0, 0, 2]]","[[145, 52, 5, 1, 0, 0, 0, 0, 0, 0, 0, 0, 0, 0], [63, 58, 2, 2, 0, 0, 0, 0, 0, 0, 0, 0, 0, 0], [1, 4, 251, 5, 0, 0, 0, 0, 0, 0, 0, 0, 0, 0], [0, 6, 6, 44, 0, 0, 0, 0, 0, 0, 0, 0, 0, 0], [0, 0, 18, 4, 232, 0, 4, 0, 0, 3, 0, 0, 0, 0], [0, 0, 3, 3, 1, 3, 0, 0, 0, 0, 0, 0, 0, 0], [0, 0, 4, 0, 4, 0, 7, 0, 0, 0, 0, 0, 0, 0], [0, 0, 7, 0, 0, 0, 0, 7, 0, 0, 0, 0, 0, 0], [0, 0, 5, 0, 0, 0, 0, 0, 1, 1, 0, 0, 0, 0], [0, 0, 3, 0, 2, 0, 1, 0, 0, 3, 0, 0, 0, 1], [0, 0, 5, 0, 0, 0, 2, 0, 0, 0, 0, 0, 0, 0], [0, 0, 4, 1, 1, 0, 1, 0, 0, 0, 0, 0, 1, 0], [0, 0, 6, 0, 0, 0, 0, 0, 0, 0, 0, 0, 8, 0], [0, 0, 6, 1, 0, 0, 0, 0, 0, 0, 0, 0, 0, 2]]"
source_expansion_Faces_to_PetImages_to_GarbageDataset,logistic_regression,page_hinkley,0.65,8,108042,0.5705778114805803,0.5372415747908359,0.5491846160802639,0.786,0.5705778114805803,0.5372415747908359,0.5491846160802639,0.6,0.85,0.726,0.4485050115318336,0.4882404801000861,0.46371629690514765,0.6,0.79,2.0,"[[120, 80, 0, 3, 0, 0, 0, 0, 0, 0, 0, 0, 0, 0], [54, 65, 2, 4, 0, 0, 0, 0, 0, 0, 0, 0, 0, 0], [1, 0, 255, 5, 0, 0, 0, 0, 0, 0, 0, 0, 0, 0], [0, 2, 3, 51, 0, 0, 0, 0, 0, 0, 0, 0, 0, 0], [0, 0, 1, 0, 253, 1, 1, 1, 0, 2, 0, 1, 0, 1], [0, 0, 0, 1, 1, 7, 0, 0, 0, 0, 0, 1, 0, 0], [0, 0, 0, 0, 6, 1, 7, 0, 0, 0, 1, 0, 0, 0], [0, 0, 0, 0, 0, 1, 0, 10, 0, 0, 1, 0, 1, 1], [0, 1, 0, 1, 2, 0, 0, 0, 2, 0, 0, 1, 0, 0], [0, 0, 1, 0, 2, 0, 1, 0, 3, 2, 0, 0, 0, 1], [0, 1, 0, 0, 3, 0, 3, 0, 0, 0, 0, 0, 0, 0], [0, 0, 0, 1, 2, 0, 0, 0, 0, 2, 0, 2, 0, 1], [0, 0, 0, 0, 1, 2, 1, 0, 0, 0, 0, 0, 10, 0], [0, 0, 0, 0, 2, 0, 0, 0, 1, 2, 1, 1, 0, 2]]","[[116, 83, 2, 2, 0, 0, 0, 0, 0, 0, 0, 0, 0, 0], [55, 65, 2, 3, 0, 0, 0, 0, 0, 0, 0, 0, 0, 0], [4, 4, 237, 14, 0, 0, 0, 0, 0, 0, 1, 1, 0, 0], [0, 3, 4, 47, 0, 0, 0, 0, 0, 2, 0, 0, 0, 0], [1, 0, 4, 2, 222, 5, 2, 2, 2, 8, 5, 4, 1, 3], [0, 0, 0, 1, 0, 4, 0, 0, 2, 1, 1, 0, 1, 0], [0, 0, 1, 0, 2, 1, 7, 1, 0, 0, 1, 0, 1, 1], [0, 0, 1, 0, 0, 0, 1, 11, 0, 0, 0, 0, 0, 1], [0, 0, 0, 0, 0, 0, 0, 0, 1, 1, 2, 2, 0, 1], [2, 0, 0, 0, 0, 1, 1, 0, 2, 2, 0, 0, 0, 2], [0, 0, 0, 0, 0, 1, 3, 0, 0, 1, 1, 0, 0, 1], [0, 0, 0, 0, 0, 0, 0, 1, 2, 3, 0, 0, 0, 2], [0, 0, 0, 0, 0, 0, 1, 2, 0, 0, 0, 0, 11, 0], [0, 0, 0, 0, 1, 0, 1, 0, 1, 2, 0, 1, 1, 2]]"
source_expansion_Faces_to_PetImages_to_GarbageDataset,hoeffding_tree,page_hinkley,0.65,8,108042,0.372408342321907,0.258027445460943,0.26387938639590713,0.599,0.372408342321907,0.258027445460943,0.26387938639590713,0.71,0.71,0.647,0.13874259077155107,0.1894205958245367,0.16007385622630751,0.71,0.63,4.0,"[[197, 1, 0, 0, 0, 1, 0, 1, 3, 0, 0, 0, 0, 0], [109, 11, 0, 0, 0, 2, 0, 0, 3, 0, 0, 0, 0, 0], [47, 8, 190, 5, 3, 0, 6, 2, 0, 0, 0, 0, 0, 0], [8, 11, 2, 30, 0, 1, 1, 0, 3, 0, 0, 0, 0, 0], [2, 13, 0, 0, 164, 7, 22, 2, 51, 0, 0, 0, 0, 0], [0, 4, 0, 1, 0, 1, 2, 0, 2, 0, 0, 0, 0, 0], [0, 7, 0, 0, 2, 0, 2, 1, 3, 0, 0, 0, 0, 0], [0, 8, 0, 0, 0, 0, 1, 1, 2, 0, 0, 0, 1, 1], [1, 4, 0, 0, 0, 0, 1, 0, 1, 0, 0, 0, 0, 0], [0, 7, 0, 0, 0, 1, 0, 0, 2, 0, 0, 0, 0, 0], [0, 5, 0, 0, 0, 0, 0, 0, 1, 0, 1, 0, 0, 0], [0, 4, 0, 0, 2, 1, 0, 0, 1, 0, 0, 0, 0, 0], [1, 8, 0, 0, 0, 0, 3, 0, 1, 0, 0, 0, 1, 0], [1, 5, 0, 0, 0, 0, 1, 0, 2, 0, 0, 0, 0, 0]]","[[158, 0, 37, 0, 7, 1, 0, 0, 0, 0, 0, 0, 0, 0], [80, 0, 36, 0, 9, 0, 0, 0, 0, 0, 0, 0, 0, 0], [11, 0, 238, 1, 11, 0, 0, 0, 0, 0, 0, 0, 0, 0], [7, 1, 37, 0, 11, 0, 0, 0, 0, 0, 0, 0, 0, 0], [2, 2, 6, 0, 251, 0, 0, 0, 0, 0, 0, 0, 0, 0], [1, 0, 0, 0, 9, 0, 0, 0, 0, 0, 0, 0, 0, 0], [0, 0, 1, 0, 14, 0, 0, 0, 0, 0, 0, 0, 0, 0], [0, 0, 1, 0, 13, 0, 0, 0, 0, 0, 0, 0, 0, 0], [0, 0, 0, 0, 7, 0, 0, 0, 0, 0, 0, 0, 0, 0], [0, 1, 0, 0, 9, 0, 0, 0, 0, 0, 0, 0, 0, 0], [0, 0, 0, 0, 7, 0, 0, 0, 0, 0, 0, 0, 0, 0], [0, 1, 0, 0, 7, 0, 0, 0, 0, 0, 0, 0, 0, 0], [0, 0, 1, 0, 13, 0, 0, 0, 0, 0, 0, 0, 0, 0], [0, 0, 1, 0, 8, 0, 0, 0, 0, 0, 0, 0, 0, 0]]"
source_expansion_Faces_to_PetImages_to_GarbageDataset,gaussian_nb,page_hinkley,0.65,8,108042,0.7595026327550254,0.4765864023770428,0.5293814646355307,0.772,0.7595026327550254,0.4765864023770428,0.5293814646355307,0.6799999999999999,0.8200000000000001,0.765,0.5604067194846042,0.41995847994370156,0.45700985556142276,0.6799999999999999,0.8,2.0,"[[165, 38, 0, 0, 0, 0, 0, 0, 0, 0, 0, 0, 0, 0], [78, 47, 0, 0, 0, 0, 0, 0, 0, 0, 0, 0, 0, 0], [2, 11, 243, 5, 0, 0, 0, 0, 0, 0, 0, 0, 0, 0], [0, 7, 1, 48, 0, 0, 0, 0, 0, 0, 0, 0, 0, 0], [1, 15, 0, 1, 235, 0, 6, 0, 0, 3, 0, 0, 0, 0], [0, 5, 0, 1, 1, 3, 0, 0, 0, 0, 0, 0, 0, 0], [0, 4, 0, 0, 3, 0, 8, 0, 0, 0, 0, 0, 0, 0], [0, 7, 0, 0, 0, 0, 0, 7, 0, 0, 0, 0, 0, 0], [1, 4, 0, 0, 0, 0, 0, 0, 1, 1, 0, 0, 0, 0], [0, 4, 0, 0, 1, 0, 1, 0, 0, 4, 0, 0, 0, 0], [1, 4, 0, 0, 0, 0, 2, 0, 0, 0, 0, 0, 0, 0], [0, 5, 0, 0, 0, 0, 1, 0, 0, 0, 0, 1, 1, 0], [0, 6, 0, 0, 0, 0, 0, 0, 0, 0, 0, 0, 8, 0], [0, 7, 0, 0, 0, 0, 0, 0, 0, 0, 0, 0, 0, 2]]","[[146, 49, 4, 0, 4, 0, 0, 0, 0, 0, 0, 0, 0, 0], [63, 53, 4, 1, 4, 0, 0, 0, 0, 0, 0, 0, 0, 0], [1, 4, 248, 4, 2, 0, 1, 0, 0, 0, 0, 0, 1, 0], [0, 6, 7, 38, 4, 0, 0, 0, 0, 0, 0, 0, 0, 1], [1, 0, 3, 2, 253, 0, 2, 0, 0, 0, 0, 0, 0, 0], [0, 0, 1, 1, 4, 3, 0, 0, 0, 0, 0, 0, 1, 0], [0, 0, 1, 0, 9, 0, 5, 0, 0, 0, 0, 0, 0, 0], [0, 0, 1, 0, 5, 0, 0, 7, 0, 0, 0, 0, 1, 0], [0, 0, 0, 0, 7, 0, 0, 0, 0, 0, 0, 0, 0, 0], [0, 0, 1, 0, 4, 0, 1, 0, 2, 1, 0, 0, 0, 1], [0, 0, 0, 0, 5, 0, 2, 0, 0, 0, 0, 0, 0, 0], [0, 0, 0, 1, 4, 0, 1, 0, 0, 1, 0, 0, 1, 0], [0, 0, 0, 1, 5, 0, 0, 0, 0, 0, 0, 0, 8, 0], [0, 0, 0, 1, 5, 0, 0, 0, 0, 0, 0, 0, 0, 3]]"
source_expansion_Faces_to_PetImages_to_GarbageDataset,logistic_regression,hddm_w,0.65,8,108042,0.5705778114805803,0.5372415747908359,0.5491846160802639,0.786,0.5705778114805803,0.5372415747908359,0.5491846160802639,0.6,0.85,0.746,0.46014407392854334,0.4960935569630151,0.47376361808254674,0.6,0.79,1.0,"[[120, 80, 0, 3, 0, 0, 0, 0, 0, 0, 0, 0, 0, 0], [54, 65, 2, 4, 0, 0, 0, 0, 0, 0, 0, 0, 0, 0], [1, 0, 255, 5, 0, 0, 0, 0, 0, 0, 0, 0, 0, 0], [0, 2, 3, 51, 0, 0, 0, 0, 0, 0, 0, 0, 0, 0], [0, 0, 1, 0, 253, 1, 1, 1, 0, 2, 0, 1, 0, 1], [0, 0, 0, 1, 1, 7, 0, 0, 0, 0, 0, 1, 0, 0], [0, 0, 0, 0, 6, 1, 7, 0, 0, 0, 1, 0, 0, 0], [0, 0, 0, 0, 0, 1, 0, 10, 0, 0, 1, 0, 1, 1], [0, 1, 0, 1, 2, 0, 0, 0, 2, 0, 0, 1, 0, 0], [0, 0, 1, 0, 2, 0, 1, 0, 3, 2, 0, 0, 0, 1], [0, 1, 0, 0, 3, 0, 3, 0, 0, 0, 0, 0, 0, 0], [0, 0, 0, 1, 2, 0, 0, 0, 0, 2, 0, 2, 0, 1], [0, 0, 0, 0, 1, 2, 1, 0, 0, 0, 0, 0, 10, 0], [0, 0, 0, 0, 2, 0, 0, 0, 1, 2, 1, 1, 0, 2]]","[[117, 82, 1, 3, 0, 0, 0, 0, 0, 0, 0, 0, 0, 0], [53, 66, 2, 4, 0, 0, 0, 0, 0, 0, 0, 0, 0, 0], [0, 0, 254, 5, 0, 0, 0, 0, 0, 0, 1, 1, 0, 0], [0, 2, 3, 49, 0, 0, 0, 0, 0, 2, 0, 0, 0, 0], [1, 0, 4, 2, 221, 5, 3, 2, 2, 8, 5, 4, 1, 3], [0, 0, 0, 1, 1, 4, 0, 0, 2, 1, 1, 0, 0, 0], [0, 0, 1, 0, 2, 1, 7, 1, 0, 0, 1, 0, 1, 1], [0, 0, 1, 0, 0, 0, 1, 11, 0, 0, 0, 0, 0, 1], [0, 0, 0, 0, 0, 0, 0, 0, 1, 1, 2, 2, 0, 1], [1, 0, 1, 0, 0, 1, 1, 0, 2, 2, 0, 0, 0, 2], [0, 0, 0, 0, 0, 1, 3, 0, 0, 1, 1, 0, 0, 1], [0, 0, 0, 0, 0, 0, 0, 1, 2, 3, 0, 0, 0, 2], [0, 0, 0, 0, 0, 0, 1, 2, 0, 0, 0, 0, 11, 0], [0, 0, 0, 0, 1, 0, 1, 0, 1, 2, 0, 1, 1, 2]]"
source_expansion_Faces_to_PetImages_to_GarbageDataset,hoeffding_tree,hddm_w,0.65,8,108042,0.372408342321907,0.258027445460943,0.26387938639590713,0.599,0.372408342321907,0.258027445460943,0.26387938639590713,0.71,0.71,0.693,0.24453848522770355,0.23155148956134175,0.22100566679794878,0.71,0.63,2.0,"[[197, 1, 0, 0, 0, 1, 0, 1, 3, 0, 0, 0, 0, 0], [109, 11, 0, 0, 0, 2, 0, 0, 3, 0, 0, 0, 0, 0], [47, 8, 190, 5, 3, 0, 6, 2, 0, 0, 0, 0, 0, 0], [8, 11, 2, 30, 0, 1, 1, 0, 3, 0, 0, 0, 0, 0], [2, 13, 0, 0, 164, 7, 22, 2, 51, 0, 0, 0, 0, 0], [0, 4, 0, 1, 0, 1, 2, 0, 2, 0, 0, 0, 0, 0], [0, 7, 0, 0, 2, 0, 2, 1, 3, 0, 0, 0, 0, 0], [0, 8, 0, 0, 0, 0, 1, 1, 2, 0, 0, 0, 1, 1], [1, 4, 0, 0, 0, 0, 1, 0, 1, 0, 0, 0, 0, 0], [0, 7, 0, 0, 0, 1, 0, 0, 2, 0, 0, 0, 0, 0], [0, 5, 0, 0, 0, 0, 0, 0, 1, 0, 1, 0, 0, 0], [0, 4, 0, 0, 2, 1, 0, 0, 1, 0, 0, 0, 0, 0], [1, 8, 0, 0, 0, 0, 3, 0, 1, 0, 0, 0, 1, 0], [1, 5, 0, 0, 0, 0, 1, 0, 2, 0, 0, 0, 0, 0]]","[[175, 7, 13, 0, 7, 0, 0, 1, 0, 0, 0, 0, 0, 0], [93, 14, 9, 0, 9, 0, 0, 0, 0, 0, 0, 0, 0, 0], [10, 3, 227, 5, 14, 0, 0, 2, 0, 0, 0, 0, 0, 0], [5, 2, 14, 24, 11, 0, 0, 0, 0, 0, 0, 0, 0, 0], [0, 0, 6, 1, 253, 0, 0, 1, 0, 0, 0, 0, 0, 0], [0, 0, 1, 0, 9, 0, 0, 0, 0, 0, 0, 0, 0, 0], [0, 0, 1, 0, 14, 0, 0, 0, 0, 0, 0, 0, 0, 0], [0, 0, 0, 0, 13, 0, 0, 0, 0, 0, 0, 0, 0, 1], [0, 0, 0, 0, 7, 0, 0, 0, 0, 0, 0, 0, 0, 0], [0, 0, 1, 0, 9, 0, 0, 0, 0, 0, 0, 0, 0, 0], [0, 0, 0, 0, 7, 0, 0, 0, 0, 0, 0, 0, 0, 0], [0, 0, 1, 0, 7, 0, 0, 0, 0, 0, 0, 0, 0, 0], [0, 0, 1, 0, 13, 0, 0, 0, 0, 0, 0, 0, 0, 0], [0, 0, 0, 1, 8, 0, 0, 0, 0, 0, 0, 0, 0, 0]]"
source_expansion_Faces_to_PetImages_to_GarbageDataset,gaussian_nb,hddm_w,0.65,8,108042,0.7595026327550254,0.4765864023770428,0.5293814646355307,0.772,0.7595026327550254,0.4765864023770428,0.5293814646355307,0.6799999999999999,0.8200000000000001,0.761,0.5386777276656549,0.4249647353194151,0.4593371434714241,0.6799999999999999,0.8200000000000001,2.0,"[[165, 38, 0, 0, 0, 0, 0, 0, 0, 0, 0, 0, 0, 0], [78, 47, 0, 0, 0, 0, 0, 0, 0, 0, 0, 0, 0, 0], [2, 11, 243, 5, 0, 0, 0, 0, 0, 0, 0, 0, 0, 0], [0, 7, 1, 48, 0, 0, 0, 0, 0, 0, 0, 0, 0, 0], [1, 15, 0, 1, 235, 0, 6, 0, 0, 3, 0, 0, 0, 0], [0, 5, 0, 1, 1, 3, 0, 0, 0, 0, 0, 0, 0, 0], [0, 4, 0, 0, 3, 0, 8, 0, 0, 0, 0, 0, 0, 0], [0, 7, 0, 0, 0, 0, 0, 7, 0, 0, 0, 0, 0, 0], [1, 4, 0, 0, 0, 0, 0, 0, 1, 1, 0, 0, 0, 0], [0, 4, 0, 0, 1, 0, 1, 0, 0, 4, 0, 0, 0, 0], [1, 4, 0, 0, 0, 0, 2, 0, 0, 0, 0, 0, 0, 0], [0, 5, 0, 0, 0, 0, 1, 0, 0, 0, 0, 1, 1, 0], [0, 6, 0, 0, 0, 0, 0, 0, 0, 0, 0, 0, 8, 0], [0, 7, 0, 0, 0, 0, 0, 0, 0, 0, 0, 0, 0, 2]]","[[141, 55, 2, 2, 3, 0, 0, 0, 0, 0, 0, 0, 0, 0], [63, 53, 3, 1, 4, 1, 0, 0, 0, 0, 0, 0, 0, 0], [0, 3, 246, 8, 4, 0, 0, 0, 0, 0, 0, 0, 0, 0], [0, 5, 5, 40, 5, 0, 0, 0, 0, 0, 0, 0, 0, 1], [1, 0, 1, 4, 253, 0, 2, 0, 0, 0, 0, 0, 0, 0], [0, 0, 0, 2, 5, 3, 0, 0, 0, 0, 0, 0, 0, 0], [0, 0, 1, 0, 8, 0, 6, 0, 0, 0, 0, 0, 0, 0], [0, 0, 1, 0, 5, 0, 0, 7, 0, 0, 0, 0, 1, 0], [0, 0, 0, 0, 6, 0, 0, 0, 0, 1, 0, 0, 0, 0], [0, 0, 1, 0, 4, 0, 1, 0, 2, 1, 0, 0, 0, 1], [0, 0, 0, 0, 5, 0, 2, 0, 0, 0, 0, 0, 0, 0], [0, 0, 0, 1, 4, 0, 1, 0, 0, 1, 0, 0, 1, 0], [0, 0, 0, 1, 5, 0, 0, 0, 0, 0, 0, 0, 8, 0], [0, 0, 0, 1, 5, 0, 0, 0, 0, 0, 0, 0, 0, 3]]"
source_expansion_Faces_to_PetImages_to_GarbageDataset,logistic_regression,kswin,0.65,9,109042,0.5717690098136395,0.536609166833424,0.5491027282884233,0.785,0.5717690098136395,0.536609166833424,0.5491027282884233,0.65,0.87,0.763,0.5642754792387489,0.5331212242339468,0.5407244704926073,0.65,0.89,1.0,"[[131, 70, 4, 1, 0, 0, 0, 0, 0, 0, 0, 0, 0, 0], [57, 71, 2, 2, 0, 0, 0, 0, 0, 0, 0, 1, 0, 0], [1, 1, 222, 6, 0, 0, 0, 0, 0, 0, 0, 0, 0, 0], [0, 0, 8, 41, 0, 0, 0, 0, 0, 0, 0, 0, 0, 0], [0, 0, 0, 1, 283, 1, 1, 0, 0, 3, 1, 0, 0, 0], [1, 0, 0, 0, 1, 5, 0, 0, 1, 1, 2, 0, 1, 0], [1, 0, 0, 0, 3, 1, 5, 0, 0, 1, 0, 1, 0, 0], [0, 0, 0, 1, 0, 0, 0, 7, 0, 1, 0, 0, 0, 1], [0, 0, 0, 1, 2, 0, 1, 0, 5, 2, 0, 2, 1, 1], [0, 0, 0, 0, 4, 2, 1, 1, 3, 2, 0, 0, 0, 0], [0, 0, 0, 1, 2, 1, 0, 0, 0, 0, 1, 0, 0, 0], [0, 1, 0, 0, 2, 0, 0, 0, 3, 0, 0, 4, 0, 0], [1, 0, 0, 0, 0, 0, 0, 1, 0, 0, 0, 0, 7, 0], [0, 0, 0, 0, 2, 1, 0, 1, 0, 0, 0, 0, 1, 1]]","[[127, 72, 4, 3, 0, 0, 0, 0, 0, 0, 0, 0, 0, 0], [59, 71, 2, 1, 0, 0, 0, 0, 0, 0, 0, 0, 0, 0], [6, 2, 201, 20, 0, 0, 0, 0, 0, 0, 0, 1, 0, 0], [1, 0, 5, 42, 1, 0, 0, 0, 0, 0, 0, 0, 0, 0], [0, 0, 0, 1, 284, 1, 0, 0, 0, 3, 1, 0, 0, 0], [0, 0, 0, 0, 0, 7, 0, 0, 1, 1, 2, 0, 1, 0], [0, 0, 0, 0, 4, 0, 6, 0, 0, 1, 1, 0, 0, 0], [0, 0, 0, 0, 0, 0, 1, 8, 0, 0, 0, 0, 0, 1], [0, 0, 0, 2, 2, 1, 1, 0, 4, 3, 0, 1, 0, 1], [0, 1, 0, 0, 4, 1, 0, 1, 2, 3, 0, 0, 0, 1], [0, 0, 0, 1, 2, 1, 0, 0, 0, 0, 1, 0, 0, 0], [0, 1, 0, 0, 2, 0, 0, 0, 4, 0, 0, 3, 0, 0], [0, 1, 0, 0, 0, 0, 0, 1, 0, 0, 1, 1, 5, 0], [0, 0, 0, 0, 1, 1, 0, 2, 0, 0, 0, 0, 1, 1]]"
source_expansion_Faces_to_PetImages_to_GarbageDataset,hoeffding_tree,kswin,0.65,9,109042,0.24942985085379393,0.22054208148118087,0.2084962143627729,0.55,0.24942985085379393,0.22054208148118087,0.2084962143627729,0.65,0.77,0.622,0.178538627510033,0.18638920065867212,0.16458428560599683,0.65,0.73,3.0,"[[196, 4, 0, 0, 0, 1, 0, 0, 0, 3, 0, 0, 0, 2], [117, 12, 0, 0, 0, 1, 0, 0, 1, 1, 0, 0, 0, 1], [40, 2, 177, 2, 0, 1, 4, 0, 2, 1, 0, 0, 0, 1], [9, 10, 4, 14, 0, 0, 0, 0, 3, 9, 0, 0, 0, 0], [1, 7, 0, 1, 146, 19, 12, 0, 5, 56, 0, 3, 0, 40], [0, 3, 0, 3, 0, 1, 0, 0, 0, 3, 0, 1, 0, 1], [1, 6, 0, 0, 1, 0, 1, 0, 1, 1, 0, 1, 0, 0], [0, 3, 0, 0, 0, 5, 0, 0, 0, 2, 0, 0, 0, 0], [0, 5, 0, 0, 0, 2, 1, 0, 0, 6, 0, 1, 0, 0], [0, 6, 0, 0, 2, 1, 0, 0, 0, 2, 0, 0, 0, 2], [0, 2, 0, 0, 1, 0, 0, 0, 0, 2, 0, 0, 0, 0], [0, 2, 0, 0, 0, 1, 0, 0, 1, 4, 0, 0, 0, 2], [0, 1, 0, 0, 0, 1, 1, 0, 0, 4, 0, 0, 0, 2], [0, 4, 0, 0, 0, 0, 0, 0, 0, 1, 0, 0, 0, 1]]","[[167, 1, 29, 0, 9, 0, 0, 0, 0, 0, 0, 0, 0, 0], [100, 2, 20, 0, 10, 0, 0, 0, 1, 0, 0, 0, 0, 0], [42, 1, 171, 4, 10, 0, 0, 0, 1, 1, 0, 0, 0, 0], [10, 2, 19, 4, 14, 0, 0, 0, 0, 0, 0, 0, 0, 0], [0, 0, 5, 5, 278, 0, 0, 0, 2, 0, 0, 0, 0, 0], [0, 0, 0, 0, 12, 0, 0, 0, 0, 0, 0, 0, 0, 0], [0, 0, 0, 1, 11, 0, 0, 0, 0, 0, 0, 0, 0, 0], [0, 0, 0, 0, 10, 0, 0, 0, 0, 0, 0, 0, 0, 0], [0, 0, 1, 0, 14, 0, 0, 0, 0, 0, 0, 0, 0, 0], [1, 0, 0, 0, 12, 0, 0, 0, 0, 0, 0, 0, 0, 0], [0, 0, 0, 0, 5, 0, 0, 0, 0, 0, 0, 0, 0, 0], [0, 0, 0, 1, 9, 0, 0, 0, 0, 0, 0, 0, 0, 0], [0, 0, 0, 0, 9, 0, 0, 0, 0, 0, 0, 0, 0, 0], [0, 0, 0, 0, 6, 0, 0, 0, 0, 0, 0, 0, 0, 0]]"
source_expansion_Faces_to_PetImages_to_GarbageDataset,gaussian_nb,kswin,0.65,9,109042,0.5792252737322071,0.4160957949750762,0.45341364938725764,0.769,0.5792252737322071,0.4160957949750762,0.45341364938725764,0.62,0.8,0.77,0.540337284391838,0.42691787785295104,0.4547350077822248,0.62,0.84,1.0,"[[165, 41, 0, 0, 0, 0, 0, 0, 0, 0, 0, 0, 0, 0], [77, 56, 0, 0, 0, 0, 0, 0, 0, 0, 0, 0, 0, 0], [0, 5, 219, 6, 0, 0, 0, 0, 0, 0, 0, 0, 0, 0], [0, 4, 2, 43, 0, 0, 0, 0, 0, 0, 0, 0, 0, 0], [1, 16, 1, 1, 264, 0, 1, 0, 1, 3, 0, 2, 0, 0], [0, 6, 0, 1, 0, 4, 0, 0, 0, 1, 0, 0, 0, 0], [1, 7, 0, 0, 0, 0, 4, 0, 0, 0, 0, 0, 0, 0], [0, 9, 0, 0, 0, 0, 0, 1, 0, 0, 0, 0, 0, 0], [1, 5, 0, 2, 1, 0, 0, 0, 4, 0, 0, 2, 0, 0], [0, 3, 0, 1, 0, 1, 0, 0, 4, 4, 0, 0, 0, 0], [0, 3, 0, 0, 2, 0, 0, 0, 0, 0, 0, 0, 0, 0], [0, 5, 0, 0, 0, 0, 0, 0, 1, 1, 0, 3, 0, 0], [0, 6, 0, 0, 0, 0, 0, 0, 1, 0, 0, 0, 2, 0], [0, 5, 0, 0, 0, 0, 0, 1, 0, 0, 0, 0, 0, 0]]","[[160, 42, 0, 2, 2, 0, 0, 0, 0, 0, 0, 0, 0, 0], [76, 53, 0, 3, 1, 0, 0, 0, 0, 0, 0, 0, 0, 0], [1, 5, 216, 8, 0, 0, 0, 0, 0, 0, 0, 0, 0, 0], [0, 3, 6, 40, 0, 0, 0, 0, 0, 0, 0, 0, 0, 0], [0, 4, 1, 3, 277, 0, 1, 0, 1, 2, 0, 1, 0, 0], [0, 0, 1, 2, 3, 4, 0, 0, 1, 1, 0, 0, 0, 0], [0, 0, 0, 1, 5, 2, 3, 0, 1, 0, 0, 0, 0, 0], [0, 0, 0, 1, 4, 1, 0, 4, 0, 0, 0, 0, 0, 0], [0, 1, 1, 2, 5, 0, 0, 0, 4, 0, 0, 2, 0, 0], [0, 0, 0, 0, 3, 1, 0, 0, 5, 4, 0, 0, 0, 0], [0, 0, 0, 1, 3, 1, 0, 0, 0, 0, 0, 0, 0, 0], [0, 0, 0, 1, 4, 0, 0, 0, 2, 1, 0, 2, 0, 0], [0, 0, 1, 0, 3, 1, 0, 0, 1, 0, 0, 0, 3, 0], [0, 0, 0, 0, 2, 1, 0, 2, 1, 0, 0, 0, 0, 0]]"
source_expansion_Faces_to_PetImages_to_GarbageDataset,logistic_regression,adwin,0.65,9,109042,0.5717690098136395,0.536609166833424,0.5491027282884233,0.785,0.5717690098136395,0.536609166833424,0.5491027282884233,0.65,0.87,0.772,0.5736085624637651,0.5572646589821314,0.5596215309479976,0.65,0.89,1.0,"[[131, 70, 4, 1, 0, 0, 0, 0, 0, 0, 0, 0, 0, 0], [57, 71, 2, 2, 0, 0, 0, 0, 0, 0, 0, 1, 0, 0], [1, 1, 222, 6, 0, 0, 0, 0, 0, 0, 0, 0, 0, 0], [0, 0, 8, 41, 0, 0, 0, 0, 0, 0, 0, 0, 0, 0], [0, 0, 0, 1, 283, 1, 1, 0, 0, 3, 1, 0, 0, 0], [1, 0, 0, 0, 1, 5, 0, 0, 1, 1, 2, 0, 1, 0], [1, 0, 0, 0, 3, 1, 5, 0, 0, 1, 0, 1, 0, 0], [0, 0, 0, 1, 0, 0, 0, 7, 0, 1, 0, 0, 0, 1], [0, 0, 0, 1, 2, 0, 1, 0, 5, 2, 0, 2, 1, 1], [0, 0, 0, 0, 4, 2, 1, 1, 3, 2, 0, 0, 0, 0], [0, 0, 0, 1, 2, 1, 0, 0, 0, 0, 1, 0, 0, 0], [0, 1, 0, 0, 2, 0, 0, 0, 3, 0, 0, 4, 0, 0], [1, 0, 0, 0, 0, 0, 0, 1, 0, 0, 0, 0, 7, 0], [0, 0, 0, 0, 2, 1, 0, 1, 0, 0, 0, 0, 1, 1]]","[[125, 76, 4, 1, 0, 0, 0, 0, 0, 0, 0, 0, 0, 0], [58, 70, 3, 1, 0, 0, 0, 0, 0, 0, 0, 1, 0, 0], [2, 4, 210, 13, 0, 0, 0, 0, 0, 0, 0, 1, 0, 0], [0, 1, 5, 43, 0, 0, 0, 0, 0, 0, 0, 0, 0, 0], [0, 0, 0, 2, 283, 1, 0, 0, 0, 3, 1, 0, 0, 0], [1, 0, 0, 1, 1, 6, 0, 0, 0, 1, 1, 0, 1, 0], [0, 0, 0, 0, 3, 0, 7, 0, 0, 1, 1, 0, 0, 0], [0, 0, 0, 0, 0, 0, 1, 8, 0, 0, 0, 0, 0, 1], [0, 0, 0, 1, 1, 2, 1, 0, 4, 3, 0, 2, 1, 0], [0, 0, 0, 0, 3, 1, 0, 1, 2, 4, 1, 0, 0, 1], [0, 0, 0, 1, 2, 1, 0, 0, 0, 0, 1, 0, 0, 0], [0, 1, 0, 0, 2, 0, 0, 0, 4, 0, 0, 3, 0, 0], [0, 0, 0, 0, 0, 0, 0, 0, 0, 0, 1, 1, 7, 0], [0, 0, 0, 0, 1, 1, 0, 2, 0, 0, 0, 0, 1, 1]]"
source_expansion_Faces_to_PetImages_to_GarbageDataset,hoeffding_tree,adwin,0.65,9,109042,0.24942985085379393,0.22054208148118087,0.2084962143627729,0.55,0.24942985085379393,0.22054208148118087,0.2084962143627729,0.65,0.77,0.615,0.2204358136360596,0.1899807172939301,0.1698818191788733,0.65,0.73,3.0,"[[196, 4, 0, 0, 0, 1, 0, 0, 0, 3, 0, 0, 0, 2], [117, 12, 0, 0, 0, 1, 0, 0, 1, 1, 0, 0, 0, 1], [40, 2, 177, 2, 0, 1, 4, 0, 2, 1, 0, 0, 0, 1], [9, 10, 4, 14, 0, 0, 0, 0, 3, 9, 0, 0, 0, 0], [1, 7, 0, 1, 146, 19, 12, 0, 5, 56, 0, 3, 0, 40], [0, 3, 0, 3, 0, 1, 0, 0, 0, 3, 0, 1, 0, 1], [1, 6, 0, 0, 1, 0, 1, 0, 1, 1, 0, 1, 0, 0], [0, 3, 0, 0, 0, 5, 0, 0, 0, 2, 0, 0, 0, 0], [0, 5, 0, 0, 0, 2, 1, 0, 0, 6, 0, 1, 0, 0], [0, 6, 0, 0, 2, 1, 0, 0, 0, 2, 0, 0, 0, 2], [0, 2, 0, 0, 1, 0, 0, 0, 0, 2, 0, 0, 0, 0], [0, 2, 0, 0, 0, 1, 0, 0, 1, 4, 0, 0, 0, 2], [0, 1, 0, 0, 0, 1, 1, 0, 0, 4, 0, 0, 0, 2], [0, 4, 0, 0, 0, 0, 0, 0, 0, 1, 0, 0, 0, 1]]","[[171, 1, 24, 1, 9, 0, 0, 0, 0, 0, 0, 0, 0, 0], [104, 3, 15, 0, 10, 0, 0, 0, 1, 0, 0, 0, 0, 0], [42, 0, 173, 1, 7, 0, 4, 0, 2, 1, 0, 0, 0, 0], [9, 1, 19, 3, 14, 0, 0, 0, 3, 0, 0, 0, 0, 0], [0, 0, 5, 1, 264, 1, 12, 0, 5, 0, 0, 2, 0, 0], [1, 0, 0, 0, 11, 0, 0, 0, 0, 0, 0, 0, 0, 0], [0, 0, 0, 0, 10, 0, 1, 0, 1, 0, 0, 0, 0, 0], [0, 0, 0, 0, 10, 0, 0, 0, 0, 0, 0, 0, 0, 0], [0, 0, 1, 0, 12, 0, 1, 0, 0, 0, 0, 1, 0, 0], [1, 0, 0, 0, 12, 0, 0, 0, 0, 0, 0, 0, 0, 0], [0, 0, 0, 0, 5, 0, 0, 0, 0, 0, 0, 0, 0, 0], [0, 0, 0, 0, 9, 0, 0, 0, 1, 0, 0, 0, 0, 0], [0, 0, 0, 0, 8, 0, 1, 0, 0, 0, 0, 0, 0, 0], [0, 0, 0, 0, 6, 0, 0, 0, 0, 0, 0, 0, 0, 0]]"
source_expansion_Faces_to_PetImages_to_GarbageDataset,gaussian_nb,adwin,0.65,9,109042,0.5792252737322071,0.4160957949750762,0.45341364938725764,0.769,0.5792252737322071,0.4160957949750762,0.45341364938725764,0.62,0.8,0.747,0.4811561960312033,0.3500176237111767,0.36599358723182723,0.62,0.84,2.0,"[[165, 41, 0, 0, 0, 0, 0, 0, 0, 0, 0, 0, 0, 0], [77, 56, 0, 0, 0, 0, 0, 0, 0, 0, 0, 0, 0, 0], [0, 5, 219, 6, 0, 0, 0, 0, 0, 0, 0, 0, 0, 0], [0, 4, 2, 43, 0, 0, 0, 0, 0, 0, 0, 0, 0, 0], [1, 16, 1, 1, 264, 0, 1, 0, 1, 3, 0, 2, 0, 0], [0, 6, 0, 1, 0, 4, 0, 0, 0, 1, 0, 0, 0, 0], [1, 7, 0, 0, 0, 0, 4, 0, 0, 0, 0, 0, 0, 0], [0, 9, 0, 0, 0, 0, 0, 1, 0, 0, 0, 0, 0, 0], [1, 5, 0, 2, 1, 0, 0, 0, 4, 0, 0, 2, 0, 0], [0, 3, 0, 1, 0, 1, 0, 0, 4, 4, 0, 0, 0, 0], [0, 3, 0, 0, 2, 0, 0, 0, 0, 0, 0, 0, 0, 0], [0, 5, 0, 0, 0, 0, 0, 0, 1, 1, 0, 3, 0, 0], [0, 6, 0, 0, 0, 0, 0, 0, 1, 0, 0, 0, 2, 0], [0, 5, 0, 0, 0, 0, 0, 1, 0, 0, 0, 0, 0, 0]]","[[154, 44, 3, 2, 3, 0, 0, 0, 0, 0, 0, 0, 0, 0], [71, 54, 5, 3, 0, 0, 0, 0, 0, 0, 0, 0, 0, 0], [1, 4, 217, 6, 1, 0, 0, 0, 0, 0, 0, 1, 0, 0], [0, 3, 10, 31, 5, 0, 0, 0, 0, 0, 0, 0, 0, 0], [1, 0, 9, 1, 276, 0, 1, 0, 0, 2, 0, 0, 0, 0], [0, 0, 0, 2, 4, 4, 0, 0, 0, 2, 0, 0, 0, 0], [0, 0, 2, 0, 5, 3, 2, 0, 0, 0, 0, 0, 0, 0], [0, 0, 4, 1, 3, 1, 0, 0, 0, 1, 0, 0, 0, 0], [0, 0, 2, 2, 6, 0, 0, 0, 3, 2, 0, 0, 0, 0], [0, 0, 1, 0, 5, 1, 0, 0, 2, 4, 0, 0, 0, 0], [0, 0, 0, 0, 4, 1, 0, 0, 0, 0, 0, 0, 0, 0], [0, 0, 1, 0, 5, 0, 0, 0, 2, 1, 0, 1, 0, 0], [0, 0, 1, 1, 5, 1, 0, 0, 0, 0, 0, 0, 1, 0], [0, 0, 0, 0, 3, 2, 0, 0, 0, 1, 0, 0, 0, 0]]"
source_expansion_Faces_to_PetImages_to_GarbageDataset,logistic_regression,page_hinkley,0.65,9,109042,0.5717690098136395,0.536609166833424,0.5491027282884233,0.785,0.5717690098136395,0.536609166833424,0.5491027282884233,0.65,0.87,0.769,0.575169006774649,0.5497111170245778,0.5563153935348973,0.65,0.88,1.0,"[[131, 70, 4, 1, 0, 0, 0, 0, 0, 0, 0, 0, 0, 0], [57, 71, 2, 2, 0, 0, 0, 0, 0, 0, 0, 1, 0, 0], [1, 1, 222, 6, 0, 0, 0, 0, 0, 0, 0, 0, 0, 0], [0, 0, 8, 41, 0, 0, 0, 0, 0, 0, 0, 0, 0, 0], [0, 0, 0, 1, 283, 1, 1, 0, 0, 3, 1, 0, 0, 0], [1, 0, 0, 0, 1, 5, 0, 0, 1, 1, 2, 0, 1, 0], [1, 0, 0, 0, 3, 1, 5, 0, 0, 1, 0, 1, 0, 0], [0, 0, 0, 1, 0, 0, 0, 7, 0, 1, 0, 0, 0, 1], [0, 0, 0, 1, 2, 0, 1, 0, 5, 2, 0, 2, 1, 1], [0, 0, 0, 0, 4, 2, 1, 1, 3, 2, 0, 0, 0, 0], [0, 0, 0, 1, 2, 1, 0, 0, 0, 0, 1, 0, 0, 0], [0, 1, 0, 0, 2, 0, 0, 0, 3, 0, 0, 4, 0, 0], [1, 0, 0, 0, 0, 0, 0, 1, 0, 0, 0, 0, 7, 0], [0, 0, 0, 0, 2, 1, 0, 1, 0, 0, 0, 0, 1, 1]]","[[125, 74, 4, 3, 0, 0, 0, 0, 0, 0, 0, 0, 0, 0], [59, 69, 2, 1, 0, 0, 0, 0, 1, 0, 0, 1, 0, 0], [4, 2, 209, 14, 0, 0, 0, 0, 0, 0, 0, 1, 0, 0], [0, 0, 6, 42, 1, 0, 0, 0, 0, 0, 0, 0, 0, 0], [0, 0, 0, 1, 284, 1, 0, 0, 0, 3, 1, 0, 0, 0], [1, 0, 0, 0, 0, 7, 0, 0, 1, 1, 1, 0, 1, 0], [0, 0, 0, 0, 4, 0, 6, 0, 0, 1, 1, 0, 0, 0], [0, 0, 0, 0, 0, 0, 1, 8, 0, 0, 0, 0, 0, 1], [0, 0, 0, 2, 2, 1, 1, 0, 4, 3, 0, 2, 0, 0], [0, 1, 0, 0, 4, 1, 0, 1, 2, 3, 0, 0, 0, 1], [0, 0, 0, 1, 2, 1, 0, 0, 0, 0, 1, 0, 0, 0], [0, 1, 0, 1, 2, 0, 0, 0, 3, 0, 0, 3, 0, 0], [0, 0, 0, 0, 0, 0, 0, 0, 0, 0, 1, 1, 7, 0], [0, 0, 0, 0, 1, 1, 0, 2, 0, 0, 0, 0, 1, 1]]"
source_expansion_Faces_to_PetImages_to_GarbageDataset,hoeffding_tree,page_hinkley,0.65,9,109042,0.24942985085379393,0.22054208148118087,0.2084962143627729,0.55,0.24942985085379393,0.22054208148118087,0.2084962143627729,0.65,0.77,0.636,0.2322911230957208,0.18844643579043402,0.16476921541896822,0.65,0.73,4.0,"[[196, 4, 0, 0, 0, 1, 0, 0, 0, 3, 0, 0, 0, 2], [117, 12, 0, 0, 0, 1, 0, 0, 1, 1, 0, 0, 0, 1], [40, 2, 177, 2, 0, 1, 4, 0, 2, 1, 0, 0, 0, 1], [9, 10, 4, 14, 0, 0, 0, 0, 3, 9, 0, 0, 0, 0], [1, 7, 0, 1, 146, 19, 12, 0, 5, 56, 0, 3, 0, 40], [0, 3, 0, 3, 0, 1, 0, 0, 0, 3, 0, 1, 0, 1], [1, 6, 0, 0, 1, 0, 1, 0, 1, 1, 0, 1, 0, 0], [0, 3, 0, 0, 0, 5, 0, 0, 0, 2, 0, 0, 0, 0], [0, 5, 0, 0, 0, 2, 1, 0, 0, 6, 0, 1, 0, 0], [0, 6, 0, 0, 2, 1, 0, 0, 0, 2, 0, 0, 0, 2], [0, 2, 0, 0, 1, 0, 0, 0, 0, 2, 0, 0, 0, 0], [0, 2, 0, 0, 0, 1, 0, 0, 1, 4, 0, 0, 0, 2], [0, 1, 0, 0, 0, 1, 1, 0, 0, 4, 0, 0, 0, 2], [0, 4, 0, 0, 0, 0, 0, 0, 0, 1, 0, 0, 0, 1]]","[[160, 1, 36, 0, 9, 0, 0, 0, 0, 0, 0, 0, 0, 0], [100, 2, 20, 0, 10, 0, 0, 0, 1, 0, 0, 0, 0, 0], [20, 0, 198, 1, 9, 0, 0, 0, 2, 0, 0, 0, 0, 0], [5, 0, 25, 2, 14, 0, 0, 0, 3, 0, 0, 0, 0, 0], [1, 0, 10, 0, 274, 0, 0, 0, 5, 0, 0, 0, 0, 0], [0, 0, 0, 0, 12, 0, 0, 0, 0, 0, 0, 0, 0, 0], [0, 0, 0, 0, 11, 0, 0, 0, 1, 0, 0, 0, 0, 0], [0, 0, 0, 0, 10, 0, 0, 0, 0, 0, 0, 0, 0, 0], [0, 0, 1, 0, 14, 0, 0, 0, 0, 0, 0, 0, 0, 0], [0, 0, 0, 0, 13, 0, 0, 0, 0, 0, 0, 0, 0, 0], [0, 0, 0, 0, 5, 0, 0, 0, 0, 0, 0, 0, 0, 0], [0, 0, 0, 0, 9, 0, 0, 0, 1, 0, 0, 0, 0, 0], [0, 0, 0, 0, 9, 0, 0, 0, 0, 0, 0, 0, 0, 0], [0, 0, 0, 0, 6, 0, 0, 0, 0, 0, 0, 0, 0, 0]]"
source_expansion_Faces_to_PetImages_to_GarbageDataset,gaussian_nb,page_hinkley,0.65,9,109042,0.5792252737322071,0.4160957949750762,0.45341364938725764,0.769,0.5792252737322071,0.4160957949750762,0.45341364938725764,0.62,0.8,0.737,0.5071020676873578,0.3297788833728238,0.3579440773534612,0.62,0.73,3.0,"[[165, 41, 0, 0, 0, 0, 0, 0, 0, 0, 0, 0, 0, 0], [77, 56, 0, 0, 0, 0, 0, 0, 0, 0, 0, 0, 0, 0], [0, 5, 219, 6, 0, 0, 0, 0, 0, 0, 0, 0, 0, 0], [0, 4, 2, 43, 0, 0, 0, 0, 0, 0, 0, 0, 0, 0], [1, 16, 1, 1, 264, 0, 1, 0, 1, 3, 0, 2, 0, 0], [0, 6, 0, 1, 0, 4, 0, 0, 0, 1, 0, 0, 0, 0], [1, 7, 0, 0, 0, 0, 4, 0, 0, 0, 0, 0, 0, 0], [0, 9, 0, 0, 0, 0, 0, 1, 0, 0, 0, 0, 0, 0], [1, 5, 0, 2, 1, 0, 0, 0, 4, 0, 0, 2, 0, 0], [0, 3, 0, 1, 0, 1, 0, 0, 4, 4, 0, 0, 0, 0], [0, 3, 0, 0, 2, 0, 0, 0, 0, 0, 0, 0, 0, 0], [0, 5, 0, 0, 0, 0, 0, 0, 1, 1, 0, 3, 0, 0], [0, 6, 0, 0, 0, 0, 0, 0, 1, 0, 0, 0, 2, 0], [0, 5, 0, 0, 0, 0, 0, 1, 0, 0, 0, 0, 0, 0]]","[[153, 45, 4, 0, 2, 0, 0, 2, 0, 0, 0, 0, 0, 0], [71, 53, 2, 1, 6, 0, 0, 0, 0, 0, 0, 0, 0, 0], [1, 4, 213, 6, 5, 0, 0, 0, 0, 1, 0, 0, 0, 0], [1, 3, 8, 29, 8, 0, 0, 0, 0, 0, 0, 0, 0, 0], [1, 0, 6, 4, 278, 0, 0, 0, 0, 1, 0, 0, 0, 0], [0, 0, 0, 1, 4, 4, 0, 0, 1, 2, 0, 0, 0, 0], [0, 0, 2, 0, 10, 0, 0, 0, 0, 0, 0, 0, 0, 0], [0, 0, 0, 0, 8, 0, 0, 2, 0, 0, 0, 0, 0, 0], [0, 0, 1, 3, 8, 0, 0, 1, 1, 1, 0, 0, 0, 0], [0, 0, 0, 0, 11, 1, 0, 0, 0, 1, 0, 0, 0, 0], [0, 0, 0, 0, 5, 0, 0, 0, 0, 0, 0, 0, 0, 0], [0, 0, 1, 0, 7, 0, 0, 0, 1, 0, 0, 1, 0, 0], [0, 0, 0, 1, 5, 0, 0, 0, 0, 1, 0, 0, 2, 0], [0, 0, 0, 0, 5, 0, 0, 1, 0, 0, 0, 0, 0, 0]]"
source_expansion_Faces_to_PetImages_to_GarbageDataset,logistic_regression,hddm_w,0.65,9,109042,0.5717690098136395,0.536609166833424,0.5491027282884233,0.785,0.5717690098136395,0.536609166833424,0.5491027282884233,0.65,0.87,0.78,0.582693041667394,0.5450419501321536,0.5554610691537128,0.65,0.89,1.0,"[[131, 70, 4, 1, 0, 0, 0, 0, 0, 0, 0, 0, 0, 0], [57, 71, 2, 2, 0, 0, 0, 0, 0, 0, 0, 1, 0, 0], [1, 1, 222, 6, 0, 0, 0, 0, 0, 0, 0, 0, 0, 0], [0, 0, 8, 41, 0, 0, 0, 0, 0, 0, 0, 0, 0, 0], [0, 0, 0, 1, 283, 1, 1, 0, 0, 3, 1, 0, 0, 0], [1, 0, 0, 0, 1, 5, 0, 0, 1, 1, 2, 0, 1, 0], [1, 0, 0, 0, 3, 1, 5, 0, 0, 1, 0, 1, 0, 0], [0, 0, 0, 1, 0, 0, 0, 7, 0, 1, 0, 0, 0, 1], [0, 0, 0, 1, 2, 0, 1, 0, 5, 2, 0, 2, 1, 1], [0, 0, 0, 0, 4, 2, 1, 1, 3, 2, 0, 0, 0, 0], [0, 0, 0, 1, 2, 1, 0, 0, 0, 0, 1, 0, 0, 0], [0, 1, 0, 0, 2, 0, 0, 0, 3, 0, 0, 4, 0, 0], [1, 0, 0, 0, 0, 0, 0, 1, 0, 0, 0, 0, 7, 0], [0, 0, 0, 0, 2, 1, 0, 1, 0, 0, 0, 0, 1, 1]]","[[129, 70, 5, 2, 0, 0, 0, 0, 0, 0, 0, 0, 0, 0], [56, 69, 5, 2, 0, 0, 0, 0, 0, 0, 0, 1, 0, 0], [1, 2, 219, 8, 0, 0, 0, 0, 0, 0, 0, 0, 0, 0], [1, 0, 6, 42, 0, 0, 0, 0, 0, 0, 0, 0, 0, 0], [1, 0, 0, 1, 282, 1, 2, 0, 0, 3, 0, 0, 0, 0], [0, 0, 0, 0, 0, 7, 0, 0, 2, 1, 1, 0, 1, 0], [0, 0, 0, 0, 3, 1, 6, 0, 0, 1, 1, 0, 0, 0], [0, 0, 0, 0, 0, 0, 1, 7, 0, 1, 0, 0, 0, 1], [0, 0, 0, 2, 2, 0, 1, 0, 5, 2, 0, 2, 1, 0], [0, 0, 0, 0, 4, 2, 0, 1, 4, 2, 0, 0, 0, 0], [0, 0, 0, 1, 2, 1, 0, 0, 0, 0, 1, 0, 0, 0], [0, 1, 0, 0, 2, 0, 0, 0, 3, 0, 0, 4, 0, 0], [1, 0, 0, 0, 0, 0, 0, 1, 0, 0, 1, 0, 6, 0], [0, 0, 0, 0, 2, 1, 0, 1, 0, 0, 0, 0, 1, 1]]"
source_expansion_Faces_to_PetImages_to_GarbageDataset,hoeffding_tree,hddm_w,0.65,9,109042,0.24942985085379393,0.22054208148118087,0.2084962143627729,0.55,0.24942985085379393,0.22054208148118087,0.2084962143627729,0.65,0.77,0.665,0.211019527334203,0.2084706616525674,0.1947924364474321,0.65,0.73,2.0,"[[196, 4, 0, 0, 0, 1, 0, 0, 0, 3, 0, 0, 0, 2], [117, 12, 0, 0, 0, 1, 0, 0, 1, 1, 0, 0, 0, 1], [40, 2, 177, 2, 0, 1, 4, 0, 2, 1, 0, 0, 0, 1], [9, 10, 4, 14, 0, 0, 0, 0, 3, 9, 0, 0, 0, 0], [1, 7, 0, 1, 146, 19, 12, 0, 5, 56, 0, 3, 0, 40], [0, 3, 0, 3, 0, 1, 0, 0, 0, 3, 0, 1, 0, 1], [1, 6, 0, 0, 1, 0, 1, 0, 1, 1, 0, 1, 0, 0], [0, 3, 0, 0, 0, 5, 0, 0, 0, 2, 0, 0, 0, 0], [0, 5, 0, 0, 0, 2, 1, 0, 0, 6, 0, 1, 0, 0], [0, 6, 0, 0, 2, 1, 0, 0, 0, 2, 0, 0, 0, 2], [0, 2, 0, 0, 1, 0, 0, 0, 0, 2, 0, 0, 0, 0], [0, 2, 0, 0, 0, 1, 0, 0, 1, 4, 0, 0, 0, 2], [0, 1, 0, 0, 0, 1, 1, 0, 0, 4, 0, 0, 0, 2], [0, 4, 0, 0, 0, 0, 0, 0, 0, 1, 0, 0, 0, 1]]","[[175, 12, 10, 0, 9, 0, 0, 0, 0, 0, 0, 0, 0, 0], [109, 10, 3, 0, 10, 0, 0, 0, 1, 0, 0, 0, 0, 0], [20, 5, 188, 3, 14, 0, 0, 0, 0, 0, 0, 0, 0, 0], [5, 2, 16, 10, 16, 0, 0, 0, 0, 0, 0, 0, 0, 0], [0, 1, 1, 5, 282, 0, 0, 0, 1, 0, 0, 0, 0, 0], [0, 0, 0, 0, 12, 0, 0, 0, 0, 0, 0, 0, 0, 0], [0, 0, 0, 0, 12, 0, 0, 0, 0, 0, 0, 0, 0, 0], [0, 0, 0, 0, 10, 0, 0, 0, 0, 0, 0, 0, 0, 0], [0, 0, 1, 0, 14, 0, 0, 0, 0, 0, 0, 0, 0, 0], [0, 0, 0, 0, 13, 0, 0, 0, 0, 0, 0, 0, 0, 0], [0, 0, 0, 0, 5, 0, 0, 0, 0, 0, 0, 0, 0, 0], [0, 0, 0, 1, 9, 0, 0, 0, 0, 0, 0, 0, 0, 0], [0, 0, 0, 0, 9, 0, 0, 0, 0, 0, 0, 0, 0, 0], [0, 0, 0, 0, 6, 0, 0, 0, 0, 0, 0, 0, 0, 0]]"
source_expansion_Faces_to_PetImages_to_GarbageDataset,gaussian_nb,hddm_w,0.65,9,109042,0.5792252737322071,0.4160957949750762,0.45341364938725764,0.769,0.5792252737322071,0.4160957949750762,0.45341364938725764,0.62,0.8,0.772,0.5439555734667658,0.42741048869038945,0.4563021292893757,0.62,0.85,1.0,"[[165, 41, 0, 0, 0, 0, 0, 0, 0, 0, 0, 0, 0, 0], [77, 56, 0, 0, 0, 0, 0, 0, 0, 0, 0, 0, 0, 0], [0, 5, 219, 6, 0, 0, 0, 0, 0, 0, 0, 0, 0, 0], [0, 4, 2, 43, 0, 0, 0, 0, 0, 0, 0, 0, 0, 0], [1, 16, 1, 1, 264, 0, 1, 0, 1, 3, 0, 2, 0, 0], [0, 6, 0, 1, 0, 4, 0, 0, 0, 1, 0, 0, 0, 0], [1, 7, 0, 0, 0, 0, 4, 0, 0, 0, 0, 0, 0, 0], [0, 9, 0, 0, 0, 0, 0, 1, 0, 0, 0, 0, 0, 0], [1, 5, 0, 2, 1, 0, 0, 0, 4, 0, 0, 2, 0, 0], [0, 3, 0, 1, 0, 1, 0, 0, 4, 4, 0, 0, 0, 0], [0, 3, 0, 0, 2, 0, 0, 0, 0, 0, 0, 0, 0, 0], [0, 5, 0, 0, 0, 0, 0, 0, 1, 1, 0, 3, 0, 0], [0, 6, 0, 0, 0, 0, 0, 0, 1, 0, 0, 0, 2, 0], [0, 5, 0, 0, 0, 0, 0, 1, 0, 0, 0, 0, 0, 0]]","[[160, 42, 0, 0, 1, 0, 0, 1, 2, 0, 0, 0, 0, 0], [76, 53, 0, 3, 1, 0, 0, 0, 0, 0, 0, 0, 0, 0], [0, 5, 216, 7, 2, 0, 0, 0, 0, 0, 0, 0, 0, 0], [0, 3, 4, 40, 2, 0, 0, 0, 0, 0, 0, 0, 0, 0], [0, 5, 1, 1, 279, 0, 1, 0, 1, 2, 0, 0, 0, 0], [0, 0, 0, 2, 4, 4, 0, 0, 1, 1, 0, 0, 0, 0], [0, 0, 0, 0, 6, 2, 3, 0, 1, 0, 0, 0, 0, 0], [0, 0, 0, 1, 4, 1, 0, 4, 0, 0, 0, 0, 0, 0], [0, 1, 1, 1, 6, 0, 0, 0, 4, 0, 0, 2, 0, 0], [0, 0, 0, 0, 3, 1, 0, 0, 5, 4, 0, 0, 0, 0], [0, 0, 0, 1, 3, 1, 0, 0, 0, 0, 0, 0, 0, 0], [0, 0, 0, 1, 4, 0, 0, 0, 2, 1, 0, 2, 0, 0], [0, 0, 0, 0, 4, 1, 0, 0, 1, 0, 0, 0, 3, 0], [0, 0, 0, 0, 2, 1, 0, 2, 1, 0, 0, 0, 0, 0]]"
source_expansion_Faces_to_PetImages_to_GarbageDataset,logistic_regression,kswin,0.75,0,200042,0.5219479148607621,0.47686565348139676,0.4841078141924135,0.816,0.5219479148607621,0.47686565348139676,0.4841078141924135,0.54,0.95,0.816,0.5219479148607621,0.47686565348139676,0.4841078141924135,0.54,0.95,0.0,"[[146, 81, 7, 1, 1, 0, 0, 0, 0, 0, 0, 0, 0, 0], [44, 47, 2, 3, 0, 0, 0, 0, 0, 0, 0, 0, 0, 0], [1, 2, 323, 4, 0, 0, 0, 0, 0, 0, 0, 0, 0, 1], [0, 0, 8, 42, 0, 0, 0, 0, 0, 0, 0, 0, 0, 0], [0, 0, 1, 0, 243, 0, 0, 0, 0, 2, 1, 1, 0, 0], [0, 0, 1, 0, 0, 0, 0, 0, 0, 0, 0, 0, 0, 0], [0, 0, 0, 0, 3, 0, 2, 0, 0, 0, 2, 1, 1, 0], [0, 0, 0, 0, 0, 1, 1, 3, 0, 0, 0, 0, 1, 0], [0, 0, 1, 0, 1, 0, 0, 0, 2, 0, 0, 0, 1, 0], [0, 0, 0, 0, 0, 0, 1, 0, 0, 3, 0, 0, 0, 1], [0, 0, 0, 0, 2, 0, 0, 0, 0, 1, 1, 0, 0, 0], [0, 0, 0, 0, 1, 0, 0, 0, 1, 0, 0, 0, 0, 0], [0, 0, 1, 0, 0, 0, 0, 0, 0, 0, 0, 0, 4, 0], [0, 0, 0, 0, 1, 0, 0, 0, 0, 0, 1, 0, 0, 0]]","[[146, 81, 7, 1, 1, 0, 0, 0, 0, 0, 0, 0, 0, 0], [44, 47, 2, 3, 0, 0, 0, 0, 0, 0, 0, 0, 0, 0], [1, 2, 323, 4, 0, 0, 0, 0, 0, 0, 0, 0, 0, 1], [0, 0, 8, 42, 0, 0, 0, 0, 0, 0, 0, 0, 0, 0], [0, 0, 1, 0, 243, 0, 0, 0, 0, 2, 1, 1, 0, 0], [0, 0, 1, 0, 0, 0, 0, 0, 0, 0, 0, 0, 0, 0], [0, 0, 0, 0, 3, 0, 2, 0, 0, 0, 2, 1, 1, 0], [0, 0, 0, 0, 0, 1, 1, 3, 0, 0, 0, 0, 1, 0], [0, 0, 1, 0, 1, 0, 0, 0, 2, 0, 0, 0, 1, 0], [0, 0, 0, 0, 0, 0, 1, 0, 0, 3, 0, 0, 0, 1], [0, 0, 0, 0, 2, 0, 0, 0, 0, 1, 1, 0, 0, 0], [0, 0, 0, 0, 1, 0, 0, 0, 1, 0, 0, 0, 0, 0], [0, 0, 1, 0, 0, 0, 0, 0, 0, 0, 0, 0, 4, 0], [0, 0, 0, 0, 1, 0, 0, 0, 0, 0, 1, 0, 0, 0]]"
source_expansion_Faces_to_PetImages_to_GarbageDataset,hoeffding_tree,kswin,0.75,0,200042,0.22442387584130344,0.17515944267911257,0.16925210435052576,0.5,0.22442387584130344,0.17515944267911257,0.16925210435052576,0.8,0.0,0.68,0.19381446287654183,0.1817646838814449,0.1661313808340014,0.8,0.81,4.0,"[[225, 3, 0, 0, 2, 3, 0, 0, 3, 0, 0, 0, 0, 0], [76, 13, 0, 0, 0, 4, 1, 2, 0, 0, 0, 0, 0, 0], [45, 3, 233, 9, 12, 4, 3, 5, 17, 0, 0, 0, 0, 0], [21, 2, 2, 15, 1, 5, 0, 2, 2, 0, 0, 0, 0, 0], [1, 5, 1, 3, 12, 178, 12, 21, 15, 0, 0, 0, 0, 0], [0, 0, 0, 0, 0, 0, 0, 1, 0, 0, 0, 0, 0, 0], [0, 0, 0, 0, 1, 5, 1, 2, 0, 0, 0, 0, 0, 0], [0, 0, 0, 0, 0, 5, 1, 0, 0, 0, 0, 0, 0, 0], [0, 0, 0, 1, 0, 3, 0, 0, 1, 0, 0, 0, 0, 0], [0, 0, 0, 0, 0, 3, 0, 2, 0, 0, 0, 0, 0, 0], [0, 0, 0, 0, 0, 4, 0, 0, 0, 0, 0, 0, 0, 0], [0, 0, 0, 0, 0, 1, 1, 0, 0, 0, 0, 0, 0, 0], [0, 0, 0, 0, 0, 5, 0, 0, 0, 0, 0, 0, 0, 0], [0, 0, 0, 0, 0, 1, 0, 1, 0, 0, 0, 0, 0, 0]]","[[199, 0, 31, 1, 4, 0, 0, 0, 1, 0, 0, 0, 0, 0], [64, 0, 25, 0, 7, 0, 0, 0, 0, 0, 0, 0, 0, 0], [43, 0, 267, 0, 21, 0, 0, 0, 0, 0, 0, 0, 0, 0], [8, 0, 33, 2, 7, 0, 0, 0, 0, 0, 0, 0, 0, 0], [3, 0, 33, 0, 212, 0, 0, 0, 0, 0, 0, 0, 0, 0], [0, 0, 0, 0, 1, 0, 0, 0, 0, 0, 0, 0, 0, 0], [0, 0, 0, 0, 9, 0, 0, 0, 0, 0, 0, 0, 0, 0], [0, 0, 0, 0, 6, 0, 0, 0, 0, 0, 0, 0, 0, 0], [0, 0, 2, 0, 3, 0, 0, 0, 0, 0, 0, 0, 0, 0], [0, 0, 0, 0, 5, 0, 0, 0, 0, 0, 0, 0, 0, 0], [0, 0, 0, 0, 4, 0, 0, 0, 0, 0, 0, 0, 0, 0], [0, 0, 0, 0, 2, 0, 0, 0, 0, 0, 0, 0, 0, 0], [0, 0, 0, 0, 5, 0, 0, 0, 0, 0, 0, 0, 0, 0], [0, 0, 0, 0, 2, 0, 0, 0, 0, 0, 0, 0, 0, 0]]"
source_expansion_Faces_to_PetImages_to_GarbageDataset,gaussian_nb,kswin,0.75,0,200042,0.40073112009875206,0.30590188545992897,0.3150416776662481,0.808,0.40073112009875206,0.30590188545992897,0.3150416776662481,0.74,0.84,0.808,0.40073112009875206,0.30590188545992897,0.3150416776662481,0.74,0.84,0.0,"[[199, 37, 0, 0, 0, 0, 0, 0, 0, 0, 0, 0, 0, 0], [64, 32, 0, 0, 0, 0, 0, 0, 0, 0, 0, 0, 0, 0], [4, 11, 298, 18, 0, 0, 0, 0, 0, 0, 0, 0, 0, 0], [2, 1, 5, 42, 0, 0, 0, 0, 0, 0, 0, 0, 0, 0], [3, 5, 1, 5, 234, 0, 0, 0, 0, 0, 0, 0, 0, 0], [0, 1, 0, 0, 0, 0, 0, 0, 0, 0, 0, 0, 0, 0], [3, 2, 0, 0, 2, 0, 2, 0, 0, 0, 0, 0, 0, 0], [3, 3, 0, 0, 0, 0, 0, 0, 0, 0, 0, 0, 0, 0], [0, 4, 0, 0, 1, 0, 0, 0, 0, 0, 0, 0, 0, 0], [0, 5, 0, 0, 0, 0, 0, 0, 0, 0, 0, 0, 0, 0], [3, 1, 0, 0, 0, 0, 0, 0, 0, 0, 0, 0, 0, 0], [0, 1, 0, 0, 1, 0, 0, 0, 0, 0, 0, 0, 0, 0], [1, 3, 0, 0, 0, 0, 0, 0, 0, 0, 0, 0, 1, 0], [0, 1, 0, 0, 1, 0, 0, 0, 0, 0, 0, 0, 0, 0]]","[[199, 37, 0, 0, 0, 0, 0, 0, 0, 0, 0, 0, 0, 0], [64, 32, 0, 0, 0, 0, 0, 0, 0, 0, 0, 0, 0, 0], [4, 11, 298, 18, 0, 0, 0, 0, 0, 0, 0, 0, 0, 0], [2, 1, 5, 42, 0, 0, 0, 0, 0, 0, 0, 0, 0, 0], [3, 5, 1, 5, 234, 0, 0, 0, 0, 0, 0, 0, 0, 0], [0, 1, 0, 0, 0, 0, 0, 0, 0, 0, 0, 0, 0, 0], [3, 2, 0, 0, 2, 0, 2, 0, 0, 0, 0, 0, 0, 0], [3, 3, 0, 0, 0, 0, 0, 0, 0, 0, 0, 0, 0, 0], [0, 4, 0, 0, 1, 0, 0, 0, 0, 0, 0, 0, 0, 0], [0, 5, 0, 0, 0, 0, 0, 0, 0, 0, 0, 0, 0, 0], [3, 1, 0, 0, 0, 0, 0, 0, 0, 0, 0, 0, 0, 0], [0, 1, 0, 0, 1, 0, 0, 0, 0, 0, 0, 0, 0, 0], [1, 3, 0, 0, 0, 0, 0, 0, 0, 0, 0, 0, 1, 0], [0, 1, 0, 0, 1, 0, 0, 0, 0, 0, 0, 0, 0, 0]]"
source_expansion_Faces_to_PetImages_to_GarbageDataset,logistic_regression,adwin,0.75,0,200042,0.5219479148607621,0.47686565348139676,0.4841078141924135,0.816,0.5219479148607621,0.47686565348139676,0.4841078141924135,0.54,0.95,0.79,0.46988476875864915,0.45899828060397374,0.4533710645409572,0.54,0.95,1.0,"[[146, 81, 7, 1, 1, 0, 0, 0, 0, 0, 0, 0, 0, 0], [44, 47, 2, 3, 0, 0, 0, 0, 0, 0, 0, 0, 0, 0], [1, 2, 323, 4, 0, 0, 0, 0, 0, 0, 0, 0, 0, 1], [0, 0, 8, 42, 0, 0, 0, 0, 0, 0, 0, 0, 0, 0], [0, 0, 1, 0, 243, 0, 0, 0, 0, 2, 1, 1, 0, 0], [0, 0, 1, 0, 0, 0, 0, 0, 0, 0, 0, 0, 0, 0], [0, 0, 0, 0, 3, 0, 2, 0, 0, 0, 2, 1, 1, 0], [0, 0, 0, 0, 0, 1, 1, 3, 0, 0, 0, 0, 1, 0], [0, 0, 1, 0, 1, 0, 0, 0, 2, 0, 0, 0, 1, 0], [0, 0, 0, 0, 0, 0, 1, 0, 0, 3, 0, 0, 0, 1], [0, 0, 0, 0, 2, 0, 0, 0, 0, 1, 1, 0, 0, 0], [0, 0, 0, 0, 1, 0, 0, 0, 1, 0, 0, 0, 0, 0], [0, 0, 1, 0, 0, 0, 0, 0, 0, 0, 0, 0, 4, 0], [0, 0, 0, 0, 1, 0, 0, 0, 0, 0, 1, 0, 0, 0]]","[[146, 82, 7, 1, 0, 0, 0, 0, 0, 0, 0, 0, 0, 0], [45, 48, 3, 0, 0, 0, 0, 0, 0, 0, 0, 0, 0, 0], [6, 12, 295, 17, 1, 0, 0, 0, 0, 0, 0, 0, 0, 0], [1, 1, 5, 43, 0, 0, 0, 0, 0, 0, 0, 0, 0, 0], [0, 0, 0, 1, 244, 0, 0, 0, 0, 2, 1, 0, 0, 0], [0, 0, 1, 0, 0, 0, 0, 0, 0, 0, 0, 0, 0, 0], [0, 0, 0, 0, 3, 0, 2, 0, 0, 0, 2, 1, 1, 0], [0, 0, 0, 1, 0, 0, 1, 3, 0, 0, 0, 0, 1, 0], [0, 0, 0, 1, 1, 0, 0, 0, 2, 0, 0, 0, 1, 0], [0, 0, 0, 0, 0, 1, 1, 0, 1, 2, 0, 0, 0, 0], [0, 0, 0, 0, 1, 0, 1, 0, 0, 1, 1, 0, 0, 0], [0, 0, 0, 0, 1, 0, 0, 0, 0, 0, 0, 0, 1, 0], [0, 0, 0, 0, 0, 0, 0, 1, 0, 0, 0, 0, 4, 0], [0, 0, 0, 0, 1, 0, 0, 0, 0, 0, 1, 0, 0, 0]]"
source_expansion_Faces_to_PetImages_to_GarbageDataset,hoeffding_tree,adwin,0.75,0,200042,0.22442387584130344,0.17515944267911257,0.16925210435052576,0.5,0.22442387584130344,0.17515944267911257,0.16925210435052576,0.8,0.0,0.675,0.20280886145599616,0.18933044083913492,0.18210539485889773,0.8,0.81,3.0,"[[225, 3, 0, 0, 2, 3, 0, 0, 3, 0, 0, 0, 0, 0], [76, 13, 0, 0, 0, 4, 1, 2, 0, 0, 0, 0, 0, 0], [45, 3, 233, 9, 12, 4, 3, 5, 17, 0, 0, 0, 0, 0], [21, 2, 2, 15, 1, 5, 0, 2, 2, 0, 0, 0, 0, 0], [1, 5, 1, 3, 12, 178, 12, 21, 15, 0, 0, 0, 0, 0], [0, 0, 0, 0, 0, 0, 0, 1, 0, 0, 0, 0, 0, 0], [0, 0, 0, 0, 1, 5, 1, 2, 0, 0, 0, 0, 0, 0], [0, 0, 0, 0, 0, 5, 1, 0, 0, 0, 0, 0, 0, 0], [0, 0, 0, 1, 0, 3, 0, 0, 1, 0, 0, 0, 0, 0], [0, 0, 0, 0, 0, 3, 0, 2, 0, 0, 0, 0, 0, 0], [0, 0, 0, 0, 0, 4, 0, 0, 0, 0, 0, 0, 0, 0], [0, 0, 0, 0, 0, 1, 1, 0, 0, 0, 0, 0, 0, 0], [0, 0, 0, 0, 0, 5, 0, 0, 0, 0, 0, 0, 0, 0], [0, 0, 0, 0, 0, 1, 0, 1, 0, 0, 0, 0, 0, 0]]","[[199, 5, 26, 0, 5, 0, 0, 0, 1, 0, 0, 0, 0, 0], [64, 3, 22, 0, 7, 0, 0, 0, 0, 0, 0, 0, 0, 0], [36, 4, 256, 3, 28, 0, 0, 0, 4, 0, 0, 0, 0, 0], [6, 1, 26, 8, 8, 0, 0, 0, 1, 0, 0, 0, 0, 0], [1, 0, 28, 3, 209, 0, 0, 0, 7, 0, 0, 0, 0, 0], [0, 0, 0, 0, 1, 0, 0, 0, 0, 0, 0, 0, 0, 0], [0, 0, 1, 0, 8, 0, 0, 0, 0, 0, 0, 0, 0, 0], [0, 0, 1, 0, 5, 0, 0, 0, 0, 0, 0, 0, 0, 0], [0, 0, 1, 1, 3, 0, 0, 0, 0, 0, 0, 0, 0, 0], [0, 0, 0, 0, 5, 0, 0, 0, 0, 0, 0, 0, 0, 0], [0, 0, 0, 0, 4, 0, 0, 0, 0, 0, 0, 0, 0, 0], [0, 0, 0, 0, 2, 0, 0, 0, 0, 0, 0, 0, 0, 0], [0, 0, 0, 0, 5, 0, 0, 0, 0, 0, 0, 0, 0, 0], [0, 0, 0, 0, 2, 0, 0, 0, 0, 0, 0, 0, 0, 0]]"
source_expansion_Faces_to_PetImages_to_GarbageDataset,gaussian_nb,adwin,0.75,0,200042,0.40073112009875206,0.30590188545992897,0.3150416776662481,0.808,0.40073112009875206,0.30590188545992897,0.3150416776662481,0.74,0.84,0.804,0.5508474885022133,0.3171157833347583,0.3554777081815782,0.74,0.8200000000000001,1.0,"[[199, 37, 0, 0, 0, 0, 0, 0, 0, 0, 0, 0, 0, 0], [64, 32, 0, 0, 0, 0, 0, 0, 0, 0, 0, 0, 0, 0], [4, 11, 298, 18, 0, 0, 0, 0, 0, 0, 0, 0, 0, 0], [2, 1, 5, 42, 0, 0, 0, 0, 0, 0, 0, 0, 0, 0], [3, 5, 1, 5, 234, 0, 0, 0, 0, 0, 0, 0, 0, 0], [0, 1, 0, 0, 0, 0, 0, 0, 0, 0, 0, 0, 0, 0], [3, 2, 0, 0, 2, 0, 2, 0, 0, 0, 0, 0, 0, 0], [3, 3, 0, 0, 0, 0, 0, 0, 0, 0, 0, 0, 0, 0], [0, 4, 0, 0, 1, 0, 0, 0, 0, 0, 0, 0, 0, 0], [0, 5, 0, 0, 0, 0, 0, 0, 0, 0, 0, 0, 0, 0], [3, 1, 0, 0, 0, 0, 0, 0, 0, 0, 0, 0, 0, 0], [0, 1, 0, 0, 1, 0, 0, 0, 0, 0, 0, 0, 0, 0], [1, 3, 0, 0, 0, 0, 0, 0, 0, 0, 0, 0, 1, 0], [0, 1, 0, 0, 1, 0, 0, 0, 0, 0, 0, 0, 0, 0]]","[[193, 37, 6, 0, 0, 0, 0, 0, 0, 0, 0, 0, 0, 0], [66, 26, 4, 0, 0, 0, 0, 0, 0, 0, 0, 0, 0, 0], [2, 7, 316, 6, 0, 0, 0, 0, 0, 0, 0, 0, 0, 0], [1, 1, 14, 34, 0, 0, 0, 0, 0, 0, 0, 0, 0, 0], [0, 0, 18, 0, 230, 0, 0, 0, 0, 0, 0, 0, 0, 0], [0, 0, 1, 0, 0, 0, 0, 0, 0, 0, 0, 0, 0, 0], [0, 0, 5, 0, 2, 0, 2, 0, 0, 0, 0, 0, 0, 0], [0, 0, 5, 0, 0, 0, 0, 1, 0, 0, 0, 0, 0, 0], [0, 0, 2, 1, 1, 0, 0, 0, 1, 0, 0, 0, 0, 0], [0, 0, 5, 0, 0, 0, 0, 0, 0, 0, 0, 0, 0, 0], [0, 0, 4, 0, 0, 0, 0, 0, 0, 0, 0, 0, 0, 0], [0, 0, 1, 0, 1, 0, 0, 0, 0, 0, 0, 0, 0, 0], [0, 0, 3, 1, 0, 0, 0, 0, 0, 0, 0, 0, 1, 0], [0, 0, 1, 0, 1, 0, 0, 0, 0, 0, 0, 0, 0, 0]]"
source_expansion_Faces_to_PetImages_to_GarbageDataset,logistic_regression,page_hinkley,0.75,0,200042,0.5219479148607621,0.47686565348139676,0.4841078141924135,0.816,0.5219479148607621,0.47686565348139676,0.4841078141924135,0.54,0.95,0.785,0.41724609004682184,0.4626952336655215,0.42427724593934746,0.54,0.8,3.0,"[[146, 81, 7, 1, 1, 0, 0, 0, 0, 0, 0, 0, 0, 0], [44, 47, 2, 3, 0, 0, 0, 0, 0, 0, 0, 0, 0, 0], [1, 2, 323, 4, 0, 0, 0, 0, 0, 0, 0, 0, 0, 1], [0, 0, 8, 42, 0, 0, 0, 0, 0, 0, 0, 0, 0, 0], [0, 0, 1, 0, 243, 0, 0, 0, 0, 2, 1, 1, 0, 0], [0, 0, 1, 0, 0, 0, 0, 0, 0, 0, 0, 0, 0, 0], [0, 0, 0, 0, 3, 0, 2, 0, 0, 0, 2, 1, 1, 0], [0, 0, 0, 0, 0, 1, 1, 3, 0, 0, 0, 0, 1, 0], [0, 0, 1, 0, 1, 0, 0, 0, 2, 0, 0, 0, 1, 0], [0, 0, 0, 0, 0, 0, 1, 0, 0, 3, 0, 0, 0, 1], [0, 0, 0, 0, 2, 0, 0, 0, 0, 1, 1, 0, 0, 0], [0, 0, 0, 0, 1, 0, 0, 0, 1, 0, 0, 0, 0, 0], [0, 0, 1, 0, 0, 0, 0, 0, 0, 0, 0, 0, 4, 0], [0, 0, 0, 0, 1, 0, 0, 0, 0, 0, 1, 0, 0, 0]]","[[144, 85, 5, 0, 2, 0, 0, 0, 0, 0, 0, 0, 0, 0], [40, 54, 2, 0, 0, 0, 0, 0, 0, 0, 0, 0, 0, 0], [4, 1, 313, 11, 2, 0, 0, 0, 0, 0, 0, 0, 0, 0], [1, 0, 7, 42, 0, 0, 0, 0, 0, 0, 0, 0, 0, 0], [2, 0, 2, 1, 217, 2, 9, 4, 1, 3, 2, 0, 2, 3], [0, 0, 0, 0, 0, 0, 1, 0, 0, 0, 0, 0, 0, 0], [0, 0, 1, 1, 1, 0, 4, 0, 0, 0, 2, 0, 0, 0], [0, 0, 1, 0, 0, 0, 1, 3, 0, 0, 0, 0, 1, 0], [0, 0, 0, 0, 2, 0, 0, 0, 1, 0, 0, 1, 1, 0], [0, 0, 0, 0, 0, 1, 1, 0, 0, 1, 0, 0, 1, 1], [0, 0, 0, 0, 0, 0, 0, 0, 0, 2, 2, 0, 0, 0], [0, 0, 0, 0, 1, 0, 0, 0, 0, 0, 0, 0, 1, 0], [0, 0, 1, 0, 0, 0, 0, 0, 0, 0, 0, 0, 4, 0], [0, 0, 0, 0, 0, 0, 0, 0, 0, 0, 1, 1, 0, 0]]"
source_expansion_Faces_to_PetImages_to_GarbageDataset,hoeffding_tree,page_hinkley,0.75,0,200042,0.22442387584130344,0.17515944267911257,0.16925210435052576,0.5,0.22442387584130344,0.17515944267911257,0.16925210435052576,0.8,0.0,0.683,0.18234742426382317,0.1827282455749962,0.16677842408415794,0.8,0.81,4.0,"[[225, 3, 0, 0, 2, 3, 0, 0, 3, 0, 0, 0, 0, 0], [76, 13, 0, 0, 0, 4, 1, 2, 0, 0, 0, 0, 0, 0], [45, 3, 233, 9, 12, 4, 3, 5, 17, 0, 0, 0, 0, 0], [21, 2, 2, 15, 1, 5, 0, 2, 2, 0, 0, 0, 0, 0], [1, 5, 1, 3, 12, 178, 12, 21, 15, 0, 0, 0, 0, 0], [0, 0, 0, 0, 0, 0, 0, 1, 0, 0, 0, 0, 0, 0], [0, 0, 0, 0, 1, 5, 1, 2, 0, 0, 0, 0, 0, 0], [0, 0, 0, 0, 0, 5, 1, 0, 0, 0, 0, 0, 0, 0], [0, 0, 0, 1, 0, 3, 0, 0, 1, 0, 0, 0, 0, 0], [0, 0, 0, 0, 0, 3, 0, 2, 0, 0, 0, 0, 0, 0], [0, 0, 0, 0, 0, 4, 0, 0, 0, 0, 0, 0, 0, 0], [0, 0, 0, 0, 0, 1, 1, 0, 0, 0, 0, 0, 0, 0], [0, 0, 0, 0, 0, 5, 0, 0, 0, 0, 0, 0, 0, 0], [0, 0, 0, 0, 0, 1, 0, 1, 0, 0, 0, 0, 0, 0]]","[[191, 1, 35, 1, 8, 0, 0, 0, 0, 0, 0, 0, 0, 0], [58, 0, 31, 0, 7, 0, 0, 0, 0, 0, 0, 0, 0, 0], [32, 1, 264, 1, 33, 0, 0, 0, 0, 0, 0, 0, 0, 0], [6, 0, 33, 2, 9, 0, 0, 0, 0, 0, 0, 0, 0, 0], [2, 0, 20, 0, 226, 0, 0, 0, 0, 0, 0, 0, 0, 0], [0, 0, 0, 0, 1, 0, 0, 0, 0, 0, 0, 0, 0, 0], [0, 0, 0, 0, 9, 0, 0, 0, 0, 0, 0, 0, 0, 0], [0, 0, 0, 0, 6, 0, 0, 0, 0, 0, 0, 0, 0, 0], [0, 0, 2, 0, 3, 0, 0, 0, 0, 0, 0, 0, 0, 0], [0, 0, 0, 0, 5, 0, 0, 0, 0, 0, 0, 0, 0, 0], [0, 0, 0, 0, 4, 0, 0, 0, 0, 0, 0, 0, 0, 0], [0, 0, 0, 0, 2, 0, 0, 0, 0, 0, 0, 0, 0, 0], [0, 0, 0, 0, 5, 0, 0, 0, 0, 0, 0, 0, 0, 0], [0, 0, 0, 0, 2, 0, 0, 0, 0, 0, 0, 0, 0, 0]]"
source_expansion_Faces_to_PetImages_to_GarbageDataset,gaussian_nb,page_hinkley,0.75,0,200042,0.40073112009875206,0.30590188545992897,0.3150416776662481,0.808,0.40073112009875206,0.30590188545992897,0.3150416776662481,0.74,0.84,0.815,0.5570965704404935,0.32807277788160544,0.3650539940779001,0.74,0.85,1.0,"[[199, 37, 0, 0, 0, 0, 0, 0, 0, 0, 0, 0, 0, 0], [64, 32, 0, 0, 0, 0, 0, 0, 0, 0, 0, 0, 0, 0], [4, 11, 298, 18, 0, 0, 0, 0, 0, 0, 0, 0, 0, 0], [2, 1, 5, 42, 0, 0, 0, 0, 0, 0, 0, 0, 0, 0], [3, 5, 1, 5, 234, 0, 0, 0, 0, 0, 0, 0, 0, 0], [0, 1, 0, 0, 0, 0, 0, 0, 0, 0, 0, 0, 0, 0], [3, 2, 0, 0, 2, 0, 2, 0, 0, 0, 0, 0, 0, 0], [3, 3, 0, 0, 0, 0, 0, 0, 0, 0, 0, 0, 0, 0], [0, 4, 0, 0, 1, 0, 0, 0, 0, 0, 0, 0, 0, 0], [0, 5, 0, 0, 0, 0, 0, 0, 0, 0, 0, 0, 0, 0], [3, 1, 0, 0, 0, 0, 0, 0, 0, 0, 0, 0, 0, 0], [0, 1, 0, 0, 1, 0, 0, 0, 0, 0, 0, 0, 0, 0], [1, 3, 0, 0, 0, 0, 0, 0, 0, 0, 0, 0, 1, 0], [0, 1, 0, 0, 1, 0, 0, 0, 0, 0, 0, 0, 0, 0]]","[[184, 51, 1, 0, 0, 0, 0, 0, 0, 0, 0, 0, 0, 0], [51, 39, 6, 0, 0, 0, 0, 0, 0, 0, 0, 0, 0, 0], [1, 6, 320, 4, 0, 0, 0, 0, 0, 0, 0, 0, 0, 0], [1, 1, 12, 36, 0, 0, 0, 0, 0, 0, 0, 0, 0, 0], [0, 0, 14, 3, 231, 0, 0, 0, 0, 0, 0, 0, 0, 0], [0, 0, 1, 0, 0, 0, 0, 0, 0, 0, 0, 0, 0, 0], [0, 0, 5, 0, 2, 0, 2, 0, 0, 0, 0, 0, 0, 0], [0, 0, 4, 1, 0, 0, 0, 1, 0, 0, 0, 0, 0, 0], [0, 0, 3, 0, 1, 0, 0, 0, 1, 0, 0, 0, 0, 0], [0, 0, 5, 0, 0, 0, 0, 0, 0, 0, 0, 0, 0, 0], [0, 0, 4, 0, 0, 0, 0, 0, 0, 0, 0, 0, 0, 0], [0, 0, 1, 0, 1, 0, 0, 0, 0, 0, 0, 0, 0, 0], [0, 0, 3, 1, 0, 0, 0, 0, 0, 0, 0, 0, 1, 0], [0, 0, 1, 0, 1, 0, 0, 0, 0, 0, 0, 0, 0, 0]]"
source_expansion_Faces_to_PetImages_to_GarbageDataset,logistic_regression,hddm_w,0.75,0,200042,0.5219479148607621,0.47686565348139676,0.4841078141924135,0.816,0.5219479148607621,0.47686565348139676,0.4841078141924135,0.54,0.95,0.816,0.5219479148607621,0.47686565348139676,0.4841078141924135,0.54,0.95,0.0,"[[146, 81, 7, 1, 1, 0, 0, 0, 0, 0, 0, 0, 0, 0], [44, 47, 2, 3, 0, 0, 0, 0, 0, 0, 0, 0, 0, 0], [1, 2, 323, 4, 0, 0, 0, 0, 0, 0, 0, 0, 0, 1], [0, 0, 8, 42, 0, 0, 0, 0, 0, 0, 0, 0, 0, 0], [0, 0, 1, 0, 243, 0, 0, 0, 0, 2, 1, 1, 0, 0], [0, 0, 1, 0, 0, 0, 0, 0, 0, 0, 0, 0, 0, 0], [0, 0, 0, 0, 3, 0, 2, 0, 0, 0, 2, 1, 1, 0], [0, 0, 0, 0, 0, 1, 1, 3, 0, 0, 0, 0, 1, 0], [0, 0, 1, 0, 1, 0, 0, 0, 2, 0, 0, 0, 1, 0], [0, 0, 0, 0, 0, 0, 1, 0, 0, 3, 0, 0, 0, 1], [0, 0, 0, 0, 2, 0, 0, 0, 0, 1, 1, 0, 0, 0], [0, 0, 0, 0, 1, 0, 0, 0, 1, 0, 0, 0, 0, 0], [0, 0, 1, 0, 0, 0, 0, 0, 0, 0, 0, 0, 4, 0], [0, 0, 0, 0, 1, 0, 0, 0, 0, 0, 1, 0, 0, 0]]","[[146, 81, 7, 1, 1, 0, 0, 0, 0, 0, 0, 0, 0, 0], [44, 47, 2, 3, 0, 0, 0, 0, 0, 0, 0, 0, 0, 0], [1, 2, 323, 4, 0, 0, 0, 0, 0, 0, 0, 0, 0, 1], [0, 0, 8, 42, 0, 0, 0, 0, 0, 0, 0, 0, 0, 0], [0, 0, 1, 0, 243, 0, 0, 0, 0, 2, 1, 1, 0, 0], [0, 0, 1, 0, 0, 0, 0, 0, 0, 0, 0, 0, 0, 0], [0, 0, 0, 0, 3, 0, 2, 0, 0, 0, 2, 1, 1, 0], [0, 0, 0, 0, 0, 1, 1, 3, 0, 0, 0, 0, 1, 0], [0, 0, 1, 0, 1, 0, 0, 0, 2, 0, 0, 0, 1, 0], [0, 0, 0, 0, 0, 0, 1, 0, 0, 3, 0, 0, 0, 1], [0, 0, 0, 0, 2, 0, 0, 0, 0, 1, 1, 0, 0, 0], [0, 0, 0, 0, 1, 0, 0, 0, 1, 0, 0, 0, 0, 0], [0, 0, 1, 0, 0, 0, 0, 0, 0, 0, 0, 0, 4, 0], [0, 0, 0, 0, 1, 0, 0, 0, 0, 0, 1, 0, 0, 0]]"
source_expansion_Faces_to_PetImages_to_GarbageDataset,hoeffding_tree,hddm_w,0.75,0,200042,0.22442387584130344,0.17515944267911257,0.16925210435052576,0.5,0.22442387584130344,0.17515944267911257,0.16925210435052576,0.8,0.0,0.706,0.23803463793611662,0.20570953864822247,0.20424501086385613,0.8,0.81,4.0,"[[225, 3, 0, 0, 2, 3, 0, 0, 3, 0, 0, 0, 0, 0], [76, 13, 0, 0, 0, 4, 1, 2, 0, 0, 0, 0, 0, 0], [45, 3, 233, 9, 12, 4, 3, 5, 17, 0, 0, 0, 0, 0], [21, 2, 2, 15, 1, 5, 0, 2, 2, 0, 0, 0, 0, 0], [1, 5, 1, 3, 12, 178, 12, 21, 15, 0, 0, 0, 0, 0], [0, 0, 0, 0, 0, 0, 0, 1, 0, 0, 0, 0, 0, 0], [0, 0, 0, 0, 1, 5, 1, 2, 0, 0, 0, 0, 0, 0], [0, 0, 0, 0, 0, 5, 1, 0, 0, 0, 0, 0, 0, 0], [0, 0, 0, 1, 0, 3, 0, 0, 1, 0, 0, 0, 0, 0], [0, 0, 0, 0, 0, 3, 0, 2, 0, 0, 0, 0, 0, 0], [0, 0, 0, 0, 0, 4, 0, 0, 0, 0, 0, 0, 0, 0], [0, 0, 0, 0, 0, 1, 1, 0, 0, 0, 0, 0, 0, 0], [0, 0, 0, 0, 0, 5, 0, 0, 0, 0, 0, 0, 0, 0], [0, 0, 0, 0, 0, 1, 0, 1, 0, 0, 0, 0, 0, 0]]","[[199, 10, 24, 0, 3, 0, 0, 0, 0, 0, 0, 0, 0, 0], [67, 10, 12, 0, 7, 0, 0, 0, 0, 0, 0, 0, 0, 0], [32, 0, 276, 4, 18, 0, 1, 0, 0, 0, 0, 0, 0, 0], [12, 1, 17, 13, 7, 0, 0, 0, 0, 0, 0, 0, 0, 0], [0, 0, 38, 1, 208, 0, 1, 0, 0, 0, 0, 0, 0, 0], [0, 0, 0, 0, 1, 0, 0, 0, 0, 0, 0, 0, 0, 0], [0, 0, 1, 0, 8, 0, 0, 0, 0, 0, 0, 0, 0, 0], [0, 0, 1, 0, 5, 0, 0, 0, 0, 0, 0, 0, 0, 0], [0, 0, 2, 0, 3, 0, 0, 0, 0, 0, 0, 0, 0, 0], [0, 0, 0, 0, 5, 0, 0, 0, 0, 0, 0, 0, 0, 0], [0, 0, 0, 0, 4, 0, 0, 0, 0, 0, 0, 0, 0, 0], [0, 0, 0, 0, 2, 0, 0, 0, 0, 0, 0, 0, 0, 0], [0, 0, 0, 0, 5, 0, 0, 0, 0, 0, 0, 0, 0, 0], [0, 0, 0, 0, 2, 0, 0, 0, 0, 0, 0, 0, 0, 0]]"
source_expansion_Faces_to_PetImages_to_GarbageDataset,gaussian_nb,hddm_w,0.75,0,200042,0.40073112009875206,0.30590188545992897,0.3150416776662481,0.808,0.40073112009875206,0.30590188545992897,0.3150416776662481,0.74,0.84,0.808,0.40073112009875206,0.30590188545992897,0.3150416776662481,0.74,0.84,0.0,"[[199, 37, 0, 0, 0, 0, 0, 0, 0, 0, 0, 0, 0, 0], [64, 32, 0, 0, 0, 0, 0, 0, 0, 0, 0, 0, 0, 0], [4, 11, 298, 18, 0, 0, 0, 0, 0, 0, 0, 0, 0, 0], [2, 1, 5, 42, 0, 0, 0, 0, 0, 0, 0, 0, 0, 0], [3, 5, 1, 5, 234, 0, 0, 0, 0, 0, 0, 0, 0, 0], [0, 1, 0, 0, 0, 0, 0, 0, 0, 0, 0, 0, 0, 0], [3, 2, 0, 0, 2, 0, 2, 0, 0, 0, 0, 0, 0, 0], [3, 3, 0, 0, 0, 0, 0, 0, 0, 0, 0, 0, 0, 0], [0, 4, 0, 0, 1, 0, 0, 0, 0, 0, 0, 0, 0, 0], [0, 5, 0, 0, 0, 0, 0, 0, 0, 0, 0, 0, 0, 0], [3, 1, 0, 0, 0, 0, 0, 0, 0, 0, 0, 0, 0, 0], [0, 1, 0, 0, 1, 0, 0, 0, 0, 0, 0, 0, 0, 0], [1, 3, 0, 0, 0, 0, 0, 0, 0, 0, 0, 0, 1, 0], [0, 1, 0, 0, 1, 0, 0, 0, 0, 0, 0, 0, 0, 0]]","[[199, 37, 0, 0, 0, 0, 0, 0, 0, 0, 0, 0, 0, 0], [64, 32, 0, 0, 0, 0, 0, 0, 0, 0, 0, 0, 0, 0], [4, 11, 298, 18, 0, 0, 0, 0, 0, 0, 0, 0, 0, 0], [2, 1, 5, 42, 0, 0, 0, 0, 0, 0, 0, 0, 0, 0], [3, 5, 1, 5, 234, 0, 0, 0, 0, 0, 0, 0, 0, 0], [0, 1, 0, 0, 0, 0, 0, 0, 0, 0, 0, 0, 0, 0], [3, 2, 0, 0, 2, 0, 2, 0, 0, 0, 0, 0, 0, 0], [3, 3, 0, 0, 0, 0, 0, 0, 0, 0, 0, 0, 0, 0], [0, 4, 0, 0, 1, 0, 0, 0, 0, 0, 0, 0, 0, 0], [0, 5, 0, 0, 0, 0, 0, 0, 0, 0, 0, 0, 0, 0], [3, 1, 0, 0, 0, 0, 0, 0, 0, 0, 0, 0, 0, 0], [0, 1, 0, 0, 1, 0, 0, 0, 0, 0, 0, 0, 0, 0], [1, 3, 0, 0, 0, 0, 0, 0, 0, 0, 0, 0, 1, 0], [0, 1, 0, 0, 1, 0, 0, 0, 0, 0, 0, 0, 0, 0]]"
source_expansion_Faces_to_PetImages_to_GarbageDataset,logistic_regression,kswin,0.75,1,201042,0.5179109325485419,0.47623914376286874,0.48826488524111245,0.811,0.5179109325485419,0.47623914376286874,0.48826488524111245,0.5900000000000001,0.9,0.811,0.5179109325485419,0.47623914376286874,0.48826488524111245,0.5900000000000001,0.9,0.0,"[[169, 83, 6, 4, 0, 0, 0, 0, 0, 0, 0, 0, 0, 0], [43, 55, 3, 3, 0, 0, 0, 0, 0, 0, 0, 0, 0, 0], [2, 1, 332, 7, 0, 0, 0, 0, 0, 0, 0, 0, 1, 0], [1, 0, 4, 39, 1, 0, 0, 0, 0, 0, 0, 0, 0, 0], [0, 0, 0, 1, 199, 0, 1, 0, 1, 0, 1, 0, 0, 0], [1, 1, 0, 0, 1, 0, 0, 0, 0, 1, 0, 0, 0, 0], [0, 0, 0, 0, 2, 0, 0, 0, 0, 0, 0, 0, 0, 0], [0, 0, 0, 0, 1, 1, 0, 7, 0, 0, 0, 1, 0, 0], [0, 0, 0, 1, 1, 0, 0, 0, 3, 0, 0, 0, 0, 0], [1, 0, 0, 0, 3, 0, 0, 0, 0, 1, 0, 0, 0, 0], [0, 0, 0, 0, 3, 0, 0, 1, 0, 0, 3, 0, 0, 0], [0, 0, 0, 0, 2, 0, 0, 0, 1, 0, 0, 1, 0, 0], [0, 0, 0, 0, 0, 0, 0, 1, 0, 0, 0, 1, 2, 0], [0, 0, 0, 0, 1, 0, 0, 0, 0, 0, 1, 0, 0, 0]]","[[169, 83, 6, 4, 0, 0, 0, 0, 0, 0, 0, 0, 0, 0], [43, 55, 3, 3, 0, 0, 0, 0, 0, 0, 0, 0, 0, 0], [2, 1, 332, 7, 0, 0, 0, 0, 0, 0, 0, 0, 1, 0], [1, 0, 4, 39, 1, 0, 0, 0, 0, 0, 0, 0, 0, 0], [0, 0, 0, 1, 199, 0, 1, 0, 1, 0, 1, 0, 0, 0], [1, 1, 0, 0, 1, 0, 0, 0, 0, 1, 0, 0, 0, 0], [0, 0, 0, 0, 2, 0, 0, 0, 0, 0, 0, 0, 0, 0], [0, 0, 0, 0, 1, 1, 0, 7, 0, 0, 0, 1, 0, 0], [0, 0, 0, 1, 1, 0, 0, 0, 3, 0, 0, 0, 0, 0], [1, 0, 0, 0, 3, 0, 0, 0, 0, 1, 0, 0, 0, 0], [0, 0, 0, 0, 3, 0, 0, 1, 0, 0, 3, 0, 0, 0], [0, 0, 0, 0, 2, 0, 0, 0, 1, 0, 0, 1, 0, 0], [0, 0, 0, 0, 0, 0, 0, 1, 0, 0, 0, 1, 2, 0], [0, 0, 0, 0, 1, 0, 0, 0, 0, 0, 1, 0, 0, 0]]"
source_expansion_Faces_to_PetImages_to_GarbageDataset,hoeffding_tree,kswin,0.75,1,201042,0.23058025977773375,0.24546915308715253,0.1807567628866513,0.506,0.23058025977773375,0.24546915308715253,0.1807567628866513,0.7,0.25,0.676,0.17280859442239166,0.18306076052962797,0.17320448225467938,0.7,0.76,5.0,"[[244, 9, 0, 0, 1, 4, 3, 0, 1, 0, 0, 0, 0, 0], [82, 13, 0, 0, 5, 1, 1, 0, 1, 0, 0, 0, 0, 1], [58, 1, 215, 6, 16, 26, 4, 0, 17, 0, 0, 0, 0, 0], [14, 7, 2, 9, 3, 6, 1, 0, 3, 0, 0, 0, 0, 0], [0, 5, 1, 1, 21, 102, 62, 0, 8, 0, 0, 0, 0, 3], [0, 1, 0, 0, 0, 1, 2, 0, 0, 0, 0, 0, 0, 0], [0, 0, 0, 0, 0, 1, 1, 0, 0, 0, 0, 0, 0, 0], [0, 0, 0, 0, 0, 10, 0, 0, 0, 0, 0, 0, 0, 0], [1, 0, 0, 0, 0, 2, 1, 0, 1, 0, 0, 0, 0, 0], [0, 0, 0, 0, 0, 3, 2, 0, 0, 0, 0, 0, 0, 0], [0, 0, 0, 0, 0, 3, 4, 0, 0, 0, 0, 0, 0, 0], [0, 0, 0, 0, 0, 4, 0, 0, 0, 0, 0, 0, 0, 0], [0, 0, 0, 0, 0, 1, 3, 0, 0, 0, 0, 0, 0, 0], [0, 0, 0, 0, 0, 1, 0, 0, 0, 0, 0, 0, 0, 1]]","[[219, 16, 17, 5, 5, 0, 0, 0, 0, 0, 0, 0, 0, 0], [66, 8, 21, 4, 5, 0, 0, 0, 0, 0, 0, 0, 0, 0], [24, 7, 288, 9, 14, 0, 0, 0, 1, 0, 0, 0, 0, 0], [4, 1, 34, 1, 5, 0, 0, 0, 0, 0, 0, 0, 0, 0], [1, 0, 42, 0, 160, 0, 0, 0, 0, 0, 0, 0, 0, 0], [0, 0, 1, 0, 3, 0, 0, 0, 0, 0, 0, 0, 0, 0], [0, 0, 0, 0, 2, 0, 0, 0, 0, 0, 0, 0, 0, 0], [0, 0, 4, 0, 6, 0, 0, 0, 0, 0, 0, 0, 0, 0], [1, 0, 2, 0, 2, 0, 0, 0, 0, 0, 0, 0, 0, 0], [0, 0, 0, 0, 5, 0, 0, 0, 0, 0, 0, 0, 0, 0], [0, 0, 0, 0, 7, 0, 0, 0, 0, 0, 0, 0, 0, 0], [0, 0, 0, 0, 4, 0, 0, 0, 0, 0, 0, 0, 0, 0], [0, 0, 1, 0, 3, 0, 0, 0, 0, 0, 0, 0, 0, 0], [0, 0, 1, 0, 1, 0, 0, 0, 0, 0, 0, 0, 0, 0]]"
source_expansion_Faces_to_PetImages_to_GarbageDataset,gaussian_nb,kswin,0.75,1,201042,0.33748306451882076,0.30278893660124295,0.3055586675366925,0.798,0.33748306451882076,0.30278893660124295,0.3055586675366925,0.64,0.83,0.798,0.33748306451882076,0.30278893660124295,0.3055586675366925,0.64,0.83,0.0,"[[205, 57, 0, 0, 0, 0, 0, 0, 0, 0, 0, 0, 0, 0], [59, 45, 0, 0, 0, 0, 0, 0, 0, 0, 0, 0, 0, 0], [10, 4, 316, 13, 0, 0, 0, 0, 0, 0, 0, 0, 0, 0], [1, 3, 2, 39, 0, 0, 0, 0, 0, 0, 0, 0, 0, 0], [3, 9, 0, 1, 190, 0, 0, 0, 0, 0, 0, 0, 0, 0], [2, 2, 0, 0, 0, 0, 0, 0, 0, 0, 0, 0, 0, 0], [0, 0, 0, 0, 2, 0, 0, 0, 0, 0, 0, 0, 0, 0], [6, 1, 0, 0, 0, 0, 0, 3, 0, 0, 0, 0, 0, 0], [2, 2, 0, 0, 1, 0, 0, 0, 0, 0, 0, 0, 0, 0], [1, 3, 0, 0, 1, 0, 0, 0, 0, 0, 0, 0, 0, 0], [2, 4, 0, 0, 1, 0, 0, 0, 0, 0, 0, 0, 0, 0], [2, 0, 0, 0, 2, 0, 0, 0, 0, 0, 0, 0, 0, 0], [1, 3, 0, 0, 0, 0, 0, 0, 0, 0, 0, 0, 0, 0], [1, 1, 0, 0, 0, 0, 0, 0, 0, 0, 0, 0, 0, 0]]","[[205, 57, 0, 0, 0, 0, 0, 0, 0, 0, 0, 0, 0, 0], [59, 45, 0, 0, 0, 0, 0, 0, 0, 0, 0, 0, 0, 0], [10, 4, 316, 13, 0, 0, 0, 0, 0, 0, 0, 0, 0, 0], [1, 3, 2, 39, 0, 0, 0, 0, 0, 0, 0, 0, 0, 0], [3, 9, 0, 1, 190, 0, 0, 0, 0, 0, 0, 0, 0, 0], [2, 2, 0, 0, 0, 0, 0, 0, 0, 0, 0, 0, 0, 0], [0, 0, 0, 0, 2, 0, 0, 0, 0, 0, 0, 0, 0, 0], [6, 1, 0, 0, 0, 0, 0, 3, 0, 0, 0, 0, 0, 0], [2, 2, 0, 0, 1, 0, 0, 0, 0, 0, 0, 0, 0, 0], [1, 3, 0, 0, 1, 0, 0, 0, 0, 0, 0, 0, 0, 0], [2, 4, 0, 0, 1, 0, 0, 0, 0, 0, 0, 0, 0, 0], [2, 0, 0, 0, 2, 0, 0, 0, 0, 0, 0, 0, 0, 0], [1, 3, 0, 0, 0, 0, 0, 0, 0, 0, 0, 0, 0, 0], [1, 1, 0, 0, 0, 0, 0, 0, 0, 0, 0, 0, 0, 0]]"
source_expansion_Faces_to_PetImages_to_GarbageDataset,logistic_regression,adwin,0.75,1,201042,0.5179109325485419,0.47623914376286874,0.48826488524111245,0.811,0.5179109325485419,0.47623914376286874,0.48826488524111245,0.5900000000000001,0.9,0.763,0.5542849689735547,0.4813192676055448,0.48903644917484285,0.5900000000000001,0.92,1.0,"[[169, 83, 6, 4, 0, 0, 0, 0, 0, 0, 0, 0, 0, 0], [43, 55, 3, 3, 0, 0, 0, 0, 0, 0, 0, 0, 0, 0], [2, 1, 332, 7, 0, 0, 0, 0, 0, 0, 0, 0, 1, 0], [1, 0, 4, 39, 1, 0, 0, 0, 0, 0, 0, 0, 0, 0], [0, 0, 0, 1, 199, 0, 1, 0, 1, 0, 1, 0, 0, 0], [1, 1, 0, 0, 1, 0, 0, 0, 0, 1, 0, 0, 0, 0], [0, 0, 0, 0, 2, 0, 0, 0, 0, 0, 0, 0, 0, 0], [0, 0, 0, 0, 1, 1, 0, 7, 0, 0, 0, 1, 0, 0], [0, 0, 0, 1, 1, 0, 0, 0, 3, 0, 0, 0, 0, 0], [1, 0, 0, 0, 3, 0, 0, 0, 0, 1, 0, 0, 0, 0], [0, 0, 0, 0, 3, 0, 0, 1, 0, 0, 3, 0, 0, 0], [0, 0, 0, 0, 2, 0, 0, 0, 1, 0, 0, 1, 0, 0], [0, 0, 0, 0, 0, 0, 0, 1, 0, 0, 0, 1, 2, 0], [0, 0, 0, 0, 1, 0, 0, 0, 0, 0, 1, 0, 0, 0]]","[[161, 90, 6, 5, 0, 0, 0, 0, 0, 0, 0, 0, 0, 0], [45, 51, 3, 3, 0, 0, 0, 0, 1, 0, 0, 0, 1, 0], [11, 5, 296, 27, 3, 0, 0, 1, 0, 0, 0, 0, 0, 0], [2, 0, 4, 39, 0, 0, 0, 0, 0, 0, 0, 0, 0, 0], [1, 0, 0, 2, 198, 0, 0, 0, 1, 0, 1, 0, 0, 0], [1, 1, 0, 0, 1, 1, 0, 0, 0, 0, 0, 0, 0, 0], [0, 0, 0, 0, 2, 0, 0, 0, 0, 0, 0, 0, 0, 0], [1, 0, 0, 0, 1, 0, 0, 7, 0, 0, 0, 1, 0, 0], [0, 0, 0, 2, 0, 0, 0, 0, 3, 0, 0, 0, 0, 0], [0, 0, 0, 0, 3, 0, 0, 0, 0, 1, 1, 0, 0, 0], [1, 0, 0, 0, 2, 0, 0, 0, 0, 1, 3, 0, 0, 0], [0, 0, 0, 0, 2, 0, 0, 0, 1, 0, 0, 1, 0, 0], [0, 0, 0, 0, 0, 0, 0, 0, 1, 0, 0, 1, 2, 0], [0, 0, 0, 0, 1, 0, 0, 0, 0, 0, 1, 0, 0, 0]]"
source_expansion_Faces_to_PetImages_to_GarbageDataset,hoeffding_tree,adwin,0.75,1,201042,0.23058025977773375,0.24546915308715253,0.1807567628866513,0.506,0.23058025977773375,0.24546915308715253,0.1807567628866513,0.7,0.25,0.669,0.17185033379345974,0.1778504791526286,0.16545740738953044,0.7,0.76,4.0,"[[244, 9, 0, 0, 1, 4, 3, 0, 1, 0, 0, 0, 0, 0], [82, 13, 0, 0, 5, 1, 1, 0, 1, 0, 0, 0, 0, 1], [58, 1, 215, 6, 16, 26, 4, 0, 17, 0, 0, 0, 0, 0], [14, 7, 2, 9, 3, 6, 1, 0, 3, 0, 0, 0, 0, 0], [0, 5, 1, 1, 21, 102, 62, 0, 8, 0, 0, 0, 0, 3], [0, 1, 0, 0, 0, 1, 2, 0, 0, 0, 0, 0, 0, 0], [0, 0, 0, 0, 0, 1, 1, 0, 0, 0, 0, 0, 0, 0], [0, 0, 0, 0, 0, 10, 0, 0, 0, 0, 0, 0, 0, 0], [1, 0, 0, 0, 0, 2, 1, 0, 1, 0, 0, 0, 0, 0], [0, 0, 0, 0, 0, 3, 2, 0, 0, 0, 0, 0, 0, 0], [0, 0, 0, 0, 0, 3, 4, 0, 0, 0, 0, 0, 0, 0], [0, 0, 0, 0, 0, 4, 0, 0, 0, 0, 0, 0, 0, 0], [0, 0, 0, 0, 0, 1, 3, 0, 0, 0, 0, 0, 0, 0], [0, 0, 0, 0, 0, 1, 0, 0, 0, 0, 0, 0, 0, 1]]","[[226, 9, 23, 0, 4, 0, 0, 0, 0, 0, 0, 0, 0, 0], [71, 6, 22, 0, 5, 0, 0, 0, 0, 0, 0, 0, 0, 0], [40, 2, 290, 0, 11, 0, 0, 0, 0, 0, 0, 0, 0, 0], [7, 0, 35, 0, 3, 0, 0, 0, 0, 0, 0, 0, 0, 0], [1, 0, 54, 0, 147, 0, 0, 0, 0, 0, 0, 0, 1, 0], [0, 0, 1, 0, 3, 0, 0, 0, 0, 0, 0, 0, 0, 0], [0, 0, 1, 0, 1, 0, 0, 0, 0, 0, 0, 0, 0, 0], [0, 0, 4, 0, 6, 0, 0, 0, 0, 0, 0, 0, 0, 0], [1, 0, 2, 0, 2, 0, 0, 0, 0, 0, 0, 0, 0, 0], [0, 0, 1, 0, 4, 0, 0, 0, 0, 0, 0, 0, 0, 0], [0, 0, 0, 0, 7, 0, 0, 0, 0, 0, 0, 0, 0, 0], [0, 0, 0, 0, 4, 0, 0, 0, 0, 0, 0, 0, 0, 0], [1, 0, 1, 0, 2, 0, 0, 0, 0, 0, 0, 0, 0, 0], [0, 0, 1, 0, 1, 0, 0, 0, 0, 0, 0, 0, 0, 0]]"
source_expansion_Faces_to_PetImages_to_GarbageDataset,gaussian_nb,adwin,0.75,1,201042,0.33748306451882076,0.30278893660124295,0.3055586675366925,0.798,0.33748306451882076,0.30278893660124295,0.3055586675366925,0.64,0.83,0.798,0.32898232447939507,0.2981915490751731,0.2986282992703592,0.64,0.83,1.0,"[[205, 57, 0, 0, 0, 0, 0, 0, 0, 0, 0, 0, 0, 0], [59, 45, 0, 0, 0, 0, 0, 0, 0, 0, 0, 0, 0, 0], [10, 4, 316, 13, 0, 0, 0, 0, 0, 0, 0, 0, 0, 0], [1, 3, 2, 39, 0, 0, 0, 0, 0, 0, 0, 0, 0, 0], [3, 9, 0, 1, 190, 0, 0, 0, 0, 0, 0, 0, 0, 0], [2, 2, 0, 0, 0, 0, 0, 0, 0, 0, 0, 0, 0, 0], [0, 0, 0, 0, 2, 0, 0, 0, 0, 0, 0, 0, 0, 0], [6, 1, 0, 0, 0, 0, 0, 3, 0, 0, 0, 0, 0, 0], [2, 2, 0, 0, 1, 0, 0, 0, 0, 0, 0, 0, 0, 0], [1, 3, 0, 0, 1, 0, 0, 0, 0, 0, 0, 0, 0, 0], [2, 4, 0, 0, 1, 0, 0, 0, 0, 0, 0, 0, 0, 0], [2, 0, 0, 0, 2, 0, 0, 0, 0, 0, 0, 0, 0, 0], [1, 3, 0, 0, 0, 0, 0, 0, 0, 0, 0, 0, 0, 0], [1, 1, 0, 0, 0, 0, 0, 0, 0, 0, 0, 0, 0, 0]]","[[194, 64, 3, 1, 0, 0, 0, 0, 0, 0, 0, 0, 0, 0], [54, 49, 0, 1, 0, 0, 0, 0, 0, 0, 0, 0, 0, 0], [6, 3, 329, 5, 0, 0, 0, 0, 0, 0, 0, 0, 0, 0], [0, 3, 7, 35, 0, 0, 0, 0, 0, 0, 0, 0, 0, 0], [0, 0, 11, 4, 188, 0, 0, 0, 0, 0, 0, 0, 0, 0], [0, 0, 1, 3, 0, 0, 0, 0, 0, 0, 0, 0, 0, 0], [0, 0, 1, 0, 1, 0, 0, 0, 0, 0, 0, 0, 0, 0], [0, 0, 5, 2, 0, 0, 0, 3, 0, 0, 0, 0, 0, 0], [0, 0, 1, 4, 0, 0, 0, 0, 0, 0, 0, 0, 0, 0], [0, 0, 2, 2, 1, 0, 0, 0, 0, 0, 0, 0, 0, 0], [0, 0, 6, 0, 1, 0, 0, 0, 0, 0, 0, 0, 0, 0], [0, 0, 0, 2, 2, 0, 0, 0, 0, 0, 0, 0, 0, 0], [0, 0, 3, 1, 0, 0, 0, 0, 0, 0, 0, 0, 0, 0], [0, 0, 0, 2, 0, 0, 0, 0, 0, 0, 0, 0, 0, 0]]"
source_expansion_Faces_to_PetImages_to_GarbageDataset,logistic_regression,page_hinkley,0.75,1,201042,0.5179109325485419,0.47623914376286874,0.48826488524111245,0.811,0.5179109325485419,0.47623914376286874,0.48826488524111245,0.5900000000000001,0.9,0.764,0.4802826011223898,0.4600234069258736,0.45739637337335637,0.5900000000000001,0.91,1.0,"[[169, 83, 6, 4, 0, 0, 0, 0, 0, 0, 0, 0, 0, 0], [43, 55, 3, 3, 0, 0, 0, 0, 0, 0, 0, 0, 0, 0], [2, 1, 332, 7, 0, 0, 0, 0, 0, 0, 0, 0, 1, 0], [1, 0, 4, 39, 1, 0, 0, 0, 0, 0, 0, 0, 0, 0], [0, 0, 0, 1, 199, 0, 1, 0, 1, 0, 1, 0, 0, 0], [1, 1, 0, 0, 1, 0, 0, 0, 0, 1, 0, 0, 0, 0], [0, 0, 0, 0, 2, 0, 0, 0, 0, 0, 0, 0, 0, 0], [0, 0, 0, 0, 1, 1, 0, 7, 0, 0, 0, 1, 0, 0], [0, 0, 0, 1, 1, 0, 0, 0, 3, 0, 0, 0, 0, 0], [1, 0, 0, 0, 3, 0, 0, 0, 0, 1, 0, 0, 0, 0], [0, 0, 0, 0, 3, 0, 0, 1, 0, 0, 3, 0, 0, 0], [0, 0, 0, 0, 2, 0, 0, 0, 1, 0, 0, 1, 0, 0], [0, 0, 0, 0, 0, 0, 0, 1, 0, 0, 0, 1, 2, 0], [0, 0, 0, 0, 1, 0, 0, 0, 0, 0, 1, 0, 0, 0]]","[[162, 88, 7, 4, 0, 1, 0, 0, 0, 0, 0, 0, 0, 0], [41, 57, 3, 2, 0, 0, 0, 0, 1, 0, 0, 0, 0, 0], [17, 10, 291, 24, 0, 0, 0, 0, 0, 0, 0, 0, 1, 0], [1, 1, 4, 39, 0, 0, 0, 0, 0, 0, 0, 0, 0, 0], [0, 0, 0, 2, 199, 0, 0, 0, 1, 0, 1, 0, 0, 0], [0, 0, 0, 1, 1, 0, 0, 0, 1, 1, 0, 0, 0, 0], [0, 0, 0, 0, 2, 0, 0, 0, 0, 0, 0, 0, 0, 0], [2, 0, 0, 0, 1, 0, 0, 6, 0, 0, 0, 1, 0, 0], [0, 0, 0, 1, 1, 0, 0, 0, 3, 0, 0, 0, 0, 0], [0, 0, 0, 0, 3, 0, 0, 0, 0, 1, 1, 0, 0, 0], [1, 0, 0, 0, 2, 0, 0, 0, 0, 1, 3, 0, 0, 0], [0, 0, 0, 0, 2, 0, 0, 0, 1, 0, 0, 1, 0, 0], [0, 0, 0, 0, 0, 0, 0, 0, 1, 0, 0, 1, 2, 0], [0, 0, 0, 0, 1, 0, 0, 0, 0, 0, 1, 0, 0, 0]]"
source_expansion_Faces_to_PetImages_to_GarbageDataset,hoeffding_tree,page_hinkley,0.75,1,201042,0.23058025977773375,0.24546915308715253,0.1807567628866513,0.506,0.23058025977773375,0.24546915308715253,0.1807567628866513,0.7,0.25,0.671,0.17400306165830817,0.17793020924666353,0.16584333909887652,0.7,0.76,5.0,"[[244, 9, 0, 0, 1, 4, 3, 0, 1, 0, 0, 0, 0, 0], [82, 13, 0, 0, 5, 1, 1, 0, 1, 0, 0, 0, 0, 1], [58, 1, 215, 6, 16, 26, 4, 0, 17, 0, 0, 0, 0, 0], [14, 7, 2, 9, 3, 6, 1, 0, 3, 0, 0, 0, 0, 0], [0, 5, 1, 1, 21, 102, 62, 0, 8, 0, 0, 0, 0, 3], [0, 1, 0, 0, 0, 1, 2, 0, 0, 0, 0, 0, 0, 0], [0, 0, 0, 0, 0, 1, 1, 0, 0, 0, 0, 0, 0, 0], [0, 0, 0, 0, 0, 10, 0, 0, 0, 0, 0, 0, 0, 0], [1, 0, 0, 0, 0, 2, 1, 0, 1, 0, 0, 0, 0, 0], [0, 0, 0, 0, 0, 3, 2, 0, 0, 0, 0, 0, 0, 0], [0, 0, 0, 0, 0, 3, 4, 0, 0, 0, 0, 0, 0, 0], [0, 0, 0, 0, 0, 4, 0, 0, 0, 0, 0, 0, 0, 0], [0, 0, 0, 0, 0, 1, 3, 0, 0, 0, 0, 0, 0, 0], [0, 0, 0, 0, 0, 1, 0, 0, 0, 0, 0, 0, 0, 1]]","[[223, 9, 27, 0, 3, 0, 0, 0, 0, 0, 0, 0, 0, 0], [67, 6, 26, 0, 5, 0, 0, 0, 0, 0, 0, 0, 0, 0], [36, 1, 296, 0, 10, 0, 0, 0, 0, 0, 0, 0, 0, 0], [4, 0, 38, 0, 3, 0, 0, 0, 0, 0, 0, 0, 0, 0], [2, 0, 55, 0, 146, 0, 0, 0, 0, 0, 0, 0, 0, 0], [0, 0, 1, 0, 3, 0, 0, 0, 0, 0, 0, 0, 0, 0], [0, 0, 1, 0, 1, 0, 0, 0, 0, 0, 0, 0, 0, 0], [0, 0, 4, 0, 6, 0, 0, 0, 0, 0, 0, 0, 0, 0], [0, 0, 3, 0, 2, 0, 0, 0, 0, 0, 0, 0, 0, 0], [0, 0, 1, 0, 4, 0, 0, 0, 0, 0, 0, 0, 0, 0], [0, 0, 0, 0, 7, 0, 0, 0, 0, 0, 0, 0, 0, 0], [0, 0, 0, 0, 4, 0, 0, 0, 0, 0, 0, 0, 0, 0], [0, 0, 1, 0, 3, 0, 0, 0, 0, 0, 0, 0, 0, 0], [0, 0, 1, 0, 1, 0, 0, 0, 0, 0, 0, 0, 0, 0]]"
source_expansion_Faces_to_PetImages_to_GarbageDataset,gaussian_nb,page_hinkley,0.75,1,201042,0.33748306451882076,0.30278893660124295,0.3055586675366925,0.798,0.33748306451882076,0.30278893660124295,0.3055586675366925,0.64,0.83,0.795,0.3268397173994444,0.303305245070542,0.30500636538567555,0.64,0.79,2.0,"[[205, 57, 0, 0, 0, 0, 0, 0, 0, 0, 0, 0, 0, 0], [59, 45, 0, 0, 0, 0, 0, 0, 0, 0, 0, 0, 0, 0], [10, 4, 316, 13, 0, 0, 0, 0, 0, 0, 0, 0, 0, 0], [1, 3, 2, 39, 0, 0, 0, 0, 0, 0, 0, 0, 0, 0], [3, 9, 0, 1, 190, 0, 0, 0, 0, 0, 0, 0, 0, 0], [2, 2, 0, 0, 0, 0, 0, 0, 0, 0, 0, 0, 0, 0], [0, 0, 0, 0, 2, 0, 0, 0, 0, 0, 0, 0, 0, 0], [6, 1, 0, 0, 0, 0, 0, 3, 0, 0, 0, 0, 0, 0], [2, 2, 0, 0, 1, 0, 0, 0, 0, 0, 0, 0, 0, 0], [1, 3, 0, 0, 1, 0, 0, 0, 0, 0, 0, 0, 0, 0], [2, 4, 0, 0, 1, 0, 0, 0, 0, 0, 0, 0, 0, 0], [2, 0, 0, 0, 2, 0, 0, 0, 0, 0, 0, 0, 0, 0], [1, 3, 0, 0, 0, 0, 0, 0, 0, 0, 0, 0, 0, 0], [1, 1, 0, 0, 0, 0, 0, 0, 0, 0, 0, 0, 0, 0]]","[[194, 64, 2, 0, 2, 0, 0, 0, 0, 0, 0, 0, 0, 0], [51, 45, 4, 0, 4, 0, 0, 0, 0, 0, 0, 0, 0, 0], [5, 3, 324, 7, 4, 0, 0, 0, 0, 0, 0, 0, 0, 0], [1, 3, 5, 35, 1, 0, 0, 0, 0, 0, 0, 0, 0, 0], [1, 0, 7, 2, 193, 0, 0, 0, 0, 0, 0, 0, 0, 0], [0, 0, 0, 3, 1, 0, 0, 0, 0, 0, 0, 0, 0, 0], [0, 0, 1, 0, 1, 0, 0, 0, 0, 0, 0, 0, 0, 0], [0, 0, 4, 2, 0, 0, 0, 4, 0, 0, 0, 0, 0, 0], [0, 0, 1, 3, 1, 0, 0, 0, 0, 0, 0, 0, 0, 0], [0, 0, 1, 2, 2, 0, 0, 0, 0, 0, 0, 0, 0, 0], [0, 0, 3, 0, 4, 0, 0, 0, 0, 0, 0, 0, 0, 0], [0, 0, 0, 2, 2, 0, 0, 0, 0, 0, 0, 0, 0, 0], [0, 0, 2, 0, 2, 0, 0, 0, 0, 0, 0, 0, 0, 0], [0, 0, 0, 1, 1, 0, 0, 0, 0, 0, 0, 0, 0, 0]]"
source_expansion_Faces_to_PetImages_to_GarbageDataset,logistic_regression,hddm_w,0.75,1,201042,0.5179109325485419,0.47623914376286874,0.48826488524111245,0.811,0.5179109325485419,0.47623914376286874,0.48826488524111245,0.5900000000000001,0.9,0.811,0.5179109325485419,0.47623914376286874,0.48826488524111245,0.5900000000000001,0.9,0.0,"[[169, 83, 6, 4, 0, 0, 0, 0, 0, 0, 0, 0, 0, 0], [43, 55, 3, 3, 0, 0, 0, 0, 0, 0, 0, 0, 0, 0], [2, 1, 332, 7, 0, 0, 0, 0, 0, 0, 0, 0, 1, 0], [1, 0, 4, 39, 1, 0, 0, 0, 0, 0, 0, 0, 0, 0], [0, 0, 0, 1, 199, 0, 1, 0, 1, 0, 1, 0, 0, 0], [1, 1, 0, 0, 1, 0, 0, 0, 0, 1, 0, 0, 0, 0], [0, 0, 0, 0, 2, 0, 0, 0, 0, 0, 0, 0, 0, 0], [0, 0, 0, 0, 1, 1, 0, 7, 0, 0, 0, 1, 0, 0], [0, 0, 0, 1, 1, 0, 0, 0, 3, 0, 0, 0, 0, 0], [1, 0, 0, 0, 3, 0, 0, 0, 0, 1, 0, 0, 0, 0], [0, 0, 0, 0, 3, 0, 0, 1, 0, 0, 3, 0, 0, 0], [0, 0, 0, 0, 2, 0, 0, 0, 1, 0, 0, 1, 0, 0], [0, 0, 0, 0, 0, 0, 0, 1, 0, 0, 0, 1, 2, 0], [0, 0, 0, 0, 1, 0, 0, 0, 0, 0, 1, 0, 0, 0]]","[[169, 83, 6, 4, 0, 0, 0, 0, 0, 0, 0, 0, 0, 0], [43, 55, 3, 3, 0, 0, 0, 0, 0, 0, 0, 0, 0, 0], [2, 1, 332, 7, 0, 0, 0, 0, 0, 0, 0, 0, 1, 0], [1, 0, 4, 39, 1, 0, 0, 0, 0, 0, 0, 0, 0, 0], [0, 0, 0, 1, 199, 0, 1, 0, 1, 0, 1, 0, 0, 0], [1, 1, 0, 0, 1, 0, 0, 0, 0, 1, 0, 0, 0, 0], [0, 0, 0, 0, 2, 0, 0, 0, 0, 0, 0, 0, 0, 0], [0, 0, 0, 0, 1, 1, 0, 7, 0, 0, 0, 1, 0, 0], [0, 0, 0, 1, 1, 0, 0, 0, 3, 0, 0, 0, 0, 0], [1, 0, 0, 0, 3, 0, 0, 0, 0, 1, 0, 0, 0, 0], [0, 0, 0, 0, 3, 0, 0, 1, 0, 0, 3, 0, 0, 0], [0, 0, 0, 0, 2, 0, 0, 0, 1, 0, 0, 1, 0, 0], [0, 0, 0, 0, 0, 0, 0, 1, 0, 0, 0, 1, 2, 0], [0, 0, 0, 0, 1, 0, 0, 0, 0, 0, 1, 0, 0, 0]]"
source_expansion_Faces_to_PetImages_to_GarbageDataset,hoeffding_tree,hddm_w,0.75,1,201042,0.23058025977773375,0.24546915308715253,0.1807567628866513,0.506,0.23058025977773375,0.24546915308715253,0.1807567628866513,0.7,0.25,0.699,0.19514958829741474,0.1989705638155111,0.18982616734374044,0.7,0.77,3.0,"[[244, 9, 0, 0, 1, 4, 3, 0, 1, 0, 0, 0, 0, 0], [82, 13, 0, 0, 5, 1, 1, 0, 1, 0, 0, 0, 0, 1], [58, 1, 215, 6, 16, 26, 4, 0, 17, 0, 0, 0, 0, 0], [14, 7, 2, 9, 3, 6, 1, 0, 3, 0, 0, 0, 0, 0], [0, 5, 1, 1, 21, 102, 62, 0, 8, 0, 0, 0, 0, 3], [0, 1, 0, 0, 0, 1, 2, 0, 0, 0, 0, 0, 0, 0], [0, 0, 0, 0, 0, 1, 1, 0, 0, 0, 0, 0, 0, 0], [0, 0, 0, 0, 0, 10, 0, 0, 0, 0, 0, 0, 0, 0], [1, 0, 0, 0, 0, 2, 1, 0, 1, 0, 0, 0, 0, 0], [0, 0, 0, 0, 0, 3, 2, 0, 0, 0, 0, 0, 0, 0], [0, 0, 0, 0, 0, 3, 4, 0, 0, 0, 0, 0, 0, 0], [0, 0, 0, 0, 0, 4, 0, 0, 0, 0, 0, 0, 0, 0], [0, 0, 0, 0, 0, 1, 3, 0, 0, 0, 0, 0, 0, 0], [0, 0, 0, 0, 0, 1, 0, 0, 0, 0, 0, 0, 0, 1]]","[[229, 17, 5, 5, 6, 0, 0, 0, 0, 0, 0, 0, 0, 0], [77, 9, 7, 4, 7, 0, 0, 0, 0, 0, 0, 0, 0, 0], [22, 0, 282, 13, 26, 0, 0, 0, 0, 0, 0, 0, 0, 0], [4, 1, 28, 7, 5, 0, 0, 0, 0, 0, 0, 0, 0, 0], [0, 0, 31, 0, 172, 0, 0, 0, 0, 0, 0, 0, 0, 0], [0, 0, 1, 0, 3, 0, 0, 0, 0, 0, 0, 0, 0, 0], [0, 0, 0, 0, 2, 0, 0, 0, 0, 0, 0, 0, 0, 0], [0, 0, 4, 0, 6, 0, 0, 0, 0, 0, 0, 0, 0, 0], [0, 0, 3, 0, 2, 0, 0, 0, 0, 0, 0, 0, 0, 0], [0, 0, 0, 0, 5, 0, 0, 0, 0, 0, 0, 0, 0, 0], [0, 0, 0, 0, 7, 0, 0, 0, 0, 0, 0, 0, 0, 0], [0, 0, 0, 0, 4, 0, 0, 0, 0, 0, 0, 0, 0, 0], [0, 0, 1, 0, 3, 0, 0, 0, 0, 0, 0, 0, 0, 0], [0, 0, 1, 0, 1, 0, 0, 0, 0, 0, 0, 0, 0, 0]]"
source_expansion_Faces_to_PetImages_to_GarbageDataset,gaussian_nb,hddm_w,0.75,1,201042,0.33748306451882076,0.30278893660124295,0.3055586675366925,0.798,0.33748306451882076,0.30278893660124295,0.3055586675366925,0.64,0.83,0.798,0.33748306451882076,0.30278893660124295,0.3055586675366925,0.64,0.83,0.0,"[[205, 57, 0, 0, 0, 0, 0, 0, 0, 0, 0, 0, 0, 0], [59, 45, 0, 0, 0, 0, 0, 0, 0, 0, 0, 0, 0, 0], [10, 4, 316, 13, 0, 0, 0, 0, 0, 0, 0, 0, 0, 0], [1, 3, 2, 39, 0, 0, 0, 0, 0, 0, 0, 0, 0, 0], [3, 9, 0, 1, 190, 0, 0, 0, 0, 0, 0, 0, 0, 0], [2, 2, 0, 0, 0, 0, 0, 0, 0, 0, 0, 0, 0, 0], [0, 0, 0, 0, 2, 0, 0, 0, 0, 0, 0, 0, 0, 0], [6, 1, 0, 0, 0, 0, 0, 3, 0, 0, 0, 0, 0, 0], [2, 2, 0, 0, 1, 0, 0, 0, 0, 0, 0, 0, 0, 0], [1, 3, 0, 0, 1, 0, 0, 0, 0, 0, 0, 0, 0, 0], [2, 4, 0, 0, 1, 0, 0, 0, 0, 0, 0, 0, 0, 0], [2, 0, 0, 0, 2, 0, 0, 0, 0, 0, 0, 0, 0, 0], [1, 3, 0, 0, 0, 0, 0, 0, 0, 0, 0, 0, 0, 0], [1, 1, 0, 0, 0, 0, 0, 0, 0, 0, 0, 0, 0, 0]]","[[205, 57, 0, 0, 0, 0, 0, 0, 0, 0, 0, 0, 0, 0], [59, 45, 0, 0, 0, 0, 0, 0, 0, 0, 0, 0, 0, 0], [10, 4, 316, 13, 0, 0, 0, 0, 0, 0, 0, 0, 0, 0], [1, 3, 2, 39, 0, 0, 0, 0, 0, 0, 0, 0, 0, 0], [3, 9, 0, 1, 190, 0, 0, 0, 0, 0, 0, 0, 0, 0], [2, 2, 0, 0, 0, 0, 0, 0, 0, 0, 0, 0, 0, 0], [0, 0, 0, 0, 2, 0, 0, 0, 0, 0, 0, 0, 0, 0], [6, 1, 0, 0, 0, 0, 0, 3, 0, 0, 0, 0, 0, 0], [2, 2, 0, 0, 1, 0, 0, 0, 0, 0, 0, 0, 0, 0], [1, 3, 0, 0, 1, 0, 0, 0, 0, 0, 0, 0, 0, 0], [2, 4, 0, 0, 1, 0, 0, 0, 0, 0, 0, 0, 0, 0], [2, 0, 0, 0, 2, 0, 0, 0, 0, 0, 0, 0, 0, 0], [1, 3, 0, 0, 0, 0, 0, 0, 0, 0, 0, 0, 0, 0], [1, 1, 0, 0, 0, 0, 0, 0, 0, 0, 0, 0, 0, 0]]"
source_expansion_Faces_to_PetImages_to_GarbageDataset,logistic_regression,kswin,0.75,2,202042,0.5156530717210408,0.4853821482793722,0.49776201089181843,0.799,0.5156530717210408,0.4853821482793722,0.49776201089181843,0.5,0.85,0.799,0.5156530717210408,0.4853821482793722,0.49776201089181843,0.5,0.85,0.0,"[[129, 76, 3, 3, 0, 0, 0, 0, 0, 1, 0, 0, 0, 0], [62, 53, 1, 2, 0, 0, 0, 0, 0, 0, 0, 0, 0, 1], [0, 1, 292, 2, 0, 0, 0, 0, 0, 0, 0, 0, 0, 0], [0, 0, 6, 22, 0, 1, 0, 0, 0, 0, 1, 0, 0, 0], [0, 1, 0, 0, 276, 1, 1, 0, 1, 0, 1, 0, 0, 0], [0, 0, 0, 0, 0, 4, 1, 0, 0, 1, 0, 1, 1, 0], [0, 0, 0, 0, 5, 0, 1, 0, 1, 0, 1, 0, 0, 0], [0, 0, 1, 0, 1, 0, 0, 7, 0, 1, 0, 0, 0, 0], [0, 0, 0, 0, 1, 0, 0, 0, 0, 1, 0, 1, 0, 0], [0, 1, 0, 0, 1, 1, 0, 0, 1, 2, 0, 0, 0, 0], [0, 0, 0, 0, 2, 0, 1, 1, 0, 0, 0, 1, 0, 0], [0, 0, 0, 1, 3, 0, 0, 0, 0, 0, 0, 6, 0, 0], [0, 0, 0, 0, 0, 1, 0, 0, 0, 0, 1, 0, 7, 0], [0, 0, 0, 0, 3, 0, 0, 0, 1, 0, 0, 0, 0, 0]]","[[129, 76, 3, 3, 0, 0, 0, 0, 0, 1, 0, 0, 0, 0], [62, 53, 1, 2, 0, 0, 0, 0, 0, 0, 0, 0, 0, 1], [0, 1, 292, 2, 0, 0, 0, 0, 0, 0, 0, 0, 0, 0], [0, 0, 6, 22, 0, 1, 0, 0, 0, 0, 1, 0, 0, 0], [0, 1, 0, 0, 276, 1, 1, 0, 1, 0, 1, 0, 0, 0], [0, 0, 0, 0, 0, 4, 1, 0, 0, 1, 0, 1, 1, 0], [0, 0, 0, 0, 5, 0, 1, 0, 1, 0, 1, 0, 0, 0], [0, 0, 1, 0, 1, 0, 0, 7, 0, 1, 0, 0, 0, 0], [0, 0, 0, 0, 1, 0, 0, 0, 0, 1, 0, 1, 0, 0], [0, 1, 0, 0, 1, 1, 0, 0, 1, 2, 0, 0, 0, 0], [0, 0, 0, 0, 2, 0, 1, 1, 0, 0, 0, 1, 0, 0], [0, 0, 0, 1, 3, 0, 0, 0, 0, 0, 0, 6, 0, 0], [0, 0, 0, 0, 0, 1, 0, 0, 0, 0, 1, 0, 7, 0], [0, 0, 0, 0, 3, 0, 0, 0, 1, 0, 0, 0, 0, 0]]"
source_expansion_Faces_to_PetImages_to_GarbageDataset,hoeffding_tree,kswin,0.75,2,202042,0.25440582880050194,0.21029466284304177,0.18378226742784823,0.503,0.25440582880050194,0.21029466284304177,0.18378226742784823,0.6599999999999999,0.71,0.672,0.1582695522682551,0.18256836006204616,0.16168054626080147,0.6599999999999999,0.75,4.0,"[[188, 9, 0, 0, 0, 6, 0, 1, 5, 0, 0, 3, 0, 0], [99, 11, 0, 0, 1, 3, 0, 2, 0, 1, 1, 1, 0, 0], [36, 5, 214, 0, 8, 11, 0, 2, 1, 0, 4, 14, 0, 0], [3, 10, 6, 6, 0, 1, 0, 0, 2, 0, 1, 1, 0, 0], [3, 12, 0, 0, 79, 56, 0, 41, 64, 17, 2, 7, 0, 0], [0, 2, 0, 1, 0, 1, 0, 0, 3, 0, 1, 0, 0, 0], [0, 0, 0, 0, 2, 3, 0, 2, 1, 0, 0, 0, 0, 0], [1, 0, 0, 0, 0, 1, 0, 1, 4, 3, 0, 0, 0, 0], [0, 1, 0, 0, 0, 0, 0, 0, 1, 1, 0, 0, 0, 0], [0, 3, 0, 0, 0, 0, 0, 1, 2, 0, 0, 0, 0, 0], [0, 1, 0, 0, 0, 1, 0, 1, 2, 0, 0, 0, 0, 0], [1, 4, 0, 0, 0, 1, 0, 2, 0, 0, 0, 2, 0, 0], [1, 1, 0, 0, 0, 3, 0, 1, 2, 1, 0, 0, 0, 0], [1, 0, 0, 0, 1, 1, 0, 0, 1, 0, 0, 0, 0, 0]]","[[174, 4, 22, 0, 12, 0, 0, 0, 0, 0, 0, 0, 0, 0], [80, 1, 30, 0, 8, 0, 0, 0, 0, 0, 0, 0, 0, 0], [38, 0, 248, 1, 8, 0, 0, 0, 0, 0, 0, 0, 0, 0], [4, 0, 22, 0, 4, 0, 0, 0, 0, 0, 0, 0, 0, 0], [2, 0, 29, 0, 249, 0, 0, 0, 0, 1, 0, 0, 0, 0], [0, 0, 1, 0, 7, 0, 0, 0, 0, 0, 0, 0, 0, 0], [0, 0, 0, 0, 8, 0, 0, 0, 0, 0, 0, 0, 0, 0], [0, 0, 0, 0, 10, 0, 0, 0, 0, 0, 0, 0, 0, 0], [0, 0, 0, 0, 3, 0, 0, 0, 0, 0, 0, 0, 0, 0], [1, 0, 0, 0, 5, 0, 0, 0, 0, 0, 0, 0, 0, 0], [1, 0, 1, 0, 3, 0, 0, 0, 0, 0, 0, 0, 0, 0], [0, 0, 2, 0, 8, 0, 0, 0, 0, 0, 0, 0, 0, 0], [1, 0, 1, 0, 7, 0, 0, 0, 0, 0, 0, 0, 0, 0], [0, 0, 0, 0, 4, 0, 0, 0, 0, 0, 0, 0, 0, 0]]"
source_expansion_Faces_to_PetImages_to_GarbageDataset,gaussian_nb,kswin,0.75,2,202042,0.5768426761630996,0.3513331767186198,0.3906348232703099,0.77,0.5768426761630996,0.3513331767186198,0.3906348232703099,0.69,0.76,0.78,0.5239919045570554,0.3706496238961416,0.3951792931384937,0.69,0.81,1.0,"[[173, 39, 0, 0, 0, 0, 0, 0, 0, 0, 0, 0, 0, 0], [84, 35, 0, 0, 0, 0, 0, 0, 0, 0, 0, 0, 0, 0], [2, 7, 274, 12, 0, 0, 0, 0, 0, 0, 0, 0, 0, 0], [0, 6, 2, 22, 0, 0, 0, 0, 0, 0, 0, 0, 0, 0], [5, 17, 0, 1, 255, 0, 3, 0, 0, 0, 0, 0, 0, 0], [1, 4, 0, 1, 0, 2, 0, 0, 0, 0, 0, 0, 0, 0], [0, 3, 0, 0, 4, 0, 0, 0, 0, 0, 1, 0, 0, 0], [1, 6, 0, 0, 0, 0, 0, 3, 0, 0, 0, 0, 0, 0], [0, 2, 0, 0, 0, 0, 0, 0, 0, 0, 0, 1, 0, 0], [0, 4, 0, 0, 0, 0, 0, 0, 0, 1, 0, 1, 0, 0], [1, 4, 0, 0, 0, 0, 0, 0, 0, 0, 0, 0, 0, 0], [0, 4, 0, 0, 1, 0, 2, 0, 0, 0, 0, 3, 0, 0], [1, 6, 0, 0, 0, 0, 0, 0, 0, 0, 0, 0, 2, 0], [1, 2, 0, 0, 1, 0, 0, 0, 0, 0, 0, 0, 0, 0]]","[[166, 39, 7, 0, 0, 0, 0, 0, 0, 0, 0, 0, 0, 0], [79, 37, 3, 0, 0, 0, 0, 0, 0, 0, 0, 0, 0, 0], [0, 4, 277, 14, 0, 0, 0, 0, 0, 0, 0, 0, 0, 0], [1, 0, 6, 23, 0, 0, 0, 0, 0, 0, 0, 0, 0, 0], [0, 0, 6, 7, 264, 1, 3, 0, 0, 0, 0, 0, 0, 0], [0, 0, 2, 4, 0, 2, 0, 0, 0, 0, 0, 0, 0, 0], [0, 0, 2, 1, 4, 0, 0, 0, 0, 0, 1, 0, 0, 0], [0, 0, 6, 0, 0, 0, 0, 4, 0, 0, 0, 0, 0, 0], [0, 0, 1, 1, 0, 0, 0, 0, 0, 0, 0, 1, 0, 0], [0, 0, 1, 2, 0, 0, 0, 0, 0, 1, 0, 2, 0, 0], [0, 0, 2, 0, 2, 0, 0, 1, 0, 0, 0, 0, 0, 0], [0, 0, 3, 1, 1, 0, 2, 0, 0, 0, 0, 3, 0, 0], [0, 0, 2, 4, 0, 0, 0, 0, 0, 0, 0, 0, 3, 0], [0, 0, 1, 1, 2, 0, 0, 0, 0, 0, 0, 0, 0, 0]]"
source_expansion_Faces_to_PetImages_to_GarbageDataset,logistic_regression,adwin,0.75,2,202042,0.5156530717210408,0.4853821482793722,0.49776201089181843,0.799,0.5156530717210408,0.4853821482793722,0.49776201089181843,0.5,0.85,0.77,0.49119107374685717,0.47544387086765943,0.47674882260096185,0.5,0.85,1.0,"[[129, 76, 3, 3, 0, 0, 0, 0, 0, 1, 0, 0, 0, 0], [62, 53, 1, 2, 0, 0, 0, 0, 0, 0, 0, 0, 0, 1], [0, 1, 292, 2, 0, 0, 0, 0, 0, 0, 0, 0, 0, 0], [0, 0, 6, 22, 0, 1, 0, 0, 0, 0, 1, 0, 0, 0], [0, 1, 0, 0, 276, 1, 1, 0, 1, 0, 1, 0, 0, 0], [0, 0, 0, 0, 0, 4, 1, 0, 0, 1, 0, 1, 1, 0], [0, 0, 0, 0, 5, 0, 1, 0, 1, 0, 1, 0, 0, 0], [0, 0, 1, 0, 1, 0, 0, 7, 0, 1, 0, 0, 0, 0], [0, 0, 0, 0, 1, 0, 0, 0, 0, 1, 0, 1, 0, 0], [0, 1, 0, 0, 1, 1, 0, 0, 1, 2, 0, 0, 0, 0], [0, 0, 0, 0, 2, 0, 1, 1, 0, 0, 0, 1, 0, 0], [0, 0, 0, 1, 3, 0, 0, 0, 0, 0, 0, 6, 0, 0], [0, 0, 0, 0, 0, 1, 0, 0, 0, 0, 1, 0, 7, 0], [0, 0, 0, 0, 3, 0, 0, 0, 1, 0, 0, 0, 0, 0]]","[[122, 84, 3, 3, 0, 0, 0, 0, 0, 0, 0, 0, 0, 0], [64, 54, 1, 0, 0, 0, 0, 0, 0, 0, 0, 0, 0, 0], [0, 5, 267, 21, 1, 0, 0, 0, 0, 0, 0, 1, 0, 0], [0, 1, 4, 24, 0, 1, 0, 0, 0, 0, 0, 0, 0, 0], [0, 0, 0, 1, 277, 0, 1, 0, 1, 0, 1, 0, 0, 0], [0, 0, 0, 0, 0, 4, 1, 0, 0, 1, 0, 1, 1, 0], [0, 0, 0, 0, 5, 0, 1, 0, 1, 0, 1, 0, 0, 0], [1, 0, 0, 0, 1, 0, 0, 7, 0, 1, 0, 0, 0, 0], [0, 0, 0, 0, 0, 0, 0, 0, 0, 1, 0, 2, 0, 0], [0, 0, 0, 0, 2, 1, 0, 0, 1, 2, 0, 0, 0, 0], [0, 0, 0, 0, 2, 0, 1, 1, 0, 0, 0, 1, 0, 0], [0, 0, 0, 1, 3, 0, 0, 0, 0, 0, 0, 5, 0, 1], [0, 0, 0, 1, 0, 1, 0, 0, 0, 0, 0, 0, 7, 0], [0, 0, 0, 1, 2, 0, 0, 0, 1, 0, 0, 0, 0, 0]]"
source_expansion_Faces_to_PetImages_to_GarbageDataset,hoeffding_tree,adwin,0.75,2,202042,0.25440582880050194,0.21029466284304177,0.18378226742784823,0.503,0.25440582880050194,0.21029466284304177,0.18378226742784823,0.6599999999999999,0.71,0.685,0.24672368226584077,0.19070330319596188,0.17506629309371466,0.6599999999999999,0.76,3.0,"[[188, 9, 0, 0, 0, 6, 0, 1, 5, 0, 0, 3, 0, 0], [99, 11, 0, 0, 1, 3, 0, 2, 0, 1, 1, 1, 0, 0], [36, 5, 214, 0, 8, 11, 0, 2, 1, 0, 4, 14, 0, 0], [3, 10, 6, 6, 0, 1, 0, 0, 2, 0, 1, 1, 0, 0], [3, 12, 0, 0, 79, 56, 0, 41, 64, 17, 2, 7, 0, 0], [0, 2, 0, 1, 0, 1, 0, 0, 3, 0, 1, 0, 0, 0], [0, 0, 0, 0, 2, 3, 0, 2, 1, 0, 0, 0, 0, 0], [1, 0, 0, 0, 0, 1, 0, 1, 4, 3, 0, 0, 0, 0], [0, 1, 0, 0, 0, 0, 0, 0, 1, 1, 0, 0, 0, 0], [0, 3, 0, 0, 0, 0, 0, 1, 2, 0, 0, 0, 0, 0], [0, 1, 0, 0, 0, 1, 0, 1, 2, 0, 0, 0, 0, 0], [1, 4, 0, 0, 0, 1, 0, 2, 0, 0, 0, 2, 0, 0], [1, 1, 0, 0, 0, 3, 0, 1, 2, 1, 0, 0, 0, 0], [1, 0, 0, 0, 1, 1, 0, 0, 1, 0, 0, 0, 0, 0]]","[[181, 4, 16, 0, 11, 0, 0, 0, 0, 0, 0, 0, 0, 0], [90, 7, 13, 0, 9, 0, 0, 0, 0, 0, 0, 0, 0, 0], [39, 2, 244, 0, 10, 0, 0, 0, 0, 0, 0, 0, 0, 0], [3, 5, 17, 1, 4, 0, 0, 0, 0, 0, 0, 0, 0, 0], [2, 0, 27, 0, 252, 0, 0, 0, 0, 0, 0, 0, 0, 0], [0, 0, 1, 0, 7, 0, 0, 0, 0, 0, 0, 0, 0, 0], [0, 0, 0, 0, 8, 0, 0, 0, 0, 0, 0, 0, 0, 0], [1, 0, 0, 0, 9, 0, 0, 0, 0, 0, 0, 0, 0, 0], [0, 0, 0, 0, 3, 0, 0, 0, 0, 0, 0, 0, 0, 0], [0, 0, 0, 0, 6, 0, 0, 0, 0, 0, 0, 0, 0, 0], [0, 0, 1, 0, 4, 0, 0, 0, 0, 0, 0, 0, 0, 0], [0, 0, 2, 0, 8, 0, 0, 0, 0, 0, 0, 0, 0, 0], [0, 0, 1, 0, 8, 0, 0, 0, 0, 0, 0, 0, 0, 0], [0, 0, 0, 0, 4, 0, 0, 0, 0, 0, 0, 0, 0, 0]]"
source_expansion_Faces_to_PetImages_to_GarbageDataset,gaussian_nb,adwin,0.75,2,202042,0.5768426761630996,0.3513331767186198,0.3906348232703099,0.77,0.5768426761630996,0.3513331767186198,0.3906348232703099,0.69,0.76,0.764,0.5685269816101249,0.3248939507807732,0.37175884740214815,0.69,0.72,1.0,"[[173, 39, 0, 0, 0, 0, 0, 0, 0, 0, 0, 0, 0, 0], [84, 35, 0, 0, 0, 0, 0, 0, 0, 0, 0, 0, 0, 0], [2, 7, 274, 12, 0, 0, 0, 0, 0, 0, 0, 0, 0, 0], [0, 6, 2, 22, 0, 0, 0, 0, 0, 0, 0, 0, 0, 0], [5, 17, 0, 1, 255, 0, 3, 0, 0, 0, 0, 0, 0, 0], [1, 4, 0, 1, 0, 2, 0, 0, 0, 0, 0, 0, 0, 0], [0, 3, 0, 0, 4, 0, 0, 0, 0, 0, 1, 0, 0, 0], [1, 6, 0, 0, 0, 0, 0, 3, 0, 0, 0, 0, 0, 0], [0, 2, 0, 0, 0, 0, 0, 0, 0, 0, 0, 1, 0, 0], [0, 4, 0, 0, 0, 0, 0, 0, 0, 1, 0, 1, 0, 0], [1, 4, 0, 0, 0, 0, 0, 0, 0, 0, 0, 0, 0, 0], [0, 4, 0, 0, 1, 0, 2, 0, 0, 0, 0, 3, 0, 0], [1, 6, 0, 0, 0, 0, 0, 0, 0, 0, 0, 0, 2, 0], [1, 2, 0, 0, 1, 0, 0, 0, 0, 0, 0, 0, 0, 0]]","[[167, 41, 4, 0, 0, 0, 0, 0, 0, 0, 0, 0, 0, 0], [80, 34, 5, 0, 0, 0, 0, 0, 0, 0, 0, 0, 0, 0], [1, 4, 288, 2, 0, 0, 0, 0, 0, 0, 0, 0, 0, 0], [0, 6, 10, 14, 0, 0, 0, 0, 0, 0, 0, 0, 0, 0], [0, 0, 25, 2, 251, 0, 3, 0, 0, 0, 0, 0, 0, 0], [0, 0, 6, 0, 0, 2, 0, 0, 0, 0, 0, 0, 0, 0], [0, 0, 4, 0, 3, 0, 0, 0, 0, 0, 1, 0, 0, 0], [0, 0, 7, 0, 0, 0, 0, 3, 0, 0, 0, 0, 0, 0], [0, 0, 2, 0, 0, 0, 0, 0, 0, 0, 0, 1, 0, 0], [0, 0, 3, 0, 0, 0, 0, 0, 0, 1, 0, 2, 0, 0], [0, 0, 3, 0, 2, 0, 0, 0, 0, 0, 0, 0, 0, 0], [0, 0, 5, 0, 1, 0, 2, 0, 0, 0, 0, 2, 0, 0], [0, 0, 6, 1, 0, 0, 0, 0, 0, 0, 0, 0, 2, 0], [0, 0, 3, 0, 1, 0, 0, 0, 0, 0, 0, 0, 0, 0]]"
source_expansion_Faces_to_PetImages_to_GarbageDataset,logistic_regression,page_hinkley,0.75,2,202042,0.5156530717210408,0.4853821482793722,0.49776201089181843,0.799,0.5156530717210408,0.4853821482793722,0.49776201089181843,0.5,0.85,0.78,0.5039399643451585,0.4839022462229183,0.4901856823386363,0.5,0.85,1.0,"[[129, 76, 3, 3, 0, 0, 0, 0, 0, 1, 0, 0, 0, 0], [62, 53, 1, 2, 0, 0, 0, 0, 0, 0, 0, 0, 0, 1], [0, 1, 292, 2, 0, 0, 0, 0, 0, 0, 0, 0, 0, 0], [0, 0, 6, 22, 0, 1, 0, 0, 0, 0, 1, 0, 0, 0], [0, 1, 0, 0, 276, 1, 1, 0, 1, 0, 1, 0, 0, 0], [0, 0, 0, 0, 0, 4, 1, 0, 0, 1, 0, 1, 1, 0], [0, 0, 0, 0, 5, 0, 1, 0, 1, 0, 1, 0, 0, 0], [0, 0, 1, 0, 1, 0, 0, 7, 0, 1, 0, 0, 0, 0], [0, 0, 0, 0, 1, 0, 0, 0, 0, 1, 0, 1, 0, 0], [0, 1, 0, 0, 1, 1, 0, 0, 1, 2, 0, 0, 0, 0], [0, 0, 0, 0, 2, 0, 1, 1, 0, 0, 0, 1, 0, 0], [0, 0, 0, 1, 3, 0, 0, 0, 0, 0, 0, 6, 0, 0], [0, 0, 0, 0, 0, 1, 0, 0, 0, 0, 1, 0, 7, 0], [0, 0, 0, 0, 3, 0, 0, 0, 1, 0, 0, 0, 0, 0]]","[[128, 77, 4, 2, 0, 0, 0, 0, 1, 0, 0, 0, 0, 0], [68, 50, 1, 0, 0, 0, 0, 0, 0, 0, 0, 0, 0, 0], [1, 5, 274, 13, 1, 0, 0, 0, 0, 0, 0, 1, 0, 0], [0, 0, 6, 24, 0, 0, 0, 0, 0, 0, 0, 0, 0, 0], [0, 0, 0, 1, 277, 0, 1, 0, 1, 0, 1, 0, 0, 0], [0, 0, 0, 0, 0, 4, 1, 0, 0, 1, 0, 1, 1, 0], [0, 0, 0, 0, 5, 0, 1, 0, 1, 0, 1, 0, 0, 0], [0, 0, 0, 0, 1, 0, 0, 8, 0, 1, 0, 0, 0, 0], [0, 0, 0, 0, 1, 0, 0, 0, 0, 1, 0, 1, 0, 0], [0, 0, 0, 0, 2, 1, 0, 0, 1, 2, 0, 0, 0, 0], [0, 0, 0, 0, 2, 0, 1, 1, 0, 0, 0, 1, 0, 0], [0, 0, 0, 1, 3, 0, 0, 0, 0, 0, 0, 5, 0, 1], [0, 0, 0, 0, 0, 2, 0, 0, 0, 0, 0, 0, 7, 0], [0, 0, 0, 0, 3, 0, 0, 0, 1, 0, 0, 0, 0, 0]]"
source_expansion_Faces_to_PetImages_to_GarbageDataset,hoeffding_tree,page_hinkley,0.75,2,202042,0.25440582880050194,0.21029466284304177,0.18378226742784823,0.503,0.25440582880050194,0.21029466284304177,0.18378226742784823,0.6599999999999999,0.71,0.666,0.14261947174071757,0.17971470500872325,0.15899999894449285,0.6599999999999999,0.75,5.0,"[[188, 9, 0, 0, 0, 6, 0, 1, 5, 0, 0, 3, 0, 0], [99, 11, 0, 0, 1, 3, 0, 2, 0, 1, 1, 1, 0, 0], [36, 5, 214, 0, 8, 11, 0, 2, 1, 0, 4, 14, 0, 0], [3, 10, 6, 6, 0, 1, 0, 0, 2, 0, 1, 1, 0, 0], [3, 12, 0, 0, 79, 56, 0, 41, 64, 17, 2, 7, 0, 0], [0, 2, 0, 1, 0, 1, 0, 0, 3, 0, 1, 0, 0, 0], [0, 0, 0, 0, 2, 3, 0, 2, 1, 0, 0, 0, 0, 0], [1, 0, 0, 0, 0, 1, 0, 1, 4, 3, 0, 0, 0, 0], [0, 1, 0, 0, 0, 0, 0, 0, 1, 1, 0, 0, 0, 0], [0, 3, 0, 0, 0, 0, 0, 1, 2, 0, 0, 0, 0, 0], [0, 1, 0, 0, 0, 1, 0, 1, 2, 0, 0, 0, 0, 0], [1, 4, 0, 0, 0, 1, 0, 2, 0, 0, 0, 2, 0, 0], [1, 1, 0, 0, 0, 3, 0, 1, 2, 1, 0, 0, 0, 0], [1, 0, 0, 0, 1, 1, 0, 0, 1, 0, 0, 0, 0, 0]]","[[163, 1, 36, 0, 12, 0, 0, 0, 0, 0, 0, 0, 0, 0], [81, 0, 29, 0, 8, 0, 0, 0, 0, 0, 0, 0, 1, 0], [27, 4, 254, 0, 10, 0, 0, 0, 0, 0, 0, 0, 0, 0], [2, 0, 24, 0, 4, 0, 0, 0, 0, 0, 0, 0, 0, 0], [2, 1, 29, 0, 249, 0, 0, 0, 0, 0, 0, 0, 0, 0], [0, 0, 1, 0, 7, 0, 0, 0, 0, 0, 0, 0, 0, 0], [0, 0, 0, 0, 8, 0, 0, 0, 0, 0, 0, 0, 0, 0], [0, 0, 0, 0, 10, 0, 0, 0, 0, 0, 0, 0, 0, 0], [0, 0, 0, 0, 3, 0, 0, 0, 0, 0, 0, 0, 0, 0], [0, 0, 0, 0, 6, 0, 0, 0, 0, 0, 0, 0, 0, 0], [0, 0, 1, 0, 4, 0, 0, 0, 0, 0, 0, 0, 0, 0], [0, 0, 2, 0, 8, 0, 0, 0, 0, 0, 0, 0, 0, 0], [0, 0, 1, 0, 8, 0, 0, 0, 0, 0, 0, 0, 0, 0], [0, 0, 0, 0, 4, 0, 0, 0, 0, 0, 0, 0, 0, 0]]"
source_expansion_Faces_to_PetImages_to_GarbageDataset,gaussian_nb,page_hinkley,0.75,2,202042,0.5768426761630996,0.3513331767186198,0.3906348232703099,0.77,0.5768426761630996,0.3513331767186198,0.3906348232703099,0.69,0.76,0.781,0.4984561665435528,0.3185980529228248,0.3440163358153815,0.69,0.74,2.0,"[[173, 39, 0, 0, 0, 0, 0, 0, 0, 0, 0, 0, 0, 0], [84, 35, 0, 0, 0, 0, 0, 0, 0, 0, 0, 0, 0, 0], [2, 7, 274, 12, 0, 0, 0, 0, 0, 0, 0, 0, 0, 0], [0, 6, 2, 22, 0, 0, 0, 0, 0, 0, 0, 0, 0, 0], [5, 17, 0, 1, 255, 0, 3, 0, 0, 0, 0, 0, 0, 0], [1, 4, 0, 1, 0, 2, 0, 0, 0, 0, 0, 0, 0, 0], [0, 3, 0, 0, 4, 0, 0, 0, 0, 0, 1, 0, 0, 0], [1, 6, 0, 0, 0, 0, 0, 3, 0, 0, 0, 0, 0, 0], [0, 2, 0, 0, 0, 0, 0, 0, 0, 0, 0, 1, 0, 0], [0, 4, 0, 0, 0, 0, 0, 0, 0, 1, 0, 1, 0, 0], [1, 4, 0, 0, 0, 0, 0, 0, 0, 0, 0, 0, 0, 0], [0, 4, 0, 0, 1, 0, 2, 0, 0, 0, 0, 3, 0, 0], [1, 6, 0, 0, 0, 0, 0, 0, 0, 0, 0, 0, 2, 0], [1, 2, 0, 0, 1, 0, 0, 0, 0, 0, 0, 0, 0, 0]]","[[162, 49, 1, 0, 0, 0, 0, 0, 0, 0, 0, 0, 0, 0], [66, 47, 5, 0, 1, 0, 0, 0, 0, 0, 0, 0, 0, 0], [1, 4, 285, 4, 1, 0, 0, 0, 0, 0, 0, 0, 0, 0], [0, 3, 8, 18, 1, 0, 0, 0, 0, 0, 0, 0, 0, 0], [0, 0, 9, 5, 262, 1, 2, 0, 0, 0, 0, 2, 0, 0], [0, 0, 3, 2, 2, 1, 0, 0, 0, 0, 0, 0, 0, 0], [0, 0, 3, 0, 4, 0, 0, 0, 0, 0, 0, 1, 0, 0], [0, 0, 6, 0, 0, 0, 0, 4, 0, 0, 0, 0, 0, 0], [0, 0, 1, 1, 1, 0, 0, 0, 0, 0, 0, 0, 0, 0], [0, 0, 3, 0, 2, 0, 0, 0, 0, 1, 0, 0, 0, 0], [0, 0, 3, 0, 2, 0, 0, 0, 0, 0, 0, 0, 0, 0], [1, 0, 4, 1, 3, 0, 1, 0, 0, 0, 0, 0, 0, 0], [0, 0, 5, 2, 1, 0, 0, 0, 0, 0, 0, 0, 1, 0], [0, 0, 2, 0, 2, 0, 0, 0, 0, 0, 0, 0, 0, 0]]"
source_expansion_Faces_to_PetImages_to_GarbageDataset,logistic_regression,hddm_w,0.75,2,202042,0.5156530717210408,0.4853821482793722,0.49776201089181843,0.799,0.5156530717210408,0.4853821482793722,0.49776201089181843,0.5,0.85,0.799,0.5156530717210408,0.4853821482793722,0.49776201089181843,0.5,0.85,0.0,"[[129, 76, 3, 3, 0, 0, 0, 0, 0, 1, 0, 0, 0, 0], [62, 53, 1, 2, 0, 0, 0, 0, 0, 0, 0, 0, 0, 1], [0, 1, 292, 2, 0, 0, 0, 0, 0, 0, 0, 0, 0, 0], [0, 0, 6, 22, 0, 1, 0, 0, 0, 0, 1, 0, 0, 0], [0, 1, 0, 0, 276, 1, 1, 0, 1, 0, 1, 0, 0, 0], [0, 0, 0, 0, 0, 4, 1, 0, 0, 1, 0, 1, 1, 0], [0, 0, 0, 0, 5, 0, 1, 0, 1, 0, 1, 0, 0, 0], [0, 0, 1, 0, 1, 0, 0, 7, 0, 1, 0, 0, 0, 0], [0, 0, 0, 0, 1, 0, 0, 0, 0, 1, 0, 1, 0, 0], [0, 1, 0, 0, 1, 1, 0, 0, 1, 2, 0, 0, 0, 0], [0, 0, 0, 0, 2, 0, 1, 1, 0, 0, 0, 1, 0, 0], [0, 0, 0, 1, 3, 0, 0, 0, 0, 0, 0, 6, 0, 0], [0, 0, 0, 0, 0, 1, 0, 0, 0, 0, 1, 0, 7, 0], [0, 0, 0, 0, 3, 0, 0, 0, 1, 0, 0, 0, 0, 0]]","[[129, 76, 3, 3, 0, 0, 0, 0, 0, 1, 0, 0, 0, 0], [62, 53, 1, 2, 0, 0, 0, 0, 0, 0, 0, 0, 0, 1], [0, 1, 292, 2, 0, 0, 0, 0, 0, 0, 0, 0, 0, 0], [0, 0, 6, 22, 0, 1, 0, 0, 0, 0, 1, 0, 0, 0], [0, 1, 0, 0, 276, 1, 1, 0, 1, 0, 1, 0, 0, 0], [0, 0, 0, 0, 0, 4, 1, 0, 0, 1, 0, 1, 1, 0], [0, 0, 0, 0, 5, 0, 1, 0, 1, 0, 1, 0, 0, 0], [0, 0, 1, 0, 1, 0, 0, 7, 0, 1, 0, 0, 0, 0], [0, 0, 0, 0, 1, 0, 0, 0, 0, 1, 0, 1, 0, 0], [0, 1, 0, 0, 1, 1, 0, 0, 1, 2, 0, 0, 0, 0], [0, 0, 0, 0, 2, 0, 1, 1, 0, 0, 0, 1, 0, 0], [0, 0, 0, 1, 3, 0, 0, 0, 0, 0, 0, 6, 0, 0], [0, 0, 0, 0, 0, 1, 0, 0, 0, 0, 1, 0, 7, 0], [0, 0, 0, 0, 3, 0, 0, 0, 1, 0, 0, 0, 0, 0]]"
source_expansion_Faces_to_PetImages_to_GarbageDataset,hoeffding_tree,hddm_w,0.75,2,202042,0.25440582880050194,0.21029466284304177,0.18378226742784823,0.503,0.25440582880050194,0.21029466284304177,0.18378226742784823,0.6599999999999999,0.71,0.685,0.2386302246827193,0.2009640089074243,0.19422354734127278,0.6599999999999999,0.76,4.0,"[[188, 9, 0, 0, 0, 6, 0, 1, 5, 0, 0, 3, 0, 0], [99, 11, 0, 0, 1, 3, 0, 2, 0, 1, 1, 1, 0, 0], [36, 5, 214, 0, 8, 11, 0, 2, 1, 0, 4, 14, 0, 0], [3, 10, 6, 6, 0, 1, 0, 0, 2, 0, 1, 1, 0, 0], [3, 12, 0, 0, 79, 56, 0, 41, 64, 17, 2, 7, 0, 0], [0, 2, 0, 1, 0, 1, 0, 0, 3, 0, 1, 0, 0, 0], [0, 0, 0, 0, 2, 3, 0, 2, 1, 0, 0, 0, 0, 0], [1, 0, 0, 0, 0, 1, 0, 1, 4, 3, 0, 0, 0, 0], [0, 1, 0, 0, 0, 0, 0, 0, 1, 1, 0, 0, 0, 0], [0, 3, 0, 0, 0, 0, 0, 1, 2, 0, 0, 0, 0, 0], [0, 1, 0, 0, 0, 1, 0, 1, 2, 0, 0, 0, 0, 0], [1, 4, 0, 0, 0, 1, 0, 2, 0, 0, 0, 2, 0, 0], [1, 1, 0, 0, 0, 3, 0, 1, 2, 1, 0, 0, 0, 0], [1, 0, 0, 0, 1, 1, 0, 0, 1, 0, 0, 0, 0, 0]]","[[169, 12, 19, 0, 12, 0, 0, 0, 0, 0, 0, 0, 0, 0], [93, 9, 8, 0, 9, 0, 0, 0, 0, 0, 0, 0, 0, 0], [25, 0, 250, 1, 19, 0, 0, 0, 0, 0, 0, 0, 0, 0], [6, 0, 14, 6, 4, 0, 0, 0, 0, 0, 0, 0, 0, 0], [1, 0, 29, 0, 251, 0, 0, 0, 0, 0, 0, 0, 0, 0], [0, 0, 1, 0, 7, 0, 0, 0, 0, 0, 0, 0, 0, 0], [0, 0, 0, 0, 8, 0, 0, 0, 0, 0, 0, 0, 0, 0], [0, 0, 0, 0, 10, 0, 0, 0, 0, 0, 0, 0, 0, 0], [0, 0, 0, 0, 3, 0, 0, 0, 0, 0, 0, 0, 0, 0], [0, 0, 0, 0, 6, 0, 0, 0, 0, 0, 0, 0, 0, 0], [0, 0, 1, 0, 4, 0, 0, 0, 0, 0, 0, 0, 0, 0], [0, 0, 2, 0, 8, 0, 0, 0, 0, 0, 0, 0, 0, 0], [0, 0, 1, 0, 8, 0, 0, 0, 0, 0, 0, 0, 0, 0], [0, 0, 0, 0, 4, 0, 0, 0, 0, 0, 0, 0, 0, 0]]"
source_expansion_Faces_to_PetImages_to_GarbageDataset,gaussian_nb,hddm_w,0.75,2,202042,0.5768426761630996,0.3513331767186198,0.3906348232703099,0.77,0.5768426761630996,0.3513331767186198,0.3906348232703099,0.69,0.76,0.782,0.5224485230364287,0.36869339998090284,0.39427317866847267,0.69,0.81,1.0,"[[173, 39, 0, 0, 0, 0, 0, 0, 0, 0, 0, 0, 0, 0], [84, 35, 0, 0, 0, 0, 0, 0, 0, 0, 0, 0, 0, 0], [2, 7, 274, 12, 0, 0, 0, 0, 0, 0, 0, 0, 0, 0], [0, 6, 2, 22, 0, 0, 0, 0, 0, 0, 0, 0, 0, 0], [5, 17, 0, 1, 255, 0, 3, 0, 0, 0, 0, 0, 0, 0], [1, 4, 0, 1, 0, 2, 0, 0, 0, 0, 0, 0, 0, 0], [0, 3, 0, 0, 4, 0, 0, 0, 0, 0, 1, 0, 0, 0], [1, 6, 0, 0, 0, 0, 0, 3, 0, 0, 0, 0, 0, 0], [0, 2, 0, 0, 0, 0, 0, 0, 0, 0, 0, 1, 0, 0], [0, 4, 0, 0, 0, 0, 0, 0, 0, 1, 0, 1, 0, 0], [1, 4, 0, 0, 0, 0, 0, 0, 0, 0, 0, 0, 0, 0], [0, 4, 0, 0, 1, 0, 2, 0, 0, 0, 0, 3, 0, 0], [1, 6, 0, 0, 0, 0, 0, 0, 0, 0, 0, 0, 2, 0], [1, 2, 0, 0, 1, 0, 0, 0, 0, 0, 0, 0, 0, 0]]","[[174, 36, 2, 0, 0, 0, 0, 0, 0, 0, 0, 0, 0, 0], [91, 28, 0, 0, 0, 0, 0, 0, 0, 0, 0, 0, 0, 0], [4, 2, 278, 11, 0, 0, 0, 0, 0, 0, 0, 0, 0, 0], [0, 0, 7, 23, 0, 0, 0, 0, 0, 0, 0, 0, 0, 0], [2, 0, 4, 5, 266, 1, 3, 0, 0, 0, 0, 0, 0, 0], [0, 3, 1, 2, 0, 2, 0, 0, 0, 0, 0, 0, 0, 0], [0, 0, 2, 1, 4, 0, 0, 0, 0, 0, 1, 0, 0, 0], [3, 1, 1, 1, 0, 0, 0, 4, 0, 0, 0, 0, 0, 0], [0, 0, 0, 1, 1, 0, 0, 0, 0, 0, 0, 1, 0, 0], [0, 1, 1, 1, 0, 0, 0, 0, 0, 1, 0, 2, 0, 0], [0, 1, 1, 0, 2, 0, 0, 1, 0, 0, 0, 0, 0, 0], [0, 2, 0, 1, 2, 0, 2, 0, 0, 0, 0, 3, 0, 0], [0, 2, 1, 3, 0, 0, 0, 0, 0, 0, 0, 0, 3, 0], [0, 0, 0, 2, 2, 0, 0, 0, 0, 0, 0, 0, 0, 0]]"
source_expansion_Faces_to_PetImages_to_GarbageDataset,logistic_regression,kswin,0.75,3,203042,0.5177720370558958,0.4608973848418249,0.4798751497360816,0.791,0.5177720370558958,0.4608973848418249,0.4798751497360816,0.62,0.89,0.791,0.5177720370558958,0.4608973848418249,0.4798751497360816,0.62,0.89,0.0,"[[182, 91, 4, 6, 0, 0, 0, 0, 0, 0, 0, 0, 0, 0], [57, 58, 4, 1, 0, 0, 0, 0, 0, 0, 0, 0, 0, 0], [0, 1, 280, 1, 0, 0, 0, 0, 0, 0, 0, 0, 0, 0], [1, 0, 6, 31, 0, 0, 1, 0, 0, 0, 0, 0, 0, 1], [0, 1, 1, 0, 224, 0, 0, 0, 1, 0, 0, 0, 0, 0], [0, 0, 0, 0, 1, 2, 0, 1, 0, 0, 0, 0, 0, 0], [0, 0, 0, 0, 2, 0, 0, 0, 1, 0, 0, 0, 0, 0], [0, 0, 0, 1, 1, 0, 0, 4, 0, 0, 0, 0, 0, 0], [0, 0, 0, 1, 0, 0, 0, 0, 4, 1, 0, 2, 0, 0], [0, 0, 0, 0, 1, 0, 0, 0, 0, 0, 0, 0, 2, 0], [0, 0, 0, 0, 2, 0, 0, 0, 0, 0, 0, 1, 0, 1], [0, 0, 0, 0, 0, 0, 1, 0, 2, 0, 0, 2, 0, 1], [0, 0, 1, 1, 0, 0, 0, 0, 0, 1, 0, 1, 2, 1], [0, 1, 1, 0, 2, 0, 0, 0, 0, 0, 1, 0, 0, 2]]","[[182, 91, 4, 6, 0, 0, 0, 0, 0, 0, 0, 0, 0, 0], [57, 58, 4, 1, 0, 0, 0, 0, 0, 0, 0, 0, 0, 0], [0, 1, 280, 1, 0, 0, 0, 0, 0, 0, 0, 0, 0, 0], [1, 0, 6, 31, 0, 0, 1, 0, 0, 0, 0, 0, 0, 1], [0, 1, 1, 0, 224, 0, 0, 0, 1, 0, 0, 0, 0, 0], [0, 0, 0, 0, 1, 2, 0, 1, 0, 0, 0, 0, 0, 0], [0, 0, 0, 0, 2, 0, 0, 0, 1, 0, 0, 0, 0, 0], [0, 0, 0, 1, 1, 0, 0, 4, 0, 0, 0, 0, 0, 0], [0, 0, 0, 1, 0, 0, 0, 0, 4, 1, 0, 2, 0, 0], [0, 0, 0, 0, 1, 0, 0, 0, 0, 0, 0, 0, 2, 0], [0, 0, 0, 0, 2, 0, 0, 0, 0, 0, 0, 1, 0, 1], [0, 0, 0, 0, 0, 0, 1, 0, 2, 0, 0, 2, 0, 1], [0, 0, 1, 1, 0, 0, 0, 0, 0, 1, 0, 1, 2, 1], [0, 1, 1, 0, 2, 0, 0, 0, 0, 0, 1, 0, 0, 2]]"
source_expansion_Faces_to_PetImages_to_GarbageDataset,hoeffding_tree,kswin,0.75,3,203042,0.24375485835123448,0.2221554710386659,0.17553085311388575,0.514,0.24375485835123448,0.2221554710386659,0.17553085311388575,0.69,0.31999999999999995,0.681,0.22030205729861427,0.19216097541888355,0.1824450054531586,0.69,0.76,6.0,"[[262, 11, 0, 0, 0, 0, 1, 2, 5, 1, 1, 0, 0, 0], [104, 9, 0, 0, 0, 0, 2, 1, 4, 0, 0, 0, 0, 0], [43, 3, 199, 3, 8, 0, 0, 3, 22, 1, 0, 0, 0, 0], [7, 9, 3, 7, 1, 0, 4, 2, 3, 3, 1, 0, 0, 0], [3, 5, 1, 0, 33, 7, 62, 14, 38, 50, 14, 0, 0, 0], [0, 0, 0, 0, 0, 1, 1, 0, 0, 1, 1, 0, 0, 0], [1, 0, 0, 0, 0, 0, 1, 0, 1, 0, 0, 0, 0, 0], [0, 0, 0, 0, 0, 0, 0, 1, 3, 2, 0, 0, 0, 0], [0, 2, 0, 1, 0, 1, 0, 0, 0, 4, 0, 0, 0, 0], [0, 1, 0, 0, 0, 0, 0, 0, 0, 1, 1, 0, 0, 0], [1, 0, 0, 0, 0, 0, 1, 0, 0, 2, 0, 0, 0, 0], [0, 0, 0, 0, 0, 0, 4, 0, 1, 1, 0, 0, 0, 0], [0, 1, 0, 0, 0, 0, 2, 0, 0, 3, 1, 0, 0, 0], [0, 0, 0, 0, 0, 1, 4, 1, 1, 0, 0, 0, 0, 0]]","[[237, 23, 16, 0, 7, 0, 0, 0, 0, 0, 0, 0, 0, 0], [88, 14, 14, 0, 4, 0, 0, 0, 0, 0, 0, 0, 0, 0], [27, 7, 232, 1, 15, 0, 0, 0, 0, 0, 0, 0, 0, 0], [6, 0, 21, 2, 11, 0, 0, 0, 0, 0, 0, 0, 0, 0], [1, 0, 30, 0, 196, 0, 0, 0, 0, 0, 0, 0, 0, 0], [0, 0, 0, 0, 4, 0, 0, 0, 0, 0, 0, 0, 0, 0], [0, 0, 0, 0, 3, 0, 0, 0, 0, 0, 0, 0, 0, 0], [0, 0, 1, 0, 5, 0, 0, 0, 0, 0, 0, 0, 0, 0], [0, 0, 1, 0, 7, 0, 0, 0, 0, 0, 0, 0, 0, 0], [0, 0, 0, 0, 3, 0, 0, 0, 0, 0, 0, 0, 0, 0], [0, 0, 0, 0, 4, 0, 0, 0, 0, 0, 0, 0, 0, 0], [0, 0, 0, 0, 6, 0, 0, 0, 0, 0, 0, 0, 0, 0], [0, 0, 0, 0, 7, 0, 0, 0, 0, 0, 0, 0, 0, 0], [0, 0, 1, 0, 6, 0, 0, 0, 0, 0, 0, 0, 0, 0]]"
source_expansion_Faces_to_PetImages_to_GarbageDataset,gaussian_nb,kswin,0.75,3,203042,0.4166612466506945,0.31121434508914275,0.32412373103660175,0.792,0.4166612466506945,0.31121434508914275,0.32412373103660175,0.7,0.81,0.784,0.39920311961686433,0.3102909658299332,0.3113983032007547,0.7,0.83,1.0,"[[242, 41, 0, 0, 0, 0, 0, 0, 0, 0, 0, 0, 0, 0], [82, 38, 0, 0, 0, 0, 0, 0, 0, 0, 0, 0, 0, 0], [3, 8, 264, 7, 0, 0, 0, 0, 0, 0, 0, 0, 0, 0], [0, 5, 4, 31, 0, 0, 0, 0, 0, 0, 0, 0, 0, 0], [4, 6, 0, 4, 213, 0, 0, 0, 0, 0, 0, 0, 0, 0], [0, 3, 0, 1, 0, 0, 0, 0, 0, 0, 0, 0, 0, 0], [2, 1, 0, 0, 0, 0, 0, 0, 0, 0, 0, 0, 0, 0], [2, 4, 0, 0, 0, 0, 0, 0, 0, 0, 0, 0, 0, 0], [3, 0, 0, 1, 0, 0, 0, 0, 2, 0, 0, 1, 0, 1], [1, 2, 0, 0, 0, 0, 0, 0, 0, 0, 0, 0, 0, 0], [1, 1, 0, 0, 1, 0, 0, 0, 0, 0, 0, 0, 0, 1], [0, 1, 0, 1, 1, 0, 0, 0, 0, 0, 0, 0, 0, 3], [3, 2, 0, 0, 0, 0, 0, 0, 0, 0, 0, 0, 1, 1], [0, 5, 0, 0, 1, 0, 0, 0, 0, 0, 0, 0, 0, 1]]","[[232, 51, 0, 0, 0, 0, 0, 0, 0, 0, 0, 0, 0, 0], [84, 36, 0, 0, 0, 0, 0, 0, 0, 0, 0, 0, 0, 0], [4, 5, 263, 10, 0, 0, 0, 0, 0, 0, 0, 0, 0, 0], [2, 0, 6, 32, 0, 0, 0, 0, 0, 0, 0, 0, 0, 0], [0, 0, 0, 10, 217, 0, 0, 0, 0, 0, 0, 0, 0, 0], [0, 0, 1, 3, 0, 0, 0, 0, 0, 0, 0, 0, 0, 0], [0, 0, 1, 1, 0, 0, 0, 0, 0, 0, 0, 0, 0, 1], [3, 0, 1, 2, 0, 0, 0, 0, 0, 0, 0, 0, 0, 0], [0, 0, 0, 4, 0, 0, 0, 0, 2, 0, 0, 1, 0, 1], [0, 0, 1, 0, 0, 0, 0, 0, 0, 0, 0, 0, 0, 2], [0, 0, 1, 1, 1, 0, 0, 0, 0, 0, 0, 0, 0, 1], [0, 0, 0, 2, 1, 0, 0, 0, 0, 0, 0, 0, 0, 3], [0, 0, 2, 2, 0, 0, 0, 0, 0, 0, 0, 0, 1, 2], [0, 0, 3, 2, 1, 0, 0, 0, 0, 0, 0, 0, 0, 1]]"
source_expansion_Faces_to_PetImages_to_GarbageDataset,logistic_regression,adwin,0.75,3,203042,0.5177720370558958,0.4608973848418249,0.4798751497360816,0.791,0.5177720370558958,0.4608973848418249,0.4798751497360816,0.62,0.89,0.77,0.46047752880842896,0.43994549871183736,0.44153278746994484,0.62,0.9,1.0,"[[182, 91, 4, 6, 0, 0, 0, 0, 0, 0, 0, 0, 0, 0], [57, 58, 4, 1, 0, 0, 0, 0, 0, 0, 0, 0, 0, 0], [0, 1, 280, 1, 0, 0, 0, 0, 0, 0, 0, 0, 0, 0], [1, 0, 6, 31, 0, 0, 1, 0, 0, 0, 0, 0, 0, 1], [0, 1, 1, 0, 224, 0, 0, 0, 1, 0, 0, 0, 0, 0], [0, 0, 0, 0, 1, 2, 0, 1, 0, 0, 0, 0, 0, 0], [0, 0, 0, 0, 2, 0, 0, 0, 1, 0, 0, 0, 0, 0], [0, 0, 0, 1, 1, 0, 0, 4, 0, 0, 0, 0, 0, 0], [0, 0, 0, 1, 0, 0, 0, 0, 4, 1, 0, 2, 0, 0], [0, 0, 0, 0, 1, 0, 0, 0, 0, 0, 0, 0, 2, 0], [0, 0, 0, 0, 2, 0, 0, 0, 0, 0, 0, 1, 0, 1], [0, 0, 0, 0, 0, 0, 1, 0, 2, 0, 0, 2, 0, 1], [0, 0, 1, 1, 0, 0, 0, 0, 0, 1, 0, 1, 2, 1], [0, 1, 1, 0, 2, 0, 0, 0, 0, 0, 1, 0, 0, 2]]","[[177, 96, 4, 5, 0, 1, 0, 0, 0, 0, 0, 0, 0, 0], [54, 62, 4, 0, 0, 0, 0, 0, 0, 0, 0, 0, 0, 0], [5, 6, 259, 10, 1, 0, 0, 0, 1, 0, 0, 0, 0, 0], [1, 1, 3, 34, 1, 0, 0, 0, 0, 0, 0, 0, 0, 0], [0, 0, 0, 1, 224, 0, 0, 0, 1, 0, 0, 0, 0, 1], [0, 0, 0, 2, 0, 1, 0, 1, 0, 0, 0, 0, 0, 0], [0, 0, 0, 0, 2, 0, 0, 0, 1, 0, 0, 0, 0, 0], [1, 1, 0, 0, 1, 0, 0, 2, 0, 0, 0, 1, 0, 0], [0, 0, 0, 0, 1, 0, 0, 0, 4, 1, 0, 2, 0, 0], [0, 0, 0, 0, 0, 0, 0, 1, 0, 0, 0, 0, 2, 0], [0, 0, 0, 0, 1, 0, 0, 0, 0, 0, 1, 1, 0, 1], [0, 0, 1, 1, 0, 0, 0, 0, 0, 0, 0, 3, 0, 1], [0, 0, 0, 0, 0, 0, 0, 0, 1, 1, 0, 1, 2, 2], [0, 0, 0, 0, 3, 1, 0, 1, 0, 0, 1, 0, 0, 1]]"
source_expansion_Faces_to_PetImages_to_GarbageDataset,hoeffding_tree,adwin,0.75,3,203042,0.24375485835123448,0.2221554710386659,0.17553085311388575,0.514,0.24375485835123448,0.2221554710386659,0.17553085311388575,0.69,0.31999999999999995,0.69,0.19378721866560697,0.19033615276485377,0.17587648817542606,0.69,0.76,3.0,"[[262, 11, 0, 0, 0, 0, 1, 2, 5, 1, 1, 0, 0, 0], [104, 9, 0, 0, 0, 0, 2, 1, 4, 0, 0, 0, 0, 0], [43, 3, 199, 3, 8, 0, 0, 3, 22, 1, 0, 0, 0, 0], [7, 9, 3, 7, 1, 0, 4, 2, 3, 3, 1, 0, 0, 0], [3, 5, 1, 0, 33, 7, 62, 14, 38, 50, 14, 0, 0, 0], [0, 0, 0, 0, 0, 1, 1, 0, 0, 1, 1, 0, 0, 0], [1, 0, 0, 0, 0, 0, 1, 0, 1, 0, 0, 0, 0, 0], [0, 0, 0, 0, 0, 0, 0, 1, 3, 2, 0, 0, 0, 0], [0, 2, 0, 1, 0, 1, 0, 0, 0, 4, 0, 0, 0, 0], [0, 1, 0, 0, 0, 0, 0, 0, 0, 1, 1, 0, 0, 0], [1, 0, 0, 0, 0, 0, 1, 0, 0, 2, 0, 0, 0, 0], [0, 0, 0, 0, 0, 0, 4, 0, 1, 1, 0, 0, 0, 0], [0, 1, 0, 0, 0, 0, 2, 0, 0, 3, 1, 0, 0, 0], [0, 0, 0, 0, 0, 1, 4, 1, 1, 0, 0, 0, 0, 0]]","[[260, 10, 5, 0, 8, 0, 0, 0, 0, 0, 0, 0, 0, 0], [100, 6, 10, 0, 4, 0, 0, 0, 0, 0, 0, 0, 0, 0], [43, 1, 224, 2, 12, 0, 0, 0, 0, 0, 0, 0, 0, 0], [7, 8, 12, 1, 12, 0, 0, 0, 0, 0, 0, 0, 0, 0], [2, 1, 24, 0, 199, 0, 1, 0, 0, 0, 0, 0, 0, 0], [0, 0, 0, 0, 4, 0, 0, 0, 0, 0, 0, 0, 0, 0], [1, 0, 0, 0, 2, 0, 0, 0, 0, 0, 0, 0, 0, 0], [0, 0, 1, 0, 5, 0, 0, 0, 0, 0, 0, 0, 0, 0], [0, 0, 1, 0, 7, 0, 0, 0, 0, 0, 0, 0, 0, 0], [0, 0, 0, 0, 3, 0, 0, 0, 0, 0, 0, 0, 0, 0], [0, 0, 0, 0, 4, 0, 0, 0, 0, 0, 0, 0, 0, 0], [0, 0, 0, 0, 6, 0, 0, 0, 0, 0, 0, 0, 0, 0], [0, 0, 0, 0, 7, 0, 0, 0, 0, 0, 0, 0, 0, 0], [0, 0, 0, 0, 7, 0, 0, 0, 0, 0, 0, 0, 0, 0]]"
source_expansion_Faces_to_PetImages_to_GarbageDataset,gaussian_nb,adwin,0.75,3,203042,0.4166612466506945,0.31121434508914275,0.32412373103660175,0.792,0.4166612466506945,0.31121434508914275,0.32412373103660175,0.7,0.81,0.778,0.414713225001313,0.28821180653856976,0.3026111079424104,0.7,0.78,1.0,"[[242, 41, 0, 0, 0, 0, 0, 0, 0, 0, 0, 0, 0, 0], [82, 38, 0, 0, 0, 0, 0, 0, 0, 0, 0, 0, 0, 0], [3, 8, 264, 7, 0, 0, 0, 0, 0, 0, 0, 0, 0, 0], [0, 5, 4, 31, 0, 0, 0, 0, 0, 0, 0, 0, 0, 0], [4, 6, 0, 4, 213, 0, 0, 0, 0, 0, 0, 0, 0, 0], [0, 3, 0, 1, 0, 0, 0, 0, 0, 0, 0, 0, 0, 0], [2, 1, 0, 0, 0, 0, 0, 0, 0, 0, 0, 0, 0, 0], [2, 4, 0, 0, 0, 0, 0, 0, 0, 0, 0, 0, 0, 0], [3, 0, 0, 1, 0, 0, 0, 0, 2, 0, 0, 1, 0, 1], [1, 2, 0, 0, 0, 0, 0, 0, 0, 0, 0, 0, 0, 0], [1, 1, 0, 0, 1, 0, 0, 0, 0, 0, 0, 0, 0, 1], [0, 1, 0, 1, 1, 0, 0, 0, 0, 0, 0, 0, 0, 3], [3, 2, 0, 0, 0, 0, 0, 0, 0, 0, 0, 0, 1, 1], [0, 5, 0, 0, 1, 0, 0, 0, 0, 0, 0, 0, 0, 1]]","[[234, 46, 3, 0, 0, 0, 0, 0, 0, 0, 0, 0, 0, 0], [78, 38, 4, 0, 0, 0, 0, 0, 0, 0, 0, 0, 0, 0], [3, 6, 267, 6, 0, 0, 0, 0, 0, 0, 0, 0, 0, 0], [0, 5, 11, 24, 0, 0, 0, 0, 0, 0, 0, 0, 0, 0], [0, 0, 15, 0, 212, 0, 0, 0, 0, 0, 0, 0, 0, 0], [0, 0, 3, 1, 0, 0, 0, 0, 0, 0, 0, 0, 0, 0], [0, 0, 2, 0, 0, 0, 0, 0, 0, 0, 0, 0, 0, 1], [0, 0, 5, 1, 0, 0, 0, 0, 0, 0, 0, 0, 0, 0], [0, 0, 4, 0, 1, 0, 0, 0, 1, 0, 0, 1, 0, 1], [0, 0, 3, 0, 0, 0, 0, 0, 0, 0, 0, 0, 0, 0], [0, 0, 2, 0, 1, 0, 0, 0, 0, 0, 0, 0, 0, 1], [0, 0, 2, 0, 1, 0, 0, 0, 0, 0, 0, 0, 0, 3], [0, 0, 5, 0, 0, 0, 0, 0, 0, 0, 0, 0, 1, 1], [0, 0, 5, 0, 1, 0, 0, 0, 0, 0, 0, 0, 0, 1]]"
source_expansion_Faces_to_PetImages_to_GarbageDataset,logistic_regression,page_hinkley,0.75,3,203042,0.5177720370558958,0.4608973848418249,0.4798751497360816,0.791,0.5177720370558958,0.4608973848418249,0.4798751497360816,0.62,0.89,0.762,0.42650715866468014,0.42787878156561493,0.41795340361911976,0.62,0.89,1.0,"[[182, 91, 4, 6, 0, 0, 0, 0, 0, 0, 0, 0, 0, 0], [57, 58, 4, 1, 0, 0, 0, 0, 0, 0, 0, 0, 0, 0], [0, 1, 280, 1, 0, 0, 0, 0, 0, 0, 0, 0, 0, 0], [1, 0, 6, 31, 0, 0, 1, 0, 0, 0, 0, 0, 0, 1], [0, 1, 1, 0, 224, 0, 0, 0, 1, 0, 0, 0, 0, 0], [0, 0, 0, 0, 1, 2, 0, 1, 0, 0, 0, 0, 0, 0], [0, 0, 0, 0, 2, 0, 0, 0, 1, 0, 0, 0, 0, 0], [0, 0, 0, 1, 1, 0, 0, 4, 0, 0, 0, 0, 0, 0], [0, 0, 0, 1, 0, 0, 0, 0, 4, 1, 0, 2, 0, 0], [0, 0, 0, 0, 1, 0, 0, 0, 0, 0, 0, 0, 2, 0], [0, 0, 0, 0, 2, 0, 0, 0, 0, 0, 0, 1, 0, 1], [0, 0, 0, 0, 0, 0, 1, 0, 2, 0, 0, 2, 0, 1], [0, 0, 1, 1, 0, 0, 0, 0, 0, 1, 0, 1, 2, 1], [0, 1, 1, 0, 2, 0, 0, 0, 0, 0, 1, 0, 0, 2]]","[[174, 99, 4, 5, 0, 0, 0, 0, 0, 0, 0, 1, 0, 0], [55, 59, 4, 0, 1, 0, 0, 0, 0, 0, 0, 0, 1, 0], [3, 3, 259, 17, 0, 0, 0, 0, 0, 0, 0, 0, 0, 0], [2, 0, 5, 32, 1, 0, 0, 0, 0, 0, 0, 0, 0, 0], [0, 0, 0, 2, 224, 0, 0, 0, 1, 0, 0, 0, 0, 0], [0, 0, 1, 1, 1, 0, 0, 1, 0, 0, 0, 0, 0, 0], [0, 0, 0, 0, 2, 0, 0, 0, 1, 0, 0, 0, 0, 0], [0, 1, 0, 0, 1, 0, 0, 2, 0, 1, 0, 1, 0, 0], [0, 0, 0, 0, 1, 0, 0, 0, 4, 1, 0, 2, 0, 0], [0, 0, 0, 0, 0, 0, 0, 1, 0, 0, 0, 0, 2, 0], [0, 0, 0, 0, 1, 0, 0, 0, 0, 0, 1, 1, 0, 1], [0, 0, 0, 0, 0, 0, 0, 0, 1, 0, 0, 4, 0, 1], [0, 0, 0, 0, 0, 0, 0, 0, 1, 1, 0, 1, 2, 2], [0, 0, 0, 0, 3, 1, 0, 1, 0, 0, 1, 0, 0, 1]]"
source_expansion_Faces_to_PetImages_to_GarbageDataset,hoeffding_tree,page_hinkley,0.75,3,203042,0.24375485835123448,0.2221554710386659,0.17553085311388575,0.514,0.24375485835123448,0.2221554710386659,0.17553085311388575,0.69,0.31999999999999995,0.657,0.1424548951256085,0.17830556200737702,0.1582661277316085,0.69,0.76,4.0,"[[262, 11, 0, 0, 0, 0, 1, 2, 5, 1, 1, 0, 0, 0], [104, 9, 0, 0, 0, 0, 2, 1, 4, 0, 0, 0, 0, 0], [43, 3, 199, 3, 8, 0, 0, 3, 22, 1, 0, 0, 0, 0], [7, 9, 3, 7, 1, 0, 4, 2, 3, 3, 1, 0, 0, 0], [3, 5, 1, 0, 33, 7, 62, 14, 38, 50, 14, 0, 0, 0], [0, 0, 0, 0, 0, 1, 1, 0, 0, 1, 1, 0, 0, 0], [1, 0, 0, 0, 0, 0, 1, 0, 1, 0, 0, 0, 0, 0], [0, 0, 0, 0, 0, 0, 0, 1, 3, 2, 0, 0, 0, 0], [0, 2, 0, 1, 0, 1, 0, 0, 0, 4, 0, 0, 0, 0], [0, 1, 0, 0, 0, 0, 0, 0, 0, 1, 1, 0, 0, 0], [1, 0, 0, 0, 0, 0, 1, 0, 0, 2, 0, 0, 0, 0], [0, 0, 0, 0, 0, 0, 4, 0, 1, 1, 0, 0, 0, 0], [0, 1, 0, 0, 0, 0, 2, 0, 0, 3, 1, 0, 0, 0], [0, 0, 0, 0, 0, 1, 4, 1, 1, 0, 0, 0, 0, 0]]","[[221, 4, 51, 0, 7, 0, 0, 0, 0, 0, 0, 0, 0, 0], [78, 0, 38, 0, 4, 0, 0, 0, 0, 0, 0, 0, 0, 0], [33, 0, 239, 0, 10, 0, 0, 0, 0, 0, 0, 0, 0, 0], [6, 0, 23, 0, 11, 0, 0, 0, 0, 0, 0, 0, 0, 0], [3, 0, 27, 0, 197, 0, 0, 0, 0, 0, 0, 0, 0, 0], [0, 0, 0, 0, 4, 0, 0, 0, 0, 0, 0, 0, 0, 0], [0, 0, 0, 0, 3, 0, 0, 0, 0, 0, 0, 0, 0, 0], [0, 0, 1, 0, 5, 0, 0, 0, 0, 0, 0, 0, 0, 0], [0, 0, 1, 0, 7, 0, 0, 0, 0, 0, 0, 0, 0, 0], [0, 0, 0, 0, 3, 0, 0, 0, 0, 0, 0, 0, 0, 0], [0, 0, 0, 0, 4, 0, 0, 0, 0, 0, 0, 0, 0, 0], [0, 0, 0, 0, 6, 0, 0, 0, 0, 0, 0, 0, 0, 0], [0, 0, 0, 0, 7, 0, 0, 0, 0, 0, 0, 0, 0, 0], [0, 0, 1, 0, 6, 0, 0, 0, 0, 0, 0, 0, 0, 0]]"
source_expansion_Faces_to_PetImages_to_GarbageDataset,gaussian_nb,page_hinkley,0.75,3,203042,0.4166612466506945,0.31121434508914275,0.32412373103660175,0.792,0.4166612466506945,0.31121434508914275,0.32412373103660175,0.7,0.81,0.77,0.4132907195984806,0.27812039457191373,0.29516915701739294,0.7,0.76,2.0,"[[242, 41, 0, 0, 0, 0, 0, 0, 0, 0, 0, 0, 0, 0], [82, 38, 0, 0, 0, 0, 0, 0, 0, 0, 0, 0, 0, 0], [3, 8, 264, 7, 0, 0, 0, 0, 0, 0, 0, 0, 0, 0], [0, 5, 4, 31, 0, 0, 0, 0, 0, 0, 0, 0, 0, 0], [4, 6, 0, 4, 213, 0, 0, 0, 0, 0, 0, 0, 0, 0], [0, 3, 0, 1, 0, 0, 0, 0, 0, 0, 0, 0, 0, 0], [2, 1, 0, 0, 0, 0, 0, 0, 0, 0, 0, 0, 0, 0], [2, 4, 0, 0, 0, 0, 0, 0, 0, 0, 0, 0, 0, 0], [3, 0, 0, 1, 0, 0, 0, 0, 2, 0, 0, 1, 0, 1], [1, 2, 0, 0, 0, 0, 0, 0, 0, 0, 0, 0, 0, 0], [1, 1, 0, 0, 1, 0, 0, 0, 0, 0, 0, 0, 0, 1], [0, 1, 0, 1, 1, 0, 0, 0, 0, 0, 0, 0, 0, 3], [3, 2, 0, 0, 0, 0, 0, 0, 0, 0, 0, 0, 1, 1], [0, 5, 0, 0, 1, 0, 0, 0, 0, 0, 0, 0, 0, 1]]","[[226, 51, 6, 0, 0, 0, 0, 0, 0, 0, 0, 0, 0, 0], [69, 42, 7, 2, 0, 0, 0, 0, 0, 0, 0, 0, 0, 0], [1, 5, 273, 3, 0, 0, 0, 0, 0, 0, 0, 0, 0, 0], [1, 5, 16, 18, 0, 0, 0, 0, 0, 0, 0, 0, 0, 0], [0, 0, 19, 0, 208, 0, 0, 0, 0, 0, 0, 0, 0, 0], [0, 0, 3, 1, 0, 0, 0, 0, 0, 0, 0, 0, 0, 0], [0, 0, 2, 0, 0, 0, 0, 0, 0, 0, 0, 0, 0, 1], [0, 0, 5, 1, 0, 0, 0, 0, 0, 0, 0, 0, 0, 0], [0, 0, 4, 0, 1, 0, 0, 0, 1, 0, 0, 1, 0, 1], [0, 0, 3, 0, 0, 0, 0, 0, 0, 0, 0, 0, 0, 0], [0, 0, 2, 0, 1, 0, 0, 0, 0, 0, 0, 0, 0, 1], [0, 0, 3, 0, 1, 0, 0, 0, 0, 0, 0, 0, 0, 2], [0, 0, 5, 0, 0, 0, 0, 0, 0, 0, 0, 0, 1, 1], [0, 0, 5, 0, 1, 0, 0, 0, 0, 0, 0, 0, 0, 1]]"
source_expansion_Faces_to_PetImages_to_GarbageDataset,logistic_regression,hddm_w,0.75,3,203042,0.5177720370558958,0.4608973848418249,0.4798751497360816,0.791,0.5177720370558958,0.4608973848418249,0.4798751497360816,0.62,0.89,0.791,0.5177720370558958,0.4608973848418249,0.4798751497360816,0.62,0.89,0.0,"[[182, 91, 4, 6, 0, 0, 0, 0, 0, 0, 0, 0, 0, 0], [57, 58, 4, 1, 0, 0, 0, 0, 0, 0, 0, 0, 0, 0], [0, 1, 280, 1, 0, 0, 0, 0, 0, 0, 0, 0, 0, 0], [1, 0, 6, 31, 0, 0, 1, 0, 0, 0, 0, 0, 0, 1], [0, 1, 1, 0, 224, 0, 0, 0, 1, 0, 0, 0, 0, 0], [0, 0, 0, 0, 1, 2, 0, 1, 0, 0, 0, 0, 0, 0], [0, 0, 0, 0, 2, 0, 0, 0, 1, 0, 0, 0, 0, 0], [0, 0, 0, 1, 1, 0, 0, 4, 0, 0, 0, 0, 0, 0], [0, 0, 0, 1, 0, 0, 0, 0, 4, 1, 0, 2, 0, 0], [0, 0, 0, 0, 1, 0, 0, 0, 0, 0, 0, 0, 2, 0], [0, 0, 0, 0, 2, 0, 0, 0, 0, 0, 0, 1, 0, 1], [0, 0, 0, 0, 0, 0, 1, 0, 2, 0, 0, 2, 0, 1], [0, 0, 1, 1, 0, 0, 0, 0, 0, 1, 0, 1, 2, 1], [0, 1, 1, 0, 2, 0, 0, 0, 0, 0, 1, 0, 0, 2]]","[[182, 91, 4, 6, 0, 0, 0, 0, 0, 0, 0, 0, 0, 0], [57, 58, 4, 1, 0, 0, 0, 0, 0, 0, 0, 0, 0, 0], [0, 1, 280, 1, 0, 0, 0, 0, 0, 0, 0, 0, 0, 0], [1, 0, 6, 31, 0, 0, 1, 0, 0, 0, 0, 0, 0, 1], [0, 1, 1, 0, 224, 0, 0, 0, 1, 0, 0, 0, 0, 0], [0, 0, 0, 0, 1, 2, 0, 1, 0, 0, 0, 0, 0, 0], [0, 0, 0, 0, 2, 0, 0, 0, 1, 0, 0, 0, 0, 0], [0, 0, 0, 1, 1, 0, 0, 4, 0, 0, 0, 0, 0, 0], [0, 0, 0, 1, 0, 0, 0, 0, 4, 1, 0, 2, 0, 0], [0, 0, 0, 0, 1, 0, 0, 0, 0, 0, 0, 0, 2, 0], [0, 0, 0, 0, 2, 0, 0, 0, 0, 0, 0, 1, 0, 1], [0, 0, 0, 0, 0, 0, 1, 0, 2, 0, 0, 2, 0, 1], [0, 0, 1, 1, 0, 0, 0, 0, 0, 1, 0, 1, 2, 1], [0, 1, 1, 0, 2, 0, 0, 0, 0, 0, 1, 0, 0, 2]]"
source_expansion_Faces_to_PetImages_to_GarbageDataset,hoeffding_tree,hddm_w,0.75,3,203042,0.24375485835123448,0.2221554710386659,0.17553085311388575,0.514,0.24375485835123448,0.2221554710386659,0.17553085311388575,0.69,0.31999999999999995,0.696,0.2146576495619208,0.1961920704435758,0.18547074425862728,0.69,0.77,3.0,"[[262, 11, 0, 0, 0, 0, 1, 2, 5, 1, 1, 0, 0, 0], [104, 9, 0, 0, 0, 0, 2, 1, 4, 0, 0, 0, 0, 0], [43, 3, 199, 3, 8, 0, 0, 3, 22, 1, 0, 0, 0, 0], [7, 9, 3, 7, 1, 0, 4, 2, 3, 3, 1, 0, 0, 0], [3, 5, 1, 0, 33, 7, 62, 14, 38, 50, 14, 0, 0, 0], [0, 0, 0, 0, 0, 1, 1, 0, 0, 1, 1, 0, 0, 0], [1, 0, 0, 0, 0, 0, 1, 0, 1, 0, 0, 0, 0, 0], [0, 0, 0, 0, 0, 0, 0, 1, 3, 2, 0, 0, 0, 0], [0, 2, 0, 1, 0, 1, 0, 0, 0, 4, 0, 0, 0, 0], [0, 1, 0, 0, 0, 0, 0, 0, 0, 1, 1, 0, 0, 0], [1, 0, 0, 0, 0, 0, 1, 0, 0, 2, 0, 0, 0, 0], [0, 0, 0, 0, 0, 0, 4, 0, 1, 1, 0, 0, 0, 0], [0, 1, 0, 0, 0, 0, 2, 0, 0, 3, 1, 0, 0, 0], [0, 0, 0, 0, 0, 1, 4, 1, 1, 0, 0, 0, 0, 0]]","[[260, 12, 3, 0, 8, 0, 0, 0, 0, 0, 0, 0, 0, 0], [102, 9, 4, 0, 5, 0, 0, 0, 0, 0, 0, 0, 0, 0], [43, 1, 221, 3, 14, 0, 0, 0, 0, 0, 0, 0, 0, 0], [9, 5, 11, 3, 12, 0, 0, 0, 0, 0, 0, 0, 0, 0], [3, 0, 21, 0, 203, 0, 0, 0, 0, 0, 0, 0, 0, 0], [0, 0, 0, 0, 4, 0, 0, 0, 0, 0, 0, 0, 0, 0], [0, 0, 0, 0, 3, 0, 0, 0, 0, 0, 0, 0, 0, 0], [0, 0, 1, 0, 5, 0, 0, 0, 0, 0, 0, 0, 0, 0], [0, 0, 1, 0, 7, 0, 0, 0, 0, 0, 0, 0, 0, 0], [0, 0, 0, 0, 3, 0, 0, 0, 0, 0, 0, 0, 0, 0], [0, 0, 0, 0, 4, 0, 0, 0, 0, 0, 0, 0, 0, 0], [0, 0, 0, 0, 6, 0, 0, 0, 0, 0, 0, 0, 0, 0], [0, 0, 0, 0, 7, 0, 0, 0, 0, 0, 0, 0, 0, 0], [0, 0, 0, 0, 7, 0, 0, 0, 0, 0, 0, 0, 0, 0]]"
source_expansion_Faces_to_PetImages_to_GarbageDataset,gaussian_nb,hddm_w,0.75,3,203042,0.4166612466506945,0.31121434508914275,0.32412373103660175,0.792,0.4166612466506945,0.31121434508914275,0.32412373103660175,0.7,0.81,0.796,0.4156861194979876,0.3109780010296884,0.3226782154944946,0.71,0.8200000000000001,1.0,"[[242, 41, 0, 0, 0, 0, 0, 0, 0, 0, 0, 0, 0, 0], [82, 38, 0, 0, 0, 0, 0, 0, 0, 0, 0, 0, 0, 0], [3, 8, 264, 7, 0, 0, 0, 0, 0, 0, 0, 0, 0, 0], [0, 5, 4, 31, 0, 0, 0, 0, 0, 0, 0, 0, 0, 0], [4, 6, 0, 4, 213, 0, 0, 0, 0, 0, 0, 0, 0, 0], [0, 3, 0, 1, 0, 0, 0, 0, 0, 0, 0, 0, 0, 0], [2, 1, 0, 0, 0, 0, 0, 0, 0, 0, 0, 0, 0, 0], [2, 4, 0, 0, 0, 0, 0, 0, 0, 0, 0, 0, 0, 0], [3, 0, 0, 1, 0, 0, 0, 0, 2, 0, 0, 1, 0, 1], [1, 2, 0, 0, 0, 0, 0, 0, 0, 0, 0, 0, 0, 0], [1, 1, 0, 0, 1, 0, 0, 0, 0, 0, 0, 0, 0, 1], [0, 1, 0, 1, 1, 0, 0, 0, 0, 0, 0, 0, 0, 3], [3, 2, 0, 0, 0, 0, 0, 0, 0, 0, 0, 0, 1, 1], [0, 5, 0, 0, 1, 0, 0, 0, 0, 0, 0, 0, 0, 1]]","[[247, 36, 0, 0, 0, 0, 0, 0, 0, 0, 0, 0, 0, 0], [86, 34, 0, 0, 0, 0, 0, 0, 0, 0, 0, 0, 0, 0], [3, 7, 265, 7, 0, 0, 0, 0, 0, 0, 0, 0, 0, 0], [1, 4, 4, 31, 0, 0, 0, 0, 0, 0, 0, 0, 0, 0], [7, 1, 0, 4, 215, 0, 0, 0, 0, 0, 0, 0, 0, 0], [1, 2, 0, 1, 0, 0, 0, 0, 0, 0, 0, 0, 0, 0], [2, 0, 0, 0, 0, 0, 0, 0, 0, 0, 0, 0, 0, 1], [3, 3, 0, 0, 0, 0, 0, 0, 0, 0, 0, 0, 0, 0], [3, 0, 0, 1, 0, 0, 0, 0, 2, 0, 0, 1, 0, 1], [1, 1, 1, 0, 0, 0, 0, 0, 0, 0, 0, 0, 0, 0], [1, 1, 0, 0, 1, 0, 0, 0, 0, 0, 0, 0, 0, 1], [1, 0, 0, 1, 1, 0, 0, 0, 0, 0, 0, 0, 0, 3], [4, 0, 0, 0, 0, 0, 0, 0, 0, 0, 0, 0, 1, 2], [2, 3, 0, 0, 1, 0, 0, 0, 0, 0, 0, 0, 0, 1]]"
source_expansion_Faces_to_PetImages_to_GarbageDataset,logistic_regression,kswin,0.75,4,204042,0.5201046525267842,0.4896318903899925,0.49613886125339196,0.784,0.5201046525267842,0.4896318903899925,0.49613886125339196,0.5800000000000001,0.88,0.784,0.5201046525267842,0.4896318903899925,0.49613886125339196,0.5800000000000001,0.88,0.0,"[[162, 92, 3, 2, 0, 0, 0, 0, 0, 0, 0, 0, 0, 0], [54, 69, 1, 1, 0, 0, 0, 0, 0, 0, 0, 0, 0, 0], [0, 2, 236, 8, 0, 0, 0, 0, 0, 0, 0, 1, 0, 0], [0, 1, 4, 32, 0, 0, 0, 0, 0, 0, 0, 0, 0, 0], [0, 0, 1, 1, 256, 0, 1, 0, 0, 0, 0, 1, 1, 0], [0, 0, 0, 1, 0, 5, 1, 0, 1, 0, 1, 0, 0, 0], [0, 0, 0, 0, 4, 0, 2, 0, 1, 0, 0, 0, 0, 0], [0, 0, 0, 0, 1, 0, 0, 0, 1, 0, 1, 0, 0, 0], [0, 0, 1, 0, 0, 0, 0, 0, 2, 0, 0, 1, 0, 2], [0, 1, 0, 0, 2, 0, 0, 0, 0, 0, 0, 1, 0, 0], [0, 0, 0, 1, 4, 0, 1, 0, 0, 0, 4, 0, 0, 0], [0, 0, 0, 0, 1, 1, 1, 0, 2, 1, 0, 1, 2, 0], [0, 0, 0, 0, 1, 1, 0, 0, 0, 0, 0, 0, 12, 0], [0, 1, 0, 1, 2, 0, 0, 0, 1, 0, 0, 1, 0, 3]]","[[162, 92, 3, 2, 0, 0, 0, 0, 0, 0, 0, 0, 0, 0], [54, 69, 1, 1, 0, 0, 0, 0, 0, 0, 0, 0, 0, 0], [0, 2, 236, 8, 0, 0, 0, 0, 0, 0, 0, 1, 0, 0], [0, 1, 4, 32, 0, 0, 0, 0, 0, 0, 0, 0, 0, 0], [0, 0, 1, 1, 256, 0, 1, 0, 0, 0, 0, 1, 1, 0], [0, 0, 0, 1, 0, 5, 1, 0, 1, 0, 1, 0, 0, 0], [0, 0, 0, 0, 4, 0, 2, 0, 1, 0, 0, 0, 0, 0], [0, 0, 0, 0, 1, 0, 0, 0, 1, 0, 1, 0, 0, 0], [0, 0, 1, 0, 0, 0, 0, 0, 2, 0, 0, 1, 0, 2], [0, 1, 0, 0, 2, 0, 0, 0, 0, 0, 0, 1, 0, 0], [0, 0, 0, 1, 4, 0, 1, 0, 0, 0, 4, 0, 0, 0], [0, 0, 0, 0, 1, 1, 1, 0, 2, 1, 0, 1, 2, 0], [0, 0, 0, 0, 1, 1, 0, 0, 0, 0, 0, 0, 12, 0], [0, 1, 0, 1, 2, 0, 0, 0, 1, 0, 0, 1, 0, 3]]"
source_expansion_Faces_to_PetImages_to_GarbageDataset,hoeffding_tree,kswin,0.75,4,204042,0.2515188331248371,0.22662589524995538,0.21535410645812406,0.559,0.2515188331248371,0.22662589524995538,0.21535410645812406,0.74,0.78,0.675,0.21135507040011184,0.1951172751100156,0.18158177817430105,0.74,0.74,3.0,"[[227, 22, 0, 0, 2, 4, 0, 1, 0, 0, 3, 0, 0, 0], [95, 23, 0, 0, 1, 1, 2, 0, 0, 2, 1, 0, 0, 0], [25, 9, 176, 4, 15, 9, 1, 1, 0, 7, 0, 0, 0, 0], [8, 8, 1, 13, 1, 5, 1, 0, 0, 0, 0, 0, 0, 0], [0, 6, 0, 2, 116, 29, 86, 2, 0, 9, 11, 0, 0, 0], [2, 0, 0, 0, 0, 1, 5, 1, 0, 0, 0, 0, 0, 0], [1, 1, 1, 0, 3, 0, 1, 0, 0, 0, 0, 0, 0, 0], [0, 0, 0, 0, 0, 1, 1, 0, 0, 1, 0, 0, 0, 0], [0, 3, 0, 0, 0, 3, 0, 0, 0, 0, 0, 0, 0, 0], [0, 2, 0, 0, 1, 0, 0, 0, 0, 1, 0, 0, 0, 0], [2, 4, 0, 0, 0, 1, 2, 0, 0, 0, 1, 0, 0, 0], [1, 4, 0, 0, 0, 2, 0, 0, 0, 1, 1, 0, 0, 0], [2, 1, 0, 0, 0, 5, 6, 0, 0, 0, 0, 0, 0, 0], [1, 3, 0, 0, 1, 1, 2, 0, 0, 0, 1, 0, 0, 0]]","[[217, 19, 18, 0, 5, 0, 0, 0, 0, 0, 0, 0, 0, 0], [74, 17, 26, 0, 8, 0, 0, 0, 0, 0, 0, 0, 0, 0], [27, 5, 207, 1, 7, 0, 0, 0, 0, 0, 0, 0, 0, 0], [5, 2, 24, 1, 5, 0, 0, 0, 0, 0, 0, 0, 0, 0], [1, 0, 27, 0, 233, 0, 0, 0, 0, 0, 0, 0, 0, 0], [0, 0, 1, 0, 8, 0, 0, 0, 0, 0, 0, 0, 0, 0], [0, 0, 0, 0, 7, 0, 0, 0, 0, 0, 0, 0, 0, 0], [0, 0, 1, 0, 2, 0, 0, 0, 0, 0, 0, 0, 0, 0], [0, 0, 1, 0, 5, 0, 0, 0, 0, 0, 0, 0, 0, 0], [0, 0, 1, 0, 3, 0, 0, 0, 0, 0, 0, 0, 0, 0], [0, 0, 1, 0, 9, 0, 0, 0, 0, 0, 0, 0, 0, 0], [0, 0, 2, 0, 7, 0, 0, 0, 0, 0, 0, 0, 0, 0], [0, 0, 3, 0, 11, 0, 0, 0, 0, 0, 0, 0, 0, 0], [0, 0, 0, 0, 9, 0, 0, 0, 0, 0, 0, 0, 0, 0]]"
source_expansion_Faces_to_PetImages_to_GarbageDataset,gaussian_nb,kswin,0.75,4,204042,0.4459914753522009,0.3691370421383385,0.3903917110127105,0.761,0.4459914753522009,0.3691370421383385,0.3903917110127105,0.6799999999999999,0.79,0.757,0.42612030277492785,0.3701217400564043,0.3807702896266047,0.6799999999999999,0.8,1.0,"[[206, 53, 0, 0, 0, 0, 0, 0, 0, 0, 0, 0, 0, 0], [79, 46, 0, 0, 0, 0, 0, 0, 0, 0, 0, 0, 0, 0], [2, 9, 227, 9, 0, 0, 0, 0, 0, 0, 0, 0, 0, 0], [0, 2, 5, 30, 0, 0, 0, 0, 0, 0, 0, 0, 0, 0], [0, 15, 0, 2, 237, 0, 0, 0, 0, 0, 5, 2, 0, 0], [2, 3, 0, 1, 0, 3, 0, 0, 0, 0, 0, 0, 0, 0], [1, 1, 0, 0, 3, 0, 0, 0, 0, 0, 2, 0, 0, 0], [2, 1, 0, 0, 0, 0, 0, 0, 0, 0, 0, 0, 0, 0], [0, 3, 0, 0, 0, 0, 0, 0, 0, 0, 0, 3, 0, 0], [0, 3, 0, 0, 1, 0, 0, 0, 0, 0, 0, 0, 0, 0], [2, 4, 0, 0, 1, 0, 0, 0, 0, 0, 2, 0, 0, 1], [1, 5, 0, 0, 0, 1, 0, 0, 0, 0, 0, 1, 1, 0], [0, 7, 0, 0, 0, 0, 0, 0, 0, 0, 0, 0, 7, 0], [2, 4, 0, 0, 0, 0, 0, 0, 0, 0, 0, 0, 1, 2]]","[[189, 70, 0, 0, 0, 0, 0, 0, 0, 0, 0, 0, 0, 0], [72, 53, 0, 0, 0, 0, 0, 0, 0, 0, 0, 0, 0, 0], [6, 3, 229, 9, 0, 0, 0, 0, 0, 0, 0, 0, 0, 0], [1, 0, 6, 30, 0, 0, 0, 0, 0, 0, 0, 0, 0, 0], [5, 0, 2, 6, 241, 0, 0, 0, 0, 0, 4, 2, 1, 0], [3, 0, 0, 3, 0, 3, 0, 0, 0, 0, 0, 0, 0, 0], [0, 0, 0, 0, 4, 0, 0, 0, 1, 0, 2, 0, 0, 0], [1, 0, 1, 1, 0, 0, 0, 0, 0, 0, 0, 0, 0, 0], [2, 0, 1, 0, 0, 0, 0, 0, 0, 0, 0, 3, 0, 0], [2, 0, 0, 0, 1, 0, 0, 0, 0, 0, 0, 0, 1, 0], [3, 0, 2, 0, 2, 0, 0, 0, 0, 0, 2, 0, 0, 1], [2, 0, 0, 4, 0, 1, 0, 0, 0, 0, 0, 1, 1, 0], [2, 0, 2, 3, 0, 0, 0, 0, 0, 0, 0, 0, 7, 0], [2, 0, 0, 2, 2, 0, 0, 0, 0, 0, 0, 0, 1, 2]]"
source_expansion_Faces_to_PetImages_to_GarbageDataset,logistic_regression,adwin,0.75,4,204042,0.5201046525267842,0.4896318903899925,0.49613886125339196,0.784,0.5201046525267842,0.4896318903899925,0.49613886125339196,0.5800000000000001,0.88,0.761,0.4862686425112897,0.4735942537881868,0.4736030438690758,0.5800000000000001,0.86,1.0,"[[162, 92, 3, 2, 0, 0, 0, 0, 0, 0, 0, 0, 0, 0], [54, 69, 1, 1, 0, 0, 0, 0, 0, 0, 0, 0, 0, 0], [0, 2, 236, 8, 0, 0, 0, 0, 0, 0, 0, 1, 0, 0], [0, 1, 4, 32, 0, 0, 0, 0, 0, 0, 0, 0, 0, 0], [0, 0, 1, 1, 256, 0, 1, 0, 0, 0, 0, 1, 1, 0], [0, 0, 0, 1, 0, 5, 1, 0, 1, 0, 1, 0, 0, 0], [0, 0, 0, 0, 4, 0, 2, 0, 1, 0, 0, 0, 0, 0], [0, 0, 0, 0, 1, 0, 0, 0, 1, 0, 1, 0, 0, 0], [0, 0, 1, 0, 0, 0, 0, 0, 2, 0, 0, 1, 0, 2], [0, 1, 0, 0, 2, 0, 0, 0, 0, 0, 0, 1, 0, 0], [0, 0, 0, 1, 4, 0, 1, 0, 0, 0, 4, 0, 0, 0], [0, 0, 0, 0, 1, 1, 1, 0, 2, 1, 0, 1, 2, 0], [0, 0, 0, 0, 1, 1, 0, 0, 0, 0, 0, 0, 12, 0], [0, 1, 0, 1, 2, 0, 0, 0, 1, 0, 0, 1, 0, 3]]","[[158, 96, 3, 2, 0, 0, 0, 0, 0, 0, 0, 0, 0, 0], [50, 73, 2, 0, 0, 0, 0, 0, 0, 0, 0, 0, 0, 0], [4, 10, 219, 13, 0, 0, 0, 0, 0, 1, 0, 0, 0, 0], [0, 1, 6, 28, 0, 2, 0, 0, 0, 0, 0, 0, 0, 0], [0, 0, 1, 1, 255, 0, 1, 0, 0, 0, 1, 1, 0, 1], [0, 0, 0, 2, 0, 6, 1, 0, 0, 0, 0, 0, 0, 0], [0, 0, 0, 0, 4, 0, 2, 0, 1, 0, 0, 0, 0, 0], [0, 0, 0, 0, 1, 0, 0, 0, 1, 0, 1, 0, 0, 0], [0, 0, 0, 0, 0, 0, 0, 0, 2, 0, 0, 2, 0, 2], [0, 0, 0, 0, 2, 0, 0, 0, 0, 0, 0, 1, 0, 1], [0, 0, 0, 1, 4, 0, 1, 0, 0, 0, 3, 1, 0, 0], [0, 0, 0, 0, 1, 1, 1, 0, 3, 1, 0, 1, 1, 0], [0, 0, 0, 1, 1, 1, 0, 0, 0, 0, 0, 0, 11, 0], [0, 1, 0, 1, 2, 0, 0, 0, 1, 0, 1, 0, 0, 3]]"
source_expansion_Faces_to_PetImages_to_GarbageDataset,hoeffding_tree,adwin,0.75,4,204042,0.2515188331248371,0.22662589524995538,0.21535410645812406,0.559,0.2515188331248371,0.22662589524995538,0.21535410645812406,0.74,0.78,0.678,0.21167295017433735,0.19529907796436183,0.18095849575824122,0.74,0.74,3.0,"[[227, 22, 0, 0, 2, 4, 0, 1, 0, 0, 3, 0, 0, 0], [95, 23, 0, 0, 1, 1, 2, 0, 0, 2, 1, 0, 0, 0], [25, 9, 176, 4, 15, 9, 1, 1, 0, 7, 0, 0, 0, 0], [8, 8, 1, 13, 1, 5, 1, 0, 0, 0, 0, 0, 0, 0], [0, 6, 0, 2, 116, 29, 86, 2, 0, 9, 11, 0, 0, 0], [2, 0, 0, 0, 0, 1, 5, 1, 0, 0, 0, 0, 0, 0], [1, 1, 1, 0, 3, 0, 1, 0, 0, 0, 0, 0, 0, 0], [0, 0, 0, 0, 0, 1, 1, 0, 0, 1, 0, 0, 0, 0], [0, 3, 0, 0, 0, 3, 0, 0, 0, 0, 0, 0, 0, 0], [0, 2, 0, 0, 1, 0, 0, 0, 0, 1, 0, 0, 0, 0], [2, 4, 0, 0, 0, 1, 2, 0, 0, 0, 1, 0, 0, 0], [1, 4, 0, 0, 0, 2, 0, 0, 0, 1, 1, 0, 0, 0], [2, 1, 0, 0, 0, 5, 6, 0, 0, 0, 0, 0, 0, 0], [1, 3, 0, 0, 1, 1, 2, 0, 0, 0, 1, 0, 0, 0]]","[[211, 18, 23, 1, 6, 0, 0, 0, 0, 0, 0, 0, 0, 0], [71, 15, 31, 0, 8, 0, 0, 0, 0, 0, 0, 0, 0, 0], [27, 4, 205, 0, 10, 0, 0, 0, 0, 0, 0, 0, 1, 0], [6, 1, 20, 1, 9, 0, 0, 0, 0, 0, 0, 0, 0, 0], [1, 0, 14, 0, 246, 0, 0, 0, 0, 0, 0, 0, 0, 0], [0, 0, 1, 0, 8, 0, 0, 0, 0, 0, 0, 0, 0, 0], [0, 0, 0, 0, 7, 0, 0, 0, 0, 0, 0, 0, 0, 0], [0, 0, 1, 0, 2, 0, 0, 0, 0, 0, 0, 0, 0, 0], [0, 0, 0, 0, 6, 0, 0, 0, 0, 0, 0, 0, 0, 0], [0, 0, 1, 0, 3, 0, 0, 0, 0, 0, 0, 0, 0, 0], [0, 0, 0, 0, 10, 0, 0, 0, 0, 0, 0, 0, 0, 0], [0, 0, 1, 0, 8, 0, 0, 0, 0, 0, 0, 0, 0, 0], [0, 0, 1, 0, 13, 0, 0, 0, 0, 0, 0, 0, 0, 0], [0, 0, 0, 0, 9, 0, 0, 0, 0, 0, 0, 0, 0, 0]]"
source_expansion_Faces_to_PetImages_to_GarbageDataset,gaussian_nb,adwin,0.75,4,204042,0.4459914753522009,0.3691370421383385,0.3903917110127105,0.761,0.4459914753522009,0.3691370421383385,0.3903917110127105,0.6799999999999999,0.79,0.772,0.46483698205898866,0.3863495664149021,0.41133366036224633,0.6799999999999999,0.87,1.0,"[[206, 53, 0, 0, 0, 0, 0, 0, 0, 0, 0, 0, 0, 0], [79, 46, 0, 0, 0, 0, 0, 0, 0, 0, 0, 0, 0, 0], [2, 9, 227, 9, 0, 0, 0, 0, 0, 0, 0, 0, 0, 0], [0, 2, 5, 30, 0, 0, 0, 0, 0, 0, 0, 0, 0, 0], [0, 15, 0, 2, 237, 0, 0, 0, 0, 0, 5, 2, 0, 0], [2, 3, 0, 1, 0, 3, 0, 0, 0, 0, 0, 0, 0, 0], [1, 1, 0, 0, 3, 0, 0, 0, 0, 0, 2, 0, 0, 0], [2, 1, 0, 0, 0, 0, 0, 0, 0, 0, 0, 0, 0, 0], [0, 3, 0, 0, 0, 0, 0, 0, 0, 0, 0, 3, 0, 0], [0, 3, 0, 0, 1, 0, 0, 0, 0, 0, 0, 0, 0, 0], [2, 4, 0, 0, 1, 0, 0, 0, 0, 0, 2, 0, 0, 1], [1, 5, 0, 0, 0, 1, 0, 0, 0, 0, 0, 1, 1, 0], [0, 7, 0, 0, 0, 0, 0, 0, 0, 0, 0, 0, 7, 0], [2, 4, 0, 0, 0, 0, 0, 0, 0, 0, 0, 0, 1, 2]]","[[203, 54, 2, 0, 0, 0, 0, 0, 0, 0, 0, 0, 0, 0], [75, 47, 2, 1, 0, 0, 0, 0, 0, 0, 0, 0, 0, 0], [2, 9, 227, 9, 0, 0, 0, 0, 0, 0, 0, 0, 0, 0], [1, 2, 9, 25, 0, 0, 0, 0, 0, 0, 0, 0, 0, 0], [0, 0, 5, 1, 252, 0, 0, 0, 0, 0, 0, 2, 1, 0], [0, 0, 3, 2, 0, 4, 0, 0, 0, 0, 0, 0, 0, 0], [0, 0, 0, 0, 5, 0, 0, 0, 0, 0, 2, 0, 0, 0], [0, 0, 3, 0, 0, 0, 0, 0, 0, 0, 0, 0, 0, 0], [0, 0, 2, 0, 1, 0, 0, 0, 0, 0, 0, 3, 0, 0], [0, 0, 1, 1, 1, 0, 0, 0, 0, 0, 0, 0, 1, 0], [1, 0, 1, 0, 4, 0, 0, 0, 0, 0, 3, 0, 0, 1], [0, 0, 4, 0, 2, 1, 0, 0, 0, 0, 0, 1, 1, 0], [0, 0, 6, 0, 1, 0, 0, 0, 0, 0, 0, 0, 7, 0], [0, 0, 1, 1, 3, 0, 0, 0, 0, 0, 0, 0, 1, 3]]"
source_expansion_Faces_to_PetImages_to_GarbageDataset,logistic_regression,page_hinkley,0.75,4,204042,0.5201046525267842,0.4896318903899925,0.49613886125339196,0.784,0.5201046525267842,0.4896318903899925,0.49613886125339196,0.5800000000000001,0.88,0.763,0.5119465087906884,0.4853721324911368,0.48832507956443,0.5800000000000001,0.88,1.0,"[[162, 92, 3, 2, 0, 0, 0, 0, 0, 0, 0, 0, 0, 0], [54, 69, 1, 1, 0, 0, 0, 0, 0, 0, 0, 0, 0, 0], [0, 2, 236, 8, 0, 0, 0, 0, 0, 0, 0, 1, 0, 0], [0, 1, 4, 32, 0, 0, 0, 0, 0, 0, 0, 0, 0, 0], [0, 0, 1, 1, 256, 0, 1, 0, 0, 0, 0, 1, 1, 0], [0, 0, 0, 1, 0, 5, 1, 0, 1, 0, 1, 0, 0, 0], [0, 0, 0, 0, 4, 0, 2, 0, 1, 0, 0, 0, 0, 0], [0, 0, 0, 0, 1, 0, 0, 0, 1, 0, 1, 0, 0, 0], [0, 0, 1, 0, 0, 0, 0, 0, 2, 0, 0, 1, 0, 2], [0, 1, 0, 0, 2, 0, 0, 0, 0, 0, 0, 1, 0, 0], [0, 0, 0, 1, 4, 0, 1, 0, 0, 0, 4, 0, 0, 0], [0, 0, 0, 0, 1, 1, 1, 0, 2, 1, 0, 1, 2, 0], [0, 0, 0, 0, 1, 1, 0, 0, 0, 0, 0, 0, 12, 0], [0, 1, 0, 1, 2, 0, 0, 0, 1, 0, 0, 1, 0, 3]]","[[153, 101, 3, 1, 0, 1, 0, 0, 0, 0, 0, 0, 0, 0], [45, 78, 2, 0, 0, 0, 0, 0, 0, 0, 0, 0, 0, 0], [4, 7, 216, 19, 0, 0, 0, 0, 0, 1, 0, 0, 0, 0], [0, 2, 3, 31, 1, 0, 0, 0, 0, 0, 0, 0, 0, 0], [1, 0, 0, 1, 256, 0, 1, 0, 0, 0, 0, 1, 0, 1], [0, 0, 0, 2, 0, 6, 1, 0, 0, 0, 0, 0, 0, 0], [0, 0, 0, 0, 4, 0, 2, 0, 1, 0, 0, 0, 0, 0], [1, 0, 0, 1, 0, 0, 0, 0, 0, 0, 1, 0, 0, 0], [0, 0, 1, 0, 0, 0, 0, 0, 2, 0, 0, 1, 0, 2], [0, 1, 0, 0, 2, 0, 0, 0, 0, 0, 0, 1, 0, 0], [0, 0, 1, 0, 4, 0, 1, 0, 0, 0, 3, 1, 0, 0], [0, 0, 0, 0, 2, 1, 1, 0, 2, 1, 0, 1, 1, 0], [1, 0, 0, 0, 0, 1, 0, 0, 0, 0, 0, 0, 12, 0], [0, 1, 0, 1, 2, 0, 0, 0, 1, 0, 1, 0, 0, 3]]"
source_expansion_Faces_to_PetImages_to_GarbageDataset,hoeffding_tree,page_hinkley,0.75,4,204042,0.2515188331248371,0.22662589524995538,0.21535410645812406,0.559,0.2515188331248371,0.22662589524995538,0.21535410645812406,0.74,0.78,0.682,0.21380433650165312,0.19632023680351393,0.1814537308245324,0.74,0.74,4.0,"[[227, 22, 0, 0, 2, 4, 0, 1, 0, 0, 3, 0, 0, 0], [95, 23, 0, 0, 1, 1, 2, 0, 0, 2, 1, 0, 0, 0], [25, 9, 176, 4, 15, 9, 1, 1, 0, 7, 0, 0, 0, 0], [8, 8, 1, 13, 1, 5, 1, 0, 0, 0, 0, 0, 0, 0], [0, 6, 0, 2, 116, 29, 86, 2, 0, 9, 11, 0, 0, 0], [2, 0, 0, 0, 0, 1, 5, 1, 0, 0, 0, 0, 0, 0], [1, 1, 1, 0, 3, 0, 1, 0, 0, 0, 0, 0, 0, 0], [0, 0, 0, 0, 0, 1, 1, 0, 0, 1, 0, 0, 0, 0], [0, 3, 0, 0, 0, 3, 0, 0, 0, 0, 0, 0, 0, 0], [0, 2, 0, 0, 1, 0, 0, 0, 0, 1, 0, 0, 0, 0], [2, 4, 0, 0, 0, 1, 2, 0, 0, 0, 1, 0, 0, 0], [1, 4, 0, 0, 0, 2, 0, 0, 0, 1, 1, 0, 0, 0], [2, 1, 0, 0, 0, 5, 6, 0, 0, 0, 0, 0, 0, 0], [1, 3, 0, 0, 1, 1, 2, 0, 0, 0, 1, 0, 0, 0]]","[[207, 18, 29, 0, 5, 0, 0, 0, 0, 0, 0, 0, 0, 0], [68, 14, 35, 0, 8, 0, 0, 0, 0, 0, 0, 0, 0, 0], [17, 1, 220, 1, 7, 0, 0, 0, 0, 0, 0, 1, 0, 0], [3, 1, 27, 1, 5, 0, 0, 0, 0, 0, 0, 0, 0, 0], [0, 0, 20, 0, 240, 0, 1, 0, 0, 0, 0, 0, 0, 0], [0, 0, 1, 0, 8, 0, 0, 0, 0, 0, 0, 0, 0, 0], [1, 0, 0, 0, 6, 0, 0, 0, 0, 0, 0, 0, 0, 0], [0, 0, 1, 0, 2, 0, 0, 0, 0, 0, 0, 0, 0, 0], [0, 0, 0, 0, 6, 0, 0, 0, 0, 0, 0, 0, 0, 0], [0, 0, 1, 0, 3, 0, 0, 0, 0, 0, 0, 0, 0, 0], [0, 0, 0, 0, 10, 0, 0, 0, 0, 0, 0, 0, 0, 0], [1, 0, 0, 0, 8, 0, 0, 0, 0, 0, 0, 0, 0, 0], [0, 0, 3, 0, 11, 0, 0, 0, 0, 0, 0, 0, 0, 0], [0, 0, 0, 0, 9, 0, 0, 0, 0, 0, 0, 0, 0, 0]]"
source_expansion_Faces_to_PetImages_to_GarbageDataset,gaussian_nb,page_hinkley,0.75,4,204042,0.4459914753522009,0.3691370421383385,0.3903917110127105,0.761,0.4459914753522009,0.3691370421383385,0.3903917110127105,0.6799999999999999,0.79,0.761,0.3464259041510426,0.31153634392369156,0.32018710381381416,0.6799999999999999,0.74,2.0,"[[206, 53, 0, 0, 0, 0, 0, 0, 0, 0, 0, 0, 0, 0], [79, 46, 0, 0, 0, 0, 0, 0, 0, 0, 0, 0, 0, 0], [2, 9, 227, 9, 0, 0, 0, 0, 0, 0, 0, 0, 0, 0], [0, 2, 5, 30, 0, 0, 0, 0, 0, 0, 0, 0, 0, 0], [0, 15, 0, 2, 237, 0, 0, 0, 0, 0, 5, 2, 0, 0], [2, 3, 0, 1, 0, 3, 0, 0, 0, 0, 0, 0, 0, 0], [1, 1, 0, 0, 3, 0, 0, 0, 0, 0, 2, 0, 0, 0], [2, 1, 0, 0, 0, 0, 0, 0, 0, 0, 0, 0, 0, 0], [0, 3, 0, 0, 0, 0, 0, 0, 0, 0, 0, 3, 0, 0], [0, 3, 0, 0, 1, 0, 0, 0, 0, 0, 0, 0, 0, 0], [2, 4, 0, 0, 1, 0, 0, 0, 0, 0, 2, 0, 0, 1], [1, 5, 0, 0, 0, 1, 0, 0, 0, 0, 0, 1, 1, 0], [0, 7, 0, 0, 0, 0, 0, 0, 0, 0, 0, 0, 7, 0], [2, 4, 0, 0, 0, 0, 0, 0, 0, 0, 0, 0, 1, 2]]","[[190, 66, 1, 0, 2, 0, 0, 0, 0, 0, 0, 0, 0, 0], [59, 58, 5, 1, 2, 0, 0, 0, 0, 0, 0, 0, 0, 0], [1, 5, 237, 2, 2, 0, 0, 0, 0, 0, 0, 0, 0, 0], [0, 2, 11, 21, 3, 0, 0, 0, 0, 0, 0, 0, 0, 0], [1, 0, 8, 4, 247, 0, 0, 0, 0, 0, 0, 0, 1, 0], [0, 0, 3, 3, 0, 3, 0, 0, 0, 0, 0, 0, 0, 0], [0, 0, 1, 0, 5, 0, 0, 0, 0, 0, 1, 0, 0, 0], [0, 0, 2, 1, 0, 0, 0, 0, 0, 0, 0, 0, 0, 0], [0, 0, 3, 0, 2, 0, 0, 0, 0, 0, 0, 1, 0, 0], [0, 0, 2, 0, 1, 0, 0, 0, 0, 0, 0, 0, 1, 0], [0, 0, 4, 0, 6, 0, 0, 0, 0, 0, 0, 0, 0, 0], [0, 0, 3, 1, 3, 1, 0, 0, 0, 0, 0, 0, 1, 0], [0, 0, 5, 2, 2, 0, 0, 0, 0, 0, 0, 0, 5, 0], [0, 0, 1, 2, 6, 0, 0, 0, 0, 0, 0, 0, 0, 0]]"
source_expansion_Faces_to_PetImages_to_GarbageDataset,logistic_regression,hddm_w,0.75,4,204042,0.5201046525267842,0.4896318903899925,0.49613886125339196,0.784,0.5201046525267842,0.4896318903899925,0.49613886125339196,0.5800000000000001,0.88,0.784,0.5201046525267842,0.4896318903899925,0.49613886125339196,0.5800000000000001,0.88,0.0,"[[162, 92, 3, 2, 0, 0, 0, 0, 0, 0, 0, 0, 0, 0], [54, 69, 1, 1, 0, 0, 0, 0, 0, 0, 0, 0, 0, 0], [0, 2, 236, 8, 0, 0, 0, 0, 0, 0, 0, 1, 0, 0], [0, 1, 4, 32, 0, 0, 0, 0, 0, 0, 0, 0, 0, 0], [0, 0, 1, 1, 256, 0, 1, 0, 0, 0, 0, 1, 1, 0], [0, 0, 0, 1, 0, 5, 1, 0, 1, 0, 1, 0, 0, 0], [0, 0, 0, 0, 4, 0, 2, 0, 1, 0, 0, 0, 0, 0], [0, 0, 0, 0, 1, 0, 0, 0, 1, 0, 1, 0, 0, 0], [0, 0, 1, 0, 0, 0, 0, 0, 2, 0, 0, 1, 0, 2], [0, 1, 0, 0, 2, 0, 0, 0, 0, 0, 0, 1, 0, 0], [0, 0, 0, 1, 4, 0, 1, 0, 0, 0, 4, 0, 0, 0], [0, 0, 0, 0, 1, 1, 1, 0, 2, 1, 0, 1, 2, 0], [0, 0, 0, 0, 1, 1, 0, 0, 0, 0, 0, 0, 12, 0], [0, 1, 0, 1, 2, 0, 0, 0, 1, 0, 0, 1, 0, 3]]","[[162, 92, 3, 2, 0, 0, 0, 0, 0, 0, 0, 0, 0, 0], [54, 69, 1, 1, 0, 0, 0, 0, 0, 0, 0, 0, 0, 0], [0, 2, 236, 8, 0, 0, 0, 0, 0, 0, 0, 1, 0, 0], [0, 1, 4, 32, 0, 0, 0, 0, 0, 0, 0, 0, 0, 0], [0, 0, 1, 1, 256, 0, 1, 0, 0, 0, 0, 1, 1, 0], [0, 0, 0, 1, 0, 5, 1, 0, 1, 0, 1, 0, 0, 0], [0, 0, 0, 0, 4, 0, 2, 0, 1, 0, 0, 0, 0, 0], [0, 0, 0, 0, 1, 0, 0, 0, 1, 0, 1, 0, 0, 0], [0, 0, 1, 0, 0, 0, 0, 0, 2, 0, 0, 1, 0, 2], [0, 1, 0, 0, 2, 0, 0, 0, 0, 0, 0, 1, 0, 0], [0, 0, 0, 1, 4, 0, 1, 0, 0, 0, 4, 0, 0, 0], [0, 0, 0, 0, 1, 1, 1, 0, 2, 1, 0, 1, 2, 0], [0, 0, 0, 0, 1, 1, 0, 0, 0, 0, 0, 0, 12, 0], [0, 1, 0, 1, 2, 0, 0, 0, 1, 0, 0, 1, 0, 3]]"
source_expansion_Faces_to_PetImages_to_GarbageDataset,hoeffding_tree,hddm_w,0.75,4,204042,0.2515188331248371,0.22662589524995538,0.21535410645812406,0.559,0.2515188331248371,0.22662589524995538,0.21535410645812406,0.74,0.78,0.685,0.2366001239411455,0.21468474763885706,0.21176369847776072,0.74,0.74,3.0,"[[227, 22, 0, 0, 2, 4, 0, 1, 0, 0, 3, 0, 0, 0], [95, 23, 0, 0, 1, 1, 2, 0, 0, 2, 1, 0, 0, 0], [25, 9, 176, 4, 15, 9, 1, 1, 0, 7, 0, 0, 0, 0], [8, 8, 1, 13, 1, 5, 1, 0, 0, 0, 0, 0, 0, 0], [0, 6, 0, 2, 116, 29, 86, 2, 0, 9, 11, 0, 0, 0], [2, 0, 0, 0, 0, 1, 5, 1, 0, 0, 0, 0, 0, 0], [1, 1, 1, 0, 3, 0, 1, 0, 0, 0, 0, 0, 0, 0], [0, 0, 0, 0, 0, 1, 1, 0, 0, 1, 0, 0, 0, 0], [0, 3, 0, 0, 0, 3, 0, 0, 0, 0, 0, 0, 0, 0], [0, 2, 0, 0, 1, 0, 0, 0, 0, 1, 0, 0, 0, 0], [2, 4, 0, 0, 0, 1, 2, 0, 0, 0, 1, 0, 0, 0], [1, 4, 0, 0, 0, 2, 0, 0, 0, 1, 1, 0, 0, 0], [2, 1, 0, 0, 0, 5, 6, 0, 0, 0, 0, 0, 0, 0], [1, 3, 0, 0, 1, 1, 2, 0, 0, 0, 1, 0, 0, 0]]","[[227, 20, 7, 0, 5, 0, 0, 0, 0, 0, 0, 0, 0, 0], [90, 24, 3, 0, 8, 0, 0, 0, 0, 0, 0, 0, 0, 0], [34, 3, 195, 3, 12, 0, 0, 0, 0, 0, 0, 0, 0, 0], [14, 2, 7, 10, 4, 0, 0, 0, 0, 0, 0, 0, 0, 0], [0, 0, 31, 1, 229, 0, 0, 0, 0, 0, 0, 0, 0, 0], [0, 0, 1, 0, 8, 0, 0, 0, 0, 0, 0, 0, 0, 0], [0, 0, 0, 0, 7, 0, 0, 0, 0, 0, 0, 0, 0, 0], [0, 0, 2, 0, 1, 0, 0, 0, 0, 0, 0, 0, 0, 0], [0, 0, 1, 0, 5, 0, 0, 0, 0, 0, 0, 0, 0, 0], [0, 0, 1, 0, 3, 0, 0, 0, 0, 0, 0, 0, 0, 0], [0, 0, 1, 0, 9, 0, 0, 0, 0, 0, 0, 0, 0, 0], [0, 0, 3, 0, 6, 0, 0, 0, 0, 0, 0, 0, 0, 0], [0, 0, 4, 0, 10, 0, 0, 0, 0, 0, 0, 0, 0, 0], [0, 0, 0, 0, 9, 0, 0, 0, 0, 0, 0, 0, 0, 0]]"
source_expansion_Faces_to_PetImages_to_GarbageDataset,gaussian_nb,hddm_w,0.75,4,204042,0.4459914753522009,0.3691370421383385,0.3903917110127105,0.761,0.4459914753522009,0.3691370421383385,0.3903917110127105,0.6799999999999999,0.79,0.761,0.4459914753522009,0.3691370421383385,0.3903917110127105,0.6799999999999999,0.79,0.0,"[[206, 53, 0, 0, 0, 0, 0, 0, 0, 0, 0, 0, 0, 0], [79, 46, 0, 0, 0, 0, 0, 0, 0, 0, 0, 0, 0, 0], [2, 9, 227, 9, 0, 0, 0, 0, 0, 0, 0, 0, 0, 0], [0, 2, 5, 30, 0, 0, 0, 0, 0, 0, 0, 0, 0, 0], [0, 15, 0, 2, 237, 0, 0, 0, 0, 0, 5, 2, 0, 0], [2, 3, 0, 1, 0, 3, 0, 0, 0, 0, 0, 0, 0, 0], [1, 1, 0, 0, 3, 0, 0, 0, 0, 0, 2, 0, 0, 0], [2, 1, 0, 0, 0, 0, 0, 0, 0, 0, 0, 0, 0, 0], [0, 3, 0, 0, 0, 0, 0, 0, 0, 0, 0, 3, 0, 0], [0, 3, 0, 0, 1, 0, 0, 0, 0, 0, 0, 0, 0, 0], [2, 4, 0, 0, 1, 0, 0, 0, 0, 0, 2, 0, 0, 1], [1, 5, 0, 0, 0, 1, 0, 0, 0, 0, 0, 1, 1, 0], [0, 7, 0, 0, 0, 0, 0, 0, 0, 0, 0, 0, 7, 0], [2, 4, 0, 0, 0, 0, 0, 0, 0, 0, 0, 0, 1, 2]]","[[206, 53, 0, 0, 0, 0, 0, 0, 0, 0, 0, 0, 0, 0], [79, 46, 0, 0, 0, 0, 0, 0, 0, 0, 0, 0, 0, 0], [2, 9, 227, 9, 0, 0, 0, 0, 0, 0, 0, 0, 0, 0], [0, 2, 5, 30, 0, 0, 0, 0, 0, 0, 0, 0, 0, 0], [0, 15, 0, 2, 237, 0, 0, 0, 0, 0, 5, 2, 0, 0], [2, 3, 0, 1, 0, 3, 0, 0, 0, 0, 0, 0, 0, 0], [1, 1, 0, 0, 3, 0, 0, 0, 0, 0, 2, 0, 0, 0], [2, 1, 0, 0, 0, 0, 0, 0, 0, 0, 0, 0, 0, 0], [0, 3, 0, 0, 0, 0, 0, 0, 0, 0, 0, 3, 0, 0], [0, 3, 0, 0, 1, 0, 0, 0, 0, 0, 0, 0, 0, 0], [2, 4, 0, 0, 1, 0, 0, 0, 0, 0, 2, 0, 0, 1], [1, 5, 0, 0, 0, 1, 0, 0, 0, 0, 0, 1, 1, 0], [0, 7, 0, 0, 0, 0, 0, 0, 0, 0, 0, 0, 7, 0], [2, 4, 0, 0, 0, 0, 0, 0, 0, 0, 0, 0, 1, 2]]"
source_expansion_Faces_to_PetImages_to_GarbageDataset,logistic_regression,kswin,0.75,5,205042,0.5603208406219669,0.503839058772743,0.5213231666090284,0.734,0.5603208406219669,0.503839058772743,0.5213231666090284,0.6,0.91,0.746,0.5709661428805387,0.5267116702642428,0.5372027862040595,0.6,0.91,1.0,"[[174, 123, 9, 8, 0, 0, 0, 0, 0, 0, 1, 0, 0, 0], [52, 59, 3, 3, 0, 0, 0, 0, 1, 0, 0, 0, 0, 0], [0, 4, 189, 3, 1, 0, 0, 0, 0, 0, 0, 0, 0, 0], [1, 1, 3, 32, 1, 0, 0, 0, 0, 0, 0, 0, 0, 0], [0, 0, 1, 1, 255, 1, 2, 0, 1, 1, 0, 0, 0, 0], [1, 0, 0, 0, 0, 5, 0, 0, 0, 0, 0, 0, 1, 0], [0, 0, 0, 0, 6, 0, 2, 0, 0, 0, 2, 0, 0, 0], [0, 0, 2, 0, 1, 0, 0, 5, 0, 0, 0, 0, 0, 0], [0, 0, 0, 0, 1, 0, 0, 0, 0, 0, 0, 3, 0, 1], [0, 0, 1, 0, 1, 0, 2, 0, 0, 4, 0, 0, 0, 1], [2, 0, 0, 0, 4, 1, 1, 0, 0, 0, 1, 1, 0, 0], [1, 0, 0, 0, 5, 0, 0, 0, 0, 0, 0, 1, 0, 0], [0, 0, 1, 0, 0, 0, 0, 1, 0, 0, 1, 0, 4, 0], [0, 0, 0, 0, 1, 0, 0, 0, 1, 0, 1, 0, 1, 3]]","[[185, 118, 5, 7, 0, 0, 0, 0, 0, 0, 0, 0, 0, 0], [51, 60, 2, 3, 0, 0, 0, 0, 1, 0, 0, 0, 1, 0], [0, 3, 188, 5, 1, 0, 0, 0, 0, 0, 0, 0, 0, 0], [1, 1, 3, 32, 1, 0, 0, 0, 0, 0, 0, 0, 0, 0], [0, 0, 1, 2, 254, 1, 2, 0, 1, 1, 0, 0, 0, 0], [1, 0, 0, 0, 0, 5, 0, 0, 0, 0, 0, 0, 1, 0], [0, 0, 1, 0, 5, 0, 2, 0, 0, 0, 2, 0, 0, 0], [0, 0, 1, 0, 1, 0, 0, 5, 0, 0, 0, 1, 0, 0], [0, 1, 0, 0, 0, 0, 0, 0, 0, 0, 0, 3, 0, 1], [0, 0, 0, 0, 1, 0, 1, 0, 1, 4, 1, 0, 0, 1], [1, 0, 1, 0, 4, 1, 1, 0, 0, 0, 1, 1, 0, 0], [0, 0, 0, 1, 4, 0, 0, 0, 0, 0, 0, 2, 0, 0], [0, 0, 1, 0, 0, 0, 0, 1, 0, 0, 0, 0, 5, 0], [0, 0, 0, 0, 1, 0, 0, 0, 1, 0, 1, 0, 1, 3]]"
source_expansion_Faces_to_PetImages_to_GarbageDataset,hoeffding_tree,kswin,0.75,5,205042,0.2644446025778944,0.17666412072899135,0.18555444442223698,0.513,0.2644446025778944,0.17666412072899135,0.18555444442223698,0.74,0.7,0.651,0.1582128522932372,0.17715905422122583,0.1589155115832352,0.74,0.75,4.0,"[[297, 7, 0, 0, 1, 1, 3, 0, 1, 3, 0, 0, 2, 0], [97, 11, 0, 0, 1, 0, 4, 0, 1, 0, 0, 0, 4, 0], [48, 1, 94, 1, 11, 1, 9, 0, 19, 5, 0, 0, 8, 0], [7, 8, 3, 8, 1, 1, 1, 1, 3, 2, 0, 0, 3, 0], [3, 11, 0, 0, 100, 33, 25, 5, 13, 64, 0, 0, 8, 0], [0, 5, 0, 0, 0, 1, 0, 0, 0, 1, 0, 0, 0, 0], [2, 2, 0, 0, 1, 1, 1, 0, 1, 2, 0, 0, 0, 0], [0, 5, 0, 0, 0, 0, 0, 1, 0, 2, 0, 0, 0, 0], [0, 1, 0, 0, 0, 1, 1, 0, 0, 1, 0, 0, 1, 0], [2, 4, 0, 0, 1, 1, 0, 0, 1, 0, 0, 0, 0, 0], [1, 3, 0, 0, 1, 0, 2, 0, 1, 2, 0, 0, 0, 0], [0, 0, 0, 0, 1, 3, 1, 0, 0, 2, 0, 0, 0, 0], [2, 2, 1, 0, 0, 0, 0, 0, 0, 2, 0, 0, 0, 0], [3, 2, 0, 0, 0, 1, 1, 0, 0, 0, 0, 0, 0, 0]]","[[289, 7, 15, 0, 4, 0, 0, 0, 0, 0, 0, 0, 0, 0], [90, 4, 18, 0, 6, 0, 0, 0, 0, 0, 0, 0, 0, 0], [52, 1, 129, 0, 15, 0, 0, 0, 0, 0, 0, 0, 0, 0], [8, 2, 20, 0, 8, 0, 0, 0, 0, 0, 0, 0, 0, 0], [1, 1, 31, 0, 229, 0, 0, 0, 0, 0, 0, 0, 0, 0], [0, 0, 0, 0, 7, 0, 0, 0, 0, 0, 0, 0, 0, 0], [0, 0, 1, 0, 9, 0, 0, 0, 0, 0, 0, 0, 0, 0], [0, 0, 0, 0, 8, 0, 0, 0, 0, 0, 0, 0, 0, 0], [0, 0, 1, 0, 4, 0, 0, 0, 0, 0, 0, 0, 0, 0], [0, 0, 1, 0, 8, 0, 0, 0, 0, 0, 0, 0, 0, 0], [0, 0, 1, 0, 9, 0, 0, 0, 0, 0, 0, 0, 0, 0], [0, 0, 0, 0, 7, 0, 0, 0, 0, 0, 0, 0, 0, 0], [0, 0, 1, 0, 6, 0, 0, 0, 0, 0, 0, 0, 0, 0], [0, 0, 1, 0, 6, 0, 0, 0, 0, 0, 0, 0, 0, 0]]"
source_expansion_Faces_to_PetImages_to_GarbageDataset,gaussian_nb,kswin,0.75,5,205042,0.5743635666337296,0.3503229066597416,0.38411757361898136,0.768,0.5743635666337296,0.3503229066597416,0.38411757361898136,0.71,0.74,0.768,0.5743635666337296,0.3503229066597416,0.38411757361898136,0.71,0.74,0.0,"[[269, 46, 0, 0, 0, 0, 0, 0, 0, 0, 0, 0, 0, 0], [80, 38, 0, 0, 0, 0, 0, 0, 0, 0, 0, 0, 0, 0], [0, 6, 179, 12, 0, 0, 0, 0, 0, 0, 0, 0, 0, 0], [1, 4, 1, 32, 0, 0, 0, 0, 0, 0, 0, 0, 0, 0], [5, 10, 0, 2, 241, 0, 2, 0, 0, 1, 0, 1, 0, 0], [2, 4, 0, 0, 0, 1, 0, 0, 0, 0, 0, 0, 0, 0], [1, 1, 0, 0, 4, 0, 2, 0, 0, 0, 1, 1, 0, 0], [1, 5, 0, 0, 0, 0, 0, 2, 0, 0, 0, 0, 0, 0], [0, 4, 0, 0, 1, 0, 0, 0, 0, 0, 0, 0, 0, 0], [1, 4, 0, 0, 1, 0, 0, 0, 1, 2, 0, 0, 0, 0], [1, 5, 0, 0, 2, 0, 0, 0, 0, 0, 1, 0, 1, 0], [0, 3, 0, 1, 2, 0, 0, 0, 1, 0, 0, 0, 0, 0], [3, 1, 0, 2, 1, 0, 0, 0, 0, 0, 0, 0, 0, 0], [1, 3, 0, 0, 0, 0, 0, 0, 0, 0, 2, 0, 0, 1]]","[[269, 46, 0, 0, 0, 0, 0, 0, 0, 0, 0, 0, 0, 0], [80, 38, 0, 0, 0, 0, 0, 0, 0, 0, 0, 0, 0, 0], [0, 6, 179, 12, 0, 0, 0, 0, 0, 0, 0, 0, 0, 0], [1, 4, 1, 32, 0, 0, 0, 0, 0, 0, 0, 0, 0, 0], [5, 10, 0, 2, 241, 0, 2, 0, 0, 1, 0, 1, 0, 0], [2, 4, 0, 0, 0, 1, 0, 0, 0, 0, 0, 0, 0, 0], [1, 1, 0, 0, 4, 0, 2, 0, 0, 0, 1, 1, 0, 0], [1, 5, 0, 0, 0, 0, 0, 2, 0, 0, 0, 0, 0, 0], [0, 4, 0, 0, 1, 0, 0, 0, 0, 0, 0, 0, 0, 0], [1, 4, 0, 0, 1, 0, 0, 0, 1, 2, 0, 0, 0, 0], [1, 5, 0, 0, 2, 0, 0, 0, 0, 0, 1, 0, 1, 0], [0, 3, 0, 1, 2, 0, 0, 0, 1, 0, 0, 0, 0, 0], [3, 1, 0, 2, 1, 0, 0, 0, 0, 0, 0, 0, 0, 0], [1, 3, 0, 0, 0, 0, 0, 0, 0, 0, 2, 0, 0, 1]]"
source_expansion_Faces_to_PetImages_to_GarbageDataset,logistic_regression,adwin,0.75,5,205042,0.5603208406219669,0.503839058772743,0.5213231666090284,0.734,0.5603208406219669,0.503839058772743,0.5213231666090284,0.6,0.91,0.724,0.5643181647474071,0.5471657838904742,0.5373250108911827,0.6,0.9299999999999999,1.0,"[[174, 123, 9, 8, 0, 0, 0, 0, 0, 0, 1, 0, 0, 0], [52, 59, 3, 3, 0, 0, 0, 0, 1, 0, 0, 0, 0, 0], [0, 4, 189, 3, 1, 0, 0, 0, 0, 0, 0, 0, 0, 0], [1, 1, 3, 32, 1, 0, 0, 0, 0, 0, 0, 0, 0, 0], [0, 0, 1, 1, 255, 1, 2, 0, 1, 1, 0, 0, 0, 0], [1, 0, 0, 0, 0, 5, 0, 0, 0, 0, 0, 0, 1, 0], [0, 0, 0, 0, 6, 0, 2, 0, 0, 0, 2, 0, 0, 0], [0, 0, 2, 0, 1, 0, 0, 5, 0, 0, 0, 0, 0, 0], [0, 0, 0, 0, 1, 0, 0, 0, 0, 0, 0, 3, 0, 1], [0, 0, 1, 0, 1, 0, 2, 0, 0, 4, 0, 0, 0, 1], [2, 0, 0, 0, 4, 1, 1, 0, 0, 0, 1, 1, 0, 0], [1, 0, 0, 0, 5, 0, 0, 0, 0, 0, 0, 1, 0, 0], [0, 0, 1, 0, 0, 0, 0, 1, 0, 0, 1, 0, 4, 0], [0, 0, 0, 0, 1, 0, 0, 0, 1, 0, 1, 0, 1, 3]]","[[172, 126, 10, 7, 0, 0, 0, 0, 0, 0, 0, 0, 0, 0], [48, 63, 4, 2, 0, 0, 0, 0, 1, 0, 0, 0, 0, 0], [1, 6, 172, 14, 4, 0, 0, 0, 0, 0, 0, 0, 0, 0], [1, 2, 5, 30, 0, 0, 0, 0, 0, 0, 0, 0, 0, 0], [0, 0, 0, 1, 257, 0, 1, 1, 1, 0, 1, 0, 0, 0], [0, 0, 0, 0, 0, 6, 0, 0, 0, 0, 0, 0, 1, 0], [0, 0, 0, 0, 1, 0, 3, 0, 0, 0, 4, 2, 0, 0], [0, 0, 0, 0, 0, 0, 0, 7, 0, 0, 0, 1, 0, 0], [0, 1, 0, 0, 0, 0, 0, 0, 0, 0, 0, 3, 0, 1], [0, 0, 0, 1, 2, 0, 1, 0, 1, 3, 0, 0, 0, 1], [0, 0, 0, 0, 3, 1, 3, 0, 0, 0, 0, 1, 2, 0], [0, 0, 0, 0, 3, 1, 0, 0, 1, 0, 0, 2, 0, 0], [0, 0, 0, 0, 1, 0, 0, 1, 0, 0, 0, 0, 5, 0], [0, 0, 0, 0, 1, 0, 0, 0, 1, 0, 1, 0, 0, 4]]"
source_expansion_Faces_to_PetImages_to_GarbageDataset,hoeffding_tree,adwin,0.75,5,205042,0.2644446025778944,0.17666412072899135,0.18555444442223698,0.513,0.2644446025778944,0.17666412072899135,0.18555444442223698,0.74,0.7,0.651,0.16024591396582796,0.17700805045678628,0.15796084636849791,0.74,0.75,3.0,"[[297, 7, 0, 0, 1, 1, 3, 0, 1, 3, 0, 0, 2, 0], [97, 11, 0, 0, 1, 0, 4, 0, 1, 0, 0, 0, 4, 0], [48, 1, 94, 1, 11, 1, 9, 0, 19, 5, 0, 0, 8, 0], [7, 8, 3, 8, 1, 1, 1, 1, 3, 2, 0, 0, 3, 0], [3, 11, 0, 0, 100, 33, 25, 5, 13, 64, 0, 0, 8, 0], [0, 5, 0, 0, 0, 1, 0, 0, 0, 1, 0, 0, 0, 0], [2, 2, 0, 0, 1, 1, 1, 0, 1, 2, 0, 0, 0, 0], [0, 5, 0, 0, 0, 0, 0, 1, 0, 2, 0, 0, 0, 0], [0, 1, 0, 0, 0, 1, 1, 0, 0, 1, 0, 0, 1, 0], [2, 4, 0, 0, 1, 1, 0, 0, 1, 0, 0, 0, 0, 0], [1, 3, 0, 0, 1, 0, 2, 0, 1, 2, 0, 0, 0, 0], [0, 0, 0, 0, 1, 3, 1, 0, 0, 2, 0, 0, 0, 0], [2, 2, 1, 0, 0, 0, 0, 0, 0, 2, 0, 0, 0, 0], [3, 2, 0, 0, 0, 1, 1, 0, 0, 0, 0, 0, 0, 0]]","[[287, 7, 14, 0, 7, 0, 0, 0, 0, 0, 0, 0, 0, 0], [91, 3, 18, 0, 6, 0, 0, 0, 0, 0, 0, 0, 0, 0], [51, 0, 130, 0, 15, 0, 0, 0, 0, 0, 1, 0, 0, 0], [7, 0, 23, 0, 8, 0, 0, 0, 0, 0, 0, 0, 0, 0], [1, 0, 30, 0, 231, 0, 0, 0, 0, 0, 0, 0, 0, 0], [0, 0, 0, 0, 7, 0, 0, 0, 0, 0, 0, 0, 0, 0], [0, 0, 1, 0, 9, 0, 0, 0, 0, 0, 0, 0, 0, 0], [0, 0, 0, 0, 8, 0, 0, 0, 0, 0, 0, 0, 0, 0], [0, 0, 1, 0, 4, 0, 0, 0, 0, 0, 0, 0, 0, 0], [0, 0, 1, 0, 8, 0, 0, 0, 0, 0, 0, 0, 0, 0], [0, 0, 1, 0, 9, 0, 0, 0, 0, 0, 0, 0, 0, 0], [0, 0, 0, 0, 7, 0, 0, 0, 0, 0, 0, 0, 0, 0], [0, 0, 1, 0, 6, 0, 0, 0, 0, 0, 0, 0, 0, 0], [0, 0, 0, 0, 7, 0, 0, 0, 0, 0, 0, 0, 0, 0]]"
source_expansion_Faces_to_PetImages_to_GarbageDataset,gaussian_nb,adwin,0.75,5,205042,0.5743635666337296,0.3503229066597416,0.38411757361898136,0.768,0.5743635666337296,0.3503229066597416,0.38411757361898136,0.71,0.74,0.768,0.5743635666337296,0.3503229066597416,0.38411757361898136,0.71,0.74,0.0,"[[269, 46, 0, 0, 0, 0, 0, 0, 0, 0, 0, 0, 0, 0], [80, 38, 0, 0, 0, 0, 0, 0, 0, 0, 0, 0, 0, 0], [0, 6, 179, 12, 0, 0, 0, 0, 0, 0, 0, 0, 0, 0], [1, 4, 1, 32, 0, 0, 0, 0, 0, 0, 0, 0, 0, 0], [5, 10, 0, 2, 241, 0, 2, 0, 0, 1, 0, 1, 0, 0], [2, 4, 0, 0, 0, 1, 0, 0, 0, 0, 0, 0, 0, 0], [1, 1, 0, 0, 4, 0, 2, 0, 0, 0, 1, 1, 0, 0], [1, 5, 0, 0, 0, 0, 0, 2, 0, 0, 0, 0, 0, 0], [0, 4, 0, 0, 1, 0, 0, 0, 0, 0, 0, 0, 0, 0], [1, 4, 0, 0, 1, 0, 0, 0, 1, 2, 0, 0, 0, 0], [1, 5, 0, 0, 2, 0, 0, 0, 0, 0, 1, 0, 1, 0], [0, 3, 0, 1, 2, 0, 0, 0, 1, 0, 0, 0, 0, 0], [3, 1, 0, 2, 1, 0, 0, 0, 0, 0, 0, 0, 0, 0], [1, 3, 0, 0, 0, 0, 0, 0, 0, 0, 2, 0, 0, 1]]","[[269, 46, 0, 0, 0, 0, 0, 0, 0, 0, 0, 0, 0, 0], [80, 38, 0, 0, 0, 0, 0, 0, 0, 0, 0, 0, 0, 0], [0, 6, 179, 12, 0, 0, 0, 0, 0, 0, 0, 0, 0, 0], [1, 4, 1, 32, 0, 0, 0, 0, 0, 0, 0, 0, 0, 0], [5, 10, 0, 2, 241, 0, 2, 0, 0, 1, 0, 1, 0, 0], [2, 4, 0, 0, 0, 1, 0, 0, 0, 0, 0, 0, 0, 0], [1, 1, 0, 0, 4, 0, 2, 0, 0, 0, 1, 1, 0, 0], [1, 5, 0, 0, 0, 0, 0, 2, 0, 0, 0, 0, 0, 0], [0, 4, 0, 0, 1, 0, 0, 0, 0, 0, 0, 0, 0, 0], [1, 4, 0, 0, 1, 0, 0, 0, 1, 2, 0, 0, 0, 0], [1, 5, 0, 0, 2, 0, 0, 0, 0, 0, 1, 0, 1, 0], [0, 3, 0, 1, 2, 0, 0, 0, 1, 0, 0, 0, 0, 0], [3, 1, 0, 2, 1, 0, 0, 0, 0, 0, 0, 0, 0, 0], [1, 3, 0, 0, 0, 0, 0, 0, 0, 0, 2, 0, 0, 1]]"
source_expansion_Faces_to_PetImages_to_GarbageDataset,logistic_regression,page_hinkley,0.75,5,205042,0.5603208406219669,0.503839058772743,0.5213231666090284,0.734,0.5603208406219669,0.503839058772743,0.5213231666090284,0.6,0.91,0.728,0.5465105424858175,0.5574644089411562,0.5416668137363473,0.6,0.94,1.0,"[[174, 123, 9, 8, 0, 0, 0, 0, 0, 0, 1, 0, 0, 0], [52, 59, 3, 3, 0, 0, 0, 0, 1, 0, 0, 0, 0, 0], [0, 4, 189, 3, 1, 0, 0, 0, 0, 0, 0, 0, 0, 0], [1, 1, 3, 32, 1, 0, 0, 0, 0, 0, 0, 0, 0, 0], [0, 0, 1, 1, 255, 1, 2, 0, 1, 1, 0, 0, 0, 0], [1, 0, 0, 0, 0, 5, 0, 0, 0, 0, 0, 0, 1, 0], [0, 0, 0, 0, 6, 0, 2, 0, 0, 0, 2, 0, 0, 0], [0, 0, 2, 0, 1, 0, 0, 5, 0, 0, 0, 0, 0, 0], [0, 0, 0, 0, 1, 0, 0, 0, 0, 0, 0, 3, 0, 1], [0, 0, 1, 0, 1, 0, 2, 0, 0, 4, 0, 0, 0, 1], [2, 0, 0, 0, 4, 1, 1, 0, 0, 0, 1, 1, 0, 0], [1, 0, 0, 0, 5, 0, 0, 0, 0, 0, 0, 1, 0, 0], [0, 0, 1, 0, 0, 0, 0, 1, 0, 0, 1, 0, 4, 0], [0, 0, 0, 0, 1, 0, 0, 0, 1, 0, 1, 0, 1, 3]]","[[172, 127, 9, 7, 0, 0, 0, 0, 0, 0, 0, 0, 0, 0], [50, 62, 3, 2, 0, 0, 0, 0, 1, 0, 0, 0, 0, 0], [3, 4, 175, 13, 1, 0, 0, 0, 1, 0, 0, 0, 0, 0], [2, 1, 3, 31, 1, 0, 0, 0, 0, 0, 0, 0, 0, 0], [0, 0, 0, 1, 257, 0, 1, 1, 1, 1, 0, 0, 0, 0], [0, 0, 0, 0, 0, 6, 0, 0, 0, 0, 0, 0, 1, 0], [0, 0, 0, 0, 2, 0, 3, 0, 0, 0, 3, 2, 0, 0], [0, 0, 0, 0, 0, 0, 0, 7, 0, 0, 0, 1, 0, 0], [0, 1, 0, 0, 0, 0, 0, 0, 0, 0, 0, 3, 0, 1], [0, 0, 0, 0, 2, 0, 1, 0, 1, 4, 0, 0, 0, 1], [0, 0, 0, 0, 3, 1, 3, 0, 0, 0, 0, 1, 2, 0], [0, 0, 0, 0, 3, 1, 0, 0, 1, 0, 0, 2, 0, 0], [0, 0, 1, 0, 0, 0, 0, 1, 0, 0, 0, 0, 5, 0], [0, 0, 0, 0, 1, 1, 0, 0, 0, 0, 1, 0, 0, 4]]"
source_expansion_Faces_to_PetImages_to_GarbageDataset,hoeffding_tree,page_hinkley,0.75,5,205042,0.2644446025778944,0.17666412072899135,0.18555444442223698,0.513,0.2644446025778944,0.17666412072899135,0.18555444442223698,0.74,0.7,0.659,0.15951145746276865,0.17853706952360762,0.15899780912324898,0.74,0.75,4.0,"[[297, 7, 0, 0, 1, 1, 3, 0, 1, 3, 0, 0, 2, 0], [97, 11, 0, 0, 1, 0, 4, 0, 1, 0, 0, 0, 4, 0], [48, 1, 94, 1, 11, 1, 9, 0, 19, 5, 0, 0, 8, 0], [7, 8, 3, 8, 1, 1, 1, 1, 3, 2, 0, 0, 3, 0], [3, 11, 0, 0, 100, 33, 25, 5, 13, 64, 0, 0, 8, 0], [0, 5, 0, 0, 0, 1, 0, 0, 0, 1, 0, 0, 0, 0], [2, 2, 0, 0, 1, 1, 1, 0, 1, 2, 0, 0, 0, 0], [0, 5, 0, 0, 0, 0, 0, 1, 0, 2, 0, 0, 0, 0], [0, 1, 0, 0, 0, 1, 1, 0, 0, 1, 0, 0, 1, 0], [2, 4, 0, 0, 1, 1, 0, 0, 1, 0, 0, 0, 0, 0], [1, 3, 0, 0, 1, 0, 2, 0, 1, 2, 0, 0, 0, 0], [0, 0, 0, 0, 1, 3, 1, 0, 0, 2, 0, 0, 0, 0], [2, 2, 1, 0, 0, 0, 0, 0, 0, 2, 0, 0, 0, 0], [3, 2, 0, 0, 0, 1, 1, 0, 0, 0, 0, 0, 0, 0]]","[[292, 5, 11, 0, 7, 0, 0, 0, 0, 0, 0, 0, 0, 0], [94, 2, 12, 0, 10, 0, 0, 0, 0, 0, 0, 0, 0, 0], [45, 0, 129, 0, 23, 0, 0, 0, 0, 0, 0, 0, 0, 0], [9, 0, 18, 0, 11, 0, 0, 0, 0, 0, 0, 0, 0, 0], [1, 1, 23, 0, 236, 0, 0, 0, 0, 0, 0, 0, 0, 1], [0, 0, 0, 0, 7, 0, 0, 0, 0, 0, 0, 0, 0, 0], [0, 0, 1, 0, 9, 0, 0, 0, 0, 0, 0, 0, 0, 0], [0, 0, 0, 0, 8, 0, 0, 0, 0, 0, 0, 0, 0, 0], [0, 0, 1, 0, 4, 0, 0, 0, 0, 0, 0, 0, 0, 0], [0, 0, 1, 0, 8, 0, 0, 0, 0, 0, 0, 0, 0, 0], [0, 0, 1, 0, 9, 0, 0, 0, 0, 0, 0, 0, 0, 0], [0, 0, 0, 0, 7, 0, 0, 0, 0, 0, 0, 0, 0, 0], [0, 0, 1, 0, 6, 0, 0, 0, 0, 0, 0, 0, 0, 0], [1, 0, 1, 0, 5, 0, 0, 0, 0, 0, 0, 0, 0, 0]]"
source_expansion_Faces_to_PetImages_to_GarbageDataset,gaussian_nb,page_hinkley,0.75,5,205042,0.5743635666337296,0.3503229066597416,0.38411757361898136,0.768,0.5743635666337296,0.3503229066597416,0.38411757361898136,0.71,0.74,0.757,0.434232453422101,0.2844052581663421,0.2994485290927324,0.71,0.77,2.0,"[[269, 46, 0, 0, 0, 0, 0, 0, 0, 0, 0, 0, 0, 0], [80, 38, 0, 0, 0, 0, 0, 0, 0, 0, 0, 0, 0, 0], [0, 6, 179, 12, 0, 0, 0, 0, 0, 0, 0, 0, 0, 0], [1, 4, 1, 32, 0, 0, 0, 0, 0, 0, 0, 0, 0, 0], [5, 10, 0, 2, 241, 0, 2, 0, 0, 1, 0, 1, 0, 0], [2, 4, 0, 0, 0, 1, 0, 0, 0, 0, 0, 0, 0, 0], [1, 1, 0, 0, 4, 0, 2, 0, 0, 0, 1, 1, 0, 0], [1, 5, 0, 0, 0, 0, 0, 2, 0, 0, 0, 0, 0, 0], [0, 4, 0, 0, 1, 0, 0, 0, 0, 0, 0, 0, 0, 0], [1, 4, 0, 0, 1, 0, 0, 0, 1, 2, 0, 0, 0, 0], [1, 5, 0, 0, 2, 0, 0, 0, 0, 0, 1, 0, 1, 0], [0, 3, 0, 1, 2, 0, 0, 0, 1, 0, 0, 0, 0, 0], [3, 1, 0, 2, 1, 0, 0, 0, 0, 0, 0, 0, 0, 0], [1, 3, 0, 0, 0, 0, 0, 0, 0, 0, 2, 0, 0, 1]]","[[258, 52, 5, 0, 0, 0, 0, 0, 0, 0, 0, 0, 0, 0], [72, 40, 2, 1, 3, 0, 0, 0, 0, 0, 0, 0, 0, 0], [0, 7, 186, 4, 0, 0, 0, 0, 0, 0, 0, 0, 0, 0], [1, 4, 9, 22, 2, 0, 0, 0, 0, 0, 0, 0, 0, 0], [0, 2, 11, 0, 248, 0, 1, 0, 0, 0, 0, 0, 0, 0], [0, 0, 3, 0, 3, 1, 0, 0, 0, 0, 0, 0, 0, 0], [0, 0, 3, 0, 6, 0, 0, 0, 0, 0, 1, 0, 0, 0], [0, 0, 5, 0, 3, 0, 0, 0, 0, 0, 0, 0, 0, 0], [0, 0, 4, 0, 1, 0, 0, 0, 0, 0, 0, 0, 0, 0], [0, 0, 2, 0, 6, 0, 0, 0, 0, 1, 0, 0, 0, 0], [0, 0, 3, 0, 5, 0, 0, 0, 0, 0, 1, 0, 0, 1], [0, 0, 4, 0, 2, 0, 0, 0, 1, 0, 0, 0, 0, 0], [0, 0, 2, 1, 4, 0, 0, 0, 0, 0, 0, 0, 0, 0], [0, 0, 1, 0, 6, 0, 0, 0, 0, 0, 0, 0, 0, 0]]"
source_expansion_Faces_to_PetImages_to_GarbageDataset,logistic_regression,hddm_w,0.75,5,205042,0.5603208406219669,0.503839058772743,0.5213231666090284,0.734,0.5603208406219669,0.503839058772743,0.5213231666090284,0.6,0.91,0.734,0.5603208406219669,0.503839058772743,0.5213231666090284,0.6,0.91,0.0,"[[174, 123, 9, 8, 0, 0, 0, 0, 0, 0, 1, 0, 0, 0], [52, 59, 3, 3, 0, 0, 0, 0, 1, 0, 0, 0, 0, 0], [0, 4, 189, 3, 1, 0, 0, 0, 0, 0, 0, 0, 0, 0], [1, 1, 3, 32, 1, 0, 0, 0, 0, 0, 0, 0, 0, 0], [0, 0, 1, 1, 255, 1, 2, 0, 1, 1, 0, 0, 0, 0], [1, 0, 0, 0, 0, 5, 0, 0, 0, 0, 0, 0, 1, 0], [0, 0, 0, 0, 6, 0, 2, 0, 0, 0, 2, 0, 0, 0], [0, 0, 2, 0, 1, 0, 0, 5, 0, 0, 0, 0, 0, 0], [0, 0, 0, 0, 1, 0, 0, 0, 0, 0, 0, 3, 0, 1], [0, 0, 1, 0, 1, 0, 2, 0, 0, 4, 0, 0, 0, 1], [2, 0, 0, 0, 4, 1, 1, 0, 0, 0, 1, 1, 0, 0], [1, 0, 0, 0, 5, 0, 0, 0, 0, 0, 0, 1, 0, 0], [0, 0, 1, 0, 0, 0, 0, 1, 0, 0, 1, 0, 4, 0], [0, 0, 0, 0, 1, 0, 0, 0, 1, 0, 1, 0, 1, 3]]","[[174, 123, 9, 8, 0, 0, 0, 0, 0, 0, 1, 0, 0, 0], [52, 59, 3, 3, 0, 0, 0, 0, 1, 0, 0, 0, 0, 0], [0, 4, 189, 3, 1, 0, 0, 0, 0, 0, 0, 0, 0, 0], [1, 1, 3, 32, 1, 0, 0, 0, 0, 0, 0, 0, 0, 0], [0, 0, 1, 1, 255, 1, 2, 0, 1, 1, 0, 0, 0, 0], [1, 0, 0, 0, 0, 5, 0, 0, 0, 0, 0, 0, 1, 0], [0, 0, 0, 0, 6, 0, 2, 0, 0, 0, 2, 0, 0, 0], [0, 0, 2, 0, 1, 0, 0, 5, 0, 0, 0, 0, 0, 0], [0, 0, 0, 0, 1, 0, 0, 0, 0, 0, 0, 3, 0, 1], [0, 0, 1, 0, 1, 0, 2, 0, 0, 4, 0, 0, 0, 1], [2, 0, 0, 0, 4, 1, 1, 0, 0, 0, 1, 1, 0, 0], [1, 0, 0, 0, 5, 0, 0, 0, 0, 0, 0, 1, 0, 0], [0, 0, 1, 0, 0, 0, 0, 1, 0, 0, 1, 0, 4, 0], [0, 0, 0, 0, 1, 0, 0, 0, 1, 0, 1, 0, 1, 3]]"
source_expansion_Faces_to_PetImages_to_GarbageDataset,hoeffding_tree,hddm_w,0.75,5,205042,0.2644446025778944,0.17666412072899135,0.18555444442223698,0.513,0.2644446025778944,0.17666412072899135,0.18555444442223698,0.74,0.7,0.678,0.21943579133476665,0.19196311318145515,0.17842177861605052,0.74,0.75,3.0,"[[297, 7, 0, 0, 1, 1, 3, 0, 1, 3, 0, 0, 2, 0], [97, 11, 0, 0, 1, 0, 4, 0, 1, 0, 0, 0, 4, 0], [48, 1, 94, 1, 11, 1, 9, 0, 19, 5, 0, 0, 8, 0], [7, 8, 3, 8, 1, 1, 1, 1, 3, 2, 0, 0, 3, 0], [3, 11, 0, 0, 100, 33, 25, 5, 13, 64, 0, 0, 8, 0], [0, 5, 0, 0, 0, 1, 0, 0, 0, 1, 0, 0, 0, 0], [2, 2, 0, 0, 1, 1, 1, 0, 1, 2, 0, 0, 0, 0], [0, 5, 0, 0, 0, 0, 0, 1, 0, 2, 0, 0, 0, 0], [0, 1, 0, 0, 0, 1, 1, 0, 0, 1, 0, 0, 1, 0], [2, 4, 0, 0, 1, 1, 0, 0, 1, 0, 0, 0, 0, 0], [1, 3, 0, 0, 1, 0, 2, 0, 1, 2, 0, 0, 0, 0], [0, 0, 0, 0, 1, 3, 1, 0, 0, 2, 0, 0, 0, 0], [2, 2, 1, 0, 0, 0, 0, 0, 0, 2, 0, 0, 0, 0], [3, 2, 0, 0, 0, 1, 1, 0, 0, 0, 0, 0, 0, 0]]","[[291, 7, 11, 0, 6, 0, 0, 0, 0, 0, 0, 0, 0, 0], [96, 3, 11, 0, 8, 0, 0, 0, 0, 0, 0, 0, 0, 0], [25, 1, 145, 0, 26, 0, 0, 0, 0, 0, 0, 0, 0, 0], [5, 1, 19, 4, 9, 0, 0, 0, 0, 0, 0, 0, 0, 0], [0, 1, 25, 1, 235, 0, 0, 0, 0, 0, 0, 0, 0, 0], [0, 0, 0, 0, 7, 0, 0, 0, 0, 0, 0, 0, 0, 0], [0, 0, 1, 0, 9, 0, 0, 0, 0, 0, 0, 0, 0, 0], [0, 0, 0, 0, 8, 0, 0, 0, 0, 0, 0, 0, 0, 0], [0, 0, 1, 0, 4, 0, 0, 0, 0, 0, 0, 0, 0, 0], [0, 0, 1, 0, 8, 0, 0, 0, 0, 0, 0, 0, 0, 0], [0, 0, 1, 0, 9, 0, 0, 0, 0, 0, 0, 0, 0, 0], [0, 0, 0, 0, 7, 0, 0, 0, 0, 0, 0, 0, 0, 0], [0, 0, 1, 0, 6, 0, 0, 0, 0, 0, 0, 0, 0, 0], [0, 0, 1, 0, 6, 0, 0, 0, 0, 0, 0, 0, 0, 0]]"
source_expansion_Faces_to_PetImages_to_GarbageDataset,gaussian_nb,hddm_w,0.75,5,205042,0.5743635666337296,0.3503229066597416,0.38411757361898136,0.768,0.5743635666337296,0.3503229066597416,0.38411757361898136,0.71,0.74,0.77,0.32671267456292535,0.2960733716249937,0.29703264799872764,0.71,0.78,1.0,"[[269, 46, 0, 0, 0, 0, 0, 0, 0, 0, 0, 0, 0, 0], [80, 38, 0, 0, 0, 0, 0, 0, 0, 0, 0, 0, 0, 0], [0, 6, 179, 12, 0, 0, 0, 0, 0, 0, 0, 0, 0, 0], [1, 4, 1, 32, 0, 0, 0, 0, 0, 0, 0, 0, 0, 0], [5, 10, 0, 2, 241, 0, 2, 0, 0, 1, 0, 1, 0, 0], [2, 4, 0, 0, 0, 1, 0, 0, 0, 0, 0, 0, 0, 0], [1, 1, 0, 0, 4, 0, 2, 0, 0, 0, 1, 1, 0, 0], [1, 5, 0, 0, 0, 0, 0, 2, 0, 0, 0, 0, 0, 0], [0, 4, 0, 0, 1, 0, 0, 0, 0, 0, 0, 0, 0, 0], [1, 4, 0, 0, 1, 0, 0, 0, 1, 2, 0, 0, 0, 0], [1, 5, 0, 0, 2, 0, 0, 0, 0, 0, 1, 0, 1, 0], [0, 3, 0, 1, 2, 0, 0, 0, 1, 0, 0, 0, 0, 0], [3, 1, 0, 2, 1, 0, 0, 0, 0, 0, 0, 0, 0, 0], [1, 3, 0, 0, 0, 0, 0, 0, 0, 0, 2, 0, 0, 1]]","[[269, 46, 0, 0, 0, 0, 0, 0, 0, 0, 0, 0, 0, 0], [79, 36, 0, 0, 3, 0, 0, 0, 0, 0, 0, 0, 0, 0], [0, 6, 179, 12, 0, 0, 0, 0, 0, 0, 0, 0, 0, 0], [1, 4, 1, 30, 2, 0, 0, 0, 0, 0, 0, 0, 0, 0], [1, 5, 0, 2, 253, 0, 1, 0, 0, 0, 0, 0, 0, 0], [1, 2, 0, 0, 3, 0, 0, 0, 0, 1, 0, 0, 0, 0], [0, 1, 0, 0, 8, 0, 0, 0, 0, 0, 1, 0, 0, 0], [0, 4, 0, 0, 4, 0, 0, 0, 0, 0, 0, 0, 0, 0], [0, 4, 0, 0, 1, 0, 0, 0, 0, 0, 0, 0, 0, 0], [0, 1, 0, 0, 5, 0, 0, 0, 1, 2, 0, 0, 0, 0], [1, 3, 0, 0, 4, 0, 0, 0, 0, 1, 1, 0, 0, 0], [0, 3, 0, 1, 2, 0, 0, 0, 1, 0, 0, 0, 0, 0], [1, 0, 0, 1, 5, 0, 0, 0, 0, 0, 0, 0, 0, 0], [0, 2, 0, 0, 5, 0, 0, 0, 0, 0, 0, 0, 0, 0]]"
source_expansion_Faces_to_PetImages_to_GarbageDataset,logistic_regression,kswin,0.75,6,206042,0.5179304247107402,0.4577328584765318,0.4743334685043076,0.78,0.5179304247107402,0.4577328584765318,0.4743334685043076,0.63,0.88,0.767,0.560655945367173,0.5105072416393946,0.5207463583653648,0.55,0.86,2.0,"[[207, 103, 2, 5, 0, 0, 0, 0, 0, 0, 0, 0, 0, 0], [55, 46, 0, 6, 0, 0, 0, 0, 0, 0, 0, 0, 0, 0], [1, 0, 253, 4, 0, 0, 0, 0, 0, 0, 0, 0, 0, 0], [1, 0, 7, 20, 0, 0, 0, 0, 0, 0, 0, 0, 0, 0], [0, 0, 0, 2, 230, 0, 0, 0, 3, 0, 0, 0, 0, 0], [0, 1, 0, 1, 1, 0, 0, 0, 0, 0, 0, 0, 0, 0], [0, 0, 0, 0, 1, 0, 0, 0, 0, 0, 1, 0, 0, 0], [1, 1, 0, 0, 0, 0, 0, 2, 0, 0, 0, 0, 0, 0], [0, 0, 2, 0, 1, 0, 0, 0, 10, 2, 0, 1, 1, 0], [0, 0, 0, 0, 3, 0, 0, 0, 0, 2, 0, 1, 1, 0], [0, 0, 0, 0, 4, 0, 0, 0, 0, 0, 2, 0, 0, 0], [0, 0, 0, 0, 2, 0, 0, 0, 2, 0, 1, 1, 0, 0], [0, 1, 0, 0, 0, 0, 0, 0, 1, 0, 0, 0, 7, 0], [0, 0, 0, 0, 1, 0, 0, 0, 0, 0, 0, 0, 0, 0]]","[[186, 121, 5, 5, 0, 0, 0, 0, 0, 0, 0, 0, 0, 0], [52, 52, 0, 3, 0, 0, 0, 0, 0, 0, 0, 0, 0, 0], [0, 0, 253, 4, 0, 1, 0, 0, 0, 0, 0, 0, 0, 0], [1, 0, 7, 20, 0, 0, 0, 0, 0, 0, 0, 0, 0, 0], [0, 0, 0, 3, 229, 0, 0, 0, 3, 0, 0, 0, 0, 0], [0, 1, 0, 0, 1, 0, 0, 0, 0, 0, 0, 0, 0, 1], [0, 0, 0, 0, 1, 0, 1, 0, 0, 0, 0, 0, 0, 0], [0, 1, 0, 0, 0, 0, 0, 3, 0, 0, 0, 0, 0, 0], [0, 0, 1, 0, 2, 0, 0, 0, 11, 2, 0, 1, 0, 0], [0, 0, 0, 0, 3, 0, 0, 0, 0, 2, 0, 1, 1, 0], [0, 0, 0, 0, 3, 0, 1, 0, 0, 0, 1, 0, 1, 0], [0, 0, 0, 0, 2, 0, 0, 0, 2, 0, 1, 1, 0, 0], [0, 0, 0, 1, 0, 0, 0, 0, 0, 0, 0, 0, 8, 0], [0, 0, 0, 0, 1, 0, 0, 0, 0, 0, 0, 0, 0, 0]]"
source_expansion_Faces_to_PetImages_to_GarbageDataset,hoeffding_tree,kswin,0.75,6,206042,0.23816694212333564,0.20576751600206106,0.16479146264723754,0.515,0.23816694212333564,0.20576751600206106,0.16479146264723754,0.76,0.37,0.666,0.1776660587193275,0.17613353826370273,0.1607017624239766,0.76,0.69,4.0,"[[309, 4, 0, 0, 2, 0, 1, 0, 0, 1, 0, 0, 0, 0], [94, 5, 0, 0, 0, 6, 0, 2, 0, 0, 0, 0, 0, 0], [94, 1, 142, 2, 2, 4, 0, 12, 0, 0, 0, 0, 0, 1], [6, 10, 4, 3, 0, 3, 0, 1, 0, 1, 0, 0, 0, 0], [2, 2, 1, 0, 53, 85, 9, 36, 1, 10, 0, 0, 0, 36], [0, 0, 0, 0, 0, 1, 0, 1, 0, 0, 0, 0, 0, 1], [0, 0, 0, 0, 0, 0, 1, 0, 0, 1, 0, 0, 0, 0], [2, 1, 0, 0, 0, 1, 0, 0, 0, 0, 0, 0, 0, 0], [0, 3, 0, 0, 0, 7, 0, 3, 0, 0, 0, 0, 0, 4], [0, 2, 0, 0, 3, 0, 0, 0, 0, 1, 0, 0, 0, 1], [0, 0, 0, 0, 1, 1, 1, 1, 0, 1, 0, 0, 0, 1], [2, 1, 0, 0, 0, 1, 0, 1, 0, 0, 0, 0, 0, 1], [0, 4, 0, 0, 0, 1, 0, 1, 0, 1, 0, 0, 0, 2], [0, 0, 0, 0, 1, 0, 0, 0, 0, 0, 0, 0, 0, 0]]","[[297, 4, 14, 0, 2, 0, 0, 0, 0, 0, 0, 0, 0, 0], [84, 3, 12, 0, 8, 0, 0, 0, 0, 0, 0, 0, 0, 0], [95, 0, 149, 2, 12, 0, 0, 0, 0, 0, 0, 0, 0, 0], [6, 0, 17, 0, 4, 0, 0, 0, 0, 0, 0, 1, 0, 0], [2, 0, 15, 0, 217, 0, 0, 0, 0, 0, 1, 0, 0, 0], [0, 0, 0, 0, 3, 0, 0, 0, 0, 0, 0, 0, 0, 0], [0, 0, 0, 0, 2, 0, 0, 0, 0, 0, 0, 0, 0, 0], [0, 0, 1, 0, 3, 0, 0, 0, 0, 0, 0, 0, 0, 0], [0, 0, 1, 0, 16, 0, 0, 0, 0, 0, 0, 0, 0, 0], [0, 0, 0, 0, 7, 0, 0, 0, 0, 0, 0, 0, 0, 0], [0, 0, 0, 0, 6, 0, 0, 0, 0, 0, 0, 0, 0, 0], [0, 0, 1, 0, 5, 0, 0, 0, 0, 0, 0, 0, 0, 0], [0, 0, 0, 0, 9, 0, 0, 0, 0, 0, 0, 0, 0, 0], [0, 0, 0, 0, 1, 0, 0, 0, 0, 0, 0, 0, 0, 0]]"
source_expansion_Faces_to_PetImages_to_GarbageDataset,gaussian_nb,kswin,0.75,6,206042,0.3378863234164193,0.3191851636796796,0.31991781308381617,0.779,0.3378863234164193,0.3191851636796796,0.31991781308381617,0.74,0.76,0.784,0.33429060655372794,0.31628019892699555,0.3161027960135471,0.74,0.77,1.0,"[[252, 65, 0, 0, 0, 0, 0, 0, 0, 0, 0, 0, 0, 0], [76, 31, 0, 0, 0, 0, 0, 0, 0, 0, 0, 0, 0, 0], [1, 7, 243, 7, 0, 0, 0, 0, 0, 0, 0, 0, 0, 0], [0, 6, 1, 21, 0, 0, 0, 0, 0, 0, 0, 0, 0, 0], [3, 6, 1, 2, 221, 0, 0, 0, 2, 0, 0, 0, 0, 0], [0, 2, 0, 1, 0, 0, 0, 0, 0, 0, 0, 0, 0, 0], [0, 1, 0, 0, 1, 0, 0, 0, 0, 0, 0, 0, 0, 0], [2, 2, 0, 0, 0, 0, 0, 0, 0, 0, 0, 0, 0, 0], [2, 3, 0, 1, 2, 0, 0, 0, 9, 0, 0, 0, 0, 0], [0, 2, 0, 0, 1, 0, 0, 0, 4, 0, 0, 0, 0, 0], [1, 2, 0, 0, 2, 0, 0, 0, 0, 0, 0, 0, 1, 0], [0, 1, 0, 0, 1, 0, 0, 0, 4, 0, 0, 0, 0, 0], [1, 6, 0, 0, 0, 0, 0, 0, 0, 0, 0, 0, 2, 0], [0, 0, 0, 0, 1, 0, 0, 0, 0, 0, 0, 0, 0, 0]]","[[267, 50, 0, 0, 0, 0, 0, 0, 0, 0, 0, 0, 0, 0], [85, 22, 0, 0, 0, 0, 0, 0, 0, 0, 0, 0, 0, 0], [4, 5, 242, 7, 0, 0, 0, 0, 0, 0, 0, 0, 0, 0], [3, 2, 2, 21, 0, 0, 0, 0, 0, 0, 0, 0, 0, 0], [6, 2, 0, 4, 221, 0, 0, 0, 2, 0, 0, 0, 0, 0], [2, 0, 0, 1, 0, 0, 0, 0, 0, 0, 0, 0, 0, 0], [1, 0, 0, 0, 1, 0, 0, 0, 0, 0, 0, 0, 0, 0], [3, 1, 0, 0, 0, 0, 0, 0, 0, 0, 0, 0, 0, 0], [6, 0, 0, 0, 2, 0, 0, 0, 9, 0, 0, 0, 0, 0], [1, 0, 1, 0, 1, 0, 0, 0, 4, 0, 0, 0, 0, 0], [2, 1, 0, 0, 2, 0, 0, 0, 0, 0, 0, 0, 1, 0], [0, 1, 0, 0, 1, 0, 0, 0, 4, 0, 0, 0, 0, 0], [6, 1, 0, 0, 0, 0, 0, 0, 0, 0, 0, 0, 2, 0], [0, 0, 0, 0, 1, 0, 0, 0, 0, 0, 0, 0, 0, 0]]"
source_expansion_Faces_to_PetImages_to_GarbageDataset,logistic_regression,adwin,0.75,6,206042,0.5179304247107402,0.4577328584765318,0.4743334685043076,0.78,0.5179304247107402,0.4577328584765318,0.4743334685043076,0.63,0.88,0.762,0.5318557493049878,0.495421035146315,0.4979980397068643,0.63,0.89,1.0,"[[207, 103, 2, 5, 0, 0, 0, 0, 0, 0, 0, 0, 0, 0], [55, 46, 0, 6, 0, 0, 0, 0, 0, 0, 0, 0, 0, 0], [1, 0, 253, 4, 0, 0, 0, 0, 0, 0, 0, 0, 0, 0], [1, 0, 7, 20, 0, 0, 0, 0, 0, 0, 0, 0, 0, 0], [0, 0, 0, 2, 230, 0, 0, 0, 3, 0, 0, 0, 0, 0], [0, 1, 0, 1, 1, 0, 0, 0, 0, 0, 0, 0, 0, 0], [0, 0, 0, 0, 1, 0, 0, 0, 0, 0, 1, 0, 0, 0], [1, 1, 0, 0, 0, 0, 0, 2, 0, 0, 0, 0, 0, 0], [0, 0, 2, 0, 1, 0, 0, 0, 10, 2, 0, 1, 1, 0], [0, 0, 0, 0, 3, 0, 0, 0, 0, 2, 0, 1, 1, 0], [0, 0, 0, 0, 4, 0, 0, 0, 0, 0, 2, 0, 0, 0], [0, 0, 0, 0, 2, 0, 0, 0, 2, 0, 1, 1, 0, 0], [0, 1, 0, 0, 0, 0, 0, 0, 1, 0, 0, 0, 7, 0], [0, 0, 0, 0, 1, 0, 0, 0, 0, 0, 0, 0, 0, 0]]","[[205, 105, 2, 5, 0, 0, 0, 0, 0, 0, 0, 0, 0, 0], [53, 49, 1, 4, 0, 0, 0, 0, 0, 0, 0, 0, 0, 0], [5, 3, 232, 18, 0, 0, 0, 0, 0, 0, 0, 0, 0, 0], [2, 1, 5, 20, 0, 0, 0, 0, 0, 0, 0, 0, 0, 0], [0, 0, 0, 3, 230, 0, 0, 0, 2, 0, 0, 0, 0, 0], [0, 1, 0, 1, 1, 0, 0, 0, 0, 0, 0, 0, 0, 0], [0, 0, 0, 0, 1, 0, 1, 0, 0, 0, 0, 0, 0, 0], [0, 2, 0, 0, 0, 0, 0, 2, 0, 0, 0, 0, 0, 0], [0, 0, 0, 0, 2, 0, 0, 0, 10, 1, 1, 2, 1, 0], [0, 0, 1, 0, 1, 0, 0, 0, 1, 3, 0, 1, 0, 0], [0, 0, 0, 0, 3, 0, 1, 0, 0, 0, 1, 0, 1, 0], [0, 0, 0, 0, 1, 0, 0, 1, 3, 0, 0, 1, 0, 0], [0, 0, 0, 0, 0, 0, 0, 0, 1, 0, 0, 0, 8, 0], [0, 0, 0, 0, 1, 0, 0, 0, 0, 0, 0, 0, 0, 0]]"
source_expansion_Faces_to_PetImages_to_GarbageDataset,hoeffding_tree,adwin,0.75,6,206042,0.23816694212333564,0.20576751600206106,0.16479146264723754,0.515,0.23816694212333564,0.20576751600206106,0.16479146264723754,0.76,0.37,0.714,0.18472251197009001,0.18996495329099947,0.17292627243397637,0.76,0.71,5.0,"[[309, 4, 0, 0, 2, 0, 1, 0, 0, 1, 0, 0, 0, 0], [94, 5, 0, 0, 0, 6, 0, 2, 0, 0, 0, 0, 0, 0], [94, 1, 142, 2, 2, 4, 0, 12, 0, 0, 0, 0, 0, 1], [6, 10, 4, 3, 0, 3, 0, 1, 0, 1, 0, 0, 0, 0], [2, 2, 1, 0, 53, 85, 9, 36, 1, 10, 0, 0, 0, 36], [0, 0, 0, 0, 0, 1, 0, 1, 0, 0, 0, 0, 0, 1], [0, 0, 0, 0, 0, 0, 1, 0, 0, 1, 0, 0, 0, 0], [2, 1, 0, 0, 0, 1, 0, 0, 0, 0, 0, 0, 0, 0], [0, 3, 0, 0, 0, 7, 0, 3, 0, 0, 0, 0, 0, 4], [0, 2, 0, 0, 3, 0, 0, 0, 0, 1, 0, 0, 0, 1], [0, 0, 0, 0, 1, 1, 1, 1, 0, 1, 0, 0, 0, 1], [2, 1, 0, 0, 0, 1, 0, 1, 0, 0, 0, 0, 0, 1], [0, 4, 0, 0, 0, 1, 0, 1, 0, 1, 0, 0, 0, 2], [0, 0, 0, 0, 1, 0, 0, 0, 0, 0, 0, 0, 0, 0]]","[[287, 4, 24, 0, 2, 0, 0, 0, 0, 0, 0, 0, 0, 0], [78, 3, 18, 0, 8, 0, 0, 0, 0, 0, 0, 0, 0, 0], [43, 0, 206, 0, 9, 0, 0, 0, 0, 0, 0, 0, 0, 0], [3, 0, 21, 0, 4, 0, 0, 0, 0, 0, 0, 0, 0, 0], [3, 0, 14, 0, 218, 0, 0, 0, 0, 0, 0, 0, 0, 0], [0, 0, 0, 0, 3, 0, 0, 0, 0, 0, 0, 0, 0, 0], [0, 0, 0, 0, 2, 0, 0, 0, 0, 0, 0, 0, 0, 0], [0, 0, 1, 0, 3, 0, 0, 0, 0, 0, 0, 0, 0, 0], [0, 0, 1, 0, 16, 0, 0, 0, 0, 0, 0, 0, 0, 0], [0, 0, 0, 0, 7, 0, 0, 0, 0, 0, 0, 0, 0, 0], [0, 0, 0, 0, 6, 0, 0, 0, 0, 0, 0, 0, 0, 0], [0, 0, 1, 0, 5, 0, 0, 0, 0, 0, 0, 0, 0, 0], [0, 0, 0, 0, 9, 0, 0, 0, 0, 0, 0, 0, 0, 0], [0, 0, 0, 0, 1, 0, 0, 0, 0, 0, 0, 0, 0, 0]]"
source_expansion_Faces_to_PetImages_to_GarbageDataset,gaussian_nb,adwin,0.75,6,206042,0.3378863234164193,0.3191851636796796,0.31991781308381617,0.779,0.3378863234164193,0.3191851636796796,0.31991781308381617,0.74,0.76,0.769,0.33338545595115854,0.30344173144352216,0.30985982165492015,0.74,0.77,1.0,"[[252, 65, 0, 0, 0, 0, 0, 0, 0, 0, 0, 0, 0, 0], [76, 31, 0, 0, 0, 0, 0, 0, 0, 0, 0, 0, 0, 0], [1, 7, 243, 7, 0, 0, 0, 0, 0, 0, 0, 0, 0, 0], [0, 6, 1, 21, 0, 0, 0, 0, 0, 0, 0, 0, 0, 0], [3, 6, 1, 2, 221, 0, 0, 0, 2, 0, 0, 0, 0, 0], [0, 2, 0, 1, 0, 0, 0, 0, 0, 0, 0, 0, 0, 0], [0, 1, 0, 0, 1, 0, 0, 0, 0, 0, 0, 0, 0, 0], [2, 2, 0, 0, 0, 0, 0, 0, 0, 0, 0, 0, 0, 0], [2, 3, 0, 1, 2, 0, 0, 0, 9, 0, 0, 0, 0, 0], [0, 2, 0, 0, 1, 0, 0, 0, 4, 0, 0, 0, 0, 0], [1, 2, 0, 0, 2, 0, 0, 0, 0, 0, 0, 0, 1, 0], [0, 1, 0, 0, 1, 0, 0, 0, 4, 0, 0, 0, 0, 0], [1, 6, 0, 0, 0, 0, 0, 0, 0, 0, 0, 0, 2, 0], [0, 0, 0, 0, 1, 0, 0, 0, 0, 0, 0, 0, 0, 0]]","[[245, 67, 5, 0, 0, 0, 0, 0, 0, 0, 0, 0, 0, 0], [74, 32, 1, 0, 0, 0, 0, 0, 0, 0, 0, 0, 0, 0], [1, 5, 248, 4, 0, 0, 0, 0, 0, 0, 0, 0, 0, 0], [0, 5, 8, 15, 0, 0, 0, 0, 0, 0, 0, 0, 0, 0], [0, 0, 13, 2, 218, 0, 0, 0, 2, 0, 0, 0, 0, 0], [0, 0, 1, 2, 0, 0, 0, 0, 0, 0, 0, 0, 0, 0], [0, 0, 1, 0, 1, 0, 0, 0, 0, 0, 0, 0, 0, 0], [0, 1, 2, 1, 0, 0, 0, 0, 0, 0, 0, 0, 0, 0], [0, 0, 5, 0, 3, 0, 0, 0, 9, 0, 0, 0, 0, 0], [0, 0, 4, 0, 1, 0, 0, 0, 2, 0, 0, 0, 0, 0], [0, 0, 3, 0, 2, 0, 0, 0, 0, 0, 0, 0, 1, 0], [0, 0, 1, 0, 1, 0, 0, 0, 4, 0, 0, 0, 0, 0], [0, 0, 7, 0, 0, 0, 0, 0, 0, 0, 0, 0, 2, 0], [0, 0, 0, 0, 1, 0, 0, 0, 0, 0, 0, 0, 0, 0]]"
source_expansion_Faces_to_PetImages_to_GarbageDataset,logistic_regression,page_hinkley,0.75,6,206042,0.5179304247107402,0.4577328584765318,0.4743334685043076,0.78,0.5179304247107402,0.4577328584765318,0.4743334685043076,0.63,0.88,0.773,0.6092229832434347,0.5397335749228439,0.5482900945113773,0.63,0.88,1.0,"[[207, 103, 2, 5, 0, 0, 0, 0, 0, 0, 0, 0, 0, 0], [55, 46, 0, 6, 0, 0, 0, 0, 0, 0, 0, 0, 0, 0], [1, 0, 253, 4, 0, 0, 0, 0, 0, 0, 0, 0, 0, 0], [1, 0, 7, 20, 0, 0, 0, 0, 0, 0, 0, 0, 0, 0], [0, 0, 0, 2, 230, 0, 0, 0, 3, 0, 0, 0, 0, 0], [0, 1, 0, 1, 1, 0, 0, 0, 0, 0, 0, 0, 0, 0], [0, 0, 0, 0, 1, 0, 0, 0, 0, 0, 1, 0, 0, 0], [1, 1, 0, 0, 0, 0, 0, 2, 0, 0, 0, 0, 0, 0], [0, 0, 2, 0, 1, 0, 0, 0, 10, 2, 0, 1, 1, 0], [0, 0, 0, 0, 3, 0, 0, 0, 0, 2, 0, 1, 1, 0], [0, 0, 0, 0, 4, 0, 0, 0, 0, 0, 2, 0, 0, 0], [0, 0, 0, 0, 2, 0, 0, 0, 2, 0, 1, 1, 0, 0], [0, 1, 0, 0, 0, 0, 0, 0, 1, 0, 0, 0, 7, 0], [0, 0, 0, 0, 1, 0, 0, 0, 0, 0, 0, 0, 0, 0]]","[[206, 104, 2, 5, 0, 0, 0, 0, 0, 0, 0, 0, 0, 0], [56, 48, 0, 3, 0, 0, 0, 0, 0, 0, 0, 0, 0, 0], [3, 2, 241, 12, 0, 0, 0, 0, 0, 0, 0, 0, 0, 0], [2, 0, 4, 22, 0, 0, 0, 0, 0, 0, 0, 0, 0, 0], [0, 0, 0, 3, 229, 0, 0, 0, 3, 0, 0, 0, 0, 0], [0, 0, 0, 0, 1, 1, 0, 0, 0, 0, 0, 0, 0, 1], [0, 0, 0, 0, 1, 0, 1, 0, 0, 0, 0, 0, 0, 0], [0, 1, 0, 0, 0, 0, 0, 3, 0, 0, 0, 0, 0, 0], [0, 0, 0, 1, 2, 0, 0, 0, 9, 1, 1, 2, 1, 0], [0, 0, 0, 0, 2, 0, 0, 0, 0, 3, 0, 1, 1, 0], [0, 0, 0, 0, 3, 0, 1, 0, 0, 0, 1, 0, 1, 0], [0, 0, 0, 0, 1, 0, 0, 1, 3, 0, 0, 1, 0, 0], [0, 0, 0, 0, 0, 0, 0, 0, 1, 0, 0, 0, 8, 0], [0, 0, 0, 0, 1, 0, 0, 0, 0, 0, 0, 0, 0, 0]]"
source_expansion_Faces_to_PetImages_to_GarbageDataset,hoeffding_tree,page_hinkley,0.75,6,206042,0.23816694212333564,0.20576751600206106,0.16479146264723754,0.515,0.23816694212333564,0.20576751600206106,0.16479146264723754,0.76,0.37,0.711,0.17829774986134656,0.18923744491548286,0.17422255626480979,0.76,0.7,5.0,"[[309, 4, 0, 0, 2, 0, 1, 0, 0, 1, 0, 0, 0, 0], [94, 5, 0, 0, 0, 6, 0, 2, 0, 0, 0, 0, 0, 0], [94, 1, 142, 2, 2, 4, 0, 12, 0, 0, 0, 0, 0, 1], [6, 10, 4, 3, 0, 3, 0, 1, 0, 1, 0, 0, 0, 0], [2, 2, 1, 0, 53, 85, 9, 36, 1, 10, 0, 0, 0, 36], [0, 0, 0, 0, 0, 1, 0, 1, 0, 0, 0, 0, 0, 1], [0, 0, 0, 0, 0, 0, 1, 0, 0, 1, 0, 0, 0, 0], [2, 1, 0, 0, 0, 1, 0, 0, 0, 0, 0, 0, 0, 0], [0, 3, 0, 0, 0, 7, 0, 3, 0, 0, 0, 0, 0, 4], [0, 2, 0, 0, 3, 0, 0, 0, 0, 1, 0, 0, 0, 1], [0, 0, 0, 0, 1, 1, 1, 1, 0, 1, 0, 0, 0, 1], [2, 1, 0, 0, 0, 1, 0, 1, 0, 0, 0, 0, 0, 1], [0, 4, 0, 0, 0, 1, 0, 1, 0, 1, 0, 0, 0, 2], [0, 0, 0, 0, 1, 0, 0, 0, 0, 0, 0, 0, 0, 0]]","[[285, 4, 22, 4, 2, 0, 0, 0, 0, 0, 0, 0, 0, 0], [76, 3, 18, 2, 8, 0, 0, 0, 0, 0, 0, 0, 0, 0], [27, 1, 205, 14, 11, 0, 0, 0, 0, 0, 0, 0, 0, 0], [3, 0, 21, 0, 4, 0, 0, 0, 0, 0, 0, 0, 0, 0], [1, 2, 13, 0, 218, 0, 0, 1, 0, 0, 0, 0, 0, 0], [0, 0, 0, 0, 3, 0, 0, 0, 0, 0, 0, 0, 0, 0], [0, 0, 0, 0, 2, 0, 0, 0, 0, 0, 0, 0, 0, 0], [0, 0, 1, 0, 2, 0, 0, 0, 0, 1, 0, 0, 0, 0], [0, 0, 1, 0, 16, 0, 0, 0, 0, 0, 0, 0, 0, 0], [1, 0, 0, 0, 6, 0, 0, 0, 0, 0, 0, 0, 0, 0], [0, 0, 0, 0, 6, 0, 0, 0, 0, 0, 0, 0, 0, 0], [0, 0, 1, 0, 5, 0, 0, 0, 0, 0, 0, 0, 0, 0], [0, 0, 0, 0, 9, 0, 0, 0, 0, 0, 0, 0, 0, 0], [0, 0, 0, 0, 1, 0, 0, 0, 0, 0, 0, 0, 0, 0]]"
source_expansion_Faces_to_PetImages_to_GarbageDataset,gaussian_nb,page_hinkley,0.75,6,206042,0.3378863234164193,0.3191851636796796,0.31991781308381617,0.779,0.3378863234164193,0.3191851636796796,0.31991781308381617,0.74,0.76,0.795,0.3356064402098693,0.3280839636316533,0.32222875730688555,0.74,0.8,1.0,"[[252, 65, 0, 0, 0, 0, 0, 0, 0, 0, 0, 0, 0, 0], [76, 31, 0, 0, 0, 0, 0, 0, 0, 0, 0, 0, 0, 0], [1, 7, 243, 7, 0, 0, 0, 0, 0, 0, 0, 0, 0, 0], [0, 6, 1, 21, 0, 0, 0, 0, 0, 0, 0, 0, 0, 0], [3, 6, 1, 2, 221, 0, 0, 0, 2, 0, 0, 0, 0, 0], [0, 2, 0, 1, 0, 0, 0, 0, 0, 0, 0, 0, 0, 0], [0, 1, 0, 0, 1, 0, 0, 0, 0, 0, 0, 0, 0, 0], [2, 2, 0, 0, 0, 0, 0, 0, 0, 0, 0, 0, 0, 0], [2, 3, 0, 1, 2, 0, 0, 0, 9, 0, 0, 0, 0, 0], [0, 2, 0, 0, 1, 0, 0, 0, 4, 0, 0, 0, 0, 0], [1, 2, 0, 0, 2, 0, 0, 0, 0, 0, 0, 0, 1, 0], [0, 1, 0, 0, 1, 0, 0, 0, 4, 0, 0, 0, 0, 0], [1, 6, 0, 0, 0, 0, 0, 0, 0, 0, 0, 0, 2, 0], [0, 0, 0, 0, 1, 0, 0, 0, 0, 0, 0, 0, 0, 0]]","[[257, 60, 0, 0, 0, 0, 0, 0, 0, 0, 0, 0, 0, 0], [70, 37, 0, 0, 0, 0, 0, 0, 0, 0, 0, 0, 0, 0], [6, 4, 243, 5, 0, 0, 0, 0, 0, 0, 0, 0, 0, 0], [3, 1, 2, 22, 0, 0, 0, 0, 0, 0, 0, 0, 0, 0], [0, 0, 2, 6, 225, 0, 0, 0, 2, 0, 0, 0, 0, 0], [1, 0, 0, 2, 0, 0, 0, 0, 0, 0, 0, 0, 0, 0], [0, 0, 1, 0, 1, 0, 0, 0, 0, 0, 0, 0, 0, 0], [2, 1, 0, 1, 0, 0, 0, 0, 0, 0, 0, 0, 0, 0], [0, 0, 4, 1, 3, 0, 0, 0, 9, 0, 0, 0, 0, 0], [0, 0, 2, 0, 1, 0, 0, 0, 4, 0, 0, 0, 0, 0], [0, 0, 1, 0, 4, 0, 0, 0, 0, 0, 0, 0, 1, 0], [0, 0, 0, 1, 1, 0, 0, 0, 4, 0, 0, 0, 0, 0], [2, 0, 3, 2, 0, 0, 0, 0, 0, 0, 0, 0, 2, 0], [0, 0, 0, 0, 1, 0, 0, 0, 0, 0, 0, 0, 0, 0]]"
source_expansion_Faces_to_PetImages_to_GarbageDataset,logistic_regression,hddm_w,0.75,6,206042,0.5179304247107402,0.4577328584765318,0.4743334685043076,0.78,0.5179304247107402,0.4577328584765318,0.4743334685043076,0.63,0.88,0.771,0.5958621277561263,0.5332238255458721,0.549246847438625,0.63,0.86,1.0,"[[207, 103, 2, 5, 0, 0, 0, 0, 0, 0, 0, 0, 0, 0], [55, 46, 0, 6, 0, 0, 0, 0, 0, 0, 0, 0, 0, 0], [1, 0, 253, 4, 0, 0, 0, 0, 0, 0, 0, 0, 0, 0], [1, 0, 7, 20, 0, 0, 0, 0, 0, 0, 0, 0, 0, 0], [0, 0, 0, 2, 230, 0, 0, 0, 3, 0, 0, 0, 0, 0], [0, 1, 0, 1, 1, 0, 0, 0, 0, 0, 0, 0, 0, 0], [0, 0, 0, 0, 1, 0, 0, 0, 0, 0, 1, 0, 0, 0], [1, 1, 0, 0, 0, 0, 0, 2, 0, 0, 0, 0, 0, 0], [0, 0, 2, 0, 1, 0, 0, 0, 10, 2, 0, 1, 1, 0], [0, 0, 0, 0, 3, 0, 0, 0, 0, 2, 0, 1, 1, 0], [0, 0, 0, 0, 4, 0, 0, 0, 0, 0, 2, 0, 0, 0], [0, 0, 0, 0, 2, 0, 0, 0, 2, 0, 1, 1, 0, 0], [0, 1, 0, 0, 0, 0, 0, 0, 1, 0, 0, 0, 7, 0], [0, 0, 0, 0, 1, 0, 0, 0, 0, 0, 0, 0, 0, 0]]","[[193, 115, 4, 5, 0, 0, 0, 0, 0, 0, 0, 0, 0, 0], [56, 48, 0, 3, 0, 0, 0, 0, 0, 0, 0, 0, 0, 0], [0, 0, 253, 4, 0, 1, 0, 0, 0, 0, 0, 0, 0, 0], [1, 0, 7, 20, 0, 0, 0, 0, 0, 0, 0, 0, 0, 0], [0, 0, 0, 3, 229, 0, 0, 0, 3, 0, 0, 0, 0, 0], [0, 0, 0, 0, 1, 1, 0, 0, 0, 0, 0, 0, 0, 1], [0, 0, 0, 0, 1, 0, 1, 0, 0, 0, 0, 0, 0, 0], [0, 1, 0, 0, 0, 0, 0, 3, 0, 0, 0, 0, 0, 0], [0, 0, 1, 0, 2, 0, 0, 0, 11, 2, 0, 1, 0, 0], [0, 0, 0, 0, 3, 0, 0, 0, 0, 2, 0, 1, 1, 0], [0, 0, 0, 0, 3, 0, 1, 0, 0, 0, 1, 0, 1, 0], [0, 0, 0, 0, 2, 0, 0, 0, 2, 0, 1, 1, 0, 0], [0, 0, 0, 1, 0, 0, 0, 0, 0, 0, 0, 0, 8, 0], [0, 0, 0, 0, 1, 0, 0, 0, 0, 0, 0, 0, 0, 0]]"
source_expansion_Faces_to_PetImages_to_GarbageDataset,hoeffding_tree,hddm_w,0.75,6,206042,0.23816694212333564,0.20576751600206106,0.16479146264723754,0.515,0.23816694212333564,0.20576751600206106,0.16479146264723754,0.76,0.37,0.732,0.20865958559444855,0.20770053887010473,0.1971611805477471,0.76,0.71,3.0,"[[309, 4, 0, 0, 2, 0, 1, 0, 0, 1, 0, 0, 0, 0], [94, 5, 0, 0, 0, 6, 0, 2, 0, 0, 0, 0, 0, 0], [94, 1, 142, 2, 2, 4, 0, 12, 0, 0, 0, 0, 0, 1], [6, 10, 4, 3, 0, 3, 0, 1, 0, 1, 0, 0, 0, 0], [2, 2, 1, 0, 53, 85, 9, 36, 1, 10, 0, 0, 0, 36], [0, 0, 0, 0, 0, 1, 0, 1, 0, 0, 0, 0, 0, 1], [0, 0, 0, 0, 0, 0, 1, 0, 0, 1, 0, 0, 0, 0], [2, 1, 0, 0, 0, 1, 0, 0, 0, 0, 0, 0, 0, 0], [0, 3, 0, 0, 0, 7, 0, 3, 0, 0, 0, 0, 0, 4], [0, 2, 0, 0, 3, 0, 0, 0, 0, 1, 0, 0, 0, 1], [0, 0, 0, 0, 1, 1, 1, 1, 0, 1, 0, 0, 0, 1], [2, 1, 0, 0, 0, 1, 0, 1, 0, 0, 0, 0, 0, 1], [0, 4, 0, 0, 0, 1, 0, 1, 0, 1, 0, 0, 0, 2], [0, 0, 0, 0, 1, 0, 0, 0, 0, 0, 0, 0, 0, 0]]","[[296, 8, 5, 4, 4, 0, 0, 0, 0, 0, 0, 0, 0, 0], [87, 8, 3, 2, 7, 0, 0, 0, 0, 0, 0, 0, 0, 0], [23, 0, 209, 15, 10, 0, 0, 1, 0, 0, 0, 0, 0, 0], [3, 1, 15, 5, 4, 0, 0, 0, 0, 0, 0, 0, 0, 0], [0, 0, 19, 0, 214, 0, 0, 1, 1, 0, 0, 0, 0, 0], [0, 0, 0, 0, 3, 0, 0, 0, 0, 0, 0, 0, 0, 0], [0, 0, 0, 0, 2, 0, 0, 0, 0, 0, 0, 0, 0, 0], [0, 1, 0, 0, 3, 0, 0, 0, 0, 0, 0, 0, 0, 0], [0, 0, 2, 0, 15, 0, 0, 0, 0, 0, 0, 0, 0, 0], [0, 0, 0, 0, 7, 0, 0, 0, 0, 0, 0, 0, 0, 0], [0, 0, 0, 0, 6, 0, 0, 0, 0, 0, 0, 0, 0, 0], [0, 0, 1, 0, 5, 0, 0, 0, 0, 0, 0, 0, 0, 0], [0, 0, 0, 0, 9, 0, 0, 0, 0, 0, 0, 0, 0, 0], [0, 0, 0, 0, 1, 0, 0, 0, 0, 0, 0, 0, 0, 0]]"
source_expansion_Faces_to_PetImages_to_GarbageDataset,gaussian_nb,hddm_w,0.75,6,206042,0.3378863234164193,0.3191851636796796,0.31991781308381617,0.779,0.3378863234164193,0.3191851636796796,0.31991781308381617,0.74,0.76,0.78,0.3349764415981995,0.31587265025483974,0.3165901911520547,0.74,0.77,1.0,"[[252, 65, 0, 0, 0, 0, 0, 0, 0, 0, 0, 0, 0, 0], [76, 31, 0, 0, 0, 0, 0, 0, 0, 0, 0, 0, 0, 0], [1, 7, 243, 7, 0, 0, 0, 0, 0, 0, 0, 0, 0, 0], [0, 6, 1, 21, 0, 0, 0, 0, 0, 0, 0, 0, 0, 0], [3, 6, 1, 2, 221, 0, 0, 0, 2, 0, 0, 0, 0, 0], [0, 2, 0, 1, 0, 0, 0, 0, 0, 0, 0, 0, 0, 0], [0, 1, 0, 0, 1, 0, 0, 0, 0, 0, 0, 0, 0, 0], [2, 2, 0, 0, 0, 0, 0, 0, 0, 0, 0, 0, 0, 0], [2, 3, 0, 1, 2, 0, 0, 0, 9, 0, 0, 0, 0, 0], [0, 2, 0, 0, 1, 0, 0, 0, 4, 0, 0, 0, 0, 0], [1, 2, 0, 0, 2, 0, 0, 0, 0, 0, 0, 0, 1, 0], [0, 1, 0, 0, 1, 0, 0, 0, 4, 0, 0, 0, 0, 0], [1, 6, 0, 0, 0, 0, 0, 0, 0, 0, 0, 0, 2, 0], [0, 0, 0, 0, 1, 0, 0, 0, 0, 0, 0, 0, 0, 0]]","[[261, 56, 0, 0, 0, 0, 0, 0, 0, 0, 0, 0, 0, 0], [84, 23, 0, 0, 0, 0, 0, 0, 0, 0, 0, 0, 0, 0], [3, 5, 243, 7, 0, 0, 0, 0, 0, 0, 0, 0, 0, 0], [3, 2, 2, 21, 0, 0, 0, 0, 0, 0, 0, 0, 0, 0], [6, 3, 0, 3, 221, 0, 0, 0, 2, 0, 0, 0, 0, 0], [2, 0, 0, 1, 0, 0, 0, 0, 0, 0, 0, 0, 0, 0], [1, 0, 0, 0, 1, 0, 0, 0, 0, 0, 0, 0, 0, 0], [3, 1, 0, 0, 0, 0, 0, 0, 0, 0, 0, 0, 0, 0], [6, 0, 0, 0, 2, 0, 0, 0, 9, 0, 0, 0, 0, 0], [1, 0, 1, 0, 1, 0, 0, 0, 4, 0, 0, 0, 0, 0], [3, 1, 0, 0, 1, 0, 0, 0, 0, 0, 0, 0, 1, 0], [0, 1, 0, 0, 1, 0, 0, 0, 4, 0, 0, 0, 0, 0], [6, 1, 0, 0, 0, 0, 0, 0, 0, 0, 0, 0, 2, 0], [0, 0, 0, 0, 1, 0, 0, 0, 0, 0, 0, 0, 0, 0]]"
source_expansion_Faces_to_PetImages_to_GarbageDataset,logistic_regression,kswin,0.75,7,207042,0.5110795294965705,0.49082130968820586,0.49549722884048586,0.787,0.5110795294965705,0.49082130968820586,0.49549722884048586,0.5800000000000001,0.86,0.787,0.5110795294965705,0.49082130968820586,0.49549722884048586,0.5800000000000001,0.86,0.0,"[[155, 86, 5, 1, 0, 0, 0, 0, 0, 0, 0, 0, 0, 0], [48, 60, 3, 2, 0, 0, 0, 0, 2, 0, 0, 0, 0, 0], [1, 1, 250, 4, 0, 0, 0, 0, 0, 0, 0, 0, 0, 0], [1, 0, 6, 24, 1, 0, 0, 0, 1, 0, 0, 0, 0, 0], [0, 0, 1, 2, 273, 0, 1, 0, 1, 0, 0, 1, 0, 0], [0, 0, 0, 0, 0, 3, 0, 0, 0, 1, 1, 0, 0, 1], [0, 0, 0, 0, 5, 1, 4, 0, 0, 1, 0, 0, 0, 1], [0, 0, 0, 0, 1, 1, 0, 1, 0, 0, 0, 0, 0, 0], [0, 0, 0, 0, 1, 0, 0, 0, 6, 0, 0, 4, 0, 0], [0, 0, 0, 0, 1, 0, 0, 0, 0, 1, 0, 2, 1, 0], [0, 0, 0, 0, 1, 0, 3, 0, 0, 0, 0, 1, 0, 1], [0, 0, 0, 0, 3, 0, 0, 0, 4, 0, 0, 1, 2, 0], [0, 0, 1, 0, 0, 1, 0, 0, 0, 0, 0, 0, 7, 0], [0, 1, 0, 0, 2, 0, 0, 1, 0, 1, 0, 1, 0, 2]]","[[155, 86, 5, 1, 0, 0, 0, 0, 0, 0, 0, 0, 0, 0], [48, 60, 3, 2, 0, 0, 0, 0, 2, 0, 0, 0, 0, 0], [1, 1, 250, 4, 0, 0, 0, 0, 0, 0, 0, 0, 0, 0], [1, 0, 6, 24, 1, 0, 0, 0, 1, 0, 0, 0, 0, 0], [0, 0, 1, 2, 273, 0, 1, 0, 1, 0, 0, 1, 0, 0], [0, 0, 0, 0, 0, 3, 0, 0, 0, 1, 1, 0, 0, 1], [0, 0, 0, 0, 5, 1, 4, 0, 0, 1, 0, 0, 0, 1], [0, 0, 0, 0, 1, 1, 0, 1, 0, 0, 0, 0, 0, 0], [0, 0, 0, 0, 1, 0, 0, 0, 6, 0, 0, 4, 0, 0], [0, 0, 0, 0, 1, 0, 0, 0, 0, 1, 0, 2, 1, 0], [0, 0, 0, 0, 1, 0, 3, 0, 0, 0, 0, 1, 0, 1], [0, 0, 0, 0, 3, 0, 0, 0, 4, 0, 0, 1, 2, 0], [0, 0, 1, 0, 0, 1, 0, 0, 0, 0, 0, 0, 7, 0], [0, 1, 0, 0, 2, 0, 0, 1, 0, 1, 0, 1, 0, 2]]"
source_expansion_Faces_to_PetImages_to_GarbageDataset,hoeffding_tree,kswin,0.75,7,207042,0.26398915606856915,0.226891807465718,0.20765112171486094,0.53,0.26398915606856915,0.226891807465718,0.20765112171486094,0.74,0.72,0.661,0.1425443053108387,0.18075176244478028,0.15936721952550445,0.74,0.69,5.0,"[[233, 8, 0, 0, 0, 0, 2, 0, 1, 1, 0, 2, 0, 0], [88, 15, 0, 0, 0, 0, 0, 0, 2, 4, 2, 2, 0, 2], [55, 1, 151, 3, 0, 0, 1, 1, 9, 2, 2, 17, 2, 12], [13, 2, 5, 7, 0, 0, 3, 0, 0, 0, 0, 0, 1, 2], [1, 5, 1, 0, 119, 12, 23, 8, 8, 41, 23, 10, 3, 25], [1, 3, 0, 0, 0, 1, 0, 0, 0, 0, 1, 0, 0, 0], [3, 0, 0, 0, 3, 0, 1, 0, 0, 3, 1, 0, 1, 0], [1, 0, 0, 0, 0, 0, 1, 1, 0, 0, 0, 0, 0, 0], [6, 2, 0, 0, 0, 0, 0, 0, 1, 0, 0, 1, 0, 1], [2, 0, 0, 1, 0, 1, 0, 0, 0, 1, 0, 0, 0, 0], [3, 0, 1, 0, 1, 0, 0, 0, 0, 1, 0, 0, 0, 0], [3, 1, 0, 1, 0, 0, 0, 0, 2, 1, 0, 0, 1, 1], [5, 1, 0, 0, 0, 0, 0, 1, 0, 0, 1, 0, 0, 1], [3, 1, 0, 0, 1, 0, 1, 0, 1, 0, 1, 0, 0, 0]]","[[206, 2, 31, 0, 7, 0, 0, 1, 0, 0, 0, 0, 0, 0], [70, 0, 33, 0, 12, 0, 0, 0, 0, 0, 0, 0, 0, 0], [26, 1, 204, 0, 25, 0, 0, 0, 0, 0, 0, 0, 0, 0], [5, 0, 19, 0, 9, 0, 0, 0, 0, 0, 0, 0, 0, 0], [2, 2, 23, 0, 251, 0, 0, 0, 0, 0, 1, 0, 0, 0], [0, 0, 0, 0, 6, 0, 0, 0, 0, 0, 0, 0, 0, 0], [0, 0, 0, 0, 12, 0, 0, 0, 0, 0, 0, 0, 0, 0], [1, 0, 0, 0, 2, 0, 0, 0, 0, 0, 0, 0, 0, 0], [0, 0, 3, 0, 8, 0, 0, 0, 0, 0, 0, 0, 0, 0], [0, 0, 0, 0, 5, 0, 0, 0, 0, 0, 0, 0, 0, 0], [1, 0, 0, 0, 5, 0, 0, 0, 0, 0, 0, 0, 0, 0], [0, 0, 2, 0, 8, 0, 0, 0, 0, 0, 0, 0, 0, 0], [0, 0, 0, 0, 8, 0, 0, 0, 0, 0, 1, 0, 0, 0], [0, 0, 1, 0, 7, 0, 0, 0, 0, 0, 0, 0, 0, 0]]"
source_expansion_Faces_to_PetImages_to_GarbageDataset,gaussian_nb,kswin,0.75,7,207042,0.44173257910918223,0.3569419232800654,0.3770469446454375,0.787,0.44173257910918223,0.3569419232800654,0.3770469446454375,0.6699999999999999,0.79,0.787,0.44173257910918223,0.3569419232800654,0.3770469446454375,0.6699999999999999,0.79,0.0,"[[201, 46, 0, 0, 0, 0, 0, 0, 0, 0, 0, 0, 0, 0], [68, 47, 0, 0, 0, 0, 0, 0, 0, 0, 0, 0, 0, 0], [6, 5, 236, 9, 0, 0, 0, 0, 0, 0, 0, 0, 0, 0], [2, 1, 4, 26, 0, 0, 0, 0, 0, 0, 0, 0, 0, 0], [4, 7, 1, 2, 265, 0, 0, 0, 0, 0, 0, 0, 0, 0], [2, 4, 0, 0, 0, 0, 0, 0, 0, 0, 0, 0, 0, 0], [4, 1, 0, 0, 1, 0, 6, 0, 0, 0, 0, 0, 0, 0], [3, 0, 0, 0, 0, 0, 0, 0, 0, 0, 0, 0, 0, 0], [2, 3, 0, 0, 1, 0, 1, 0, 2, 0, 0, 1, 0, 1], [2, 0, 0, 0, 1, 0, 0, 0, 0, 0, 0, 2, 0, 0], [4, 0, 0, 0, 1, 0, 1, 0, 0, 0, 0, 0, 0, 0], [3, 0, 0, 1, 3, 0, 0, 0, 2, 0, 0, 1, 0, 0], [5, 1, 0, 0, 0, 0, 0, 0, 0, 0, 0, 0, 3, 0], [4, 2, 0, 0, 1, 0, 0, 0, 0, 0, 1, 0, 0, 0]]","[[201, 46, 0, 0, 0, 0, 0, 0, 0, 0, 0, 0, 0, 0], [68, 47, 0, 0, 0, 0, 0, 0, 0, 0, 0, 0, 0, 0], [6, 5, 236, 9, 0, 0, 0, 0, 0, 0, 0, 0, 0, 0], [2, 1, 4, 26, 0, 0, 0, 0, 0, 0, 0, 0, 0, 0], [4, 7, 1, 2, 265, 0, 0, 0, 0, 0, 0, 0, 0, 0], [2, 4, 0, 0, 0, 0, 0, 0, 0, 0, 0, 0, 0, 0], [4, 1, 0, 0, 1, 0, 6, 0, 0, 0, 0, 0, 0, 0], [3, 0, 0, 0, 0, 0, 0, 0, 0, 0, 0, 0, 0, 0], [2, 3, 0, 0, 1, 0, 1, 0, 2, 0, 0, 1, 0, 1], [2, 0, 0, 0, 1, 0, 0, 0, 0, 0, 0, 2, 0, 0], [4, 0, 0, 0, 1, 0, 1, 0, 0, 0, 0, 0, 0, 0], [3, 0, 0, 1, 3, 0, 0, 0, 2, 0, 0, 1, 0, 0], [5, 1, 0, 0, 0, 0, 0, 0, 0, 0, 0, 0, 3, 0], [4, 2, 0, 0, 1, 0, 0, 0, 0, 0, 1, 0, 0, 0]]"
source_expansion_Faces_to_PetImages_to_GarbageDataset,logistic_regression,adwin,0.75,7,207042,0.5110795294965705,0.49082130968820586,0.49549722884048586,0.787,0.5110795294965705,0.49082130968820586,0.49549722884048586,0.5800000000000001,0.86,0.774,0.5509406661150003,0.48397715716595696,0.49913077670186107,0.5800000000000001,0.86,1.0,"[[155, 86, 5, 1, 0, 0, 0, 0, 0, 0, 0, 0, 0, 0], [48, 60, 3, 2, 0, 0, 0, 0, 2, 0, 0, 0, 0, 0], [1, 1, 250, 4, 0, 0, 0, 0, 0, 0, 0, 0, 0, 0], [1, 0, 6, 24, 1, 0, 0, 0, 1, 0, 0, 0, 0, 0], [0, 0, 1, 2, 273, 0, 1, 0, 1, 0, 0, 1, 0, 0], [0, 0, 0, 0, 0, 3, 0, 0, 0, 1, 1, 0, 0, 1], [0, 0, 0, 0, 5, 1, 4, 0, 0, 1, 0, 0, 0, 1], [0, 0, 0, 0, 1, 1, 0, 1, 0, 0, 0, 0, 0, 0], [0, 0, 0, 0, 1, 0, 0, 0, 6, 0, 0, 4, 0, 0], [0, 0, 0, 0, 1, 0, 0, 0, 0, 1, 0, 2, 1, 0], [0, 0, 0, 0, 1, 0, 3, 0, 0, 0, 0, 1, 0, 1], [0, 0, 0, 0, 3, 0, 0, 0, 4, 0, 0, 1, 2, 0], [0, 0, 1, 0, 0, 1, 0, 0, 0, 0, 0, 0, 7, 0], [0, 1, 0, 0, 2, 0, 0, 1, 0, 1, 0, 1, 0, 2]]","[[147, 93, 6, 1, 0, 0, 0, 0, 0, 0, 0, 0, 0, 0], [41, 69, 3, 2, 0, 0, 0, 0, 0, 0, 0, 0, 0, 0], [3, 3, 237, 13, 0, 0, 0, 0, 0, 0, 0, 0, 0, 0], [2, 0, 6, 24, 0, 0, 0, 0, 1, 0, 0, 0, 0, 0], [0, 0, 1, 2, 273, 0, 0, 0, 1, 0, 1, 1, 0, 0], [0, 0, 1, 0, 0, 3, 0, 0, 0, 0, 0, 0, 0, 2], [0, 0, 0, 0, 5, 0, 4, 0, 0, 1, 0, 0, 0, 2], [0, 0, 0, 0, 0, 1, 1, 1, 0, 0, 0, 0, 0, 0], [0, 0, 0, 0, 1, 0, 0, 0, 5, 3, 1, 1, 0, 0], [0, 0, 0, 0, 1, 0, 0, 0, 0, 1, 0, 2, 1, 0], [0, 0, 0, 1, 1, 0, 3, 0, 0, 0, 0, 1, 0, 0], [0, 0, 0, 0, 3, 0, 0, 0, 4, 0, 1, 1, 1, 0], [0, 1, 0, 0, 0, 0, 0, 0, 1, 0, 0, 0, 7, 0], [0, 0, 0, 1, 2, 0, 0, 0, 0, 0, 1, 2, 0, 2]]"
source_expansion_Faces_to_PetImages_to_GarbageDataset,hoeffding_tree,adwin,0.75,7,207042,0.26398915606856915,0.226891807465718,0.20765112171486094,0.53,0.26398915606856915,0.226891807465718,0.20765112171486094,0.74,0.72,0.658,0.14172978132582323,0.17987620438477295,0.1584030281496551,0.74,0.69,4.0,"[[233, 8, 0, 0, 0, 0, 2, 0, 1, 1, 0, 2, 0, 0], [88, 15, 0, 0, 0, 0, 0, 0, 2, 4, 2, 2, 0, 2], [55, 1, 151, 3, 0, 0, 1, 1, 9, 2, 2, 17, 2, 12], [13, 2, 5, 7, 0, 0, 3, 0, 0, 0, 0, 0, 1, 2], [1, 5, 1, 0, 119, 12, 23, 8, 8, 41, 23, 10, 3, 25], [1, 3, 0, 0, 0, 1, 0, 0, 0, 0, 1, 0, 0, 0], [3, 0, 0, 0, 3, 0, 1, 0, 0, 3, 1, 0, 1, 0], [1, 0, 0, 0, 0, 0, 1, 1, 0, 0, 0, 0, 0, 0], [6, 2, 0, 0, 0, 0, 0, 0, 1, 0, 0, 1, 0, 1], [2, 0, 0, 1, 0, 1, 0, 0, 0, 1, 0, 0, 0, 0], [3, 0, 1, 0, 1, 0, 0, 0, 0, 1, 0, 0, 0, 0], [3, 1, 0, 1, 0, 0, 0, 0, 2, 1, 0, 0, 1, 1], [5, 1, 0, 0, 0, 0, 0, 1, 0, 0, 1, 0, 0, 1], [3, 1, 0, 0, 1, 0, 1, 0, 1, 0, 1, 0, 0, 0]]","[[209, 2, 26, 2, 8, 0, 0, 0, 0, 0, 0, 0, 0, 0], [72, 0, 31, 0, 12, 0, 0, 0, 0, 0, 0, 0, 0, 0], [35, 0, 195, 2, 24, 0, 0, 0, 0, 0, 0, 0, 0, 0], [5, 0, 19, 0, 9, 0, 0, 0, 0, 0, 0, 0, 0, 0], [1, 0, 23, 0, 254, 0, 0, 0, 0, 0, 1, 0, 0, 0], [0, 0, 0, 0, 6, 0, 0, 0, 0, 0, 0, 0, 0, 0], [0, 0, 0, 0, 12, 0, 0, 0, 0, 0, 0, 0, 0, 0], [0, 0, 0, 0, 3, 0, 0, 0, 0, 0, 0, 0, 0, 0], [0, 0, 3, 0, 8, 0, 0, 0, 0, 0, 0, 0, 0, 0], [0, 0, 0, 0, 5, 0, 0, 0, 0, 0, 0, 0, 0, 0], [1, 0, 0, 0, 5, 0, 0, 0, 0, 0, 0, 0, 0, 0], [0, 0, 1, 0, 9, 0, 0, 0, 0, 0, 0, 0, 0, 0], [0, 0, 0, 0, 9, 0, 0, 0, 0, 0, 0, 0, 0, 0], [0, 0, 0, 0, 8, 0, 0, 0, 0, 0, 0, 0, 0, 0]]"
source_expansion_Faces_to_PetImages_to_GarbageDataset,gaussian_nb,adwin,0.75,7,207042,0.44173257910918223,0.3569419232800654,0.3770469446454375,0.787,0.44173257910918223,0.3569419232800654,0.3770469446454375,0.6699999999999999,0.79,0.781,0.4562164403318979,0.3381937392865781,0.3687833933969595,0.6699999999999999,0.81,1.0,"[[201, 46, 0, 0, 0, 0, 0, 0, 0, 0, 0, 0, 0, 0], [68, 47, 0, 0, 0, 0, 0, 0, 0, 0, 0, 0, 0, 0], [6, 5, 236, 9, 0, 0, 0, 0, 0, 0, 0, 0, 0, 0], [2, 1, 4, 26, 0, 0, 0, 0, 0, 0, 0, 0, 0, 0], [4, 7, 1, 2, 265, 0, 0, 0, 0, 0, 0, 0, 0, 0], [2, 4, 0, 0, 0, 0, 0, 0, 0, 0, 0, 0, 0, 0], [4, 1, 0, 0, 1, 0, 6, 0, 0, 0, 0, 0, 0, 0], [3, 0, 0, 0, 0, 0, 0, 0, 0, 0, 0, 0, 0, 0], [2, 3, 0, 0, 1, 0, 1, 0, 2, 0, 0, 1, 0, 1], [2, 0, 0, 0, 1, 0, 0, 0, 0, 0, 0, 2, 0, 0], [4, 0, 0, 0, 1, 0, 1, 0, 0, 0, 0, 0, 0, 0], [3, 0, 0, 1, 3, 0, 0, 0, 2, 0, 0, 1, 0, 0], [5, 1, 0, 0, 0, 0, 0, 0, 0, 0, 0, 0, 3, 0], [4, 2, 0, 0, 1, 0, 0, 0, 0, 0, 1, 0, 0, 0]]","[[196, 51, 0, 0, 0, 0, 0, 0, 0, 0, 0, 0, 0, 0], [57, 52, 6, 0, 0, 0, 0, 0, 0, 0, 0, 0, 0, 0], [3, 5, 244, 4, 0, 0, 0, 0, 0, 0, 0, 0, 0, 0], [3, 1, 10, 19, 0, 0, 0, 0, 0, 0, 0, 0, 0, 0], [0, 0, 19, 1, 259, 0, 0, 0, 0, 0, 0, 0, 0, 0], [0, 0, 6, 0, 0, 0, 0, 0, 0, 0, 0, 0, 0, 0], [0, 0, 6, 0, 1, 0, 5, 0, 0, 0, 0, 0, 0, 0], [0, 0, 3, 0, 0, 0, 0, 0, 0, 0, 0, 0, 0, 0], [0, 0, 6, 0, 1, 0, 0, 0, 2, 0, 0, 1, 0, 1], [0, 0, 4, 0, 0, 0, 0, 0, 0, 0, 0, 1, 0, 0], [0, 0, 4, 0, 1, 0, 1, 0, 0, 0, 0, 0, 0, 0], [0, 0, 4, 0, 3, 0, 0, 0, 2, 0, 0, 1, 0, 0], [0, 0, 5, 0, 1, 0, 0, 0, 0, 0, 0, 0, 3, 0], [0, 0, 4, 1, 2, 0, 0, 0, 0, 0, 1, 0, 0, 0]]"
source_expansion_Faces_to_PetImages_to_GarbageDataset,logistic_regression,page_hinkley,0.75,7,207042,0.5110795294965705,0.49082130968820586,0.49549722884048586,0.787,0.5110795294965705,0.49082130968820586,0.49549722884048586,0.5800000000000001,0.86,0.738,0.5069101190151934,0.42761087622219235,0.4450639993308586,0.5800000000000001,0.6699999999999999,2.0,"[[155, 86, 5, 1, 0, 0, 0, 0, 0, 0, 0, 0, 0, 0], [48, 60, 3, 2, 0, 0, 0, 0, 2, 0, 0, 0, 0, 0], [1, 1, 250, 4, 0, 0, 0, 0, 0, 0, 0, 0, 0, 0], [1, 0, 6, 24, 1, 0, 0, 0, 1, 0, 0, 0, 0, 0], [0, 0, 1, 2, 273, 0, 1, 0, 1, 0, 0, 1, 0, 0], [0, 0, 0, 0, 0, 3, 0, 0, 0, 1, 1, 0, 0, 1], [0, 0, 0, 0, 5, 1, 4, 0, 0, 1, 0, 0, 0, 1], [0, 0, 0, 0, 1, 1, 0, 1, 0, 0, 0, 0, 0, 0], [0, 0, 0, 0, 1, 0, 0, 0, 6, 0, 0, 4, 0, 0], [0, 0, 0, 0, 1, 0, 0, 0, 0, 1, 0, 2, 1, 0], [0, 0, 0, 0, 1, 0, 3, 0, 0, 0, 0, 1, 0, 1], [0, 0, 0, 0, 3, 0, 0, 0, 4, 0, 0, 1, 2, 0], [0, 0, 1, 0, 0, 1, 0, 0, 0, 0, 0, 0, 7, 0], [0, 1, 0, 0, 2, 0, 0, 1, 0, 1, 0, 1, 0, 2]]","[[146, 94, 6, 1, 0, 0, 0, 0, 0, 0, 0, 0, 0, 0], [41, 66, 3, 2, 1, 0, 0, 0, 1, 0, 0, 0, 0, 1], [16, 2, 224, 14, 0, 0, 0, 0, 0, 0, 0, 0, 0, 0], [2, 2, 4, 23, 0, 0, 0, 0, 1, 0, 1, 0, 0, 0], [1, 2, 4, 2, 260, 0, 1, 0, 1, 0, 1, 3, 0, 4], [0, 1, 0, 1, 0, 2, 0, 0, 0, 0, 1, 0, 0, 1], [0, 0, 0, 0, 5, 0, 3, 0, 0, 1, 0, 1, 0, 2], [0, 0, 0, 0, 0, 1, 1, 1, 0, 0, 0, 0, 0, 0], [0, 0, 0, 0, 1, 0, 0, 0, 6, 0, 1, 3, 0, 0], [0, 0, 0, 0, 1, 0, 0, 0, 0, 1, 0, 2, 1, 0], [0, 0, 0, 1, 1, 0, 2, 0, 0, 0, 0, 1, 0, 1], [1, 0, 0, 1, 2, 0, 0, 0, 2, 0, 1, 1, 1, 1], [0, 1, 0, 0, 0, 1, 0, 0, 1, 0, 1, 0, 5, 0], [0, 1, 0, 2, 1, 1, 0, 0, 0, 0, 2, 1, 0, 0]]"
source_expansion_Faces_to_PetImages_to_GarbageDataset,hoeffding_tree,page_hinkley,0.75,7,207042,0.26398915606856915,0.226891807465718,0.20765112171486094,0.53,0.26398915606856915,0.226891807465718,0.20765112171486094,0.74,0.72,0.654,0.15756486130129307,0.17999611485784625,0.16150186725617058,0.74,0.69,4.0,"[[233, 8, 0, 0, 0, 0, 2, 0, 1, 1, 0, 2, 0, 0], [88, 15, 0, 0, 0, 0, 0, 0, 2, 4, 2, 2, 0, 2], [55, 1, 151, 3, 0, 0, 1, 1, 9, 2, 2, 17, 2, 12], [13, 2, 5, 7, 0, 0, 3, 0, 0, 0, 0, 0, 1, 2], [1, 5, 1, 0, 119, 12, 23, 8, 8, 41, 23, 10, 3, 25], [1, 3, 0, 0, 0, 1, 0, 0, 0, 0, 1, 0, 0, 0], [3, 0, 0, 0, 3, 0, 1, 0, 0, 3, 1, 0, 1, 0], [1, 0, 0, 0, 0, 0, 1, 1, 0, 0, 0, 0, 0, 0], [6, 2, 0, 0, 0, 0, 0, 0, 1, 0, 0, 1, 0, 1], [2, 0, 0, 1, 0, 1, 0, 0, 0, 1, 0, 0, 0, 0], [3, 0, 1, 0, 1, 0, 0, 0, 0, 1, 0, 0, 0, 0], [3, 1, 0, 1, 0, 0, 0, 0, 2, 1, 0, 0, 1, 1], [5, 1, 0, 0, 0, 0, 0, 1, 0, 0, 1, 0, 0, 1], [3, 1, 0, 0, 1, 0, 1, 0, 1, 0, 1, 0, 0, 0]]","[[207, 4, 26, 2, 8, 0, 0, 0, 0, 0, 0, 0, 0, 0], [68, 3, 32, 0, 12, 0, 0, 0, 0, 0, 0, 0, 0, 0], [28, 6, 200, 4, 17, 0, 0, 0, 1, 0, 0, 0, 0, 0], [5, 1, 18, 0, 9, 0, 0, 0, 0, 0, 0, 0, 0, 0], [3, 0, 32, 0, 244, 0, 0, 0, 0, 0, 0, 0, 0, 0], [0, 0, 0, 0, 6, 0, 0, 0, 0, 0, 0, 0, 0, 0], [0, 0, 0, 0, 12, 0, 0, 0, 0, 0, 0, 0, 0, 0], [0, 0, 0, 0, 3, 0, 0, 0, 0, 0, 0, 0, 0, 0], [1, 0, 2, 0, 8, 0, 0, 0, 0, 0, 0, 0, 0, 0], [0, 0, 0, 0, 5, 0, 0, 0, 0, 0, 0, 0, 0, 0], [0, 0, 0, 0, 6, 0, 0, 0, 0, 0, 0, 0, 0, 0], [0, 0, 3, 0, 7, 0, 0, 0, 0, 0, 0, 0, 0, 0], [0, 0, 0, 0, 9, 0, 0, 0, 0, 0, 0, 0, 0, 0], [0, 0, 1, 0, 7, 0, 0, 0, 0, 0, 0, 0, 0, 0]]"
source_expansion_Faces_to_PetImages_to_GarbageDataset,gaussian_nb,page_hinkley,0.75,7,207042,0.44173257910918223,0.3569419232800654,0.3770469446454375,0.787,0.44173257910918223,0.3569419232800654,0.3770469446454375,0.6699999999999999,0.79,0.764,0.2940221557705338,0.2660015664503512,0.2709345985722738,0.6699999999999999,0.7,2.0,"[[201, 46, 0, 0, 0, 0, 0, 0, 0, 0, 0, 0, 0, 0], [68, 47, 0, 0, 0, 0, 0, 0, 0, 0, 0, 0, 0, 0], [6, 5, 236, 9, 0, 0, 0, 0, 0, 0, 0, 0, 0, 0], [2, 1, 4, 26, 0, 0, 0, 0, 0, 0, 0, 0, 0, 0], [4, 7, 1, 2, 265, 0, 0, 0, 0, 0, 0, 0, 0, 0], [2, 4, 0, 0, 0, 0, 0, 0, 0, 0, 0, 0, 0, 0], [4, 1, 0, 0, 1, 0, 6, 0, 0, 0, 0, 0, 0, 0], [3, 0, 0, 0, 0, 0, 0, 0, 0, 0, 0, 0, 0, 0], [2, 3, 0, 0, 1, 0, 1, 0, 2, 0, 0, 1, 0, 1], [2, 0, 0, 0, 1, 0, 0, 0, 0, 0, 0, 2, 0, 0], [4, 0, 0, 0, 1, 0, 1, 0, 0, 0, 0, 0, 0, 0], [3, 0, 0, 1, 3, 0, 0, 0, 2, 0, 0, 1, 0, 0], [5, 1, 0, 0, 0, 0, 0, 0, 0, 0, 0, 0, 3, 0], [4, 2, 0, 0, 1, 0, 0, 0, 0, 0, 1, 0, 0, 0]]","[[194, 47, 4, 0, 2, 0, 0, 0, 0, 0, 0, 0, 0, 0], [64, 45, 3, 0, 3, 0, 0, 0, 0, 0, 0, 0, 0, 0], [4, 3, 244, 2, 3, 0, 0, 0, 0, 0, 0, 0, 0, 0], [2, 1, 10, 16, 4, 0, 0, 0, 0, 0, 0, 0, 0, 0], [1, 0, 15, 0, 263, 0, 0, 0, 0, 0, 0, 0, 0, 0], [0, 0, 3, 0, 3, 0, 0, 0, 0, 0, 0, 0, 0, 0], [0, 0, 5, 0, 5, 0, 2, 0, 0, 0, 0, 0, 0, 0], [0, 0, 3, 0, 0, 0, 0, 0, 0, 0, 0, 0, 0, 0], [0, 0, 3, 0, 7, 0, 1, 0, 0, 0, 0, 0, 0, 0], [0, 0, 1, 0, 4, 0, 0, 0, 0, 0, 0, 0, 0, 0], [0, 0, 1, 0, 4, 0, 1, 0, 0, 0, 0, 0, 0, 0], [0, 0, 3, 1, 5, 0, 0, 0, 1, 0, 0, 0, 0, 0], [0, 0, 4, 0, 5, 0, 0, 0, 0, 0, 0, 0, 0, 0], [0, 0, 2, 2, 4, 0, 0, 0, 0, 0, 0, 0, 0, 0]]"
source_expansion_Faces_to_PetImages_to_GarbageDataset,logistic_regression,hddm_w,0.75,7,207042,0.5110795294965705,0.49082130968820586,0.49549722884048586,0.787,0.5110795294965705,0.49082130968820586,0.49549722884048586,0.5800000000000001,0.86,0.787,0.5110795294965705,0.49082130968820586,0.49549722884048586,0.5800000000000001,0.86,0.0,"[[155, 86, 5, 1, 0, 0, 0, 0, 0, 0, 0, 0, 0, 0], [48, 60, 3, 2, 0, 0, 0, 0, 2, 0, 0, 0, 0, 0], [1, 1, 250, 4, 0, 0, 0, 0, 0, 0, 0, 0, 0, 0], [1, 0, 6, 24, 1, 0, 0, 0, 1, 0, 0, 0, 0, 0], [0, 0, 1, 2, 273, 0, 1, 0, 1, 0, 0, 1, 0, 0], [0, 0, 0, 0, 0, 3, 0, 0, 0, 1, 1, 0, 0, 1], [0, 0, 0, 0, 5, 1, 4, 0, 0, 1, 0, 0, 0, 1], [0, 0, 0, 0, 1, 1, 0, 1, 0, 0, 0, 0, 0, 0], [0, 0, 0, 0, 1, 0, 0, 0, 6, 0, 0, 4, 0, 0], [0, 0, 0, 0, 1, 0, 0, 0, 0, 1, 0, 2, 1, 0], [0, 0, 0, 0, 1, 0, 3, 0, 0, 0, 0, 1, 0, 1], [0, 0, 0, 0, 3, 0, 0, 0, 4, 0, 0, 1, 2, 0], [0, 0, 1, 0, 0, 1, 0, 0, 0, 0, 0, 0, 7, 0], [0, 1, 0, 0, 2, 0, 0, 1, 0, 1, 0, 1, 0, 2]]","[[155, 86, 5, 1, 0, 0, 0, 0, 0, 0, 0, 0, 0, 0], [48, 60, 3, 2, 0, 0, 0, 0, 2, 0, 0, 0, 0, 0], [1, 1, 250, 4, 0, 0, 0, 0, 0, 0, 0, 0, 0, 0], [1, 0, 6, 24, 1, 0, 0, 0, 1, 0, 0, 0, 0, 0], [0, 0, 1, 2, 273, 0, 1, 0, 1, 0, 0, 1, 0, 0], [0, 0, 0, 0, 0, 3, 0, 0, 0, 1, 1, 0, 0, 1], [0, 0, 0, 0, 5, 1, 4, 0, 0, 1, 0, 0, 0, 1], [0, 0, 0, 0, 1, 1, 0, 1, 0, 0, 0, 0, 0, 0], [0, 0, 0, 0, 1, 0, 0, 0, 6, 0, 0, 4, 0, 0], [0, 0, 0, 0, 1, 0, 0, 0, 0, 1, 0, 2, 1, 0], [0, 0, 0, 0, 1, 0, 3, 0, 0, 0, 0, 1, 0, 1], [0, 0, 0, 0, 3, 0, 0, 0, 4, 0, 0, 1, 2, 0], [0, 0, 1, 0, 0, 1, 0, 0, 0, 0, 0, 0, 7, 0], [0, 1, 0, 0, 2, 0, 0, 1, 0, 1, 0, 1, 0, 2]]"
source_expansion_Faces_to_PetImages_to_GarbageDataset,hoeffding_tree,hddm_w,0.75,7,207042,0.26398915606856915,0.226891807465718,0.20765112171486094,0.53,0.26398915606856915,0.226891807465718,0.20765112171486094,0.74,0.72,0.687,0.2361543839385773,0.20171968761517528,0.19459602374953816,0.74,0.69,3.0,"[[233, 8, 0, 0, 0, 0, 2, 0, 1, 1, 0, 2, 0, 0], [88, 15, 0, 0, 0, 0, 0, 0, 2, 4, 2, 2, 0, 2], [55, 1, 151, 3, 0, 0, 1, 1, 9, 2, 2, 17, 2, 12], [13, 2, 5, 7, 0, 0, 3, 0, 0, 0, 0, 0, 1, 2], [1, 5, 1, 0, 119, 12, 23, 8, 8, 41, 23, 10, 3, 25], [1, 3, 0, 0, 0, 1, 0, 0, 0, 0, 1, 0, 0, 0], [3, 0, 0, 0, 3, 0, 1, 0, 0, 3, 1, 0, 1, 0], [1, 0, 0, 0, 0, 0, 1, 1, 0, 0, 0, 0, 0, 0], [6, 2, 0, 0, 0, 0, 0, 0, 1, 0, 0, 1, 0, 1], [2, 0, 0, 1, 0, 1, 0, 0, 0, 1, 0, 0, 0, 0], [3, 0, 1, 0, 1, 0, 0, 0, 0, 1, 0, 0, 0, 0], [3, 1, 0, 1, 0, 0, 0, 0, 2, 1, 0, 0, 1, 1], [5, 1, 0, 0, 0, 0, 0, 1, 0, 0, 1, 0, 0, 1], [3, 1, 0, 0, 1, 0, 1, 0, 1, 0, 1, 0, 0, 0]]","[[217, 11, 10, 1, 8, 0, 0, 0, 0, 0, 0, 0, 0, 0], [80, 12, 11, 0, 12, 0, 0, 0, 0, 0, 0, 0, 0, 0], [21, 1, 205, 1, 23, 0, 0, 0, 0, 0, 0, 5, 0, 0], [4, 0, 15, 5, 9, 0, 0, 0, 0, 0, 0, 0, 0, 0], [0, 0, 31, 0, 248, 0, 0, 0, 0, 0, 0, 0, 0, 0], [0, 0, 0, 0, 6, 0, 0, 0, 0, 0, 0, 0, 0, 0], [0, 0, 0, 0, 12, 0, 0, 0, 0, 0, 0, 0, 0, 0], [0, 0, 0, 0, 3, 0, 0, 0, 0, 0, 0, 0, 0, 0], [0, 0, 3, 0, 8, 0, 0, 0, 0, 0, 0, 0, 0, 0], [0, 0, 0, 0, 5, 0, 0, 0, 0, 0, 0, 0, 0, 0], [0, 0, 0, 0, 6, 0, 0, 0, 0, 0, 0, 0, 0, 0], [0, 0, 3, 0, 7, 0, 0, 0, 0, 0, 0, 0, 0, 0], [0, 0, 0, 0, 9, 0, 0, 0, 0, 0, 0, 0, 0, 0], [0, 0, 1, 0, 7, 0, 0, 0, 0, 0, 0, 0, 0, 0]]"
source_expansion_Faces_to_PetImages_to_GarbageDataset,gaussian_nb,hddm_w,0.75,7,207042,0.44173257910918223,0.3569419232800654,0.3770469446454375,0.787,0.44173257910918223,0.3569419232800654,0.3770469446454375,0.6699999999999999,0.79,0.796,0.45288775477543924,0.3639795672211462,0.38348401062783777,0.6699999999999999,0.8,1.0,"[[201, 46, 0, 0, 0, 0, 0, 0, 0, 0, 0, 0, 0, 0], [68, 47, 0, 0, 0, 0, 0, 0, 0, 0, 0, 0, 0, 0], [6, 5, 236, 9, 0, 0, 0, 0, 0, 0, 0, 0, 0, 0], [2, 1, 4, 26, 0, 0, 0, 0, 0, 0, 0, 0, 0, 0], [4, 7, 1, 2, 265, 0, 0, 0, 0, 0, 0, 0, 0, 0], [2, 4, 0, 0, 0, 0, 0, 0, 0, 0, 0, 0, 0, 0], [4, 1, 0, 0, 1, 0, 6, 0, 0, 0, 0, 0, 0, 0], [3, 0, 0, 0, 0, 0, 0, 0, 0, 0, 0, 0, 0, 0], [2, 3, 0, 0, 1, 0, 1, 0, 2, 0, 0, 1, 0, 1], [2, 0, 0, 0, 1, 0, 0, 0, 0, 0, 0, 2, 0, 0], [4, 0, 0, 0, 1, 0, 1, 0, 0, 0, 0, 0, 0, 0], [3, 0, 0, 1, 3, 0, 0, 0, 2, 0, 0, 1, 0, 0], [5, 1, 0, 0, 0, 0, 0, 0, 0, 0, 0, 0, 3, 0], [4, 2, 0, 0, 1, 0, 0, 0, 0, 0, 1, 0, 0, 0]]","[[210, 37, 0, 0, 0, 0, 0, 0, 0, 0, 0, 0, 0, 0], [73, 42, 0, 0, 0, 0, 0, 0, 0, 0, 0, 0, 0, 0], [7, 4, 237, 8, 0, 0, 0, 0, 0, 0, 0, 0, 0, 0], [2, 0, 5, 26, 0, 0, 0, 0, 0, 0, 0, 0, 0, 0], [4, 0, 2, 5, 268, 0, 0, 0, 0, 0, 0, 0, 0, 0], [3, 3, 0, 0, 0, 0, 0, 0, 0, 0, 0, 0, 0, 0], [3, 0, 1, 0, 2, 0, 6, 0, 0, 0, 0, 0, 0, 0], [3, 0, 0, 0, 0, 0, 0, 0, 0, 0, 0, 0, 0, 0], [5, 0, 0, 0, 1, 0, 1, 0, 3, 0, 0, 0, 0, 1], [2, 0, 0, 0, 1, 0, 0, 0, 0, 0, 0, 2, 0, 0], [2, 0, 1, 1, 1, 0, 1, 0, 0, 0, 0, 0, 0, 0], [2, 0, 1, 1, 3, 0, 0, 0, 2, 0, 0, 1, 0, 0], [4, 1, 0, 1, 0, 0, 0, 0, 0, 0, 0, 0, 3, 0], [4, 1, 0, 1, 1, 0, 0, 0, 0, 0, 1, 0, 0, 0]]"
source_expansion_Faces_to_PetImages_to_GarbageDataset,logistic_regression,kswin,0.75,8,208042,0.4558167375391033,0.42340337290626134,0.43392052999846875,0.778,0.4558167375391033,0.42340337290626134,0.43392052999846875,0.5800000000000001,0.88,0.76,0.4514306451526013,0.4216293522736221,0.42641937582967376,0.5800000000000001,0.87,1.0,"[[171, 97, 5, 1, 0, 0, 0, 0, 0, 0, 0, 0, 0, 0], [54, 50, 3, 1, 0, 0, 0, 0, 0, 0, 0, 0, 0, 0], [1, 1, 244, 7, 0, 0, 0, 0, 0, 0, 0, 0, 0, 0], [0, 2, 4, 32, 0, 0, 0, 0, 0, 0, 0, 0, 0, 0], [0, 0, 0, 1, 264, 0, 1, 0, 0, 0, 0, 1, 1, 0], [0, 0, 2, 0, 0, 5, 0, 0, 0, 1, 1, 0, 0, 1], [0, 0, 0, 0, 1, 0, 0, 1, 0, 0, 2, 0, 0, 0], [0, 0, 0, 0, 1, 0, 0, 1, 0, 0, 1, 1, 0, 1], [0, 0, 0, 0, 0, 0, 0, 0, 0, 0, 0, 0, 0, 1], [0, 0, 1, 0, 3, 1, 0, 1, 1, 1, 0, 0, 1, 0], [0, 0, 0, 0, 3, 0, 1, 0, 0, 1, 5, 1, 0, 0], [0, 0, 0, 0, 1, 0, 0, 0, 0, 1, 1, 1, 0, 1], [0, 0, 0, 0, 1, 0, 0, 0, 0, 1, 0, 0, 2, 2], [0, 0, 0, 0, 2, 1, 0, 0, 0, 1, 0, 2, 0, 2]]","[[159, 109, 5, 0, 0, 1, 0, 0, 0, 0, 0, 0, 0, 0], [48, 58, 1, 0, 0, 0, 1, 0, 0, 0, 0, 0, 0, 0], [4, 4, 231, 13, 0, 1, 0, 0, 0, 0, 0, 0, 0, 0], [0, 2, 4, 32, 0, 0, 0, 0, 0, 0, 0, 0, 0, 0], [0, 0, 0, 1, 263, 0, 1, 0, 0, 0, 1, 1, 1, 0], [0, 0, 1, 1, 0, 5, 0, 0, 0, 1, 1, 0, 0, 1], [1, 0, 0, 0, 0, 0, 0, 0, 0, 1, 2, 0, 0, 0], [0, 0, 0, 0, 1, 0, 0, 1, 0, 0, 1, 1, 0, 1], [0, 0, 0, 0, 0, 0, 0, 0, 0, 0, 0, 0, 0, 1], [0, 0, 0, 0, 4, 1, 0, 1, 1, 1, 0, 0, 1, 0], [0, 0, 0, 0, 3, 0, 1, 0, 0, 1, 5, 1, 0, 0], [0, 0, 0, 0, 1, 0, 0, 0, 0, 1, 1, 1, 0, 1], [1, 0, 0, 1, 1, 0, 0, 0, 0, 0, 0, 0, 2, 1], [0, 0, 0, 0, 2, 0, 0, 0, 0, 1, 1, 2, 0, 2]]"
source_expansion_Faces_to_PetImages_to_GarbageDataset,hoeffding_tree,kswin,0.75,8,208042,0.2676181173302837,0.17659344479771819,0.16519556134715638,0.437,0.2676181173302837,0.17659344479771819,0.16519556134715638,0.73,0.0,0.714,0.1715364248701481,0.1929849622012025,0.17302841599027635,0.73,0.76,4.0,"[[264, 3, 0, 0, 1, 0, 2, 1, 2, 0, 0, 0, 1, 0], [96, 4, 0, 0, 2, 0, 1, 0, 3, 0, 0, 0, 2, 0], [67, 5, 156, 1, 3, 0, 4, 3, 8, 3, 0, 0, 3, 0], [3, 16, 3, 8, 2, 0, 0, 0, 6, 0, 0, 0, 0, 0], [0, 0, 1, 2, 1, 14, 28, 5, 179, 3, 0, 8, 27, 0], [0, 0, 0, 0, 0, 1, 2, 0, 6, 0, 0, 0, 1, 0], [0, 0, 0, 0, 0, 0, 1, 1, 2, 0, 0, 0, 0, 0], [0, 0, 0, 0, 0, 0, 1, 0, 3, 1, 0, 0, 0, 0], [0, 0, 0, 0, 0, 0, 0, 0, 0, 0, 0, 0, 1, 0], [0, 0, 0, 0, 0, 0, 1, 0, 7, 0, 0, 0, 1, 0], [0, 0, 0, 0, 0, 0, 1, 0, 8, 0, 1, 0, 1, 0], [0, 0, 0, 0, 0, 0, 1, 0, 3, 0, 0, 1, 0, 0], [0, 1, 0, 0, 0, 0, 0, 0, 5, 0, 0, 0, 0, 0], [0, 0, 0, 0, 0, 0, 0, 0, 5, 1, 0, 2, 0, 0]]","[[249, 3, 18, 0, 4, 0, 0, 0, 0, 0, 0, 0, 0, 0], [75, 2, 26, 0, 5, 0, 0, 0, 0, 0, 0, 0, 0, 0], [27, 2, 212, 0, 12, 0, 0, 0, 0, 0, 0, 0, 0, 0], [0, 1, 31, 0, 6, 0, 0, 0, 0, 0, 0, 0, 0, 0], [0, 0, 17, 0, 251, 0, 0, 0, 0, 0, 0, 0, 0, 0], [0, 0, 0, 0, 10, 0, 0, 0, 0, 0, 0, 0, 0, 0], [0, 0, 1, 0, 3, 0, 0, 0, 0, 0, 0, 0, 0, 0], [0, 0, 1, 0, 4, 0, 0, 0, 0, 0, 0, 0, 0, 0], [0, 0, 0, 0, 1, 0, 0, 0, 0, 0, 0, 0, 0, 0], [0, 0, 1, 0, 8, 0, 0, 0, 0, 0, 0, 0, 0, 0], [0, 0, 0, 0, 11, 0, 0, 0, 0, 0, 0, 0, 0, 0], [0, 0, 0, 0, 5, 0, 0, 0, 0, 0, 0, 0, 0, 0], [0, 0, 1, 0, 5, 0, 0, 0, 0, 0, 0, 0, 0, 0], [0, 0, 1, 0, 7, 0, 0, 0, 0, 0, 0, 0, 0, 0]]"
source_expansion_Faces_to_PetImages_to_GarbageDataset,gaussian_nb,kswin,0.75,8,208042,0.45018084156739613,0.3306691947181269,0.3549447390874686,0.761,0.45018084156739613,0.3306691947181269,0.3549447390874686,0.65,0.79,0.761,0.45018084156739613,0.3306691947181269,0.3549447390874686,0.65,0.79,0.0,"[[210, 64, 0, 0, 0, 0, 0, 0, 0, 0, 0, 0, 0, 0], [79, 29, 0, 0, 0, 0, 0, 0, 0, 0, 0, 0, 0, 0], [3, 11, 236, 3, 0, 0, 0, 0, 0, 0, 0, 0, 0, 0], [0, 6, 2, 30, 0, 0, 0, 0, 0, 0, 0, 0, 0, 0], [3, 7, 0, 5, 247, 0, 0, 0, 0, 5, 1, 0, 0, 0], [0, 5, 0, 1, 0, 4, 0, 0, 0, 0, 0, 0, 0, 0], [2, 0, 0, 0, 1, 0, 0, 0, 0, 0, 1, 0, 0, 0], [5, 0, 0, 0, 0, 0, 0, 0, 0, 0, 0, 0, 0, 0], [0, 1, 0, 0, 0, 0, 0, 0, 0, 0, 0, 0, 0, 0], [2, 3, 0, 0, 3, 0, 0, 0, 0, 1, 0, 0, 0, 0], [4, 0, 0, 0, 2, 0, 0, 0, 0, 2, 3, 0, 0, 0], [0, 3, 0, 0, 1, 0, 0, 0, 0, 1, 0, 0, 0, 0], [2, 1, 0, 0, 0, 0, 0, 0, 0, 1, 0, 0, 1, 1], [5, 0, 0, 0, 1, 0, 0, 0, 0, 2, 0, 0, 0, 0]]","[[210, 64, 0, 0, 0, 0, 0, 0, 0, 0, 0, 0, 0, 0], [79, 29, 0, 0, 0, 0, 0, 0, 0, 0, 0, 0, 0, 0], [3, 11, 236, 3, 0, 0, 0, 0, 0, 0, 0, 0, 0, 0], [0, 6, 2, 30, 0, 0, 0, 0, 0, 0, 0, 0, 0, 0], [3, 7, 0, 5, 247, 0, 0, 0, 0, 5, 1, 0, 0, 0], [0, 5, 0, 1, 0, 4, 0, 0, 0, 0, 0, 0, 0, 0], [2, 0, 0, 0, 1, 0, 0, 0, 0, 0, 1, 0, 0, 0], [5, 0, 0, 0, 0, 0, 0, 0, 0, 0, 0, 0, 0, 0], [0, 1, 0, 0, 0, 0, 0, 0, 0, 0, 0, 0, 0, 0], [2, 3, 0, 0, 3, 0, 0, 0, 0, 1, 0, 0, 0, 0], [4, 0, 0, 0, 2, 0, 0, 0, 0, 2, 3, 0, 0, 0], [0, 3, 0, 0, 1, 0, 0, 0, 0, 1, 0, 0, 0, 0], [2, 1, 0, 0, 0, 0, 0, 0, 0, 1, 0, 0, 1, 1], [5, 0, 0, 0, 1, 0, 0, 0, 0, 2, 0, 0, 0, 0]]"
source_expansion_Faces_to_PetImages_to_GarbageDataset,logistic_regression,adwin,0.75,8,208042,0.4558167375391033,0.42340337290626134,0.43392052999846875,0.778,0.4558167375391033,0.42340337290626134,0.43392052999846875,0.5800000000000001,0.88,0.764,0.4684219277898069,0.43656145218125186,0.44000919270851835,0.5800000000000001,0.87,1.0,"[[171, 97, 5, 1, 0, 0, 0, 0, 0, 0, 0, 0, 0, 0], [54, 50, 3, 1, 0, 0, 0, 0, 0, 0, 0, 0, 0, 0], [1, 1, 244, 7, 0, 0, 0, 0, 0, 0, 0, 0, 0, 0], [0, 2, 4, 32, 0, 0, 0, 0, 0, 0, 0, 0, 0, 0], [0, 0, 0, 1, 264, 0, 1, 0, 0, 0, 0, 1, 1, 0], [0, 0, 2, 0, 0, 5, 0, 0, 0, 1, 1, 0, 0, 1], [0, 0, 0, 0, 1, 0, 0, 1, 0, 0, 2, 0, 0, 0], [0, 0, 0, 0, 1, 0, 0, 1, 0, 0, 1, 1, 0, 1], [0, 0, 0, 0, 0, 0, 0, 0, 0, 0, 0, 0, 0, 1], [0, 0, 1, 0, 3, 1, 0, 1, 1, 1, 0, 0, 1, 0], [0, 0, 0, 0, 3, 0, 1, 0, 0, 1, 5, 1, 0, 0], [0, 0, 0, 0, 1, 0, 0, 0, 0, 1, 1, 1, 0, 1], [0, 0, 0, 0, 1, 0, 0, 0, 0, 1, 0, 0, 2, 2], [0, 0, 0, 0, 2, 1, 0, 0, 0, 1, 0, 2, 0, 2]]","[[164, 105, 5, 0, 0, 0, 0, 0, 0, 0, 0, 0, 0, 0], [47, 56, 3, 1, 0, 0, 0, 0, 0, 0, 0, 1, 0, 0], [6, 1, 229, 16, 1, 0, 0, 0, 0, 0, 0, 0, 0, 0], [1, 1, 3, 33, 0, 0, 0, 0, 0, 0, 0, 0, 0, 0], [0, 0, 0, 1, 263, 0, 1, 0, 0, 0, 1, 1, 1, 0], [0, 0, 0, 2, 0, 6, 0, 0, 0, 0, 1, 0, 0, 1], [0, 0, 0, 0, 1, 0, 0, 0, 0, 1, 2, 0, 0, 0], [0, 0, 0, 0, 1, 0, 0, 1, 0, 0, 1, 1, 0, 1], [0, 0, 0, 0, 0, 0, 0, 0, 0, 0, 0, 0, 0, 1], [1, 0, 0, 0, 3, 1, 0, 1, 1, 1, 0, 0, 1, 0], [0, 0, 0, 0, 2, 0, 1, 0, 0, 1, 6, 1, 0, 0], [0, 0, 0, 0, 1, 0, 0, 0, 0, 1, 1, 1, 0, 1], [1, 0, 0, 1, 1, 0, 0, 0, 0, 0, 0, 0, 2, 1], [0, 0, 0, 0, 2, 0, 0, 0, 0, 1, 1, 2, 0, 2]]"
source_expansion_Faces_to_PetImages_to_GarbageDataset,hoeffding_tree,adwin,0.75,8,208042,0.2676181173302837,0.17659344479771819,0.16519556134715638,0.437,0.2676181173302837,0.17659344479771819,0.16519556134715638,0.73,0.0,0.692,0.14876199578865115,0.18604800231102234,0.1650187855831815,0.73,0.76,3.0,"[[264, 3, 0, 0, 1, 0, 2, 1, 2, 0, 0, 0, 1, 0], [96, 4, 0, 0, 2, 0, 1, 0, 3, 0, 0, 0, 2, 0], [67, 5, 156, 1, 3, 0, 4, 3, 8, 3, 0, 0, 3, 0], [3, 16, 3, 8, 2, 0, 0, 0, 6, 0, 0, 0, 0, 0], [0, 0, 1, 2, 1, 14, 28, 5, 179, 3, 0, 8, 27, 0], [0, 0, 0, 0, 0, 1, 2, 0, 6, 0, 0, 0, 1, 0], [0, 0, 0, 0, 0, 0, 1, 1, 2, 0, 0, 0, 0, 0], [0, 0, 0, 0, 0, 0, 1, 0, 3, 1, 0, 0, 0, 0], [0, 0, 0, 0, 0, 0, 0, 0, 0, 0, 0, 0, 1, 0], [0, 0, 0, 0, 0, 0, 1, 0, 7, 0, 0, 0, 1, 0], [0, 0, 0, 0, 0, 0, 1, 0, 8, 0, 1, 0, 1, 0], [0, 0, 0, 0, 0, 0, 1, 0, 3, 0, 0, 1, 0, 0], [0, 1, 0, 0, 0, 0, 0, 0, 5, 0, 0, 0, 0, 0], [0, 0, 0, 0, 0, 0, 0, 0, 5, 1, 0, 2, 0, 0]]","[[257, 0, 13, 0, 4, 0, 0, 0, 0, 0, 0, 0, 0, 0], [82, 0, 21, 0, 5, 0, 0, 0, 0, 0, 0, 0, 0, 0], [45, 0, 197, 0, 11, 0, 0, 0, 0, 0, 0, 0, 0, 0], [2, 0, 30, 0, 6, 0, 0, 0, 0, 0, 0, 0, 0, 0], [1, 0, 28, 0, 238, 0, 0, 0, 0, 1, 0, 0, 0, 0], [0, 0, 0, 0, 10, 0, 0, 0, 0, 0, 0, 0, 0, 0], [0, 0, 1, 0, 3, 0, 0, 0, 0, 0, 0, 0, 0, 0], [0, 0, 1, 0, 4, 0, 0, 0, 0, 0, 0, 0, 0, 0], [0, 0, 0, 0, 1, 0, 0, 0, 0, 0, 0, 0, 0, 0], [0, 0, 2, 0, 7, 0, 0, 0, 0, 0, 0, 0, 0, 0], [0, 0, 0, 0, 11, 0, 0, 0, 0, 0, 0, 0, 0, 0], [0, 0, 0, 0, 5, 0, 0, 0, 0, 0, 0, 0, 0, 0], [0, 0, 1, 0, 5, 0, 0, 0, 0, 0, 0, 0, 0, 0], [0, 0, 1, 0, 7, 0, 0, 0, 0, 0, 0, 0, 0, 0]]"
source_expansion_Faces_to_PetImages_to_GarbageDataset,gaussian_nb,adwin,0.75,8,208042,0.45018084156739613,0.3306691947181269,0.3549447390874686,0.761,0.45018084156739613,0.3306691947181269,0.3549447390874686,0.65,0.79,0.748,0.426030538929982,0.31540049055762465,0.33374681507372256,0.65,0.74,1.0,"[[210, 64, 0, 0, 0, 0, 0, 0, 0, 0, 0, 0, 0, 0], [79, 29, 0, 0, 0, 0, 0, 0, 0, 0, 0, 0, 0, 0], [3, 11, 236, 3, 0, 0, 0, 0, 0, 0, 0, 0, 0, 0], [0, 6, 2, 30, 0, 0, 0, 0, 0, 0, 0, 0, 0, 0], [3, 7, 0, 5, 247, 0, 0, 0, 0, 5, 1, 0, 0, 0], [0, 5, 0, 1, 0, 4, 0, 0, 0, 0, 0, 0, 0, 0], [2, 0, 0, 0, 1, 0, 0, 0, 0, 0, 1, 0, 0, 0], [5, 0, 0, 0, 0, 0, 0, 0, 0, 0, 0, 0, 0, 0], [0, 1, 0, 0, 0, 0, 0, 0, 0, 0, 0, 0, 0, 0], [2, 3, 0, 0, 3, 0, 0, 0, 0, 1, 0, 0, 0, 0], [4, 0, 0, 0, 2, 0, 0, 0, 0, 2, 3, 0, 0, 0], [0, 3, 0, 0, 1, 0, 0, 0, 0, 1, 0, 0, 0, 0], [2, 1, 0, 0, 0, 0, 0, 0, 0, 1, 0, 0, 1, 1], [5, 0, 0, 0, 1, 0, 0, 0, 0, 2, 0, 0, 0, 0]]","[[203, 69, 2, 0, 0, 0, 0, 0, 0, 0, 0, 0, 0, 0], [68, 35, 4, 1, 0, 0, 0, 0, 0, 0, 0, 0, 0, 0], [1, 7, 241, 4, 0, 0, 0, 0, 0, 0, 0, 0, 0, 0], [0, 5, 8, 25, 0, 0, 0, 0, 0, 0, 0, 0, 0, 0], [0, 0, 22, 7, 236, 0, 0, 0, 0, 3, 0, 0, 0, 0], [0, 0, 5, 1, 0, 4, 0, 0, 0, 0, 0, 0, 0, 0], [0, 0, 3, 0, 0, 0, 0, 0, 0, 0, 1, 0, 0, 0], [0, 0, 3, 1, 0, 0, 0, 0, 0, 0, 1, 0, 0, 0], [0, 0, 1, 0, 0, 0, 0, 0, 0, 0, 0, 0, 0, 0], [0, 0, 5, 1, 2, 0, 0, 0, 0, 1, 0, 0, 0, 0], [0, 0, 5, 1, 1, 0, 0, 0, 0, 2, 2, 0, 0, 0], [0, 0, 3, 1, 0, 0, 0, 0, 0, 1, 0, 0, 0, 0], [0, 0, 3, 1, 0, 0, 0, 0, 0, 1, 0, 0, 1, 0], [0, 0, 3, 2, 0, 0, 0, 0, 0, 3, 0, 0, 0, 0]]"
source_expansion_Faces_to_PetImages_to_GarbageDataset,logistic_regression,page_hinkley,0.75,8,208042,0.4558167375391033,0.42340337290626134,0.43392052999846875,0.778,0.4558167375391033,0.42340337290626134,0.43392052999846875,0.5800000000000001,0.88,0.738,0.44977793536877503,0.4154127952503036,0.4207589158950575,0.5800000000000001,0.87,1.0,"[[171, 97, 5, 1, 0, 0, 0, 0, 0, 0, 0, 0, 0, 0], [54, 50, 3, 1, 0, 0, 0, 0, 0, 0, 0, 0, 0, 0], [1, 1, 244, 7, 0, 0, 0, 0, 0, 0, 0, 0, 0, 0], [0, 2, 4, 32, 0, 0, 0, 0, 0, 0, 0, 0, 0, 0], [0, 0, 0, 1, 264, 0, 1, 0, 0, 0, 0, 1, 1, 0], [0, 0, 2, 0, 0, 5, 0, 0, 0, 1, 1, 0, 0, 1], [0, 0, 0, 0, 1, 0, 0, 1, 0, 0, 2, 0, 0, 0], [0, 0, 0, 0, 1, 0, 0, 1, 0, 0, 1, 1, 0, 1], [0, 0, 0, 0, 0, 0, 0, 0, 0, 0, 0, 0, 0, 1], [0, 0, 1, 0, 3, 1, 0, 1, 1, 1, 0, 0, 1, 0], [0, 0, 0, 0, 3, 0, 1, 0, 0, 1, 5, 1, 0, 0], [0, 0, 0, 0, 1, 0, 0, 0, 0, 1, 1, 1, 0, 1], [0, 0, 0, 0, 1, 0, 0, 0, 0, 1, 0, 0, 2, 2], [0, 0, 0, 0, 2, 1, 0, 0, 0, 1, 0, 2, 0, 2]]","[[163, 105, 5, 0, 0, 1, 0, 0, 0, 0, 0, 0, 0, 0], [49, 54, 4, 0, 0, 0, 0, 0, 0, 0, 0, 1, 0, 0], [16, 10, 208, 18, 1, 0, 0, 0, 0, 0, 0, 0, 0, 0], [0, 3, 2, 33, 0, 0, 0, 0, 0, 0, 0, 0, 0, 0], [0, 0, 0, 1, 263, 0, 1, 0, 0, 0, 1, 1, 1, 0], [1, 1, 0, 1, 0, 5, 0, 0, 0, 1, 0, 0, 0, 1], [1, 0, 0, 0, 0, 0, 0, 0, 0, 1, 2, 0, 0, 0], [0, 1, 0, 0, 1, 0, 0, 1, 0, 0, 1, 1, 0, 0], [0, 0, 0, 0, 0, 0, 0, 0, 0, 0, 0, 0, 0, 1], [0, 0, 0, 0, 4, 1, 0, 1, 1, 1, 0, 0, 1, 0], [0, 0, 0, 0, 3, 0, 1, 0, 0, 1, 5, 1, 0, 0], [0, 0, 0, 0, 1, 0, 0, 0, 0, 1, 1, 1, 0, 1], [0, 0, 0, 1, 1, 0, 0, 0, 0, 0, 0, 0, 2, 2], [0, 0, 0, 0, 2, 0, 0, 0, 0, 1, 1, 2, 0, 2]]"
source_expansion_Faces_to_PetImages_to_GarbageDataset,hoeffding_tree,page_hinkley,0.75,8,208042,0.2676181173302837,0.17659344479771819,0.16519556134715638,0.437,0.2676181173302837,0.17659344479771819,0.16519556134715638,0.73,0.0,0.719,0.15458654952853765,0.19351037361015241,0.17182608104779457,0.73,0.76,3.0,"[[264, 3, 0, 0, 1, 0, 2, 1, 2, 0, 0, 0, 1, 0], [96, 4, 0, 0, 2, 0, 1, 0, 3, 0, 0, 0, 2, 0], [67, 5, 156, 1, 3, 0, 4, 3, 8, 3, 0, 0, 3, 0], [3, 16, 3, 8, 2, 0, 0, 0, 6, 0, 0, 0, 0, 0], [0, 0, 1, 2, 1, 14, 28, 5, 179, 3, 0, 8, 27, 0], [0, 0, 0, 0, 0, 1, 2, 0, 6, 0, 0, 0, 1, 0], [0, 0, 0, 0, 0, 0, 1, 1, 2, 0, 0, 0, 0, 0], [0, 0, 0, 0, 0, 0, 1, 0, 3, 1, 0, 0, 0, 0], [0, 0, 0, 0, 0, 0, 0, 0, 0, 0, 0, 0, 1, 0], [0, 0, 0, 0, 0, 0, 1, 0, 7, 0, 0, 0, 1, 0], [0, 0, 0, 0, 0, 0, 1, 0, 8, 0, 1, 0, 1, 0], [0, 0, 0, 0, 0, 0, 1, 0, 3, 0, 0, 1, 0, 0], [0, 1, 0, 0, 0, 0, 0, 0, 5, 0, 0, 0, 0, 0], [0, 0, 0, 0, 0, 0, 0, 0, 5, 1, 0, 2, 0, 0]]","[[252, 0, 18, 0, 4, 0, 0, 0, 0, 0, 0, 0, 0, 0], [77, 0, 25, 1, 5, 0, 0, 0, 0, 0, 0, 0, 0, 0], [26, 2, 212, 1, 12, 0, 0, 0, 0, 0, 0, 0, 0, 0], [1, 0, 31, 0, 6, 0, 0, 0, 0, 0, 0, 0, 0, 0], [0, 0, 13, 0, 255, 0, 0, 0, 0, 0, 0, 0, 0, 0], [0, 0, 0, 0, 10, 0, 0, 0, 0, 0, 0, 0, 0, 0], [0, 0, 0, 0, 4, 0, 0, 0, 0, 0, 0, 0, 0, 0], [0, 0, 1, 0, 4, 0, 0, 0, 0, 0, 0, 0, 0, 0], [0, 0, 0, 0, 1, 0, 0, 0, 0, 0, 0, 0, 0, 0], [0, 0, 1, 0, 8, 0, 0, 0, 0, 0, 0, 0, 0, 0], [0, 0, 0, 0, 11, 0, 0, 0, 0, 0, 0, 0, 0, 0], [0, 0, 0, 0, 5, 0, 0, 0, 0, 0, 0, 0, 0, 0], [0, 0, 1, 0, 5, 0, 0, 0, 0, 0, 0, 0, 0, 0], [0, 0, 1, 0, 7, 0, 0, 0, 0, 0, 0, 0, 0, 0]]"
source_expansion_Faces_to_PetImages_to_GarbageDataset,gaussian_nb,page_hinkley,0.75,8,208042,0.45018084156739613,0.3306691947181269,0.3549447390874686,0.761,0.45018084156739613,0.3306691947181269,0.3549447390874686,0.65,0.79,0.755,0.42173052163589225,0.3177084188876166,0.3352115167953717,0.65,0.74,1.0,"[[210, 64, 0, 0, 0, 0, 0, 0, 0, 0, 0, 0, 0, 0], [79, 29, 0, 0, 0, 0, 0, 0, 0, 0, 0, 0, 0, 0], [3, 11, 236, 3, 0, 0, 0, 0, 0, 0, 0, 0, 0, 0], [0, 6, 2, 30, 0, 0, 0, 0, 0, 0, 0, 0, 0, 0], [3, 7, 0, 5, 247, 0, 0, 0, 0, 5, 1, 0, 0, 0], [0, 5, 0, 1, 0, 4, 0, 0, 0, 0, 0, 0, 0, 0], [2, 0, 0, 0, 1, 0, 0, 0, 0, 0, 1, 0, 0, 0], [5, 0, 0, 0, 0, 0, 0, 0, 0, 0, 0, 0, 0, 0], [0, 1, 0, 0, 0, 0, 0, 0, 0, 0, 0, 0, 0, 0], [2, 3, 0, 0, 3, 0, 0, 0, 0, 1, 0, 0, 0, 0], [4, 0, 0, 0, 2, 0, 0, 0, 0, 2, 3, 0, 0, 0], [0, 3, 0, 0, 1, 0, 0, 0, 0, 1, 0, 0, 0, 0], [2, 1, 0, 0, 0, 0, 0, 0, 0, 1, 0, 0, 1, 1], [5, 0, 0, 0, 1, 0, 0, 0, 0, 2, 0, 0, 0, 0]]","[[203, 69, 1, 1, 0, 0, 0, 0, 0, 0, 0, 0, 0, 0], [65, 36, 6, 1, 0, 0, 0, 0, 0, 0, 0, 0, 0, 0], [1, 5, 244, 3, 0, 0, 0, 0, 0, 0, 0, 0, 0, 0], [0, 4, 9, 25, 0, 0, 0, 0, 0, 0, 0, 0, 0, 0], [0, 0, 18, 6, 239, 0, 0, 0, 0, 4, 1, 0, 0, 0], [0, 0, 4, 2, 0, 4, 0, 0, 0, 0, 0, 0, 0, 0], [0, 0, 3, 0, 0, 0, 0, 0, 0, 0, 1, 0, 0, 0], [0, 0, 3, 1, 0, 0, 0, 0, 0, 0, 1, 0, 0, 0], [0, 0, 1, 0, 0, 0, 0, 0, 0, 0, 0, 0, 0, 0], [0, 0, 6, 1, 1, 0, 0, 0, 0, 1, 0, 0, 0, 0], [0, 0, 5, 0, 2, 0, 0, 0, 0, 2, 2, 0, 0, 0], [0, 0, 2, 2, 0, 0, 0, 0, 0, 1, 0, 0, 0, 0], [0, 0, 4, 0, 0, 0, 0, 0, 0, 1, 0, 0, 1, 0], [0, 0, 4, 2, 0, 0, 0, 0, 0, 2, 0, 0, 0, 0]]"
source_expansion_Faces_to_PetImages_to_GarbageDataset,logistic_regression,hddm_w,0.75,8,208042,0.4558167375391033,0.42340337290626134,0.43392052999846875,0.778,0.4558167375391033,0.42340337290626134,0.43392052999846875,0.5800000000000001,0.88,0.778,0.4558167375391033,0.42340337290626134,0.43392052999846875,0.5800000000000001,0.88,0.0,"[[171, 97, 5, 1, 0, 0, 0, 0, 0, 0, 0, 0, 0, 0], [54, 50, 3, 1, 0, 0, 0, 0, 0, 0, 0, 0, 0, 0], [1, 1, 244, 7, 0, 0, 0, 0, 0, 0, 0, 0, 0, 0], [0, 2, 4, 32, 0, 0, 0, 0, 0, 0, 0, 0, 0, 0], [0, 0, 0, 1, 264, 0, 1, 0, 0, 0, 0, 1, 1, 0], [0, 0, 2, 0, 0, 5, 0, 0, 0, 1, 1, 0, 0, 1], [0, 0, 0, 0, 1, 0, 0, 1, 0, 0, 2, 0, 0, 0], [0, 0, 0, 0, 1, 0, 0, 1, 0, 0, 1, 1, 0, 1], [0, 0, 0, 0, 0, 0, 0, 0, 0, 0, 0, 0, 0, 1], [0, 0, 1, 0, 3, 1, 0, 1, 1, 1, 0, 0, 1, 0], [0, 0, 0, 0, 3, 0, 1, 0, 0, 1, 5, 1, 0, 0], [0, 0, 0, 0, 1, 0, 0, 0, 0, 1, 1, 1, 0, 1], [0, 0, 0, 0, 1, 0, 0, 0, 0, 1, 0, 0, 2, 2], [0, 0, 0, 0, 2, 1, 0, 0, 0, 1, 0, 2, 0, 2]]","[[171, 97, 5, 1, 0, 0, 0, 0, 0, 0, 0, 0, 0, 0], [54, 50, 3, 1, 0, 0, 0, 0, 0, 0, 0, 0, 0, 0], [1, 1, 244, 7, 0, 0, 0, 0, 0, 0, 0, 0, 0, 0], [0, 2, 4, 32, 0, 0, 0, 0, 0, 0, 0, 0, 0, 0], [0, 0, 0, 1, 264, 0, 1, 0, 0, 0, 0, 1, 1, 0], [0, 0, 2, 0, 0, 5, 0, 0, 0, 1, 1, 0, 0, 1], [0, 0, 0, 0, 1, 0, 0, 1, 0, 0, 2, 0, 0, 0], [0, 0, 0, 0, 1, 0, 0, 1, 0, 0, 1, 1, 0, 1], [0, 0, 0, 0, 0, 0, 0, 0, 0, 0, 0, 0, 0, 1], [0, 0, 1, 0, 3, 1, 0, 1, 1, 1, 0, 0, 1, 0], [0, 0, 0, 0, 3, 0, 1, 0, 0, 1, 5, 1, 0, 0], [0, 0, 0, 0, 1, 0, 0, 0, 0, 1, 1, 1, 0, 1], [0, 0, 0, 0, 1, 0, 0, 0, 0, 1, 0, 0, 2, 2], [0, 0, 0, 0, 2, 1, 0, 0, 0, 1, 0, 2, 0, 2]]"
source_expansion_Faces_to_PetImages_to_GarbageDataset,hoeffding_tree,hddm_w,0.75,8,208042,0.2676181173302837,0.17659344479771819,0.16519556134715638,0.437,0.2676181173302837,0.17659344479771819,0.16519556134715638,0.73,0.0,0.709,0.19493331815484818,0.19759498578050302,0.1851167222156382,0.73,0.76,3.0,"[[264, 3, 0, 0, 1, 0, 2, 1, 2, 0, 0, 0, 1, 0], [96, 4, 0, 0, 2, 0, 1, 0, 3, 0, 0, 0, 2, 0], [67, 5, 156, 1, 3, 0, 4, 3, 8, 3, 0, 0, 3, 0], [3, 16, 3, 8, 2, 0, 0, 0, 6, 0, 0, 0, 0, 0], [0, 0, 1, 2, 1, 14, 28, 5, 179, 3, 0, 8, 27, 0], [0, 0, 0, 0, 0, 1, 2, 0, 6, 0, 0, 0, 1, 0], [0, 0, 0, 0, 0, 0, 1, 1, 2, 0, 0, 0, 0, 0], [0, 0, 0, 0, 0, 0, 1, 0, 3, 1, 0, 0, 0, 0], [0, 0, 0, 0, 0, 0, 0, 0, 0, 0, 0, 0, 1, 0], [0, 0, 0, 0, 0, 0, 1, 0, 7, 0, 0, 0, 1, 0], [0, 0, 0, 0, 0, 0, 1, 0, 8, 0, 1, 0, 1, 0], [0, 0, 0, 0, 0, 0, 1, 0, 3, 0, 0, 1, 0, 0], [0, 1, 0, 0, 0, 0, 0, 0, 5, 0, 0, 0, 0, 0], [0, 0, 0, 0, 0, 0, 0, 0, 5, 1, 0, 2, 0, 0]]","[[244, 12, 13, 0, 5, 0, 0, 0, 0, 0, 0, 0, 0, 0], [74, 5, 22, 0, 7, 0, 0, 0, 0, 0, 0, 0, 0, 0], [18, 11, 205, 4, 15, 0, 0, 0, 0, 0, 0, 0, 0, 0], [0, 1, 27, 3, 7, 0, 0, 0, 0, 0, 0, 0, 0, 0], [0, 0, 15, 1, 252, 0, 0, 0, 0, 0, 0, 0, 0, 0], [0, 0, 0, 0, 10, 0, 0, 0, 0, 0, 0, 0, 0, 0], [0, 0, 1, 0, 3, 0, 0, 0, 0, 0, 0, 0, 0, 0], [0, 0, 1, 0, 4, 0, 0, 0, 0, 0, 0, 0, 0, 0], [0, 0, 0, 0, 1, 0, 0, 0, 0, 0, 0, 0, 0, 0], [0, 0, 1, 0, 8, 0, 0, 0, 0, 0, 0, 0, 0, 0], [0, 0, 0, 0, 11, 0, 0, 0, 0, 0, 0, 0, 0, 0], [0, 0, 0, 0, 5, 0, 0, 0, 0, 0, 0, 0, 0, 0], [0, 0, 1, 0, 5, 0, 0, 0, 0, 0, 0, 0, 0, 0], [0, 0, 1, 0, 7, 0, 0, 0, 0, 0, 0, 0, 0, 0]]"
source_expansion_Faces_to_PetImages_to_GarbageDataset,gaussian_nb,hddm_w,0.75,8,208042,0.45018084156739613,0.3306691947181269,0.3549447390874686,0.761,0.45018084156739613,0.3306691947181269,0.3549447390874686,0.65,0.79,0.77,0.4602207863482414,0.33460600643709754,0.36144371566541567,0.65,0.77,1.0,"[[210, 64, 0, 0, 0, 0, 0, 0, 0, 0, 0, 0, 0, 0], [79, 29, 0, 0, 0, 0, 0, 0, 0, 0, 0, 0, 0, 0], [3, 11, 236, 3, 0, 0, 0, 0, 0, 0, 0, 0, 0, 0], [0, 6, 2, 30, 0, 0, 0, 0, 0, 0, 0, 0, 0, 0], [3, 7, 0, 5, 247, 0, 0, 0, 0, 5, 1, 0, 0, 0], [0, 5, 0, 1, 0, 4, 0, 0, 0, 0, 0, 0, 0, 0], [2, 0, 0, 0, 1, 0, 0, 0, 0, 0, 1, 0, 0, 0], [5, 0, 0, 0, 0, 0, 0, 0, 0, 0, 0, 0, 0, 0], [0, 1, 0, 0, 0, 0, 0, 0, 0, 0, 0, 0, 0, 0], [2, 3, 0, 0, 3, 0, 0, 0, 0, 1, 0, 0, 0, 0], [4, 0, 0, 0, 2, 0, 0, 0, 0, 2, 3, 0, 0, 0], [0, 3, 0, 0, 1, 0, 0, 0, 0, 1, 0, 0, 0, 0], [2, 1, 0, 0, 0, 0, 0, 0, 0, 1, 0, 0, 1, 1], [5, 0, 0, 0, 1, 0, 0, 0, 0, 2, 0, 0, 0, 0]]","[[214, 60, 0, 0, 0, 0, 0, 0, 0, 0, 0, 0, 0, 0], [71, 37, 0, 0, 0, 0, 0, 0, 0, 0, 0, 0, 0, 0], [13, 1, 237, 2, 0, 0, 0, 0, 0, 0, 0, 0, 0, 0], [6, 1, 2, 29, 0, 0, 0, 0, 0, 0, 0, 0, 0, 0], [15, 0, 0, 3, 244, 0, 0, 0, 0, 5, 1, 0, 0, 0], [4, 0, 0, 2, 0, 4, 0, 0, 0, 0, 0, 0, 0, 0], [2, 0, 0, 0, 1, 0, 0, 0, 0, 0, 1, 0, 0, 0], [5, 0, 0, 0, 0, 0, 0, 0, 0, 0, 0, 0, 0, 0], [1, 0, 0, 0, 0, 0, 0, 0, 0, 0, 0, 0, 0, 0], [6, 0, 0, 0, 2, 0, 0, 0, 0, 1, 0, 0, 0, 0], [6, 0, 0, 0, 0, 0, 0, 0, 0, 2, 3, 0, 0, 0], [2, 1, 0, 0, 1, 0, 0, 0, 0, 1, 0, 0, 0, 0], [5, 0, 0, 0, 0, 0, 0, 0, 0, 0, 0, 0, 1, 0], [6, 0, 0, 0, 0, 0, 0, 0, 0, 2, 0, 0, 0, 0]]"
source_expansion_Faces_to_PetImages_to_GarbageDataset,logistic_regression,kswin,0.75,9,209042,0.6061682268938305,0.5103782242639527,0.5381794945803049,0.804,0.6061682268938305,0.5103782242639527,0.5381794945803049,0.5800000000000001,0.92,0.804,0.6061682268938305,0.5103782242639527,0.5381794945803049,0.5800000000000001,0.92,0.0,"[[175, 92, 1, 1, 0, 0, 0, 0, 0, 0, 0, 0, 0, 0], [49, 57, 2, 1, 0, 0, 0, 0, 0, 0, 0, 0, 0, 0], [0, 1, 256, 3, 0, 0, 0, 0, 0, 0, 0, 0, 0, 0], [0, 0, 5, 24, 0, 0, 0, 0, 1, 0, 0, 0, 0, 1], [0, 0, 0, 1, 269, 0, 1, 0, 0, 1, 1, 1, 0, 0], [0, 0, 0, 0, 1, 8, 0, 0, 0, 1, 0, 0, 0, 1], [0, 0, 0, 0, 3, 0, 4, 0, 0, 0, 2, 0, 0, 0], [0, 0, 0, 0, 0, 0, 0, 2, 0, 0, 2, 0, 0, 0], [0, 0, 0, 0, 1, 0, 0, 0, 0, 2, 0, 0, 0, 0], [0, 0, 0, 0, 6, 0, 0, 0, 0, 1, 0, 0, 0, 0], [0, 0, 0, 0, 3, 1, 1, 0, 0, 0, 2, 0, 0, 1], [0, 0, 0, 1, 0, 0, 0, 1, 1, 1, 0, 2, 0, 0], [0, 0, 0, 1, 0, 0, 0, 0, 0, 0, 0, 0, 1, 1], [0, 0, 0, 1, 1, 1, 0, 0, 0, 0, 0, 0, 0, 3]]","[[175, 92, 1, 1, 0, 0, 0, 0, 0, 0, 0, 0, 0, 0], [49, 57, 2, 1, 0, 0, 0, 0, 0, 0, 0, 0, 0, 0], [0, 1, 256, 3, 0, 0, 0, 0, 0, 0, 0, 0, 0, 0], [0, 0, 5, 24, 0, 0, 0, 0, 1, 0, 0, 0, 0, 1], [0, 0, 0, 1, 269, 0, 1, 0, 0, 1, 1, 1, 0, 0], [0, 0, 0, 0, 1, 8, 0, 0, 0, 1, 0, 0, 0, 1], [0, 0, 0, 0, 3, 0, 4, 0, 0, 0, 2, 0, 0, 0], [0, 0, 0, 0, 0, 0, 0, 2, 0, 0, 2, 0, 0, 0], [0, 0, 0, 0, 1, 0, 0, 0, 0, 2, 0, 0, 0, 0], [0, 0, 0, 0, 6, 0, 0, 0, 0, 1, 0, 0, 0, 0], [0, 0, 0, 0, 3, 1, 1, 0, 0, 0, 2, 0, 0, 1], [0, 0, 0, 1, 0, 0, 0, 1, 1, 1, 0, 2, 0, 0], [0, 0, 0, 1, 0, 0, 0, 0, 0, 0, 0, 0, 1, 1], [0, 0, 0, 1, 1, 1, 0, 0, 0, 0, 0, 0, 0, 3]]"
source_expansion_Faces_to_PetImages_to_GarbageDataset,hoeffding_tree,kswin,0.75,9,209042,0.26689651095333217,0.21973236695056367,0.1927257162048872,0.525,0.26689651095333217,0.21973236695056367,0.1927257162048872,0.71,0.75,0.697,0.17367422726915202,0.18825833606813186,0.17262679175579634,0.71,0.7,5.0,"[[240, 15, 0, 0, 3, 4, 0, 5, 0, 0, 1, 0, 0, 1], [85, 13, 0, 0, 0, 2, 0, 3, 3, 0, 3, 0, 0, 0], [32, 8, 188, 1, 4, 11, 0, 6, 9, 0, 1, 0, 0, 0], [3, 11, 2, 5, 1, 1, 0, 2, 2, 0, 0, 0, 4, 0], [3, 5, 1, 0, 74, 8, 4, 79, 40, 0, 27, 0, 32, 1], [0, 2, 0, 1, 0, 1, 0, 2, 1, 0, 2, 0, 1, 1], [0, 1, 0, 0, 0, 0, 1, 4, 0, 0, 3, 0, 0, 0], [1, 1, 0, 0, 0, 0, 0, 1, 0, 0, 0, 0, 1, 0], [0, 1, 0, 0, 0, 1, 0, 0, 1, 0, 0, 0, 0, 0], [0, 4, 0, 0, 0, 1, 0, 0, 2, 0, 0, 0, 0, 0], [1, 0, 0, 0, 0, 0, 0, 5, 1, 0, 1, 0, 0, 0], [0, 3, 0, 0, 0, 1, 0, 1, 0, 0, 1, 0, 0, 0], [0, 1, 0, 0, 0, 0, 0, 1, 1, 0, 0, 0, 0, 0], [1, 1, 0, 0, 0, 1, 0, 0, 1, 0, 1, 0, 1, 0]]","[[216, 12, 33, 0, 8, 0, 0, 0, 0, 0, 0, 0, 0, 0], [64, 6, 24, 0, 14, 1, 0, 0, 0, 0, 0, 0, 0, 0], [18, 1, 224, 0, 17, 0, 0, 0, 0, 0, 0, 0, 0, 0], [1, 0, 21, 0, 9, 0, 0, 0, 0, 0, 0, 0, 0, 0], [1, 0, 22, 0, 251, 0, 0, 0, 0, 0, 0, 0, 0, 0], [1, 0, 2, 0, 8, 0, 0, 0, 0, 0, 0, 0, 0, 0], [0, 0, 0, 0, 9, 0, 0, 0, 0, 0, 0, 0, 0, 0], [0, 0, 0, 0, 4, 0, 0, 0, 0, 0, 0, 0, 0, 0], [0, 0, 1, 0, 2, 0, 0, 0, 0, 0, 0, 0, 0, 0], [0, 0, 1, 0, 6, 0, 0, 0, 0, 0, 0, 0, 0, 0], [0, 0, 1, 0, 7, 0, 0, 0, 0, 0, 0, 0, 0, 0], [0, 0, 1, 0, 5, 0, 0, 0, 0, 0, 0, 0, 0, 0], [0, 0, 0, 0, 3, 0, 0, 0, 0, 0, 0, 0, 0, 0], [0, 0, 2, 0, 4, 0, 0, 0, 0, 0, 0, 0, 0, 0]]"
source_expansion_Faces_to_PetImages_to_GarbageDataset,gaussian_nb,kswin,0.75,9,209042,0.4977147924936651,0.33630974531332825,0.371620306997796,0.777,0.4977147924936651,0.33630974531332825,0.371620306997796,0.69,0.79,0.777,0.4977147924936651,0.33630974531332825,0.371620306997796,0.69,0.79,0.0,"[[220, 49, 0, 0, 0, 0, 0, 0, 0, 0, 0, 0, 0, 0], [74, 35, 0, 0, 0, 0, 0, 0, 0, 0, 0, 0, 0, 0], [2, 12, 241, 5, 0, 0, 0, 0, 0, 0, 0, 0, 0, 0], [0, 6, 3, 22, 0, 0, 0, 0, 0, 0, 0, 0, 0, 0], [3, 18, 1, 0, 250, 0, 2, 0, 0, 0, 0, 0, 0, 0], [0, 7, 0, 0, 0, 4, 0, 0, 0, 0, 0, 0, 0, 0], [2, 3, 0, 0, 1, 0, 2, 0, 0, 0, 1, 0, 0, 0], [0, 3, 0, 0, 0, 0, 0, 0, 0, 0, 1, 0, 0, 0], [0, 2, 0, 0, 0, 0, 0, 0, 0, 1, 0, 0, 0, 0], [0, 5, 0, 0, 1, 0, 0, 0, 0, 1, 0, 0, 0, 0], [3, 2, 0, 0, 1, 0, 1, 0, 0, 0, 1, 0, 0, 0], [0, 5, 0, 0, 0, 0, 0, 0, 0, 0, 0, 1, 0, 0], [0, 3, 0, 0, 0, 0, 0, 0, 0, 0, 0, 0, 0, 0], [0, 6, 0, 0, 0, 0, 0, 0, 0, 0, 0, 0, 0, 0]]","[[220, 49, 0, 0, 0, 0, 0, 0, 0, 0, 0, 0, 0, 0], [74, 35, 0, 0, 0, 0, 0, 0, 0, 0, 0, 0, 0, 0], [2, 12, 241, 5, 0, 0, 0, 0, 0, 0, 0, 0, 0, 0], [0, 6, 3, 22, 0, 0, 0, 0, 0, 0, 0, 0, 0, 0], [3, 18, 1, 0, 250, 0, 2, 0, 0, 0, 0, 0, 0, 0], [0, 7, 0, 0, 0, 4, 0, 0, 0, 0, 0, 0, 0, 0], [2, 3, 0, 0, 1, 0, 2, 0, 0, 0, 1, 0, 0, 0], [0, 3, 0, 0, 0, 0, 0, 0, 0, 0, 1, 0, 0, 0], [0, 2, 0, 0, 0, 0, 0, 0, 0, 1, 0, 0, 0, 0], [0, 5, 0, 0, 1, 0, 0, 0, 0, 1, 0, 0, 0, 0], [3, 2, 0, 0, 1, 0, 1, 0, 0, 0, 1, 0, 0, 0], [0, 5, 0, 0, 0, 0, 0, 0, 0, 0, 0, 1, 0, 0], [0, 3, 0, 0, 0, 0, 0, 0, 0, 0, 0, 0, 0, 0], [0, 6, 0, 0, 0, 0, 0, 0, 0, 0, 0, 0, 0, 0]]"
source_expansion_Faces_to_PetImages_to_GarbageDataset,logistic_regression,adwin,0.75,9,209042,0.6061682268938305,0.5103782242639527,0.5381794945803049,0.804,0.6061682268938305,0.5103782242639527,0.5381794945803049,0.5800000000000001,0.92,0.783,0.5182860406503415,0.5048235184861906,0.5028455837023805,0.5800000000000001,0.91,1.0,"[[175, 92, 1, 1, 0, 0, 0, 0, 0, 0, 0, 0, 0, 0], [49, 57, 2, 1, 0, 0, 0, 0, 0, 0, 0, 0, 0, 0], [0, 1, 256, 3, 0, 0, 0, 0, 0, 0, 0, 0, 0, 0], [0, 0, 5, 24, 0, 0, 0, 0, 1, 0, 0, 0, 0, 1], [0, 0, 0, 1, 269, 0, 1, 0, 0, 1, 1, 1, 0, 0], [0, 0, 0, 0, 1, 8, 0, 0, 0, 1, 0, 0, 0, 1], [0, 0, 0, 0, 3, 0, 4, 0, 0, 0, 2, 0, 0, 0], [0, 0, 0, 0, 0, 0, 0, 2, 0, 0, 2, 0, 0, 0], [0, 0, 0, 0, 1, 0, 0, 0, 0, 2, 0, 0, 0, 0], [0, 0, 0, 0, 6, 0, 0, 0, 0, 1, 0, 0, 0, 0], [0, 0, 0, 0, 3, 1, 1, 0, 0, 0, 2, 0, 0, 1], [0, 0, 0, 1, 0, 0, 0, 1, 1, 1, 0, 2, 0, 0], [0, 0, 0, 1, 0, 0, 0, 0, 0, 0, 0, 0, 1, 1], [0, 0, 0, 1, 1, 1, 0, 0, 0, 0, 0, 0, 0, 3]]","[[171, 96, 2, 0, 0, 0, 0, 0, 0, 0, 0, 0, 0, 0], [46, 60, 2, 1, 0, 0, 0, 0, 0, 0, 0, 0, 0, 0], [4, 3, 238, 12, 2, 0, 0, 0, 0, 0, 0, 0, 0, 1], [0, 1, 6, 24, 0, 0, 0, 0, 0, 0, 0, 0, 0, 0], [0, 0, 0, 2, 267, 0, 2, 1, 0, 1, 1, 0, 0, 0], [0, 0, 0, 1, 0, 8, 0, 0, 0, 1, 0, 0, 0, 1], [0, 0, 0, 0, 2, 0, 5, 0, 0, 0, 2, 0, 0, 0], [0, 0, 0, 0, 0, 0, 0, 2, 0, 0, 2, 0, 0, 0], [0, 0, 0, 0, 0, 0, 0, 0, 0, 2, 0, 0, 1, 0], [0, 0, 1, 0, 5, 0, 0, 0, 0, 1, 0, 0, 0, 0], [0, 0, 0, 0, 3, 1, 1, 0, 0, 0, 1, 1, 0, 1], [0, 0, 0, 0, 0, 1, 1, 1, 0, 1, 0, 2, 0, 0], [0, 0, 0, 1, 0, 0, 0, 0, 0, 0, 0, 0, 1, 1], [0, 1, 0, 0, 0, 1, 0, 1, 0, 0, 0, 0, 0, 3]]"
source_expansion_Faces_to_PetImages_to_GarbageDataset,hoeffding_tree,adwin,0.75,9,209042,0.26689651095333217,0.21973236695056367,0.1927257162048872,0.525,0.26689651095333217,0.21973236695056367,0.1927257162048872,0.71,0.75,0.695,0.2425021950155139,0.20328124989071097,0.19919538032051856,0.71,0.7,2.0,"[[240, 15, 0, 0, 3, 4, 0, 5, 0, 0, 1, 0, 0, 1], [85, 13, 0, 0, 0, 2, 0, 3, 3, 0, 3, 0, 0, 0], [32, 8, 188, 1, 4, 11, 0, 6, 9, 0, 1, 0, 0, 0], [3, 11, 2, 5, 1, 1, 0, 2, 2, 0, 0, 0, 4, 0], [3, 5, 1, 0, 74, 8, 4, 79, 40, 0, 27, 0, 32, 1], [0, 2, 0, 1, 0, 1, 0, 2, 1, 0, 2, 0, 1, 1], [0, 1, 0, 0, 0, 0, 1, 4, 0, 0, 3, 0, 0, 0], [1, 1, 0, 0, 0, 0, 0, 1, 0, 0, 0, 0, 1, 0], [0, 1, 0, 0, 0, 1, 0, 0, 1, 0, 0, 0, 0, 0], [0, 4, 0, 0, 0, 1, 0, 0, 2, 0, 0, 0, 0, 0], [1, 0, 0, 0, 0, 0, 0, 5, 1, 0, 1, 0, 0, 0], [0, 3, 0, 0, 0, 1, 0, 1, 0, 0, 1, 0, 0, 0], [0, 1, 0, 0, 0, 0, 0, 1, 1, 0, 0, 0, 0, 0], [1, 1, 0, 0, 0, 1, 0, 0, 1, 0, 1, 0, 1, 0]]","[[238, 15, 0, 0, 11, 4, 0, 0, 0, 0, 0, 0, 0, 1], [83, 10, 0, 0, 14, 2, 0, 0, 0, 0, 0, 0, 0, 0], [31, 9, 185, 1, 21, 11, 0, 0, 2, 0, 0, 0, 0, 0], [3, 11, 2, 4, 10, 1, 0, 0, 0, 0, 0, 0, 0, 0], [2, 2, 2, 0, 257, 9, 0, 0, 1, 0, 0, 0, 0, 1], [0, 0, 0, 0, 9, 1, 0, 0, 0, 0, 0, 0, 0, 1], [0, 0, 0, 0, 9, 0, 0, 0, 0, 0, 0, 0, 0, 0], [0, 0, 0, 0, 4, 0, 0, 0, 0, 0, 0, 0, 0, 0], [0, 0, 0, 0, 2, 1, 0, 0, 0, 0, 0, 0, 0, 0], [0, 0, 0, 0, 6, 1, 0, 0, 0, 0, 0, 0, 0, 0], [0, 0, 0, 0, 7, 0, 0, 0, 1, 0, 0, 0, 0, 0], [0, 0, 0, 0, 5, 1, 0, 0, 0, 0, 0, 0, 0, 0], [0, 0, 0, 0, 3, 0, 0, 0, 0, 0, 0, 0, 0, 0], [0, 1, 0, 0, 4, 1, 0, 0, 0, 0, 0, 0, 0, 0]]"
source_expansion_Faces_to_PetImages_to_GarbageDataset,gaussian_nb,adwin,0.75,9,209042,0.4977147924936651,0.33630974531332825,0.371620306997796,0.777,0.4977147924936651,0.33630974531332825,0.371620306997796,0.69,0.79,0.777,0.4977147924936651,0.33630974531332825,0.371620306997796,0.69,0.79,0.0,"[[220, 49, 0, 0, 0, 0, 0, 0, 0, 0, 0, 0, 0, 0], [74, 35, 0, 0, 0, 0, 0, 0, 0, 0, 0, 0, 0, 0], [2, 12, 241, 5, 0, 0, 0, 0, 0, 0, 0, 0, 0, 0], [0, 6, 3, 22, 0, 0, 0, 0, 0, 0, 0, 0, 0, 0], [3, 18, 1, 0, 250, 0, 2, 0, 0, 0, 0, 0, 0, 0], [0, 7, 0, 0, 0, 4, 0, 0, 0, 0, 0, 0, 0, 0], [2, 3, 0, 0, 1, 0, 2, 0, 0, 0, 1, 0, 0, 0], [0, 3, 0, 0, 0, 0, 0, 0, 0, 0, 1, 0, 0, 0], [0, 2, 0, 0, 0, 0, 0, 0, 0, 1, 0, 0, 0, 0], [0, 5, 0, 0, 1, 0, 0, 0, 0, 1, 0, 0, 0, 0], [3, 2, 0, 0, 1, 0, 1, 0, 0, 0, 1, 0, 0, 0], [0, 5, 0, 0, 0, 0, 0, 0, 0, 0, 0, 1, 0, 0], [0, 3, 0, 0, 0, 0, 0, 0, 0, 0, 0, 0, 0, 0], [0, 6, 0, 0, 0, 0, 0, 0, 0, 0, 0, 0, 0, 0]]","[[220, 49, 0, 0, 0, 0, 0, 0, 0, 0, 0, 0, 0, 0], [74, 35, 0, 0, 0, 0, 0, 0, 0, 0, 0, 0, 0, 0], [2, 12, 241, 5, 0, 0, 0, 0, 0, 0, 0, 0, 0, 0], [0, 6, 3, 22, 0, 0, 0, 0, 0, 0, 0, 0, 0, 0], [3, 18, 1, 0, 250, 0, 2, 0, 0, 0, 0, 0, 0, 0], [0, 7, 0, 0, 0, 4, 0, 0, 0, 0, 0, 0, 0, 0], [2, 3, 0, 0, 1, 0, 2, 0, 0, 0, 1, 0, 0, 0], [0, 3, 0, 0, 0, 0, 0, 0, 0, 0, 1, 0, 0, 0], [0, 2, 0, 0, 0, 0, 0, 0, 0, 1, 0, 0, 0, 0], [0, 5, 0, 0, 1, 0, 0, 0, 0, 1, 0, 0, 0, 0], [3, 2, 0, 0, 1, 0, 1, 0, 0, 0, 1, 0, 0, 0], [0, 5, 0, 0, 0, 0, 0, 0, 0, 0, 0, 1, 0, 0], [0, 3, 0, 0, 0, 0, 0, 0, 0, 0, 0, 0, 0, 0], [0, 6, 0, 0, 0, 0, 0, 0, 0, 0, 0, 0, 0, 0]]"
source_expansion_Faces_to_PetImages_to_GarbageDataset,logistic_regression,page_hinkley,0.75,9,209042,0.6061682268938305,0.5103782242639527,0.5381794945803049,0.804,0.6061682268938305,0.5103782242639527,0.5381794945803049,0.5800000000000001,0.92,0.767,0.5595632684991358,0.5219460964677354,0.5300313581273934,0.5800000000000001,0.92,1.0,"[[175, 92, 1, 1, 0, 0, 0, 0, 0, 0, 0, 0, 0, 0], [49, 57, 2, 1, 0, 0, 0, 0, 0, 0, 0, 0, 0, 0], [0, 1, 256, 3, 0, 0, 0, 0, 0, 0, 0, 0, 0, 0], [0, 0, 5, 24, 0, 0, 0, 0, 1, 0, 0, 0, 0, 1], [0, 0, 0, 1, 269, 0, 1, 0, 0, 1, 1, 1, 0, 0], [0, 0, 0, 0, 1, 8, 0, 0, 0, 1, 0, 0, 0, 1], [0, 0, 0, 0, 3, 0, 4, 0, 0, 0, 2, 0, 0, 0], [0, 0, 0, 0, 0, 0, 0, 2, 0, 0, 2, 0, 0, 0], [0, 0, 0, 0, 1, 0, 0, 0, 0, 2, 0, 0, 0, 0], [0, 0, 0, 0, 6, 0, 0, 0, 0, 1, 0, 0, 0, 0], [0, 0, 0, 0, 3, 1, 1, 0, 0, 0, 2, 0, 0, 1], [0, 0, 0, 1, 0, 0, 0, 1, 1, 1, 0, 2, 0, 0], [0, 0, 0, 1, 0, 0, 0, 0, 0, 0, 0, 0, 1, 1], [0, 0, 0, 1, 1, 1, 0, 0, 0, 0, 0, 0, 0, 3]]","[[166, 102, 1, 0, 0, 0, 0, 0, 0, 0, 0, 0, 0, 0], [48, 57, 3, 1, 0, 0, 0, 0, 0, 0, 0, 0, 0, 0], [4, 14, 224, 15, 2, 0, 0, 0, 0, 0, 0, 0, 0, 1], [0, 1, 4, 26, 0, 0, 0, 0, 0, 0, 0, 0, 0, 0], [0, 0, 0, 1, 269, 0, 2, 0, 0, 1, 1, 0, 0, 0], [0, 0, 0, 1, 0, 8, 0, 0, 0, 0, 1, 0, 0, 1], [0, 0, 0, 0, 2, 0, 5, 0, 0, 0, 2, 0, 0, 0], [0, 0, 0, 0, 0, 0, 0, 2, 0, 0, 2, 0, 0, 0], [0, 0, 0, 0, 0, 0, 0, 0, 0, 2, 0, 0, 1, 0], [0, 0, 0, 0, 5, 0, 0, 0, 0, 2, 0, 0, 0, 0], [0, 0, 0, 0, 3, 1, 1, 0, 0, 0, 2, 1, 0, 0], [0, 0, 0, 1, 0, 0, 1, 1, 0, 1, 0, 2, 0, 0], [0, 0, 0, 1, 0, 0, 0, 0, 0, 0, 0, 0, 1, 1], [0, 0, 0, 1, 1, 1, 0, 0, 0, 0, 0, 0, 0, 3]]"
source_expansion_Faces_to_PetImages_to_GarbageDataset,hoeffding_tree,page_hinkley,0.75,9,209042,0.26689651095333217,0.21973236695056367,0.1927257162048872,0.525,0.26689651095333217,0.21973236695056367,0.1927257162048872,0.71,0.75,0.7,0.24817907596054933,0.19287080558869743,0.1812874546473604,0.71,0.71,4.0,"[[240, 15, 0, 0, 3, 4, 0, 5, 0, 0, 1, 0, 0, 1], [85, 13, 0, 0, 0, 2, 0, 3, 3, 0, 3, 0, 0, 0], [32, 8, 188, 1, 4, 11, 0, 6, 9, 0, 1, 0, 0, 0], [3, 11, 2, 5, 1, 1, 0, 2, 2, 0, 0, 0, 4, 0], [3, 5, 1, 0, 74, 8, 4, 79, 40, 0, 27, 0, 32, 1], [0, 2, 0, 1, 0, 1, 0, 2, 1, 0, 2, 0, 1, 1], [0, 1, 0, 0, 0, 0, 1, 4, 0, 0, 3, 0, 0, 0], [1, 1, 0, 0, 0, 0, 0, 1, 0, 0, 0, 0, 1, 0], [0, 1, 0, 0, 0, 1, 0, 0, 1, 0, 0, 0, 0, 0], [0, 4, 0, 0, 0, 1, 0, 0, 2, 0, 0, 0, 0, 0], [1, 0, 0, 0, 0, 0, 0, 5, 1, 0, 1, 0, 0, 0], [0, 3, 0, 0, 0, 1, 0, 1, 0, 0, 1, 0, 0, 0], [0, 1, 0, 0, 0, 0, 0, 1, 1, 0, 0, 0, 0, 0], [1, 1, 0, 0, 0, 1, 0, 0, 1, 0, 1, 0, 1, 0]]","[[221, 11, 27, 0, 10, 0, 0, 0, 0, 0, 0, 0, 0, 0], [66, 6, 22, 0, 15, 0, 0, 0, 0, 0, 0, 0, 0, 0], [29, 0, 204, 0, 27, 0, 0, 0, 0, 0, 0, 0, 0, 0], [2, 0, 18, 2, 9, 0, 0, 0, 0, 0, 0, 0, 0, 0], [2, 0, 5, 0, 267, 0, 0, 0, 0, 0, 0, 0, 0, 0], [0, 0, 1, 0, 10, 0, 0, 0, 0, 0, 0, 0, 0, 0], [0, 0, 0, 0, 9, 0, 0, 0, 0, 0, 0, 0, 0, 0], [0, 0, 0, 0, 4, 0, 0, 0, 0, 0, 0, 0, 0, 0], [0, 0, 0, 0, 3, 0, 0, 0, 0, 0, 0, 0, 0, 0], [0, 0, 0, 0, 7, 0, 0, 0, 0, 0, 0, 0, 0, 0], [0, 0, 0, 0, 8, 0, 0, 0, 0, 0, 0, 0, 0, 0], [0, 0, 0, 0, 6, 0, 0, 0, 0, 0, 0, 0, 0, 0], [0, 0, 0, 0, 3, 0, 0, 0, 0, 0, 0, 0, 0, 0], [0, 0, 1, 0, 5, 0, 0, 0, 0, 0, 0, 0, 0, 0]]"
source_expansion_Faces_to_PetImages_to_GarbageDataset,gaussian_nb,page_hinkley,0.75,9,209042,0.4977147924936651,0.33630974531332825,0.371620306997796,0.777,0.4977147924936651,0.33630974531332825,0.371620306997796,0.69,0.79,0.762,0.23750626535041927,0.24579263669670182,0.24101540535777008,0.69,0.8,2.0,"[[220, 49, 0, 0, 0, 0, 0, 0, 0, 0, 0, 0, 0, 0], [74, 35, 0, 0, 0, 0, 0, 0, 0, 0, 0, 0, 0, 0], [2, 12, 241, 5, 0, 0, 0, 0, 0, 0, 0, 0, 0, 0], [0, 6, 3, 22, 0, 0, 0, 0, 0, 0, 0, 0, 0, 0], [3, 18, 1, 0, 250, 0, 2, 0, 0, 0, 0, 0, 0, 0], [0, 7, 0, 0, 0, 4, 0, 0, 0, 0, 0, 0, 0, 0], [2, 3, 0, 0, 1, 0, 2, 0, 0, 0, 1, 0, 0, 0], [0, 3, 0, 0, 0, 0, 0, 0, 0, 0, 1, 0, 0, 0], [0, 2, 0, 0, 0, 0, 0, 0, 0, 1, 0, 0, 0, 0], [0, 5, 0, 0, 1, 0, 0, 0, 0, 1, 0, 0, 0, 0], [3, 2, 0, 0, 1, 0, 1, 0, 0, 0, 1, 0, 0, 0], [0, 5, 0, 0, 0, 0, 0, 0, 0, 0, 0, 1, 0, 0], [0, 3, 0, 0, 0, 0, 0, 0, 0, 0, 0, 0, 0, 0], [0, 6, 0, 0, 0, 0, 0, 0, 0, 0, 0, 0, 0, 0]]","[[202, 61, 2, 2, 2, 0, 0, 0, 0, 0, 0, 0, 0, 0], [61, 41, 4, 1, 2, 0, 0, 0, 0, 0, 0, 0, 0, 0], [1, 7, 244, 6, 2, 0, 0, 0, 0, 0, 0, 0, 0, 0], [0, 5, 9, 13, 4, 0, 0, 0, 0, 0, 0, 0, 0, 0], [1, 0, 11, 0, 262, 0, 0, 0, 0, 0, 0, 0, 0, 0], [0, 0, 4, 3, 4, 0, 0, 0, 0, 0, 0, 0, 0, 0], [0, 0, 3, 0, 6, 0, 0, 0, 0, 0, 0, 0, 0, 0], [0, 0, 0, 1, 2, 0, 0, 0, 0, 0, 1, 0, 0, 0], [0, 0, 2, 0, 1, 0, 0, 0, 0, 0, 0, 0, 0, 0], [0, 0, 3, 0, 4, 0, 0, 0, 0, 0, 0, 0, 0, 0], [0, 0, 2, 0, 6, 0, 0, 0, 0, 0, 0, 0, 0, 0], [0, 0, 2, 0, 4, 0, 0, 0, 0, 0, 0, 0, 0, 0], [0, 0, 1, 0, 2, 0, 0, 0, 0, 0, 0, 0, 0, 0], [0, 0, 4, 0, 2, 0, 0, 0, 0, 0, 0, 0, 0, 0]]"
source_expansion_Faces_to_PetImages_to_GarbageDataset,logistic_regression,hddm_w,0.75,9,209042,0.6061682268938305,0.5103782242639527,0.5381794945803049,0.804,0.6061682268938305,0.5103782242639527,0.5381794945803049,0.5800000000000001,0.92,0.804,0.6061682268938305,0.5103782242639527,0.5381794945803049,0.5800000000000001,0.92,0.0,"[[175, 92, 1, 1, 0, 0, 0, 0, 0, 0, 0, 0, 0, 0], [49, 57, 2, 1, 0, 0, 0, 0, 0, 0, 0, 0, 0, 0], [0, 1, 256, 3, 0, 0, 0, 0, 0, 0, 0, 0, 0, 0], [0, 0, 5, 24, 0, 0, 0, 0, 1, 0, 0, 0, 0, 1], [0, 0, 0, 1, 269, 0, 1, 0, 0, 1, 1, 1, 0, 0], [0, 0, 0, 0, 1, 8, 0, 0, 0, 1, 0, 0, 0, 1], [0, 0, 0, 0, 3, 0, 4, 0, 0, 0, 2, 0, 0, 0], [0, 0, 0, 0, 0, 0, 0, 2, 0, 0, 2, 0, 0, 0], [0, 0, 0, 0, 1, 0, 0, 0, 0, 2, 0, 0, 0, 0], [0, 0, 0, 0, 6, 0, 0, 0, 0, 1, 0, 0, 0, 0], [0, 0, 0, 0, 3, 1, 1, 0, 0, 0, 2, 0, 0, 1], [0, 0, 0, 1, 0, 0, 0, 1, 1, 1, 0, 2, 0, 0], [0, 0, 0, 1, 0, 0, 0, 0, 0, 0, 0, 0, 1, 1], [0, 0, 0, 1, 1, 1, 0, 0, 0, 0, 0, 0, 0, 3]]","[[175, 92, 1, 1, 0, 0, 0, 0, 0, 0, 0, 0, 0, 0], [49, 57, 2, 1, 0, 0, 0, 0, 0, 0, 0, 0, 0, 0], [0, 1, 256, 3, 0, 0, 0, 0, 0, 0, 0, 0, 0, 0], [0, 0, 5, 24, 0, 0, 0, 0, 1, 0, 0, 0, 0, 1], [0, 0, 0, 1, 269, 0, 1, 0, 0, 1, 1, 1, 0, 0], [0, 0, 0, 0, 1, 8, 0, 0, 0, 1, 0, 0, 0, 1], [0, 0, 0, 0, 3, 0, 4, 0, 0, 0, 2, 0, 0, 0], [0, 0, 0, 0, 0, 0, 0, 2, 0, 0, 2, 0, 0, 0], [0, 0, 0, 0, 1, 0, 0, 0, 0, 2, 0, 0, 0, 0], [0, 0, 0, 0, 6, 0, 0, 0, 0, 1, 0, 0, 0, 0], [0, 0, 0, 0, 3, 1, 1, 0, 0, 0, 2, 0, 0, 1], [0, 0, 0, 1, 0, 0, 0, 1, 1, 1, 0, 2, 0, 0], [0, 0, 0, 1, 0, 0, 0, 0, 0, 0, 0, 0, 1, 1], [0, 0, 0, 1, 1, 1, 0, 0, 0, 0, 0, 0, 0, 3]]"
source_expansion_Faces_to_PetImages_to_GarbageDataset,hoeffding_tree,hddm_w,0.75,9,209042,0.26689651095333217,0.21973236695056367,0.1927257162048872,0.525,0.26689651095333217,0.21973236695056367,0.1927257162048872,0.71,0.75,0.702,0.21186841951447086,0.19405350589916845,0.18278483770116072,0.71,0.72,2.0,"[[240, 15, 0, 0, 3, 4, 0, 5, 0, 0, 1, 0, 0, 1], [85, 13, 0, 0, 0, 2, 0, 3, 3, 0, 3, 0, 0, 0], [32, 8, 188, 1, 4, 11, 0, 6, 9, 0, 1, 0, 0, 0], [3, 11, 2, 5, 1, 1, 0, 2, 2, 0, 0, 0, 4, 0], [3, 5, 1, 0, 74, 8, 4, 79, 40, 0, 27, 0, 32, 1], [0, 2, 0, 1, 0, 1, 0, 2, 1, 0, 2, 0, 1, 1], [0, 1, 0, 0, 0, 0, 1, 4, 0, 0, 3, 0, 0, 0], [1, 1, 0, 0, 0, 0, 0, 1, 0, 0, 0, 0, 1, 0], [0, 1, 0, 0, 0, 1, 0, 0, 1, 0, 0, 0, 0, 0], [0, 4, 0, 0, 0, 1, 0, 0, 2, 0, 0, 0, 0, 0], [1, 0, 0, 0, 0, 0, 0, 5, 1, 0, 1, 0, 0, 0], [0, 3, 0, 0, 0, 1, 0, 1, 0, 0, 1, 0, 0, 0], [0, 1, 0, 0, 0, 0, 0, 1, 1, 0, 0, 0, 0, 0], [1, 1, 0, 0, 0, 1, 0, 0, 1, 0, 1, 0, 1, 0]]","[[221, 14, 23, 0, 11, 0, 0, 0, 0, 0, 0, 0, 0, 0], [66, 7, 22, 1, 13, 0, 0, 0, 0, 0, 0, 0, 0, 0], [17, 0, 223, 1, 19, 0, 0, 0, 0, 0, 0, 0, 0, 0], [0, 0, 20, 2, 9, 0, 0, 0, 0, 0, 0, 0, 0, 0], [0, 0, 25, 0, 249, 0, 0, 0, 0, 0, 0, 0, 0, 0], [0, 0, 3, 0, 8, 0, 0, 0, 0, 0, 0, 0, 0, 0], [0, 0, 0, 0, 9, 0, 0, 0, 0, 0, 0, 0, 0, 0], [0, 0, 0, 0, 4, 0, 0, 0, 0, 0, 0, 0, 0, 0], [0, 0, 1, 0, 2, 0, 0, 0, 0, 0, 0, 0, 0, 0], [0, 0, 2, 0, 5, 0, 0, 0, 0, 0, 0, 0, 0, 0], [0, 0, 1, 0, 7, 0, 0, 0, 0, 0, 0, 0, 0, 0], [0, 0, 1, 0, 5, 0, 0, 0, 0, 0, 0, 0, 0, 0], [0, 0, 0, 0, 3, 0, 0, 0, 0, 0, 0, 0, 0, 0], [0, 0, 3, 0, 3, 0, 0, 0, 0, 0, 0, 0, 0, 0]]"
source_expansion_Faces_to_PetImages_to_GarbageDataset,gaussian_nb,hddm_w,0.75,9,209042,0.4977147924936651,0.33630974531332825,0.371620306997796,0.777,0.4977147924936651,0.33630974531332825,0.371620306997796,0.69,0.79,0.781,0.46460751811610634,0.3127853360552421,0.33851102374453285,0.69,0.85,1.0,"[[220, 49, 0, 0, 0, 0, 0, 0, 0, 0, 0, 0, 0, 0], [74, 35, 0, 0, 0, 0, 0, 0, 0, 0, 0, 0, 0, 0], [2, 12, 241, 5, 0, 0, 0, 0, 0, 0, 0, 0, 0, 0], [0, 6, 3, 22, 0, 0, 0, 0, 0, 0, 0, 0, 0, 0], [3, 18, 1, 0, 250, 0, 2, 0, 0, 0, 0, 0, 0, 0], [0, 7, 0, 0, 0, 4, 0, 0, 0, 0, 0, 0, 0, 0], [2, 3, 0, 0, 1, 0, 2, 0, 0, 0, 1, 0, 0, 0], [0, 3, 0, 0, 0, 0, 0, 0, 0, 0, 1, 0, 0, 0], [0, 2, 0, 0, 0, 0, 0, 0, 0, 1, 0, 0, 0, 0], [0, 5, 0, 0, 1, 0, 0, 0, 0, 1, 0, 0, 0, 0], [3, 2, 0, 0, 1, 0, 1, 0, 0, 0, 1, 0, 0, 0], [0, 5, 0, 0, 0, 0, 0, 0, 0, 0, 0, 1, 0, 0], [0, 3, 0, 0, 0, 0, 0, 0, 0, 0, 0, 0, 0, 0], [0, 6, 0, 0, 0, 0, 0, 0, 0, 0, 0, 0, 0, 0]]","[[212, 56, 0, 0, 1, 0, 0, 0, 0, 0, 0, 0, 0, 0], [66, 39, 0, 0, 4, 0, 0, 0, 0, 0, 0, 0, 0, 0], [0, 11, 237, 6, 6, 0, 0, 0, 0, 0, 0, 0, 0, 0], [0, 5, 4, 18, 4, 0, 0, 0, 0, 0, 0, 0, 0, 0], [1, 4, 1, 0, 268, 0, 0, 0, 0, 0, 0, 0, 0, 0], [0, 3, 0, 1, 4, 3, 0, 0, 0, 0, 0, 0, 0, 0], [0, 0, 0, 0, 7, 0, 2, 0, 0, 0, 0, 0, 0, 0], [0, 0, 0, 2, 1, 0, 0, 0, 0, 0, 1, 0, 0, 0], [0, 1, 0, 1, 1, 0, 0, 0, 0, 0, 0, 0, 0, 0], [0, 1, 0, 0, 5, 0, 0, 0, 0, 1, 0, 0, 0, 0], [0, 1, 0, 1, 4, 0, 1, 0, 0, 0, 1, 0, 0, 0], [0, 1, 0, 0, 4, 0, 1, 0, 0, 0, 0, 0, 0, 0], [0, 0, 0, 0, 3, 0, 0, 0, 0, 0, 0, 0, 0, 0], [0, 2, 0, 1, 3, 0, 0, 0, 0, 0, 0, 0, 0, 0]]"
source_expansion_Faces_to_PetImages_to_GarbageDataset,logistic_regression,kswin,0.85,0,300042,0.47145630841127706,0.4220313250887121,0.43099930532924746,0.824,0.47145630841127706,0.4220313250887121,0.43099930532924746,0.55,0.96,0.824,0.47145630841127706,0.4220313250887121,0.43099930532924746,0.55,0.96,0.0,"[[195, 100, 4, 2, 0, 0, 0, 1, 0, 0, 0, 0, 0, 0], [32, 35, 1, 0, 0, 0, 0, 0, 0, 0, 0, 0, 0, 0], [0, 2, 312, 3, 0, 0, 0, 0, 0, 0, 0, 0, 0, 0], [1, 1, 4, 24, 1, 0, 0, 0, 0, 0, 0, 0, 0, 0], [0, 0, 1, 0, 250, 0, 1, 0, 1, 1, 0, 0, 0, 0], [1, 0, 0, 0, 1, 3, 0, 1, 0, 0, 0, 0, 0, 0], [0, 0, 0, 0, 2, 0, 0, 0, 0, 0, 0, 0, 0, 0], [1, 0, 1, 0, 0, 0, 0, 3, 1, 0, 0, 0, 0, 0], [0, 0, 0, 0, 1, 0, 0, 0, 1, 0, 0, 1, 0, 0], [0, 0, 0, 0, 2, 0, 0, 0, 1, 0, 0, 0, 0, 0], [0, 0, 0, 0, 1, 0, 1, 0, 0, 0, 0, 0, 0, 0], [0, 0, 0, 1, 1, 0, 0, 0, 1, 0, 0, 1, 0, 0], [0, 0, 0, 0, 0, 0, 0, 0, 0, 0, 0, 0, 0, 0], [0, 0, 0, 0, 1, 0, 0, 0, 0, 1, 0, 0, 0, 0]]","[[195, 100, 4, 2, 0, 0, 0, 1, 0, 0, 0, 0, 0, 0], [32, 35, 1, 0, 0, 0, 0, 0, 0, 0, 0, 0, 0, 0], [0, 2, 312, 3, 0, 0, 0, 0, 0, 0, 0, 0, 0, 0], [1, 1, 4, 24, 1, 0, 0, 0, 0, 0, 0, 0, 0, 0], [0, 0, 1, 0, 250, 0, 1, 0, 1, 1, 0, 0, 0, 0], [1, 0, 0, 0, 1, 3, 0, 1, 0, 0, 0, 0, 0, 0], [0, 0, 0, 0, 2, 0, 0, 0, 0, 0, 0, 0, 0, 0], [1, 0, 1, 0, 0, 0, 0, 3, 1, 0, 0, 0, 0, 0], [0, 0, 0, 0, 1, 0, 0, 0, 1, 0, 0, 1, 0, 0], [0, 0, 0, 0, 2, 0, 0, 0, 1, 0, 0, 0, 0, 0], [0, 0, 0, 0, 1, 0, 1, 0, 0, 0, 0, 0, 0, 0], [0, 0, 0, 1, 1, 0, 0, 0, 1, 0, 0, 1, 0, 0], [0, 0, 0, 0, 0, 0, 0, 0, 0, 0, 0, 0, 0, 0], [0, 0, 0, 0, 1, 0, 0, 0, 0, 1, 0, 0, 0, 0]]"
source_expansion_Faces_to_PetImages_to_GarbageDataset,hoeffding_tree,kswin,0.85,0,300042,0.28081840947475994,0.28752975472432735,0.15666470493861964,0.502,0.28081840947475994,0.28752975472432735,0.15666470493861964,0.85,0.040000000000000036,0.736,0.17415329574745023,0.19457531966001546,0.18292611676160583,0.85,0.9,2.0,"[[292, 3, 0, 0, 0, 1, 1, 1, 1, 2, 1, 0, 0, 0], [64, 3, 0, 0, 0, 0, 1, 0, 0, 0, 0, 0, 0, 0], [57, 9, 196, 0, 1, 8, 26, 9, 7, 4, 0, 0, 0, 0], [5, 11, 2, 3, 0, 1, 3, 2, 2, 1, 0, 0, 0, 1], [1, 0, 2, 0, 3, 16, 17, 2, 101, 5, 20, 0, 0, 87], [0, 0, 0, 0, 0, 1, 0, 0, 0, 1, 1, 0, 0, 3], [0, 0, 0, 0, 0, 0, 1, 1, 0, 0, 0, 0, 0, 0], [0, 1, 0, 0, 0, 1, 1, 0, 1, 0, 0, 0, 0, 2], [0, 0, 0, 0, 0, 1, 0, 0, 1, 0, 1, 0, 0, 0], [0, 0, 0, 0, 0, 0, 1, 0, 1, 0, 0, 0, 0, 1], [0, 0, 0, 0, 0, 0, 0, 0, 1, 0, 1, 0, 0, 0], [0, 0, 0, 0, 0, 1, 2, 0, 0, 0, 0, 0, 0, 1], [0, 0, 0, 0, 0, 0, 0, 0, 0, 0, 0, 0, 0, 0], [0, 0, 0, 0, 0, 0, 1, 0, 0, 0, 0, 0, 0, 1]]","[[277, 0, 23, 0, 2, 0, 0, 0, 0, 0, 0, 0, 0, 0], [57, 0, 10, 0, 0, 0, 0, 0, 0, 1, 0, 0, 0, 0], [58, 1, 249, 0, 9, 0, 0, 0, 0, 0, 0, 0, 0, 0], [3, 0, 25, 0, 3, 0, 0, 0, 0, 0, 0, 0, 0, 0], [0, 0, 44, 0, 210, 0, 0, 0, 0, 0, 0, 0, 0, 0], [0, 0, 2, 0, 4, 0, 0, 0, 0, 0, 0, 0, 0, 0], [0, 0, 2, 0, 0, 0, 0, 0, 0, 0, 0, 0, 0, 0], [0, 0, 3, 0, 3, 0, 0, 0, 0, 0, 0, 0, 0, 0], [0, 0, 1, 0, 2, 0, 0, 0, 0, 0, 0, 0, 0, 0], [0, 0, 1, 0, 2, 0, 0, 0, 0, 0, 0, 0, 0, 0], [0, 0, 0, 0, 2, 0, 0, 0, 0, 0, 0, 0, 0, 0], [0, 0, 3, 0, 1, 0, 0, 0, 0, 0, 0, 0, 0, 0], [0, 0, 0, 0, 0, 0, 0, 0, 0, 0, 0, 0, 0, 0], [0, 0, 1, 0, 1, 0, 0, 0, 0, 0, 0, 0, 0, 0]]"
source_expansion_Faces_to_PetImages_to_GarbageDataset,gaussian_nb,kswin,0.85,0,300042,0.44088099857443486,0.3189918466256408,0.3333838346548588,0.847,0.44088099857443486,0.3189918466256408,0.3333838346548588,0.8,0.88,0.847,0.44088099857443486,0.3189918466256408,0.3333838346548588,0.8,0.88,0.0,"[[271, 31, 0, 0, 0, 0, 0, 0, 0, 0, 0, 0, 0, 0], [51, 17, 0, 0, 0, 0, 0, 0, 0, 0, 0, 0, 0, 0], [3, 10, 300, 4, 0, 0, 0, 0, 0, 0, 0, 0, 0, 0], [1, 2, 3, 25, 0, 0, 0, 0, 0, 0, 0, 0, 0, 0], [5, 13, 0, 4, 232, 0, 0, 0, 0, 0, 0, 0, 0, 0], [2, 3, 0, 0, 0, 1, 0, 0, 0, 0, 0, 0, 0, 0], [1, 0, 0, 0, 1, 0, 0, 0, 0, 0, 0, 0, 0, 0], [4, 1, 0, 0, 0, 0, 0, 1, 0, 0, 0, 0, 0, 0], [0, 3, 0, 0, 0, 0, 0, 0, 0, 0, 0, 0, 0, 0], [1, 2, 0, 0, 0, 0, 0, 0, 0, 0, 0, 0, 0, 0], [1, 1, 0, 0, 0, 0, 0, 0, 0, 0, 0, 0, 0, 0], [0, 4, 0, 0, 0, 0, 0, 0, 0, 0, 0, 0, 0, 0], [0, 0, 0, 0, 0, 0, 0, 0, 0, 0, 0, 0, 0, 0], [0, 2, 0, 0, 0, 0, 0, 0, 0, 0, 0, 0, 0, 0]]","[[271, 31, 0, 0, 0, 0, 0, 0, 0, 0, 0, 0, 0, 0], [51, 17, 0, 0, 0, 0, 0, 0, 0, 0, 0, 0, 0, 0], [3, 10, 300, 4, 0, 0, 0, 0, 0, 0, 0, 0, 0, 0], [1, 2, 3, 25, 0, 0, 0, 0, 0, 0, 0, 0, 0, 0], [5, 13, 0, 4, 232, 0, 0, 0, 0, 0, 0, 0, 0, 0], [2, 3, 0, 0, 0, 1, 0, 0, 0, 0, 0, 0, 0, 0], [1, 0, 0, 0, 1, 0, 0, 0, 0, 0, 0, 0, 0, 0], [4, 1, 0, 0, 0, 0, 0, 1, 0, 0, 0, 0, 0, 0], [0, 3, 0, 0, 0, 0, 0, 0, 0, 0, 0, 0, 0, 0], [1, 2, 0, 0, 0, 0, 0, 0, 0, 0, 0, 0, 0, 0], [1, 1, 0, 0, 0, 0, 0, 0, 0, 0, 0, 0, 0, 0], [0, 4, 0, 0, 0, 0, 0, 0, 0, 0, 0, 0, 0, 0], [0, 0, 0, 0, 0, 0, 0, 0, 0, 0, 0, 0, 0, 0], [0, 2, 0, 0, 0, 0, 0, 0, 0, 0, 0, 0, 0, 0]]"
source_expansion_Faces_to_PetImages_to_GarbageDataset,logistic_regression,adwin,0.85,0,300042,0.47145630841127706,0.4220313250887121,0.43099930532924746,0.824,0.47145630841127706,0.4220313250887121,0.43099930532924746,0.55,0.96,0.788,0.40652612808560973,0.4100478387930511,0.398059639312958,0.55,0.96,1.0,"[[195, 100, 4, 2, 0, 0, 0, 1, 0, 0, 0, 0, 0, 0], [32, 35, 1, 0, 0, 0, 0, 0, 0, 0, 0, 0, 0, 0], [0, 2, 312, 3, 0, 0, 0, 0, 0, 0, 0, 0, 0, 0], [1, 1, 4, 24, 1, 0, 0, 0, 0, 0, 0, 0, 0, 0], [0, 0, 1, 0, 250, 0, 1, 0, 1, 1, 0, 0, 0, 0], [1, 0, 0, 0, 1, 3, 0, 1, 0, 0, 0, 0, 0, 0], [0, 0, 0, 0, 2, 0, 0, 0, 0, 0, 0, 0, 0, 0], [1, 0, 1, 0, 0, 0, 0, 3, 1, 0, 0, 0, 0, 0], [0, 0, 0, 0, 1, 0, 0, 0, 1, 0, 0, 1, 0, 0], [0, 0, 0, 0, 2, 0, 0, 0, 1, 0, 0, 0, 0, 0], [0, 0, 0, 0, 1, 0, 1, 0, 0, 0, 0, 0, 0, 0], [0, 0, 0, 1, 1, 0, 0, 0, 1, 0, 0, 1, 0, 0], [0, 0, 0, 0, 0, 0, 0, 0, 0, 0, 0, 0, 0, 0], [0, 0, 0, 0, 1, 0, 0, 0, 0, 1, 0, 0, 0, 0]]","[[190, 105, 5, 2, 0, 0, 0, 0, 0, 0, 0, 0, 0, 0], [33, 34, 1, 0, 0, 0, 0, 0, 0, 0, 0, 0, 0, 0], [6, 10, 284, 16, 1, 0, 0, 0, 0, 0, 0, 0, 0, 0], [0, 2, 4, 23, 0, 0, 0, 0, 0, 0, 0, 2, 0, 0], [0, 0, 0, 2, 249, 0, 1, 0, 1, 1, 0, 0, 0, 0], [0, 0, 0, 1, 1, 3, 0, 1, 0, 0, 0, 0, 0, 0], [0, 0, 0, 0, 2, 0, 0, 0, 0, 0, 0, 0, 0, 0], [2, 0, 0, 0, 0, 0, 0, 3, 1, 0, 0, 0, 0, 0], [0, 0, 0, 0, 1, 1, 0, 0, 1, 0, 0, 0, 0, 0], [0, 0, 0, 0, 2, 0, 0, 0, 1, 0, 0, 0, 0, 0], [0, 0, 0, 0, 1, 1, 0, 0, 0, 0, 0, 0, 0, 0], [0, 0, 0, 0, 0, 1, 0, 0, 1, 0, 0, 1, 0, 1], [0, 0, 0, 0, 0, 0, 0, 0, 0, 0, 0, 0, 0, 0], [0, 0, 0, 0, 1, 0, 0, 0, 0, 1, 0, 0, 0, 0]]"
source_expansion_Faces_to_PetImages_to_GarbageDataset,hoeffding_tree,adwin,0.85,0,300042,0.28081840947475994,0.28752975472432735,0.15666470493861964,0.502,0.28081840947475994,0.28752975472432735,0.15666470493861964,0.85,0.040000000000000036,0.735,0.1728889772795039,0.19446485939355204,0.18273861756678858,0.85,0.9,3.0,"[[292, 3, 0, 0, 0, 1, 1, 1, 1, 2, 1, 0, 0, 0], [64, 3, 0, 0, 0, 0, 1, 0, 0, 0, 0, 0, 0, 0], [57, 9, 196, 0, 1, 8, 26, 9, 7, 4, 0, 0, 0, 0], [5, 11, 2, 3, 0, 1, 3, 2, 2, 1, 0, 0, 0, 1], [1, 0, 2, 0, 3, 16, 17, 2, 101, 5, 20, 0, 0, 87], [0, 0, 0, 0, 0, 1, 0, 0, 0, 1, 1, 0, 0, 3], [0, 0, 0, 0, 0, 0, 1, 1, 0, 0, 0, 0, 0, 0], [0, 1, 0, 0, 0, 1, 1, 0, 1, 0, 0, 0, 0, 2], [0, 0, 0, 0, 0, 1, 0, 0, 1, 0, 1, 0, 0, 0], [0, 0, 0, 0, 0, 0, 1, 0, 1, 0, 0, 0, 0, 1], [0, 0, 0, 0, 0, 0, 0, 0, 1, 0, 1, 0, 0, 0], [0, 0, 0, 0, 0, 1, 2, 0, 0, 0, 0, 0, 0, 1], [0, 0, 0, 0, 0, 0, 0, 0, 0, 0, 0, 0, 0, 0], [0, 0, 0, 0, 0, 0, 1, 0, 0, 0, 0, 0, 0, 1]]","[[263, 0, 36, 1, 2, 0, 0, 0, 0, 0, 0, 0, 0, 0], [51, 0, 17, 0, 0, 0, 0, 0, 0, 0, 0, 0, 0, 0], [40, 1, 257, 2, 17, 0, 0, 0, 0, 0, 0, 0, 0, 0], [2, 0, 25, 0, 4, 0, 0, 0, 0, 0, 0, 0, 0, 0], [1, 0, 38, 0, 215, 0, 0, 0, 0, 0, 0, 0, 0, 0], [0, 0, 1, 0, 5, 0, 0, 0, 0, 0, 0, 0, 0, 0], [0, 0, 2, 0, 0, 0, 0, 0, 0, 0, 0, 0, 0, 0], [0, 0, 3, 0, 3, 0, 0, 0, 0, 0, 0, 0, 0, 0], [0, 0, 0, 0, 3, 0, 0, 0, 0, 0, 0, 0, 0, 0], [0, 0, 1, 0, 2, 0, 0, 0, 0, 0, 0, 0, 0, 0], [0, 0, 0, 0, 2, 0, 0, 0, 0, 0, 0, 0, 0, 0], [0, 0, 2, 0, 2, 0, 0, 0, 0, 0, 0, 0, 0, 0], [0, 0, 0, 0, 0, 0, 0, 0, 0, 0, 0, 0, 0, 0], [0, 0, 1, 0, 1, 0, 0, 0, 0, 0, 0, 0, 0, 0]]"
source_expansion_Faces_to_PetImages_to_GarbageDataset,gaussian_nb,adwin,0.85,0,300042,0.44088099857443486,0.3189918466256408,0.3333838346548588,0.847,0.44088099857443486,0.3189918466256408,0.3333838346548588,0.8,0.88,0.847,0.44088099857443486,0.3189918466256408,0.3333838346548588,0.8,0.88,0.0,"[[271, 31, 0, 0, 0, 0, 0, 0, 0, 0, 0, 0, 0, 0], [51, 17, 0, 0, 0, 0, 0, 0, 0, 0, 0, 0, 0, 0], [3, 10, 300, 4, 0, 0, 0, 0, 0, 0, 0, 0, 0, 0], [1, 2, 3, 25, 0, 0, 0, 0, 0, 0, 0, 0, 0, 0], [5, 13, 0, 4, 232, 0, 0, 0, 0, 0, 0, 0, 0, 0], [2, 3, 0, 0, 0, 1, 0, 0, 0, 0, 0, 0, 0, 0], [1, 0, 0, 0, 1, 0, 0, 0, 0, 0, 0, 0, 0, 0], [4, 1, 0, 0, 0, 0, 0, 1, 0, 0, 0, 0, 0, 0], [0, 3, 0, 0, 0, 0, 0, 0, 0, 0, 0, 0, 0, 0], [1, 2, 0, 0, 0, 0, 0, 0, 0, 0, 0, 0, 0, 0], [1, 1, 0, 0, 0, 0, 0, 0, 0, 0, 0, 0, 0, 0], [0, 4, 0, 0, 0, 0, 0, 0, 0, 0, 0, 0, 0, 0], [0, 0, 0, 0, 0, 0, 0, 0, 0, 0, 0, 0, 0, 0], [0, 2, 0, 0, 0, 0, 0, 0, 0, 0, 0, 0, 0, 0]]","[[271, 31, 0, 0, 0, 0, 0, 0, 0, 0, 0, 0, 0, 0], [51, 17, 0, 0, 0, 0, 0, 0, 0, 0, 0, 0, 0, 0], [3, 10, 300, 4, 0, 0, 0, 0, 0, 0, 0, 0, 0, 0], [1, 2, 3, 25, 0, 0, 0, 0, 0, 0, 0, 0, 0, 0], [5, 13, 0, 4, 232, 0, 0, 0, 0, 0, 0, 0, 0, 0], [2, 3, 0, 0, 0, 1, 0, 0, 0, 0, 0, 0, 0, 0], [1, 0, 0, 0, 1, 0, 0, 0, 0, 0, 0, 0, 0, 0], [4, 1, 0, 0, 0, 0, 0, 1, 0, 0, 0, 0, 0, 0], [0, 3, 0, 0, 0, 0, 0, 0, 0, 0, 0, 0, 0, 0], [1, 2, 0, 0, 0, 0, 0, 0, 0, 0, 0, 0, 0, 0], [1, 1, 0, 0, 0, 0, 0, 0, 0, 0, 0, 0, 0, 0], [0, 4, 0, 0, 0, 0, 0, 0, 0, 0, 0, 0, 0, 0], [0, 0, 0, 0, 0, 0, 0, 0, 0, 0, 0, 0, 0, 0], [0, 2, 0, 0, 0, 0, 0, 0, 0, 0, 0, 0, 0, 0]]"
source_expansion_Faces_to_PetImages_to_GarbageDataset,logistic_regression,page_hinkley,0.85,0,300042,0.47145630841127706,0.4220313250887121,0.43099930532924746,0.824,0.47145630841127706,0.4220313250887121,0.43099930532924746,0.55,0.96,0.773,0.36570259351216095,0.37784365336409914,0.3600419686180501,0.55,0.61,2.0,"[[195, 100, 4, 2, 0, 0, 0, 1, 0, 0, 0, 0, 0, 0], [32, 35, 1, 0, 0, 0, 0, 0, 0, 0, 0, 0, 0, 0], [0, 2, 312, 3, 0, 0, 0, 0, 0, 0, 0, 0, 0, 0], [1, 1, 4, 24, 1, 0, 0, 0, 0, 0, 0, 0, 0, 0], [0, 0, 1, 0, 250, 0, 1, 0, 1, 1, 0, 0, 0, 0], [1, 0, 0, 0, 1, 3, 0, 1, 0, 0, 0, 0, 0, 0], [0, 0, 0, 0, 2, 0, 0, 0, 0, 0, 0, 0, 0, 0], [1, 0, 1, 0, 0, 0, 0, 3, 1, 0, 0, 0, 0, 0], [0, 0, 0, 0, 1, 0, 0, 0, 1, 0, 0, 1, 0, 0], [0, 0, 0, 0, 2, 0, 0, 0, 1, 0, 0, 0, 0, 0], [0, 0, 0, 0, 1, 0, 1, 0, 0, 0, 0, 0, 0, 0], [0, 0, 0, 1, 1, 0, 0, 0, 1, 0, 0, 1, 0, 0], [0, 0, 0, 0, 0, 0, 0, 0, 0, 0, 0, 0, 0, 0], [0, 0, 0, 0, 1, 0, 0, 0, 0, 1, 0, 0, 0, 0]]","[[189, 110, 3, 0, 0, 0, 0, 0, 0, 0, 0, 0, 0, 0], [33, 35, 0, 0, 0, 0, 0, 0, 0, 0, 0, 0, 0, 0], [0, 4, 306, 7, 0, 0, 0, 0, 0, 0, 0, 0, 0, 0], [0, 1, 4, 22, 0, 1, 0, 0, 0, 0, 0, 3, 0, 0], [1, 0, 0, 4, 215, 11, 1, 1, 1, 1, 18, 0, 0, 1], [0, 0, 0, 1, 2, 2, 0, 0, 0, 0, 1, 0, 0, 0], [0, 0, 0, 0, 2, 0, 0, 0, 0, 0, 0, 0, 0, 0], [2, 0, 0, 1, 0, 0, 0, 2, 1, 0, 0, 0, 0, 0], [0, 0, 0, 0, 1, 1, 0, 0, 1, 0, 0, 0, 0, 0], [0, 0, 0, 1, 1, 1, 0, 0, 0, 0, 0, 0, 0, 0], [0, 0, 0, 0, 1, 1, 0, 0, 0, 0, 0, 0, 0, 0], [0, 0, 0, 1, 0, 1, 0, 1, 0, 0, 0, 1, 0, 0], [0, 0, 0, 0, 0, 0, 0, 0, 0, 0, 0, 0, 0, 0], [0, 0, 0, 0, 1, 0, 0, 0, 0, 0, 0, 1, 0, 0]]"
source_expansion_Faces_to_PetImages_to_GarbageDataset,hoeffding_tree,page_hinkley,0.85,0,300042,0.28081840947475994,0.28752975472432735,0.15666470493861964,0.502,0.28081840947475994,0.28752975472432735,0.15666470493861964,0.85,0.040000000000000036,0.749,0.17722746003996,0.19750119757555057,0.1857587053570719,0.85,0.9,3.0,"[[292, 3, 0, 0, 0, 1, 1, 1, 1, 2, 1, 0, 0, 0], [64, 3, 0, 0, 0, 0, 1, 0, 0, 0, 0, 0, 0, 0], [57, 9, 196, 0, 1, 8, 26, 9, 7, 4, 0, 0, 0, 0], [5, 11, 2, 3, 0, 1, 3, 2, 2, 1, 0, 0, 0, 1], [1, 0, 2, 0, 3, 16, 17, 2, 101, 5, 20, 0, 0, 87], [0, 0, 0, 0, 0, 1, 0, 0, 0, 1, 1, 0, 0, 3], [0, 0, 0, 0, 0, 0, 1, 1, 0, 0, 0, 0, 0, 0], [0, 1, 0, 0, 0, 1, 1, 0, 1, 0, 0, 0, 0, 2], [0, 0, 0, 0, 0, 1, 0, 0, 1, 0, 1, 0, 0, 0], [0, 0, 0, 0, 0, 0, 1, 0, 1, 0, 0, 0, 0, 1], [0, 0, 0, 0, 0, 0, 0, 0, 1, 0, 1, 0, 0, 0], [0, 0, 0, 0, 0, 1, 2, 0, 0, 0, 0, 0, 0, 1], [0, 0, 0, 0, 0, 0, 0, 0, 0, 0, 0, 0, 0, 0], [0, 0, 0, 0, 0, 0, 1, 0, 0, 0, 0, 0, 0, 1]]","[[278, 0, 22, 0, 2, 0, 0, 0, 0, 0, 0, 0, 0, 0], [56, 0, 12, 0, 0, 0, 0, 0, 0, 0, 0, 0, 0, 0], [46, 0, 265, 0, 6, 0, 0, 0, 0, 0, 0, 0, 0, 0], [5, 0, 24, 0, 2, 0, 0, 0, 0, 0, 0, 0, 0, 0], [0, 0, 48, 0, 206, 0, 0, 0, 0, 0, 0, 0, 0, 0], [0, 0, 2, 0, 4, 0, 0, 0, 0, 0, 0, 0, 0, 0], [0, 0, 2, 0, 0, 0, 0, 0, 0, 0, 0, 0, 0, 0], [0, 0, 3, 0, 3, 0, 0, 0, 0, 0, 0, 0, 0, 0], [0, 0, 1, 0, 2, 0, 0, 0, 0, 0, 0, 0, 0, 0], [0, 0, 1, 0, 2, 0, 0, 0, 0, 0, 0, 0, 0, 0], [0, 0, 0, 0, 2, 0, 0, 0, 0, 0, 0, 0, 0, 0], [0, 0, 3, 0, 1, 0, 0, 0, 0, 0, 0, 0, 0, 0], [0, 0, 0, 0, 0, 0, 0, 0, 0, 0, 0, 0, 0, 0], [0, 0, 1, 0, 1, 0, 0, 0, 0, 0, 0, 0, 0, 0]]"
source_expansion_Faces_to_PetImages_to_GarbageDataset,gaussian_nb,page_hinkley,0.85,0,300042,0.44088099857443486,0.3189918466256408,0.3333838346548588,0.847,0.44088099857443486,0.3189918466256408,0.3333838346548588,0.8,0.88,0.844,0.43298823609140796,0.30616952711267864,0.3232604791158335,0.8,0.9,1.0,"[[271, 31, 0, 0, 0, 0, 0, 0, 0, 0, 0, 0, 0, 0], [51, 17, 0, 0, 0, 0, 0, 0, 0, 0, 0, 0, 0, 0], [3, 10, 300, 4, 0, 0, 0, 0, 0, 0, 0, 0, 0, 0], [1, 2, 3, 25, 0, 0, 0, 0, 0, 0, 0, 0, 0, 0], [5, 13, 0, 4, 232, 0, 0, 0, 0, 0, 0, 0, 0, 0], [2, 3, 0, 0, 0, 1, 0, 0, 0, 0, 0, 0, 0, 0], [1, 0, 0, 0, 1, 0, 0, 0, 0, 0, 0, 0, 0, 0], [4, 1, 0, 0, 0, 0, 0, 1, 0, 0, 0, 0, 0, 0], [0, 3, 0, 0, 0, 0, 0, 0, 0, 0, 0, 0, 0, 0], [1, 2, 0, 0, 0, 0, 0, 0, 0, 0, 0, 0, 0, 0], [1, 1, 0, 0, 0, 0, 0, 0, 0, 0, 0, 0, 0, 0], [0, 4, 0, 0, 0, 0, 0, 0, 0, 0, 0, 0, 0, 0], [0, 0, 0, 0, 0, 0, 0, 0, 0, 0, 0, 0, 0, 0], [0, 2, 0, 0, 0, 0, 0, 0, 0, 0, 0, 0, 0, 0]]","[[265, 36, 1, 0, 0, 0, 0, 0, 0, 0, 0, 0, 0, 0], [48, 16, 4, 0, 0, 0, 0, 0, 0, 0, 0, 0, 0, 0], [0, 6, 308, 3, 0, 0, 0, 0, 0, 0, 0, 0, 0, 0], [1, 1, 9, 20, 0, 0, 0, 0, 0, 0, 0, 0, 0, 0], [0, 0, 17, 4, 233, 0, 0, 0, 0, 0, 0, 0, 0, 0], [0, 0, 3, 2, 0, 1, 0, 0, 0, 0, 0, 0, 0, 0], [0, 0, 1, 0, 1, 0, 0, 0, 0, 0, 0, 0, 0, 0], [0, 0, 5, 0, 0, 0, 0, 1, 0, 0, 0, 0, 0, 0], [0, 0, 2, 0, 1, 0, 0, 0, 0, 0, 0, 0, 0, 0], [0, 0, 3, 0, 0, 0, 0, 0, 0, 0, 0, 0, 0, 0], [0, 0, 2, 0, 0, 0, 0, 0, 0, 0, 0, 0, 0, 0], [0, 0, 3, 1, 0, 0, 0, 0, 0, 0, 0, 0, 0, 0], [0, 0, 0, 0, 0, 0, 0, 0, 0, 0, 0, 0, 0, 0], [0, 0, 2, 0, 0, 0, 0, 0, 0, 0, 0, 0, 0, 0]]"
source_expansion_Faces_to_PetImages_to_GarbageDataset,logistic_regression,hddm_w,0.85,0,300042,0.47145630841127706,0.4220313250887121,0.43099930532924746,0.824,0.47145630841127706,0.4220313250887121,0.43099930532924746,0.55,0.96,0.824,0.47145630841127706,0.4220313250887121,0.43099930532924746,0.55,0.96,0.0,"[[195, 100, 4, 2, 0, 0, 0, 1, 0, 0, 0, 0, 0, 0], [32, 35, 1, 0, 0, 0, 0, 0, 0, 0, 0, 0, 0, 0], [0, 2, 312, 3, 0, 0, 0, 0, 0, 0, 0, 0, 0, 0], [1, 1, 4, 24, 1, 0, 0, 0, 0, 0, 0, 0, 0, 0], [0, 0, 1, 0, 250, 0, 1, 0, 1, 1, 0, 0, 0, 0], [1, 0, 0, 0, 1, 3, 0, 1, 0, 0, 0, 0, 0, 0], [0, 0, 0, 0, 2, 0, 0, 0, 0, 0, 0, 0, 0, 0], [1, 0, 1, 0, 0, 0, 0, 3, 1, 0, 0, 0, 0, 0], [0, 0, 0, 0, 1, 0, 0, 0, 1, 0, 0, 1, 0, 0], [0, 0, 0, 0, 2, 0, 0, 0, 1, 0, 0, 0, 0, 0], [0, 0, 0, 0, 1, 0, 1, 0, 0, 0, 0, 0, 0, 0], [0, 0, 0, 1, 1, 0, 0, 0, 1, 0, 0, 1, 0, 0], [0, 0, 0, 0, 0, 0, 0, 0, 0, 0, 0, 0, 0, 0], [0, 0, 0, 0, 1, 0, 0, 0, 0, 1, 0, 0, 0, 0]]","[[195, 100, 4, 2, 0, 0, 0, 1, 0, 0, 0, 0, 0, 0], [32, 35, 1, 0, 0, 0, 0, 0, 0, 0, 0, 0, 0, 0], [0, 2, 312, 3, 0, 0, 0, 0, 0, 0, 0, 0, 0, 0], [1, 1, 4, 24, 1, 0, 0, 0, 0, 0, 0, 0, 0, 0], [0, 0, 1, 0, 250, 0, 1, 0, 1, 1, 0, 0, 0, 0], [1, 0, 0, 0, 1, 3, 0, 1, 0, 0, 0, 0, 0, 0], [0, 0, 0, 0, 2, 0, 0, 0, 0, 0, 0, 0, 0, 0], [1, 0, 1, 0, 0, 0, 0, 3, 1, 0, 0, 0, 0, 0], [0, 0, 0, 0, 1, 0, 0, 0, 1, 0, 0, 1, 0, 0], [0, 0, 0, 0, 2, 0, 0, 0, 1, 0, 0, 0, 0, 0], [0, 0, 0, 0, 1, 0, 1, 0, 0, 0, 0, 0, 0, 0], [0, 0, 0, 1, 1, 0, 0, 0, 1, 0, 0, 1, 0, 0], [0, 0, 0, 0, 0, 0, 0, 0, 0, 0, 0, 0, 0, 0], [0, 0, 0, 0, 1, 0, 0, 0, 0, 1, 0, 0, 0, 0]]"
source_expansion_Faces_to_PetImages_to_GarbageDataset,hoeffding_tree,hddm_w,0.85,0,300042,0.28081840947475994,0.28752975472432735,0.15666470493861964,0.502,0.28081840947475994,0.28752975472432735,0.15666470493861964,0.85,0.040000000000000036,0.758,0.2863601475948664,0.20892275820559408,0.20714169128005946,0.85,0.9,2.0,"[[292, 3, 0, 0, 0, 1, 1, 1, 1, 2, 1, 0, 0, 0], [64, 3, 0, 0, 0, 0, 1, 0, 0, 0, 0, 0, 0, 0], [57, 9, 196, 0, 1, 8, 26, 9, 7, 4, 0, 0, 0, 0], [5, 11, 2, 3, 0, 1, 3, 2, 2, 1, 0, 0, 0, 1], [1, 0, 2, 0, 3, 16, 17, 2, 101, 5, 20, 0, 0, 87], [0, 0, 0, 0, 0, 1, 0, 0, 0, 1, 1, 0, 0, 3], [0, 0, 0, 0, 0, 0, 1, 1, 0, 0, 0, 0, 0, 0], [0, 1, 0, 0, 0, 1, 1, 0, 1, 0, 0, 0, 0, 2], [0, 0, 0, 0, 0, 1, 0, 0, 1, 0, 1, 0, 0, 0], [0, 0, 0, 0, 0, 0, 1, 0, 1, 0, 0, 0, 0, 1], [0, 0, 0, 0, 0, 0, 0, 0, 1, 0, 1, 0, 0, 0], [0, 0, 0, 0, 0, 1, 2, 0, 0, 0, 0, 0, 0, 1], [0, 0, 0, 0, 0, 0, 0, 0, 0, 0, 0, 0, 0, 0], [0, 0, 0, 0, 0, 0, 1, 0, 0, 0, 0, 0, 0, 1]]","[[291, 3, 6, 0, 2, 0, 0, 0, 0, 0, 0, 0, 0, 0], [64, 3, 1, 0, 0, 0, 0, 0, 0, 0, 0, 0, 0, 0], [49, 0, 260, 0, 5, 0, 0, 3, 0, 0, 0, 0, 0, 0], [5, 2, 18, 3, 2, 0, 0, 1, 0, 0, 0, 0, 0, 0], [0, 0, 52, 0, 201, 0, 0, 1, 0, 0, 0, 0, 0, 0], [0, 0, 2, 0, 4, 0, 0, 0, 0, 0, 0, 0, 0, 0], [0, 0, 2, 0, 0, 0, 0, 0, 0, 0, 0, 0, 0, 0], [0, 0, 3, 0, 3, 0, 0, 0, 0, 0, 0, 0, 0, 0], [0, 0, 1, 0, 2, 0, 0, 0, 0, 0, 0, 0, 0, 0], [0, 0, 1, 0, 2, 0, 0, 0, 0, 0, 0, 0, 0, 0], [0, 0, 0, 0, 2, 0, 0, 0, 0, 0, 0, 0, 0, 0], [0, 0, 3, 0, 1, 0, 0, 0, 0, 0, 0, 0, 0, 0], [0, 0, 0, 0, 0, 0, 0, 0, 0, 0, 0, 0, 0, 0], [0, 0, 1, 0, 1, 0, 0, 0, 0, 0, 0, 0, 0, 0]]"
source_expansion_Faces_to_PetImages_to_GarbageDataset,gaussian_nb,hddm_w,0.85,0,300042,0.44088099857443486,0.3189918466256408,0.3333838346548588,0.847,0.44088099857443486,0.3189918466256408,0.3333838346548588,0.8,0.88,0.847,0.44088099857443486,0.3189918466256408,0.3333838346548588,0.8,0.88,0.0,"[[271, 31, 0, 0, 0, 0, 0, 0, 0, 0, 0, 0, 0, 0], [51, 17, 0, 0, 0, 0, 0, 0, 0, 0, 0, 0, 0, 0], [3, 10, 300, 4, 0, 0, 0, 0, 0, 0, 0, 0, 0, 0], [1, 2, 3, 25, 0, 0, 0, 0, 0, 0, 0, 0, 0, 0], [5, 13, 0, 4, 232, 0, 0, 0, 0, 0, 0, 0, 0, 0], [2, 3, 0, 0, 0, 1, 0, 0, 0, 0, 0, 0, 0, 0], [1, 0, 0, 0, 1, 0, 0, 0, 0, 0, 0, 0, 0, 0], [4, 1, 0, 0, 0, 0, 0, 1, 0, 0, 0, 0, 0, 0], [0, 3, 0, 0, 0, 0, 0, 0, 0, 0, 0, 0, 0, 0], [1, 2, 0, 0, 0, 0, 0, 0, 0, 0, 0, 0, 0, 0], [1, 1, 0, 0, 0, 0, 0, 0, 0, 0, 0, 0, 0, 0], [0, 4, 0, 0, 0, 0, 0, 0, 0, 0, 0, 0, 0, 0], [0, 0, 0, 0, 0, 0, 0, 0, 0, 0, 0, 0, 0, 0], [0, 2, 0, 0, 0, 0, 0, 0, 0, 0, 0, 0, 0, 0]]","[[271, 31, 0, 0, 0, 0, 0, 0, 0, 0, 0, 0, 0, 0], [51, 17, 0, 0, 0, 0, 0, 0, 0, 0, 0, 0, 0, 0], [3, 10, 300, 4, 0, 0, 0, 0, 0, 0, 0, 0, 0, 0], [1, 2, 3, 25, 0, 0, 0, 0, 0, 0, 0, 0, 0, 0], [5, 13, 0, 4, 232, 0, 0, 0, 0, 0, 0, 0, 0, 0], [2, 3, 0, 0, 0, 1, 0, 0, 0, 0, 0, 0, 0, 0], [1, 0, 0, 0, 1, 0, 0, 0, 0, 0, 0, 0, 0, 0], [4, 1, 0, 0, 0, 0, 0, 1, 0, 0, 0, 0, 0, 0], [0, 3, 0, 0, 0, 0, 0, 0, 0, 0, 0, 0, 0, 0], [1, 2, 0, 0, 0, 0, 0, 0, 0, 0, 0, 0, 0, 0], [1, 1, 0, 0, 0, 0, 0, 0, 0, 0, 0, 0, 0, 0], [0, 4, 0, 0, 0, 0, 0, 0, 0, 0, 0, 0, 0, 0], [0, 0, 0, 0, 0, 0, 0, 0, 0, 0, 0, 0, 0, 0], [0, 2, 0, 0, 0, 0, 0, 0, 0, 0, 0, 0, 0, 0]]"
source_expansion_Faces_to_PetImages_to_GarbageDataset,logistic_regression,kswin,0.85,1,301042,0.4806985945915491,0.43861132260120855,0.45215530849172764,0.852,0.4806985945915491,0.43861132260120855,0.45215530849172764,0.62,0.96,0.835,0.44997864021211187,0.3776906618586527,0.3963467745655919,0.62,0.95,1.0,"[[142, 75, 2, 2, 0, 0, 0, 0, 0, 0, 0, 0, 0, 0], [30, 34, 2, 1, 0, 0, 0, 0, 0, 0, 0, 0, 0, 0], [0, 1, 371, 1, 0, 1, 0, 0, 1, 1, 0, 0, 0, 0], [1, 0, 2, 30, 0, 0, 0, 0, 0, 0, 0, 0, 0, 0], [0, 0, 0, 1, 268, 0, 1, 0, 1, 2, 0, 0, 0, 1], [0, 0, 0, 1, 0, 2, 0, 0, 0, 0, 1, 0, 0, 0], [0, 0, 0, 0, 1, 0, 1, 0, 1, 0, 0, 0, 0, 0], [1, 0, 0, 0, 0, 0, 0, 0, 0, 0, 0, 1, 0, 0], [0, 2, 0, 0, 0, 0, 0, 0, 0, 0, 0, 0, 0, 0], [0, 0, 0, 0, 3, 0, 0, 0, 0, 0, 0, 0, 1, 0], [1, 0, 0, 0, 2, 0, 0, 0, 0, 0, 1, 0, 0, 1], [0, 0, 0, 0, 0, 0, 0, 0, 1, 0, 1, 1, 0, 0], [0, 0, 0, 0, 1, 0, 0, 0, 0, 0, 0, 0, 1, 0], [0, 0, 0, 0, 3, 0, 0, 0, 0, 0, 0, 0, 0, 1]]","[[134, 81, 4, 2, 0, 0, 0, 0, 0, 0, 0, 0, 0, 0], [36, 30, 1, 0, 0, 0, 0, 0, 0, 0, 0, 0, 0, 0], [3, 2, 367, 2, 0, 1, 0, 0, 1, 0, 0, 0, 0, 0], [1, 0, 1, 30, 0, 1, 0, 0, 0, 0, 0, 0, 0, 0], [1, 0, 0, 0, 269, 0, 0, 0, 1, 2, 0, 0, 0, 1], [0, 0, 0, 1, 0, 1, 0, 0, 0, 1, 1, 0, 0, 0], [0, 0, 0, 0, 1, 0, 1, 0, 1, 0, 0, 0, 0, 0], [2, 0, 0, 0, 0, 0, 0, 0, 0, 0, 0, 0, 0, 0], [0, 0, 0, 1, 1, 0, 0, 0, 0, 0, 0, 0, 0, 0], [0, 0, 0, 0, 2, 0, 0, 0, 0, 0, 0, 1, 1, 0], [0, 0, 0, 0, 2, 0, 0, 1, 0, 0, 1, 0, 0, 1], [0, 0, 0, 0, 0, 0, 0, 0, 1, 0, 1, 1, 0, 0], [1, 0, 0, 0, 1, 0, 0, 0, 0, 0, 0, 0, 0, 0], [0, 0, 0, 0, 3, 0, 0, 0, 0, 0, 0, 0, 0, 1]]"
source_expansion_Faces_to_PetImages_to_GarbageDataset,hoeffding_tree,kswin,0.85,1,301042,0.21706663204060675,0.26503640864789063,0.16505959880171325,0.521,0.21706663204060675,0.26503640864789063,0.16505959880171325,0.8,0.040000000000000036,0.797,0.18346502018435049,0.19518427720783563,0.18407587860471095,0.8,0.89,3.0,"[[214, 0, 0, 0, 1, 3, 3, 0, 0, 0, 0, 0, 0, 0], [57, 6, 0, 0, 0, 1, 2, 0, 0, 0, 0, 0, 1, 0], [58, 10, 284, 5, 2, 14, 0, 0, 0, 0, 0, 0, 3, 0], [9, 7, 3, 10, 0, 1, 2, 0, 0, 0, 0, 0, 1, 0], [1, 0, 0, 0, 3, 53, 108, 30, 0, 0, 0, 0, 79, 0], [0, 0, 0, 0, 1, 1, 2, 0, 0, 0, 0, 0, 0, 0], [0, 0, 0, 0, 0, 1, 1, 0, 0, 0, 0, 0, 1, 0], [0, 0, 0, 0, 0, 0, 1, 1, 0, 0, 0, 0, 0, 0], [0, 0, 0, 0, 0, 1, 1, 0, 0, 0, 0, 0, 0, 0], [0, 0, 0, 0, 0, 0, 3, 0, 0, 0, 0, 0, 1, 0], [0, 0, 0, 0, 0, 2, 2, 1, 0, 0, 0, 0, 0, 0], [0, 0, 0, 0, 0, 0, 1, 1, 0, 0, 0, 0, 1, 0], [0, 0, 0, 0, 0, 0, 1, 0, 0, 0, 0, 0, 1, 0], [0, 0, 0, 0, 0, 2, 1, 0, 0, 0, 0, 0, 1, 0]]","[[184, 1, 31, 1, 4, 0, 0, 0, 0, 0, 0, 0, 0, 0], [49, 1, 13, 1, 3, 0, 0, 0, 0, 0, 0, 0, 0, 0], [13, 3, 352, 1, 6, 0, 0, 0, 1, 0, 0, 0, 0, 0], [1, 1, 28, 0, 3, 0, 0, 0, 0, 0, 0, 0, 0, 0], [0, 0, 14, 0, 260, 0, 0, 0, 0, 0, 0, 0, 0, 0], [0, 0, 1, 0, 3, 0, 0, 0, 0, 0, 0, 0, 0, 0], [0, 0, 0, 0, 3, 0, 0, 0, 0, 0, 0, 0, 0, 0], [0, 0, 0, 0, 2, 0, 0, 0, 0, 0, 0, 0, 0, 0], [1, 0, 0, 0, 1, 0, 0, 0, 0, 0, 0, 0, 0, 0], [0, 0, 0, 0, 4, 0, 0, 0, 0, 0, 0, 0, 0, 0], [0, 0, 0, 0, 5, 0, 0, 0, 0, 0, 0, 0, 0, 0], [0, 0, 0, 0, 3, 0, 0, 0, 0, 0, 0, 0, 0, 0], [0, 0, 0, 0, 2, 0, 0, 0, 0, 0, 0, 0, 0, 0], [0, 0, 0, 0, 4, 0, 0, 0, 0, 0, 0, 0, 0, 0]]"
source_expansion_Faces_to_PetImages_to_GarbageDataset,gaussian_nb,kswin,0.85,1,301042,0.2570285210395949,0.2714622937919442,0.2630239150402886,0.84,0.2570285210395949,0.2714622937919442,0.2630239150402886,0.71,0.88,0.837,0.25838877606868926,0.2647812333324381,0.2614158452903609,0.71,0.92,1.0,"[[186, 35, 0, 0, 0, 0, 0, 0, 0, 0, 0, 0, 0, 0], [47, 20, 0, 0, 0, 0, 0, 0, 0, 0, 0, 0, 0, 0], [5, 13, 350, 8, 0, 0, 0, 0, 0, 0, 0, 0, 0, 0], [1, 3, 3, 26, 0, 0, 0, 0, 0, 0, 0, 0, 0, 0], [3, 9, 1, 2, 258, 0, 0, 0, 0, 1, 0, 0, 0, 0], [0, 1, 0, 3, 0, 0, 0, 0, 0, 0, 0, 0, 0, 0], [2, 0, 0, 0, 1, 0, 0, 0, 0, 0, 0, 0, 0, 0], [0, 2, 0, 0, 0, 0, 0, 0, 0, 0, 0, 0, 0, 0], [1, 1, 0, 0, 0, 0, 0, 0, 0, 0, 0, 0, 0, 0], [0, 3, 0, 0, 1, 0, 0, 0, 0, 0, 0, 0, 0, 0], [1, 4, 0, 0, 0, 0, 0, 0, 0, 0, 0, 0, 0, 0], [0, 3, 0, 0, 0, 0, 0, 0, 0, 0, 0, 0, 0, 0], [0, 1, 0, 0, 1, 0, 0, 0, 0, 0, 0, 0, 0, 0], [4, 0, 0, 0, 0, 0, 0, 0, 0, 0, 0, 0, 0, 0]]","[[183, 35, 3, 0, 0, 0, 0, 0, 0, 0, 0, 0, 0, 0], [46, 20, 1, 0, 0, 0, 0, 0, 0, 0, 0, 0, 0, 0], [5, 13, 350, 7, 1, 0, 0, 0, 0, 0, 0, 0, 0, 0], [1, 3, 6, 23, 0, 0, 0, 0, 0, 0, 0, 0, 0, 0], [2, 3, 7, 1, 261, 0, 0, 0, 0, 0, 0, 0, 0, 0], [0, 0, 2, 1, 1, 0, 0, 0, 0, 0, 0, 0, 0, 0], [0, 0, 0, 0, 3, 0, 0, 0, 0, 0, 0, 0, 0, 0], [0, 0, 1, 0, 1, 0, 0, 0, 0, 0, 0, 0, 0, 0], [0, 1, 0, 0, 1, 0, 0, 0, 0, 0, 0, 0, 0, 0], [0, 0, 1, 0, 3, 0, 0, 0, 0, 0, 0, 0, 0, 0], [0, 0, 0, 0, 5, 0, 0, 0, 0, 0, 0, 0, 0, 0], [0, 0, 0, 0, 3, 0, 0, 0, 0, 0, 0, 0, 0, 0], [0, 0, 0, 0, 2, 0, 0, 0, 0, 0, 0, 0, 0, 0], [0, 0, 1, 0, 3, 0, 0, 0, 0, 0, 0, 0, 0, 0]]"
source_expansion_Faces_to_PetImages_to_GarbageDataset,logistic_regression,adwin,0.85,1,301042,0.4806985945915491,0.43861132260120855,0.45215530849172764,0.852,0.4806985945915491,0.43861132260120855,0.45215530849172764,0.62,0.96,0.779,0.4647132068928153,0.39969350778202434,0.4063714157717107,0.62,0.96,1.0,"[[142, 75, 2, 2, 0, 0, 0, 0, 0, 0, 0, 0, 0, 0], [30, 34, 2, 1, 0, 0, 0, 0, 0, 0, 0, 0, 0, 0], [0, 1, 371, 1, 0, 1, 0, 0, 1, 1, 0, 0, 0, 0], [1, 0, 2, 30, 0, 0, 0, 0, 0, 0, 0, 0, 0, 0], [0, 0, 0, 1, 268, 0, 1, 0, 1, 2, 0, 0, 0, 1], [0, 0, 0, 1, 0, 2, 0, 0, 0, 0, 1, 0, 0, 0], [0, 0, 0, 0, 1, 0, 1, 0, 1, 0, 0, 0, 0, 0], [1, 0, 0, 0, 0, 0, 0, 0, 0, 0, 0, 1, 0, 0], [0, 2, 0, 0, 0, 0, 0, 0, 0, 0, 0, 0, 0, 0], [0, 0, 0, 0, 3, 0, 0, 0, 0, 0, 0, 0, 1, 0], [1, 0, 0, 0, 2, 0, 0, 0, 0, 0, 1, 0, 0, 1], [0, 0, 0, 0, 0, 0, 0, 0, 1, 0, 1, 1, 0, 0], [0, 0, 0, 0, 1, 0, 0, 0, 0, 0, 0, 0, 1, 0], [0, 0, 0, 0, 3, 0, 0, 0, 0, 0, 0, 0, 0, 1]]","[[142, 74, 3, 1, 0, 0, 0, 1, 0, 0, 0, 0, 0, 0], [34, 30, 2, 1, 0, 0, 0, 0, 0, 0, 0, 0, 0, 0], [14, 22, 304, 34, 0, 1, 0, 0, 1, 0, 0, 0, 0, 0], [1, 0, 4, 28, 0, 0, 0, 0, 0, 0, 0, 0, 0, 0], [0, 0, 0, 1, 269, 0, 0, 0, 1, 2, 0, 0, 0, 1], [0, 0, 0, 1, 0, 1, 0, 0, 0, 1, 1, 0, 0, 0], [0, 0, 0, 0, 1, 0, 1, 0, 1, 0, 0, 0, 0, 0], [1, 1, 0, 0, 0, 0, 0, 0, 0, 0, 0, 0, 0, 0], [0, 0, 1, 0, 0, 0, 0, 1, 0, 0, 0, 0, 0, 0], [0, 0, 0, 0, 2, 0, 0, 0, 0, 0, 0, 1, 1, 0], [0, 0, 0, 0, 1, 0, 0, 1, 0, 1, 1, 0, 0, 1], [0, 0, 0, 0, 0, 0, 0, 0, 1, 0, 1, 1, 0, 0], [0, 0, 0, 0, 1, 0, 0, 0, 0, 0, 0, 0, 1, 0], [0, 0, 0, 0, 3, 0, 0, 0, 0, 0, 0, 0, 0, 1]]"
source_expansion_Faces_to_PetImages_to_GarbageDataset,hoeffding_tree,adwin,0.85,1,301042,0.21706663204060675,0.26503640864789063,0.16505959880171325,0.521,0.21706663204060675,0.26503640864789063,0.16505959880171325,0.8,0.040000000000000036,0.784,0.16751979081026422,0.19141423219627726,0.17858444945008797,0.8,0.89,3.0,"[[214, 0, 0, 0, 1, 3, 3, 0, 0, 0, 0, 0, 0, 0], [57, 6, 0, 0, 0, 1, 2, 0, 0, 0, 0, 0, 1, 0], [58, 10, 284, 5, 2, 14, 0, 0, 0, 0, 0, 0, 3, 0], [9, 7, 3, 10, 0, 1, 2, 0, 0, 0, 0, 0, 1, 0], [1, 0, 0, 0, 3, 53, 108, 30, 0, 0, 0, 0, 79, 0], [0, 0, 0, 0, 1, 1, 2, 0, 0, 0, 0, 0, 0, 0], [0, 0, 0, 0, 0, 1, 1, 0, 0, 0, 0, 0, 1, 0], [0, 0, 0, 0, 0, 0, 1, 1, 0, 0, 0, 0, 0, 0], [0, 0, 0, 0, 0, 1, 1, 0, 0, 0, 0, 0, 0, 0], [0, 0, 0, 0, 0, 0, 3, 0, 0, 0, 0, 0, 1, 0], [0, 0, 0, 0, 0, 2, 2, 1, 0, 0, 0, 0, 0, 0], [0, 0, 0, 0, 0, 0, 1, 1, 0, 0, 0, 0, 1, 0], [0, 0, 0, 0, 0, 0, 1, 0, 0, 0, 0, 0, 1, 0], [0, 0, 0, 0, 0, 2, 1, 0, 0, 0, 0, 0, 1, 0]]","[[184, 0, 34, 0, 3, 0, 0, 0, 0, 0, 0, 0, 0, 0], [49, 0, 15, 0, 3, 0, 0, 0, 0, 0, 0, 0, 0, 0], [24, 0, 346, 0, 6, 0, 0, 0, 0, 0, 0, 0, 0, 0], [3, 0, 27, 0, 3, 0, 0, 0, 0, 0, 0, 0, 0, 0], [1, 0, 19, 0, 254, 0, 0, 0, 0, 0, 0, 0, 0, 0], [0, 0, 1, 0, 3, 0, 0, 0, 0, 0, 0, 0, 0, 0], [0, 0, 0, 0, 3, 0, 0, 0, 0, 0, 0, 0, 0, 0], [0, 0, 0, 0, 2, 0, 0, 0, 0, 0, 0, 0, 0, 0], [0, 0, 1, 0, 1, 0, 0, 0, 0, 0, 0, 0, 0, 0], [0, 0, 0, 0, 4, 0, 0, 0, 0, 0, 0, 0, 0, 0], [0, 0, 0, 0, 5, 0, 0, 0, 0, 0, 0, 0, 0, 0], [0, 0, 0, 0, 3, 0, 0, 0, 0, 0, 0, 0, 0, 0], [0, 0, 0, 0, 2, 0, 0, 0, 0, 0, 0, 0, 0, 0], [0, 0, 1, 0, 3, 0, 0, 0, 0, 0, 0, 0, 0, 0]]"
source_expansion_Faces_to_PetImages_to_GarbageDataset,gaussian_nb,adwin,0.85,1,301042,0.2570285210395949,0.2714622937919442,0.2630239150402886,0.84,0.2570285210395949,0.2714622937919442,0.2630239150402886,0.71,0.88,0.84,0.24598381140565848,0.25460427002054026,0.24985443208517286,0.71,0.89,1.0,"[[186, 35, 0, 0, 0, 0, 0, 0, 0, 0, 0, 0, 0, 0], [47, 20, 0, 0, 0, 0, 0, 0, 0, 0, 0, 0, 0, 0], [5, 13, 350, 8, 0, 0, 0, 0, 0, 0, 0, 0, 0, 0], [1, 3, 3, 26, 0, 0, 0, 0, 0, 0, 0, 0, 0, 0], [3, 9, 1, 2, 258, 0, 0, 0, 0, 1, 0, 0, 0, 0], [0, 1, 0, 3, 0, 0, 0, 0, 0, 0, 0, 0, 0, 0], [2, 0, 0, 0, 1, 0, 0, 0, 0, 0, 0, 0, 0, 0], [0, 2, 0, 0, 0, 0, 0, 0, 0, 0, 0, 0, 0, 0], [1, 1, 0, 0, 0, 0, 0, 0, 0, 0, 0, 0, 0, 0], [0, 3, 0, 0, 1, 0, 0, 0, 0, 0, 0, 0, 0, 0], [1, 4, 0, 0, 0, 0, 0, 0, 0, 0, 0, 0, 0, 0], [0, 3, 0, 0, 0, 0, 0, 0, 0, 0, 0, 0, 0, 0], [0, 1, 0, 0, 1, 0, 0, 0, 0, 0, 0, 0, 0, 0], [4, 0, 0, 0, 0, 0, 0, 0, 0, 0, 0, 0, 0, 0]]","[[184, 35, 2, 0, 0, 0, 0, 0, 0, 0, 0, 0, 0, 0], [49, 17, 1, 0, 0, 0, 0, 0, 0, 0, 0, 0, 0, 0], [3, 5, 364, 4, 0, 0, 0, 0, 0, 0, 0, 0, 0, 0], [0, 3, 11, 19, 0, 0, 0, 0, 0, 0, 0, 0, 0, 0], [0, 0, 9, 8, 256, 0, 0, 0, 0, 1, 0, 0, 0, 0], [0, 0, 1, 3, 0, 0, 0, 0, 0, 0, 0, 0, 0, 0], [0, 0, 2, 0, 1, 0, 0, 0, 0, 0, 0, 0, 0, 0], [1, 0, 1, 0, 0, 0, 0, 0, 0, 0, 0, 0, 0, 0], [0, 0, 2, 0, 0, 0, 0, 0, 0, 0, 0, 0, 0, 0], [0, 0, 1, 1, 2, 0, 0, 0, 0, 0, 0, 0, 0, 0], [0, 0, 4, 0, 1, 0, 0, 0, 0, 0, 0, 0, 0, 0], [0, 0, 3, 0, 0, 0, 0, 0, 0, 0, 0, 0, 0, 0], [0, 0, 1, 0, 1, 0, 0, 0, 0, 0, 0, 0, 0, 0], [0, 0, 1, 3, 0, 0, 0, 0, 0, 0, 0, 0, 0, 0]]"
source_expansion_Faces_to_PetImages_to_GarbageDataset,logistic_regression,page_hinkley,0.85,1,301042,0.4806985945915491,0.43861132260120855,0.45215530849172764,0.852,0.4806985945915491,0.43861132260120855,0.45215530849172764,0.62,0.96,0.746,0.29111896572180346,0.3092882291530806,0.2845609860027952,0.62,0.47,2.0,"[[142, 75, 2, 2, 0, 0, 0, 0, 0, 0, 0, 0, 0, 0], [30, 34, 2, 1, 0, 0, 0, 0, 0, 0, 0, 0, 0, 0], [0, 1, 371, 1, 0, 1, 0, 0, 1, 1, 0, 0, 0, 0], [1, 0, 2, 30, 0, 0, 0, 0, 0, 0, 0, 0, 0, 0], [0, 0, 0, 1, 268, 0, 1, 0, 1, 2, 0, 0, 0, 1], [0, 0, 0, 1, 0, 2, 0, 0, 0, 0, 1, 0, 0, 0], [0, 0, 0, 0, 1, 0, 1, 0, 1, 0, 0, 0, 0, 0], [1, 0, 0, 0, 0, 0, 0, 0, 0, 0, 0, 1, 0, 0], [0, 2, 0, 0, 0, 0, 0, 0, 0, 0, 0, 0, 0, 0], [0, 0, 0, 0, 3, 0, 0, 0, 0, 0, 0, 0, 1, 0], [1, 0, 0, 0, 2, 0, 0, 0, 0, 0, 1, 0, 0, 1], [0, 0, 0, 0, 0, 0, 0, 0, 1, 0, 1, 1, 0, 0], [0, 0, 0, 0, 1, 0, 0, 0, 0, 0, 0, 0, 1, 0], [0, 0, 0, 0, 3, 0, 0, 0, 0, 0, 0, 0, 0, 1]]","[[141, 75, 3, 1, 0, 0, 0, 1, 0, 0, 0, 0, 0, 0], [35, 28, 3, 1, 0, 0, 0, 0, 0, 0, 0, 0, 0, 0], [10, 11, 327, 25, 0, 1, 0, 0, 1, 0, 0, 1, 0, 0], [1, 0, 3, 27, 0, 1, 0, 0, 0, 0, 0, 0, 0, 1], [2, 8, 4, 0, 220, 0, 10, 5, 1, 4, 0, 19, 0, 1], [0, 0, 0, 1, 0, 1, 0, 0, 0, 1, 1, 0, 0, 0], [0, 0, 1, 0, 1, 0, 0, 0, 1, 0, 0, 0, 0, 0], [1, 0, 0, 0, 0, 0, 0, 0, 0, 0, 0, 1, 0, 0], [0, 1, 0, 0, 1, 0, 0, 0, 0, 0, 0, 0, 0, 0], [0, 0, 0, 0, 2, 0, 0, 0, 0, 0, 0, 1, 1, 0], [0, 0, 0, 0, 1, 0, 0, 1, 0, 1, 1, 0, 0, 1], [0, 0, 0, 0, 1, 0, 0, 0, 0, 0, 1, 1, 0, 0], [0, 0, 0, 1, 1, 0, 0, 0, 0, 0, 0, 0, 0, 0], [0, 1, 0, 0, 3, 0, 0, 0, 0, 0, 0, 0, 0, 0]]"
source_expansion_Faces_to_PetImages_to_GarbageDataset,hoeffding_tree,page_hinkley,0.85,1,301042,0.21706663204060675,0.26503640864789063,0.16505959880171325,0.521,0.21706663204060675,0.26503640864789063,0.16505959880171325,0.8,0.040000000000000036,0.783,0.18396267503605293,0.19293860342515642,0.18247672203593776,0.8,0.89,3.0,"[[214, 0, 0, 0, 1, 3, 3, 0, 0, 0, 0, 0, 0, 0], [57, 6, 0, 0, 0, 1, 2, 0, 0, 0, 0, 0, 1, 0], [58, 10, 284, 5, 2, 14, 0, 0, 0, 0, 0, 0, 3, 0], [9, 7, 3, 10, 0, 1, 2, 0, 0, 0, 0, 0, 1, 0], [1, 0, 0, 0, 3, 53, 108, 30, 0, 0, 0, 0, 79, 0], [0, 0, 0, 0, 1, 1, 2, 0, 0, 0, 0, 0, 0, 0], [0, 0, 0, 0, 0, 1, 1, 0, 0, 0, 0, 0, 1, 0], [0, 0, 0, 0, 0, 0, 1, 1, 0, 0, 0, 0, 0, 0], [0, 0, 0, 0, 0, 1, 1, 0, 0, 0, 0, 0, 0, 0], [0, 0, 0, 0, 0, 0, 3, 0, 0, 0, 0, 0, 1, 0], [0, 0, 0, 0, 0, 2, 2, 1, 0, 0, 0, 0, 0, 0], [0, 0, 0, 0, 0, 0, 1, 1, 0, 0, 0, 0, 1, 0], [0, 0, 0, 0, 0, 0, 1, 0, 0, 0, 0, 0, 1, 0], [0, 0, 0, 0, 0, 2, 1, 0, 0, 0, 0, 0, 1, 0]]","[[180, 3, 33, 1, 4, 0, 0, 0, 0, 0, 0, 0, 0, 0], [48, 2, 14, 0, 3, 0, 0, 0, 0, 0, 0, 0, 0, 0], [25, 3, 340, 1, 7, 0, 0, 0, 0, 0, 0, 0, 0, 0], [2, 1, 27, 0, 3, 0, 0, 0, 0, 0, 0, 0, 0, 0], [1, 0, 12, 0, 261, 0, 0, 0, 0, 0, 0, 0, 0, 0], [0, 0, 1, 0, 3, 0, 0, 0, 0, 0, 0, 0, 0, 0], [0, 0, 0, 0, 3, 0, 0, 0, 0, 0, 0, 0, 0, 0], [0, 0, 0, 0, 2, 0, 0, 0, 0, 0, 0, 0, 0, 0], [0, 0, 1, 0, 1, 0, 0, 0, 0, 0, 0, 0, 0, 0], [0, 0, 0, 0, 4, 0, 0, 0, 0, 0, 0, 0, 0, 0], [0, 0, 0, 0, 5, 0, 0, 0, 0, 0, 0, 0, 0, 0], [0, 0, 0, 0, 3, 0, 0, 0, 0, 0, 0, 0, 0, 0], [0, 0, 0, 0, 2, 0, 0, 0, 0, 0, 0, 0, 0, 0], [0, 0, 0, 0, 4, 0, 0, 0, 0, 0, 0, 0, 0, 0]]"
source_expansion_Faces_to_PetImages_to_GarbageDataset,gaussian_nb,page_hinkley,0.85,1,301042,0.2570285210395949,0.2714622937919442,0.2630239150402886,0.84,0.2570285210395949,0.2714622937919442,0.2630239150402886,0.71,0.88,0.838,0.2480245296396522,0.24712021533576686,0.24698788964551324,0.71,0.89,2.0,"[[186, 35, 0, 0, 0, 0, 0, 0, 0, 0, 0, 0, 0, 0], [47, 20, 0, 0, 0, 0, 0, 0, 0, 0, 0, 0, 0, 0], [5, 13, 350, 8, 0, 0, 0, 0, 0, 0, 0, 0, 0, 0], [1, 3, 3, 26, 0, 0, 0, 0, 0, 0, 0, 0, 0, 0], [3, 9, 1, 2, 258, 0, 0, 0, 0, 1, 0, 0, 0, 0], [0, 1, 0, 3, 0, 0, 0, 0, 0, 0, 0, 0, 0, 0], [2, 0, 0, 0, 1, 0, 0, 0, 0, 0, 0, 0, 0, 0], [0, 2, 0, 0, 0, 0, 0, 0, 0, 0, 0, 0, 0, 0], [1, 1, 0, 0, 0, 0, 0, 0, 0, 0, 0, 0, 0, 0], [0, 3, 0, 0, 1, 0, 0, 0, 0, 0, 0, 0, 0, 0], [1, 4, 0, 0, 0, 0, 0, 0, 0, 0, 0, 0, 0, 0], [0, 3, 0, 0, 0, 0, 0, 0, 0, 0, 0, 0, 0, 0], [0, 1, 0, 0, 1, 0, 0, 0, 0, 0, 0, 0, 0, 0], [4, 0, 0, 0, 0, 0, 0, 0, 0, 0, 0, 0, 0, 0]]","[[178, 36, 5, 0, 2, 0, 0, 0, 0, 0, 0, 0, 0, 0], [45, 16, 4, 0, 2, 0, 0, 0, 0, 0, 0, 0, 0, 0], [1, 4, 365, 3, 3, 0, 0, 0, 0, 0, 0, 0, 0, 0], [0, 3, 11, 16, 3, 0, 0, 0, 0, 0, 0, 0, 0, 0], [2, 0, 4, 5, 263, 0, 0, 0, 0, 0, 0, 0, 0, 0], [0, 0, 1, 1, 2, 0, 0, 0, 0, 0, 0, 0, 0, 0], [0, 0, 0, 0, 3, 0, 0, 0, 0, 0, 0, 0, 0, 0], [0, 0, 0, 0, 2, 0, 0, 0, 0, 0, 0, 0, 0, 0], [0, 0, 1, 0, 1, 0, 0, 0, 0, 0, 0, 0, 0, 0], [0, 0, 0, 0, 4, 0, 0, 0, 0, 0, 0, 0, 0, 0], [0, 0, 3, 0, 2, 0, 0, 0, 0, 0, 0, 0, 0, 0], [0, 0, 0, 0, 3, 0, 0, 0, 0, 0, 0, 0, 0, 0], [0, 0, 0, 0, 2, 0, 0, 0, 0, 0, 0, 0, 0, 0], [0, 0, 0, 2, 2, 0, 0, 0, 0, 0, 0, 0, 0, 0]]"
source_expansion_Faces_to_PetImages_to_GarbageDataset,logistic_regression,hddm_w,0.85,1,301042,0.4806985945915491,0.43861132260120855,0.45215530849172764,0.852,0.4806985945915491,0.43861132260120855,0.45215530849172764,0.62,0.96,0.852,0.4806985945915491,0.43861132260120855,0.45215530849172764,0.62,0.96,0.0,"[[142, 75, 2, 2, 0, 0, 0, 0, 0, 0, 0, 0, 0, 0], [30, 34, 2, 1, 0, 0, 0, 0, 0, 0, 0, 0, 0, 0], [0, 1, 371, 1, 0, 1, 0, 0, 1, 1, 0, 0, 0, 0], [1, 0, 2, 30, 0, 0, 0, 0, 0, 0, 0, 0, 0, 0], [0, 0, 0, 1, 268, 0, 1, 0, 1, 2, 0, 0, 0, 1], [0, 0, 0, 1, 0, 2, 0, 0, 0, 0, 1, 0, 0, 0], [0, 0, 0, 0, 1, 0, 1, 0, 1, 0, 0, 0, 0, 0], [1, 0, 0, 0, 0, 0, 0, 0, 0, 0, 0, 1, 0, 0], [0, 2, 0, 0, 0, 0, 0, 0, 0, 0, 0, 0, 0, 0], [0, 0, 0, 0, 3, 0, 0, 0, 0, 0, 0, 0, 1, 0], [1, 0, 0, 0, 2, 0, 0, 0, 0, 0, 1, 0, 0, 1], [0, 0, 0, 0, 0, 0, 0, 0, 1, 0, 1, 1, 0, 0], [0, 0, 0, 0, 1, 0, 0, 0, 0, 0, 0, 0, 1, 0], [0, 0, 0, 0, 3, 0, 0, 0, 0, 0, 0, 0, 0, 1]]","[[142, 75, 2, 2, 0, 0, 0, 0, 0, 0, 0, 0, 0, 0], [30, 34, 2, 1, 0, 0, 0, 0, 0, 0, 0, 0, 0, 0], [0, 1, 371, 1, 0, 1, 0, 0, 1, 1, 0, 0, 0, 0], [1, 0, 2, 30, 0, 0, 0, 0, 0, 0, 0, 0, 0, 0], [0, 0, 0, 1, 268, 0, 1, 0, 1, 2, 0, 0, 0, 1], [0, 0, 0, 1, 0, 2, 0, 0, 0, 0, 1, 0, 0, 0], [0, 0, 0, 0, 1, 0, 1, 0, 1, 0, 0, 0, 0, 0], [1, 0, 0, 0, 0, 0, 0, 0, 0, 0, 0, 1, 0, 0], [0, 2, 0, 0, 0, 0, 0, 0, 0, 0, 0, 0, 0, 0], [0, 0, 0, 0, 3, 0, 0, 0, 0, 0, 0, 0, 1, 0], [1, 0, 0, 0, 2, 0, 0, 0, 0, 0, 1, 0, 0, 1], [0, 0, 0, 0, 0, 0, 0, 0, 1, 0, 1, 1, 0, 0], [0, 0, 0, 0, 1, 0, 0, 0, 0, 0, 0, 0, 1, 0], [0, 0, 0, 0, 3, 0, 0, 0, 0, 0, 0, 0, 0, 1]]"
source_expansion_Faces_to_PetImages_to_GarbageDataset,hoeffding_tree,hddm_w,0.85,1,301042,0.21706663204060675,0.26503640864789063,0.16505959880171325,0.521,0.21706663204060675,0.26503640864789063,0.16505959880171325,0.8,0.040000000000000036,0.816,0.25520206933805384,0.2228287679221246,0.22334141633843937,0.8,0.89,2.0,"[[214, 0, 0, 0, 1, 3, 3, 0, 0, 0, 0, 0, 0, 0], [57, 6, 0, 0, 0, 1, 2, 0, 0, 0, 0, 0, 1, 0], [58, 10, 284, 5, 2, 14, 0, 0, 0, 0, 0, 0, 3, 0], [9, 7, 3, 10, 0, 1, 2, 0, 0, 0, 0, 0, 1, 0], [1, 0, 0, 0, 3, 53, 108, 30, 0, 0, 0, 0, 79, 0], [0, 0, 0, 0, 1, 1, 2, 0, 0, 0, 0, 0, 0, 0], [0, 0, 0, 0, 0, 1, 1, 0, 0, 0, 0, 0, 1, 0], [0, 0, 0, 0, 0, 0, 1, 1, 0, 0, 0, 0, 0, 0], [0, 0, 0, 0, 0, 1, 1, 0, 0, 0, 0, 0, 0, 0], [0, 0, 0, 0, 0, 0, 3, 0, 0, 0, 0, 0, 1, 0], [0, 0, 0, 0, 0, 2, 2, 1, 0, 0, 0, 0, 0, 0], [0, 0, 0, 0, 0, 0, 1, 1, 0, 0, 0, 0, 1, 0], [0, 0, 0, 0, 0, 0, 1, 0, 0, 0, 0, 0, 1, 0], [0, 0, 0, 0, 0, 2, 1, 0, 0, 0, 0, 0, 1, 0]]","[[197, 6, 12, 1, 5, 0, 0, 0, 0, 0, 0, 0, 0, 0], [52, 4, 8, 0, 3, 0, 0, 0, 0, 0, 0, 0, 0, 0], [16, 0, 346, 3, 8, 3, 0, 0, 0, 0, 0, 0, 0, 0], [1, 0, 18, 10, 3, 1, 0, 0, 0, 0, 0, 0, 0, 0], [0, 0, 12, 0, 259, 3, 0, 0, 0, 0, 0, 0, 0, 0], [0, 0, 0, 0, 4, 0, 0, 0, 0, 0, 0, 0, 0, 0], [0, 0, 0, 0, 3, 0, 0, 0, 0, 0, 0, 0, 0, 0], [0, 0, 0, 0, 2, 0, 0, 0, 0, 0, 0, 0, 0, 0], [0, 0, 1, 0, 1, 0, 0, 0, 0, 0, 0, 0, 0, 0], [0, 0, 0, 0, 4, 0, 0, 0, 0, 0, 0, 0, 0, 0], [0, 0, 0, 0, 5, 0, 0, 0, 0, 0, 0, 0, 0, 0], [0, 0, 0, 0, 3, 0, 0, 0, 0, 0, 0, 0, 0, 0], [0, 0, 0, 0, 2, 0, 0, 0, 0, 0, 0, 0, 0, 0], [0, 0, 0, 0, 4, 0, 0, 0, 0, 0, 0, 0, 0, 0]]"
source_expansion_Faces_to_PetImages_to_GarbageDataset,gaussian_nb,hddm_w,0.85,1,301042,0.2570285210395949,0.2714622937919442,0.2630239150402886,0.84,0.2570285210395949,0.2714622937919442,0.2630239150402886,0.71,0.88,0.841,0.2593129778720442,0.2656907495993125,0.26234786226881607,0.71,0.92,1.0,"[[186, 35, 0, 0, 0, 0, 0, 0, 0, 0, 0, 0, 0, 0], [47, 20, 0, 0, 0, 0, 0, 0, 0, 0, 0, 0, 0, 0], [5, 13, 350, 8, 0, 0, 0, 0, 0, 0, 0, 0, 0, 0], [1, 3, 3, 26, 0, 0, 0, 0, 0, 0, 0, 0, 0, 0], [3, 9, 1, 2, 258, 0, 0, 0, 0, 1, 0, 0, 0, 0], [0, 1, 0, 3, 0, 0, 0, 0, 0, 0, 0, 0, 0, 0], [2, 0, 0, 0, 1, 0, 0, 0, 0, 0, 0, 0, 0, 0], [0, 2, 0, 0, 0, 0, 0, 0, 0, 0, 0, 0, 0, 0], [1, 1, 0, 0, 0, 0, 0, 0, 0, 0, 0, 0, 0, 0], [0, 3, 0, 0, 1, 0, 0, 0, 0, 0, 0, 0, 0, 0], [1, 4, 0, 0, 0, 0, 0, 0, 0, 0, 0, 0, 0, 0], [0, 3, 0, 0, 0, 0, 0, 0, 0, 0, 0, 0, 0, 0], [0, 1, 0, 0, 1, 0, 0, 0, 0, 0, 0, 0, 0, 0], [4, 0, 0, 0, 0, 0, 0, 0, 0, 0, 0, 0, 0, 0]]","[[182, 35, 4, 0, 0, 0, 0, 0, 0, 0, 0, 0, 0, 0], [46, 20, 1, 0, 0, 0, 0, 0, 0, 0, 0, 0, 0, 0], [4, 13, 351, 7, 1, 0, 0, 0, 0, 0, 0, 0, 0, 0], [1, 3, 6, 23, 0, 0, 0, 0, 0, 0, 0, 0, 0, 0], [2, 2, 4, 1, 265, 0, 0, 0, 0, 0, 0, 0, 0, 0], [0, 0, 2, 1, 1, 0, 0, 0, 0, 0, 0, 0, 0, 0], [0, 0, 0, 0, 3, 0, 0, 0, 0, 0, 0, 0, 0, 0], [0, 0, 1, 0, 1, 0, 0, 0, 0, 0, 0, 0, 0, 0], [0, 1, 0, 0, 1, 0, 0, 0, 0, 0, 0, 0, 0, 0], [0, 0, 0, 0, 4, 0, 0, 0, 0, 0, 0, 0, 0, 0], [0, 0, 0, 0, 5, 0, 0, 0, 0, 0, 0, 0, 0, 0], [0, 0, 2, 0, 1, 0, 0, 0, 0, 0, 0, 0, 0, 0], [0, 0, 0, 0, 2, 0, 0, 0, 0, 0, 0, 0, 0, 0], [0, 0, 1, 0, 3, 0, 0, 0, 0, 0, 0, 0, 0, 0]]"
source_expansion_Faces_to_PetImages_to_GarbageDataset,logistic_regression,kswin,0.85,2,302042,0.4336590641387961,0.4266844783338442,0.4243575184373258,0.854,0.4336590641387961,0.4266844783338442,0.4243575184373258,0.6,0.88,0.854,0.4336590641387961,0.4266844783338442,0.4243575184373258,0.6,0.88,0.0,"[[117, 66, 1, 0, 0, 0, 0, 0, 0, 0, 0, 1, 0, 0], [32, 21, 1, 0, 0, 0, 0, 0, 0, 0, 0, 0, 0, 0], [1, 1, 407, 5, 2, 0, 0, 1, 0, 0, 0, 1, 0, 1], [0, 0, 4, 24, 1, 0, 1, 0, 0, 0, 0, 0, 0, 0], [1, 0, 1, 0, 276, 0, 0, 0, 0, 0, 0, 0, 0, 0], [0, 0, 0, 0, 0, 2, 0, 1, 0, 0, 0, 0, 0, 0], [0, 0, 0, 0, 1, 0, 1, 0, 0, 0, 0, 0, 0, 0], [1, 0, 0, 1, 0, 0, 0, 4, 0, 0, 1, 0, 0, 0], [0, 0, 0, 0, 0, 1, 0, 0, 1, 1, 0, 1, 0, 0], [0, 0, 0, 0, 2, 0, 0, 0, 0, 0, 1, 0, 0, 1], [0, 0, 0, 0, 3, 0, 0, 1, 0, 0, 1, 0, 0, 0], [0, 0, 0, 0, 2, 1, 0, 0, 0, 0, 0, 0, 0, 0], [0, 0, 0, 0, 0, 0, 0, 0, 1, 0, 0, 1, 0, 1], [0, 0, 0, 0, 1, 0, 0, 0, 0, 0, 1, 0, 1, 0]]","[[117, 66, 1, 0, 0, 0, 0, 0, 0, 0, 0, 1, 0, 0], [32, 21, 1, 0, 0, 0, 0, 0, 0, 0, 0, 0, 0, 0], [1, 1, 407, 5, 2, 0, 0, 1, 0, 0, 0, 1, 0, 1], [0, 0, 4, 24, 1, 0, 1, 0, 0, 0, 0, 0, 0, 0], [1, 0, 1, 0, 276, 0, 0, 0, 0, 0, 0, 0, 0, 0], [0, 0, 0, 0, 0, 2, 0, 1, 0, 0, 0, 0, 0, 0], [0, 0, 0, 0, 1, 0, 1, 0, 0, 0, 0, 0, 0, 0], [1, 0, 0, 1, 0, 0, 0, 4, 0, 0, 1, 0, 0, 0], [0, 0, 0, 0, 0, 1, 0, 0, 1, 1, 0, 1, 0, 0], [0, 0, 0, 0, 2, 0, 0, 0, 0, 0, 1, 0, 0, 1], [0, 0, 0, 0, 3, 0, 0, 1, 0, 0, 1, 0, 0, 0], [0, 0, 0, 0, 2, 1, 0, 0, 0, 0, 0, 0, 0, 0], [0, 0, 0, 0, 0, 0, 0, 0, 1, 0, 0, 1, 0, 1], [0, 0, 0, 0, 1, 0, 0, 0, 0, 0, 1, 0, 1, 0]]"
source_expansion_Faces_to_PetImages_to_GarbageDataset,hoeffding_tree,kswin,0.85,2,302042,0.2344031321786793,0.2660749513863545,0.19012797187947242,0.479,0.2344031321786793,0.2660749513863545,0.19012797187947242,0.83,0.09999999999999998,0.799,0.17092593908151948,0.19215181572455656,0.18088515217642917,0.83,0.79,4.0,"[[179, 1, 0, 0, 0, 0, 0, 0, 3, 0, 0, 1, 1, 0], [45, 5, 0, 0, 1, 0, 0, 0, 2, 0, 0, 1, 0, 0], [93, 5, 275, 2, 16, 0, 1, 3, 2, 2, 0, 19, 1, 0], [11, 7, 3, 5, 0, 0, 0, 0, 1, 2, 0, 0, 1, 0], [3, 13, 0, 0, 9, 3, 2, 18, 112, 39, 7, 23, 49, 0], [0, 0, 0, 0, 0, 1, 0, 0, 1, 0, 1, 0, 0, 0], [0, 0, 0, 0, 0, 0, 1, 0, 0, 1, 0, 0, 0, 0], [0, 0, 0, 0, 0, 0, 0, 1, 4, 2, 0, 0, 0, 0], [1, 0, 0, 0, 0, 1, 0, 0, 1, 0, 0, 0, 1, 0], [0, 1, 0, 0, 0, 0, 0, 0, 0, 1, 0, 1, 1, 0], [0, 0, 0, 0, 0, 0, 0, 1, 3, 0, 0, 0, 1, 0], [1, 0, 0, 0, 0, 0, 0, 0, 2, 0, 0, 0, 0, 0], [1, 0, 0, 0, 0, 0, 0, 0, 1, 0, 0, 0, 1, 0], [0, 0, 0, 0, 0, 0, 0, 0, 1, 0, 0, 1, 1, 0]]","[[160, 0, 21, 0, 4, 0, 0, 0, 0, 0, 0, 0, 0, 0], [31, 0, 21, 0, 2, 0, 0, 0, 0, 0, 0, 0, 0, 0], [11, 0, 391, 0, 17, 0, 0, 0, 0, 0, 0, 0, 0, 0], [0, 0, 26, 0, 4, 0, 0, 0, 0, 0, 0, 0, 0, 0], [1, 0, 29, 0, 248, 0, 0, 0, 0, 0, 0, 0, 0, 0], [0, 0, 0, 0, 3, 0, 0, 0, 0, 0, 0, 0, 0, 0], [0, 0, 0, 0, 2, 0, 0, 0, 0, 0, 0, 0, 0, 0], [0, 0, 0, 0, 7, 0, 0, 0, 0, 0, 0, 0, 0, 0], [0, 0, 0, 0, 4, 0, 0, 0, 0, 0, 0, 0, 0, 0], [0, 0, 0, 0, 4, 0, 0, 0, 0, 0, 0, 0, 0, 0], [0, 0, 0, 0, 5, 0, 0, 0, 0, 0, 0, 0, 0, 0], [0, 0, 1, 0, 2, 0, 0, 0, 0, 0, 0, 0, 0, 0], [0, 0, 0, 0, 3, 0, 0, 0, 0, 0, 0, 0, 0, 0], [0, 0, 0, 0, 3, 0, 0, 0, 0, 0, 0, 0, 0, 0]]"
source_expansion_Faces_to_PetImages_to_GarbageDataset,gaussian_nb,kswin,0.85,2,302042,0.3309312067072737,0.2801597142674979,0.28052937132663713,0.847,0.3309312067072737,0.2801597142674979,0.28052937132663713,0.8200000000000001,0.78,0.847,0.3309312067072737,0.2801597142674979,0.28052937132663713,0.8200000000000001,0.78,0.0,"[[172, 13, 0, 0, 0, 0, 0, 0, 0, 0, 0, 0, 0, 0], [41, 13, 0, 0, 0, 0, 0, 0, 0, 0, 0, 0, 0, 0], [24, 15, 374, 6, 0, 0, 0, 0, 0, 0, 0, 0, 0, 0], [0, 5, 2, 23, 0, 0, 0, 0, 0, 0, 0, 0, 0, 0], [5, 9, 0, 0, 264, 0, 0, 0, 0, 0, 0, 0, 0, 0], [1, 2, 0, 0, 0, 0, 0, 0, 0, 0, 0, 0, 0, 0], [1, 1, 0, 0, 0, 0, 0, 0, 0, 0, 0, 0, 0, 0], [4, 2, 0, 0, 0, 0, 0, 1, 0, 0, 0, 0, 0, 0], [3, 1, 0, 0, 0, 0, 0, 0, 0, 0, 0, 0, 0, 0], [3, 1, 0, 0, 0, 0, 0, 0, 0, 0, 0, 0, 0, 0], [2, 1, 0, 0, 2, 0, 0, 0, 0, 0, 0, 0, 0, 0], [2, 0, 0, 0, 1, 0, 0, 0, 0, 0, 0, 0, 0, 0], [2, 1, 0, 0, 0, 0, 0, 0, 0, 0, 0, 0, 0, 0], [2, 1, 0, 0, 0, 0, 0, 0, 0, 0, 0, 0, 0, 0]]","[[172, 13, 0, 0, 0, 0, 0, 0, 0, 0, 0, 0, 0, 0], [41, 13, 0, 0, 0, 0, 0, 0, 0, 0, 0, 0, 0, 0], [24, 15, 374, 6, 0, 0, 0, 0, 0, 0, 0, 0, 0, 0], [0, 5, 2, 23, 0, 0, 0, 0, 0, 0, 0, 0, 0, 0], [5, 9, 0, 0, 264, 0, 0, 0, 0, 0, 0, 0, 0, 0], [1, 2, 0, 0, 0, 0, 0, 0, 0, 0, 0, 0, 0, 0], [1, 1, 0, 0, 0, 0, 0, 0, 0, 0, 0, 0, 0, 0], [4, 2, 0, 0, 0, 0, 0, 1, 0, 0, 0, 0, 0, 0], [3, 1, 0, 0, 0, 0, 0, 0, 0, 0, 0, 0, 0, 0], [3, 1, 0, 0, 0, 0, 0, 0, 0, 0, 0, 0, 0, 0], [2, 1, 0, 0, 2, 0, 0, 0, 0, 0, 0, 0, 0, 0], [2, 0, 0, 0, 1, 0, 0, 0, 0, 0, 0, 0, 0, 0], [2, 1, 0, 0, 0, 0, 0, 0, 0, 0, 0, 0, 0, 0], [2, 1, 0, 0, 0, 0, 0, 0, 0, 0, 0, 0, 0, 0]]"
source_expansion_Faces_to_PetImages_to_GarbageDataset,logistic_regression,adwin,0.85,2,302042,0.4336590641387961,0.4266844783338442,0.4243575184373258,0.854,0.4336590641387961,0.4266844783338442,0.4243575184373258,0.6,0.88,0.791,0.40125696747488615,0.4195671215830063,0.4009120886096205,0.6,0.87,1.0,"[[117, 66, 1, 0, 0, 0, 0, 0, 0, 0, 0, 1, 0, 0], [32, 21, 1, 0, 0, 0, 0, 0, 0, 0, 0, 0, 0, 0], [1, 1, 407, 5, 2, 0, 0, 1, 0, 0, 0, 1, 0, 1], [0, 0, 4, 24, 1, 0, 1, 0, 0, 0, 0, 0, 0, 0], [1, 0, 1, 0, 276, 0, 0, 0, 0, 0, 0, 0, 0, 0], [0, 0, 0, 0, 0, 2, 0, 1, 0, 0, 0, 0, 0, 0], [0, 0, 0, 0, 1, 0, 1, 0, 0, 0, 0, 0, 0, 0], [1, 0, 0, 1, 0, 0, 0, 4, 0, 0, 1, 0, 0, 0], [0, 0, 0, 0, 0, 1, 0, 0, 1, 1, 0, 1, 0, 0], [0, 0, 0, 0, 2, 0, 0, 0, 0, 0, 1, 0, 0, 1], [0, 0, 0, 0, 3, 0, 0, 1, 0, 0, 1, 0, 0, 0], [0, 0, 0, 0, 2, 1, 0, 0, 0, 0, 0, 0, 0, 0], [0, 0, 0, 0, 0, 0, 0, 0, 1, 0, 0, 1, 0, 1], [0, 0, 0, 0, 1, 0, 0, 0, 0, 0, 1, 0, 1, 0]]","[[114, 69, 1, 0, 1, 0, 0, 0, 0, 0, 0, 0, 0, 0], [27, 25, 2, 0, 0, 0, 0, 0, 0, 0, 0, 0, 0, 0], [15, 20, 344, 36, 2, 0, 0, 0, 0, 0, 0, 2, 0, 0], [1, 1, 4, 22, 1, 0, 0, 0, 0, 0, 0, 0, 1, 0], [1, 0, 0, 1, 276, 0, 0, 0, 0, 0, 0, 0, 0, 0], [1, 0, 0, 1, 0, 1, 0, 0, 0, 0, 0, 0, 0, 0], [0, 0, 0, 0, 1, 0, 1, 0, 0, 0, 0, 0, 0, 0], [0, 0, 0, 0, 0, 0, 1, 5, 1, 0, 0, 0, 0, 0], [0, 0, 0, 0, 0, 1, 0, 0, 2, 1, 0, 0, 0, 0], [0, 0, 0, 0, 2, 0, 0, 0, 0, 0, 1, 0, 0, 1], [0, 0, 1, 0, 2, 0, 0, 1, 0, 0, 1, 0, 0, 0], [0, 0, 0, 0, 2, 1, 0, 0, 0, 0, 0, 0, 0, 0], [0, 0, 0, 0, 0, 0, 0, 1, 1, 0, 0, 0, 0, 1], [0, 0, 0, 0, 1, 0, 0, 0, 0, 0, 1, 1, 0, 0]]"
source_expansion_Faces_to_PetImages_to_GarbageDataset,hoeffding_tree,adwin,0.85,2,302042,0.2344031321786793,0.2660749513863545,0.19012797187947242,0.479,0.2344031321786793,0.2660749513863545,0.19012797187947242,0.83,0.09999999999999998,0.785,0.16706581672816753,0.19015160610428547,0.17767585051380966,0.83,0.79,4.0,"[[179, 1, 0, 0, 0, 0, 0, 0, 3, 0, 0, 1, 1, 0], [45, 5, 0, 0, 1, 0, 0, 0, 2, 0, 0, 1, 0, 0], [93, 5, 275, 2, 16, 0, 1, 3, 2, 2, 0, 19, 1, 0], [11, 7, 3, 5, 0, 0, 0, 0, 1, 2, 0, 0, 1, 0], [3, 13, 0, 0, 9, 3, 2, 18, 112, 39, 7, 23, 49, 0], [0, 0, 0, 0, 0, 1, 0, 0, 1, 0, 1, 0, 0, 0], [0, 0, 0, 0, 0, 0, 1, 0, 0, 1, 0, 0, 0, 0], [0, 0, 0, 0, 0, 0, 0, 1, 4, 2, 0, 0, 0, 0], [1, 0, 0, 0, 0, 1, 0, 0, 1, 0, 0, 0, 1, 0], [0, 1, 0, 0, 0, 0, 0, 0, 0, 1, 0, 1, 1, 0], [0, 0, 0, 0, 0, 0, 0, 1, 3, 0, 0, 0, 1, 0], [1, 0, 0, 0, 0, 0, 0, 0, 2, 0, 0, 0, 0, 0], [1, 0, 0, 0, 0, 0, 0, 0, 1, 0, 0, 0, 1, 0], [0, 0, 0, 0, 0, 0, 0, 0, 1, 0, 0, 1, 1, 0]]","[[165, 0, 16, 0, 4, 0, 0, 0, 0, 0, 0, 0, 0, 0], [32, 0, 20, 0, 2, 0, 0, 0, 0, 0, 0, 0, 0, 0], [29, 0, 380, 0, 10, 0, 0, 0, 0, 0, 0, 0, 0, 0], [1, 0, 25, 0, 4, 0, 0, 0, 0, 0, 0, 0, 0, 0], [1, 0, 36, 0, 240, 0, 0, 0, 0, 1, 0, 0, 0, 0], [0, 0, 0, 0, 3, 0, 0, 0, 0, 0, 0, 0, 0, 0], [0, 0, 0, 0, 2, 0, 0, 0, 0, 0, 0, 0, 0, 0], [0, 0, 0, 0, 7, 0, 0, 0, 0, 0, 0, 0, 0, 0], [0, 0, 0, 0, 4, 0, 0, 0, 0, 0, 0, 0, 0, 0], [0, 0, 0, 0, 4, 0, 0, 0, 0, 0, 0, 0, 0, 0], [0, 0, 0, 0, 5, 0, 0, 0, 0, 0, 0, 0, 0, 0], [0, 0, 1, 0, 2, 0, 0, 0, 0, 0, 0, 0, 0, 0], [0, 0, 0, 0, 3, 0, 0, 0, 0, 0, 0, 0, 0, 0], [0, 0, 1, 0, 2, 0, 0, 0, 0, 0, 0, 0, 0, 0]]"
source_expansion_Faces_to_PetImages_to_GarbageDataset,gaussian_nb,adwin,0.85,2,302042,0.3309312067072737,0.2801597142674979,0.28052937132663713,0.847,0.3309312067072737,0.2801597142674979,0.28052937132663713,0.8200000000000001,0.78,0.847,0.3309312067072737,0.2801597142674979,0.28052937132663713,0.8200000000000001,0.78,0.0,"[[172, 13, 0, 0, 0, 0, 0, 0, 0, 0, 0, 0, 0, 0], [41, 13, 0, 0, 0, 0, 0, 0, 0, 0, 0, 0, 0, 0], [24, 15, 374, 6, 0, 0, 0, 0, 0, 0, 0, 0, 0, 0], [0, 5, 2, 23, 0, 0, 0, 0, 0, 0, 0, 0, 0, 0], [5, 9, 0, 0, 264, 0, 0, 0, 0, 0, 0, 0, 0, 0], [1, 2, 0, 0, 0, 0, 0, 0, 0, 0, 0, 0, 0, 0], [1, 1, 0, 0, 0, 0, 0, 0, 0, 0, 0, 0, 0, 0], [4, 2, 0, 0, 0, 0, 0, 1, 0, 0, 0, 0, 0, 0], [3, 1, 0, 0, 0, 0, 0, 0, 0, 0, 0, 0, 0, 0], [3, 1, 0, 0, 0, 0, 0, 0, 0, 0, 0, 0, 0, 0], [2, 1, 0, 0, 2, 0, 0, 0, 0, 0, 0, 0, 0, 0], [2, 0, 0, 0, 1, 0, 0, 0, 0, 0, 0, 0, 0, 0], [2, 1, 0, 0, 0, 0, 0, 0, 0, 0, 0, 0, 0, 0], [2, 1, 0, 0, 0, 0, 0, 0, 0, 0, 0, 0, 0, 0]]","[[172, 13, 0, 0, 0, 0, 0, 0, 0, 0, 0, 0, 0, 0], [41, 13, 0, 0, 0, 0, 0, 0, 0, 0, 0, 0, 0, 0], [24, 15, 374, 6, 0, 0, 0, 0, 0, 0, 0, 0, 0, 0], [0, 5, 2, 23, 0, 0, 0, 0, 0, 0, 0, 0, 0, 0], [5, 9, 0, 0, 264, 0, 0, 0, 0, 0, 0, 0, 0, 0], [1, 2, 0, 0, 0, 0, 0, 0, 0, 0, 0, 0, 0, 0], [1, 1, 0, 0, 0, 0, 0, 0, 0, 0, 0, 0, 0, 0], [4, 2, 0, 0, 0, 0, 0, 1, 0, 0, 0, 0, 0, 0], [3, 1, 0, 0, 0, 0, 0, 0, 0, 0, 0, 0, 0, 0], [3, 1, 0, 0, 0, 0, 0, 0, 0, 0, 0, 0, 0, 0], [2, 1, 0, 0, 2, 0, 0, 0, 0, 0, 0, 0, 0, 0], [2, 0, 0, 0, 1, 0, 0, 0, 0, 0, 0, 0, 0, 0], [2, 1, 0, 0, 0, 0, 0, 0, 0, 0, 0, 0, 0, 0], [2, 1, 0, 0, 0, 0, 0, 0, 0, 0, 0, 0, 0, 0]]"
source_expansion_Faces_to_PetImages_to_GarbageDataset,logistic_regression,page_hinkley,0.85,2,302042,0.4336590641387961,0.4266844783338442,0.4243575184373258,0.854,0.4336590641387961,0.4266844783338442,0.4243575184373258,0.6,0.88,0.792,0.3725406086956103,0.4403137973416152,0.3928576636915846,0.6,0.87,1.0,"[[117, 66, 1, 0, 0, 0, 0, 0, 0, 0, 0, 1, 0, 0], [32, 21, 1, 0, 0, 0, 0, 0, 0, 0, 0, 0, 0, 0], [1, 1, 407, 5, 2, 0, 0, 1, 0, 0, 0, 1, 0, 1], [0, 0, 4, 24, 1, 0, 1, 0, 0, 0, 0, 0, 0, 0], [1, 0, 1, 0, 276, 0, 0, 0, 0, 0, 0, 0, 0, 0], [0, 0, 0, 0, 0, 2, 0, 1, 0, 0, 0, 0, 0, 0], [0, 0, 0, 0, 1, 0, 1, 0, 0, 0, 0, 0, 0, 0], [1, 0, 0, 1, 0, 0, 0, 4, 0, 0, 1, 0, 0, 0], [0, 0, 0, 0, 0, 1, 0, 0, 1, 1, 0, 1, 0, 0], [0, 0, 0, 0, 2, 0, 0, 0, 0, 0, 1, 0, 0, 1], [0, 0, 0, 0, 3, 0, 0, 1, 0, 0, 1, 0, 0, 0], [0, 0, 0, 0, 2, 1, 0, 0, 0, 0, 0, 0, 0, 0], [0, 0, 0, 0, 0, 0, 0, 0, 1, 0, 0, 1, 0, 1], [0, 0, 0, 0, 1, 0, 0, 0, 0, 0, 1, 0, 1, 0]]","[[114, 68, 2, 0, 1, 0, 0, 0, 0, 0, 0, 0, 0, 0], [28, 25, 1, 0, 0, 0, 0, 0, 0, 0, 0, 0, 0, 0], [17, 8, 340, 44, 6, 0, 1, 0, 0, 0, 0, 3, 0, 0], [0, 0, 2, 27, 1, 0, 0, 0, 0, 0, 0, 0, 0, 0], [0, 0, 0, 2, 276, 0, 0, 0, 0, 0, 0, 0, 0, 0], [0, 0, 0, 1, 0, 2, 0, 0, 0, 0, 0, 0, 0, 0], [0, 0, 0, 0, 1, 0, 1, 0, 0, 0, 0, 0, 0, 0], [0, 0, 0, 0, 0, 0, 1, 5, 1, 0, 0, 0, 0, 0], [0, 0, 0, 0, 0, 1, 0, 0, 2, 1, 0, 0, 0, 0], [0, 0, 0, 0, 2, 0, 0, 0, 0, 0, 1, 0, 0, 1], [0, 0, 1, 0, 2, 0, 0, 2, 0, 0, 0, 0, 0, 0], [0, 0, 0, 0, 2, 1, 0, 0, 0, 0, 0, 0, 0, 0], [0, 0, 0, 0, 0, 0, 0, 1, 1, 0, 0, 0, 0, 1], [0, 0, 0, 0, 1, 0, 0, 0, 0, 0, 1, 1, 0, 0]]"
source_expansion_Faces_to_PetImages_to_GarbageDataset,hoeffding_tree,page_hinkley,0.85,2,302042,0.2344031321786793,0.2660749513863545,0.19012797187947242,0.479,0.2344031321786793,0.2660749513863545,0.19012797187947242,0.83,0.09999999999999998,0.796,0.16870324285300348,0.19375608699281027,0.18023698705772143,0.83,0.79,3.0,"[[179, 1, 0, 0, 0, 0, 0, 0, 3, 0, 0, 1, 1, 0], [45, 5, 0, 0, 1, 0, 0, 0, 2, 0, 0, 1, 0, 0], [93, 5, 275, 2, 16, 0, 1, 3, 2, 2, 0, 19, 1, 0], [11, 7, 3, 5, 0, 0, 0, 0, 1, 2, 0, 0, 1, 0], [3, 13, 0, 0, 9, 3, 2, 18, 112, 39, 7, 23, 49, 0], [0, 0, 0, 0, 0, 1, 0, 0, 1, 0, 1, 0, 0, 0], [0, 0, 0, 0, 0, 0, 1, 0, 0, 1, 0, 0, 0, 0], [0, 0, 0, 0, 0, 0, 0, 1, 4, 2, 0, 0, 0, 0], [1, 0, 0, 0, 0, 1, 0, 0, 1, 0, 0, 0, 1, 0], [0, 1, 0, 0, 0, 0, 0, 0, 0, 1, 0, 1, 1, 0], [0, 0, 0, 0, 0, 0, 0, 1, 3, 0, 0, 0, 1, 0], [1, 0, 0, 0, 0, 0, 0, 0, 2, 0, 0, 0, 0, 0], [1, 0, 0, 0, 0, 0, 0, 0, 1, 0, 0, 0, 1, 0], [0, 0, 0, 0, 0, 0, 0, 0, 1, 0, 0, 1, 1, 0]]","[[165, 0, 14, 0, 6, 0, 0, 0, 0, 0, 0, 0, 0, 0], [32, 0, 20, 0, 2, 0, 0, 0, 0, 0, 0, 0, 0, 0], [21, 0, 371, 0, 27, 0, 0, 0, 0, 0, 0, 0, 0, 0], [0, 0, 25, 0, 5, 0, 0, 0, 0, 0, 0, 0, 0, 0], [1, 0, 17, 0, 260, 0, 0, 0, 0, 0, 0, 0, 0, 0], [0, 0, 0, 0, 3, 0, 0, 0, 0, 0, 0, 0, 0, 0], [0, 0, 0, 0, 2, 0, 0, 0, 0, 0, 0, 0, 0, 0], [0, 0, 0, 0, 7, 0, 0, 0, 0, 0, 0, 0, 0, 0], [0, 0, 0, 0, 4, 0, 0, 0, 0, 0, 0, 0, 0, 0], [0, 0, 0, 0, 4, 0, 0, 0, 0, 0, 0, 0, 0, 0], [0, 0, 0, 0, 5, 0, 0, 0, 0, 0, 0, 0, 0, 0], [0, 0, 0, 0, 3, 0, 0, 0, 0, 0, 0, 0, 0, 0], [0, 0, 0, 0, 3, 0, 0, 0, 0, 0, 0, 0, 0, 0], [0, 0, 0, 0, 3, 0, 0, 0, 0, 0, 0, 0, 0, 0]]"
source_expansion_Faces_to_PetImages_to_GarbageDataset,gaussian_nb,page_hinkley,0.85,2,302042,0.3309312067072737,0.2801597142674979,0.28052937132663713,0.847,0.3309312067072737,0.2801597142674979,0.28052937132663713,0.8200000000000001,0.78,0.845,0.25625768451074327,0.26417028870798553,0.2586606546783043,0.8200000000000001,0.79,1.0,"[[172, 13, 0, 0, 0, 0, 0, 0, 0, 0, 0, 0, 0, 0], [41, 13, 0, 0, 0, 0, 0, 0, 0, 0, 0, 0, 0, 0], [24, 15, 374, 6, 0, 0, 0, 0, 0, 0, 0, 0, 0, 0], [0, 5, 2, 23, 0, 0, 0, 0, 0, 0, 0, 0, 0, 0], [5, 9, 0, 0, 264, 0, 0, 0, 0, 0, 0, 0, 0, 0], [1, 2, 0, 0, 0, 0, 0, 0, 0, 0, 0, 0, 0, 0], [1, 1, 0, 0, 0, 0, 0, 0, 0, 0, 0, 0, 0, 0], [4, 2, 0, 0, 0, 0, 0, 1, 0, 0, 0, 0, 0, 0], [3, 1, 0, 0, 0, 0, 0, 0, 0, 0, 0, 0, 0, 0], [3, 1, 0, 0, 0, 0, 0, 0, 0, 0, 0, 0, 0, 0], [2, 1, 0, 0, 2, 0, 0, 0, 0, 0, 0, 0, 0, 0], [2, 0, 0, 0, 1, 0, 0, 0, 0, 0, 0, 0, 0, 0], [2, 1, 0, 0, 0, 0, 0, 0, 0, 0, 0, 0, 0, 0], [2, 1, 0, 0, 0, 0, 0, 0, 0, 0, 0, 0, 0, 0]]","[[169, 13, 0, 0, 3, 0, 0, 0, 0, 0, 0, 0, 0, 0], [40, 12, 0, 0, 2, 0, 0, 0, 0, 0, 0, 0, 0, 0], [24, 15, 372, 6, 2, 0, 0, 0, 0, 0, 0, 0, 0, 0], [0, 5, 2, 21, 2, 0, 0, 0, 0, 0, 0, 0, 0, 0], [2, 5, 0, 0, 271, 0, 0, 0, 0, 0, 0, 0, 0, 0], [0, 2, 0, 0, 1, 0, 0, 0, 0, 0, 0, 0, 0, 0], [1, 1, 0, 0, 0, 0, 0, 0, 0, 0, 0, 0, 0, 0], [2, 1, 0, 0, 4, 0, 0, 0, 0, 0, 0, 0, 0, 0], [1, 0, 0, 0, 3, 0, 0, 0, 0, 0, 0, 0, 0, 0], [2, 0, 0, 0, 2, 0, 0, 0, 0, 0, 0, 0, 0, 0], [1, 0, 0, 0, 4, 0, 0, 0, 0, 0, 0, 0, 0, 0], [1, 0, 0, 0, 2, 0, 0, 0, 0, 0, 0, 0, 0, 0], [0, 0, 0, 0, 3, 0, 0, 0, 0, 0, 0, 0, 0, 0], [1, 0, 0, 0, 2, 0, 0, 0, 0, 0, 0, 0, 0, 0]]"
source_expansion_Faces_to_PetImages_to_GarbageDataset,logistic_regression,hddm_w,0.85,2,302042,0.4336590641387961,0.4266844783338442,0.4243575184373258,0.854,0.4336590641387961,0.4266844783338442,0.4243575184373258,0.6,0.88,0.854,0.4336590641387961,0.4266844783338442,0.4243575184373258,0.6,0.88,0.0,"[[117, 66, 1, 0, 0, 0, 0, 0, 0, 0, 0, 1, 0, 0], [32, 21, 1, 0, 0, 0, 0, 0, 0, 0, 0, 0, 0, 0], [1, 1, 407, 5, 2, 0, 0, 1, 0, 0, 0, 1, 0, 1], [0, 0, 4, 24, 1, 0, 1, 0, 0, 0, 0, 0, 0, 0], [1, 0, 1, 0, 276, 0, 0, 0, 0, 0, 0, 0, 0, 0], [0, 0, 0, 0, 0, 2, 0, 1, 0, 0, 0, 0, 0, 0], [0, 0, 0, 0, 1, 0, 1, 0, 0, 0, 0, 0, 0, 0], [1, 0, 0, 1, 0, 0, 0, 4, 0, 0, 1, 0, 0, 0], [0, 0, 0, 0, 0, 1, 0, 0, 1, 1, 0, 1, 0, 0], [0, 0, 0, 0, 2, 0, 0, 0, 0, 0, 1, 0, 0, 1], [0, 0, 0, 0, 3, 0, 0, 1, 0, 0, 1, 0, 0, 0], [0, 0, 0, 0, 2, 1, 0, 0, 0, 0, 0, 0, 0, 0], [0, 0, 0, 0, 0, 0, 0, 0, 1, 0, 0, 1, 0, 1], [0, 0, 0, 0, 1, 0, 0, 0, 0, 0, 1, 0, 1, 0]]","[[117, 66, 1, 0, 0, 0, 0, 0, 0, 0, 0, 1, 0, 0], [32, 21, 1, 0, 0, 0, 0, 0, 0, 0, 0, 0, 0, 0], [1, 1, 407, 5, 2, 0, 0, 1, 0, 0, 0, 1, 0, 1], [0, 0, 4, 24, 1, 0, 1, 0, 0, 0, 0, 0, 0, 0], [1, 0, 1, 0, 276, 0, 0, 0, 0, 0, 0, 0, 0, 0], [0, 0, 0, 0, 0, 2, 0, 1, 0, 0, 0, 0, 0, 0], [0, 0, 0, 0, 1, 0, 1, 0, 0, 0, 0, 0, 0, 0], [1, 0, 0, 1, 0, 0, 0, 4, 0, 0, 1, 0, 0, 0], [0, 0, 0, 0, 0, 1, 0, 0, 1, 1, 0, 1, 0, 0], [0, 0, 0, 0, 2, 0, 0, 0, 0, 0, 1, 0, 0, 1], [0, 0, 0, 0, 3, 0, 0, 1, 0, 0, 1, 0, 0, 0], [0, 0, 0, 0, 2, 1, 0, 0, 0, 0, 0, 0, 0, 0], [0, 0, 0, 0, 0, 0, 0, 0, 1, 0, 0, 1, 0, 1], [0, 0, 0, 0, 1, 0, 0, 0, 0, 0, 1, 0, 1, 0]]"
source_expansion_Faces_to_PetImages_to_GarbageDataset,hoeffding_tree,hddm_w,0.85,2,302042,0.2344031321786793,0.2660749513863545,0.19012797187947242,0.479,0.2344031321786793,0.2660749513863545,0.19012797187947242,0.83,0.09999999999999998,0.801,0.17044339285739535,0.19404697655242803,0.1814678106005382,0.83,0.79,3.0,"[[179, 1, 0, 0, 0, 0, 0, 0, 3, 0, 0, 1, 1, 0], [45, 5, 0, 0, 1, 0, 0, 0, 2, 0, 0, 1, 0, 0], [93, 5, 275, 2, 16, 0, 1, 3, 2, 2, 0, 19, 1, 0], [11, 7, 3, 5, 0, 0, 0, 0, 1, 2, 0, 0, 1, 0], [3, 13, 0, 0, 9, 3, 2, 18, 112, 39, 7, 23, 49, 0], [0, 0, 0, 0, 0, 1, 0, 0, 1, 0, 1, 0, 0, 0], [0, 0, 0, 0, 0, 0, 1, 0, 0, 1, 0, 0, 0, 0], [0, 0, 0, 0, 0, 0, 0, 1, 4, 2, 0, 0, 0, 0], [1, 0, 0, 0, 0, 1, 0, 0, 1, 0, 0, 0, 1, 0], [0, 1, 0, 0, 0, 0, 0, 0, 0, 1, 0, 1, 1, 0], [0, 0, 0, 0, 0, 0, 0, 1, 3, 0, 0, 0, 1, 0], [1, 0, 0, 0, 0, 0, 0, 0, 2, 0, 0, 0, 0, 0], [1, 0, 0, 0, 0, 0, 0, 0, 1, 0, 0, 0, 1, 0], [0, 0, 0, 0, 0, 0, 0, 0, 1, 0, 0, 1, 1, 0]]","[[164, 0, 17, 0, 4, 0, 0, 0, 0, 0, 0, 0, 0, 0], [32, 0, 20, 0, 2, 0, 0, 0, 0, 0, 0, 0, 0, 0], [19, 0, 381, 0, 19, 0, 0, 0, 0, 0, 0, 0, 0, 0], [0, 0, 26, 0, 4, 0, 0, 0, 0, 0, 0, 0, 0, 0], [0, 0, 21, 0, 256, 0, 0, 0, 0, 0, 0, 0, 0, 1], [0, 0, 0, 0, 3, 0, 0, 0, 0, 0, 0, 0, 0, 0], [0, 0, 0, 0, 2, 0, 0, 0, 0, 0, 0, 0, 0, 0], [0, 0, 0, 0, 7, 0, 0, 0, 0, 0, 0, 0, 0, 0], [0, 0, 0, 0, 4, 0, 0, 0, 0, 0, 0, 0, 0, 0], [0, 0, 0, 0, 4, 0, 0, 0, 0, 0, 0, 0, 0, 0], [0, 0, 0, 0, 5, 0, 0, 0, 0, 0, 0, 0, 0, 0], [0, 0, 1, 0, 2, 0, 0, 0, 0, 0, 0, 0, 0, 0], [0, 0, 0, 0, 3, 0, 0, 0, 0, 0, 0, 0, 0, 0], [0, 0, 1, 0, 2, 0, 0, 0, 0, 0, 0, 0, 0, 0]]"
source_expansion_Faces_to_PetImages_to_GarbageDataset,gaussian_nb,hddm_w,0.85,2,302042,0.3309312067072737,0.2801597142674979,0.28052937132663713,0.847,0.3309312067072737,0.2801597142674979,0.28052937132663713,0.8200000000000001,0.78,0.847,0.3309312067072737,0.2801597142674979,0.28052937132663713,0.8200000000000001,0.78,0.0,"[[172, 13, 0, 0, 0, 0, 0, 0, 0, 0, 0, 0, 0, 0], [41, 13, 0, 0, 0, 0, 0, 0, 0, 0, 0, 0, 0, 0], [24, 15, 374, 6, 0, 0, 0, 0, 0, 0, 0, 0, 0, 0], [0, 5, 2, 23, 0, 0, 0, 0, 0, 0, 0, 0, 0, 0], [5, 9, 0, 0, 264, 0, 0, 0, 0, 0, 0, 0, 0, 0], [1, 2, 0, 0, 0, 0, 0, 0, 0, 0, 0, 0, 0, 0], [1, 1, 0, 0, 0, 0, 0, 0, 0, 0, 0, 0, 0, 0], [4, 2, 0, 0, 0, 0, 0, 1, 0, 0, 0, 0, 0, 0], [3, 1, 0, 0, 0, 0, 0, 0, 0, 0, 0, 0, 0, 0], [3, 1, 0, 0, 0, 0, 0, 0, 0, 0, 0, 0, 0, 0], [2, 1, 0, 0, 2, 0, 0, 0, 0, 0, 0, 0, 0, 0], [2, 0, 0, 0, 1, 0, 0, 0, 0, 0, 0, 0, 0, 0], [2, 1, 0, 0, 0, 0, 0, 0, 0, 0, 0, 0, 0, 0], [2, 1, 0, 0, 0, 0, 0, 0, 0, 0, 0, 0, 0, 0]]","[[172, 13, 0, 0, 0, 0, 0, 0, 0, 0, 0, 0, 0, 0], [41, 13, 0, 0, 0, 0, 0, 0, 0, 0, 0, 0, 0, 0], [24, 15, 374, 6, 0, 0, 0, 0, 0, 0, 0, 0, 0, 0], [0, 5, 2, 23, 0, 0, 0, 0, 0, 0, 0, 0, 0, 0], [5, 9, 0, 0, 264, 0, 0, 0, 0, 0, 0, 0, 0, 0], [1, 2, 0, 0, 0, 0, 0, 0, 0, 0, 0, 0, 0, 0], [1, 1, 0, 0, 0, 0, 0, 0, 0, 0, 0, 0, 0, 0], [4, 2, 0, 0, 0, 0, 0, 1, 0, 0, 0, 0, 0, 0], [3, 1, 0, 0, 0, 0, 0, 0, 0, 0, 0, 0, 0, 0], [3, 1, 0, 0, 0, 0, 0, 0, 0, 0, 0, 0, 0, 0], [2, 1, 0, 0, 2, 0, 0, 0, 0, 0, 0, 0, 0, 0], [2, 0, 0, 0, 1, 0, 0, 0, 0, 0, 0, 0, 0, 0], [2, 1, 0, 0, 0, 0, 0, 0, 0, 0, 0, 0, 0, 0], [2, 1, 0, 0, 0, 0, 0, 0, 0, 0, 0, 0, 0, 0]]"
source_expansion_Faces_to_PetImages_to_GarbageDataset,logistic_regression,kswin,0.85,3,303042,0.43682979718265885,0.396347091011366,0.40028118041786154,0.823,0.43682979718265885,0.396347091011366,0.40028118041786154,0.54,0.94,0.823,0.43682979718265885,0.396347091011366,0.40028118041786154,0.54,0.94,0.0,"[[135, 90, 5, 0, 0, 0, 0, 0, 0, 0, 0, 0, 0, 0], [31, 16, 0, 1, 0, 0, 0, 0, 0, 0, 0, 0, 0, 0], [1, 1, 270, 3, 0, 0, 0, 0, 0, 0, 0, 0, 0, 0], [1, 0, 4, 15, 0, 0, 1, 1, 0, 0, 0, 0, 0, 0], [0, 0, 0, 1, 375, 1, 0, 0, 0, 0, 0, 0, 0, 0], [0, 0, 0, 1, 0, 0, 0, 0, 0, 0, 0, 0, 0, 1], [0, 0, 0, 0, 4, 0, 1, 0, 0, 0, 0, 1, 0, 0], [0, 0, 1, 0, 0, 0, 1, 4, 1, 0, 1, 0, 0, 0], [0, 0, 0, 0, 0, 0, 0, 0, 2, 0, 0, 2, 0, 0], [1, 0, 1, 0, 1, 0, 0, 0, 3, 0, 0, 0, 0, 0], [0, 0, 0, 0, 4, 0, 2, 1, 0, 0, 1, 0, 0, 0], [0, 0, 0, 0, 4, 0, 0, 0, 0, 0, 0, 3, 0, 0], [0, 2, 0, 0, 1, 0, 0, 0, 0, 0, 0, 0, 0, 0], [0, 0, 0, 0, 1, 0, 0, 2, 0, 0, 0, 0, 0, 1]]","[[135, 90, 5, 0, 0, 0, 0, 0, 0, 0, 0, 0, 0, 0], [31, 16, 0, 1, 0, 0, 0, 0, 0, 0, 0, 0, 0, 0], [1, 1, 270, 3, 0, 0, 0, 0, 0, 0, 0, 0, 0, 0], [1, 0, 4, 15, 0, 0, 1, 1, 0, 0, 0, 0, 0, 0], [0, 0, 0, 1, 375, 1, 0, 0, 0, 0, 0, 0, 0, 0], [0, 0, 0, 1, 0, 0, 0, 0, 0, 0, 0, 0, 0, 1], [0, 0, 0, 0, 4, 0, 1, 0, 0, 0, 0, 1, 0, 0], [0, 0, 1, 0, 0, 0, 1, 4, 1, 0, 1, 0, 0, 0], [0, 0, 0, 0, 0, 0, 0, 0, 2, 0, 0, 2, 0, 0], [1, 0, 1, 0, 1, 0, 0, 0, 3, 0, 0, 0, 0, 0], [0, 0, 0, 0, 4, 0, 2, 1, 0, 0, 1, 0, 0, 0], [0, 0, 0, 0, 4, 0, 0, 0, 0, 0, 0, 3, 0, 0], [0, 2, 0, 0, 1, 0, 0, 0, 0, 0, 0, 0, 0, 0], [0, 0, 0, 0, 1, 0, 0, 2, 0, 0, 0, 0, 0, 1]]"
source_expansion_Faces_to_PetImages_to_GarbageDataset,hoeffding_tree,kswin,0.85,3,303042,0.2654510946487688,0.26531140746524123,0.2263102597045284,0.637,0.2654510946487688,0.26531140746524123,0.2263102597045284,0.88,0.85,0.809,0.17238865517031973,0.19544460037713413,0.1830165102568959,0.88,0.87,3.0,"[[223, 5, 0, 0, 0, 2, 0, 0, 0, 0, 0, 0, 0, 0], [44, 1, 0, 1, 0, 1, 0, 0, 0, 0, 0, 1, 0, 0], [48, 2, 211, 4, 0, 1, 5, 0, 0, 4, 0, 0, 0, 0], [14, 1, 1, 2, 0, 0, 2, 0, 0, 1, 0, 1, 0, 0], [24, 1, 1, 0, 194, 89, 46, 2, 2, 2, 0, 16, 0, 0], [0, 0, 0, 0, 0, 1, 0, 1, 0, 0, 0, 0, 0, 0], [2, 0, 0, 0, 2, 1, 1, 0, 0, 0, 0, 0, 0, 0], [6, 0, 0, 0, 0, 0, 1, 1, 0, 0, 0, 0, 0, 0], [2, 0, 0, 0, 0, 0, 0, 0, 1, 0, 0, 1, 0, 0], [3, 1, 0, 0, 0, 1, 0, 0, 0, 1, 0, 0, 0, 0], [5, 0, 0, 0, 0, 1, 2, 0, 0, 0, 0, 0, 0, 0], [5, 0, 0, 0, 0, 1, 0, 0, 0, 0, 0, 1, 0, 0], [0, 1, 0, 0, 0, 2, 0, 0, 0, 0, 0, 0, 0, 0], [0, 2, 0, 0, 0, 2, 0, 0, 0, 0, 0, 0, 0, 0]]","[[213, 0, 14, 0, 3, 0, 0, 0, 0, 0, 0, 0, 0, 0], [30, 0, 11, 0, 7, 0, 0, 0, 0, 0, 0, 0, 0, 0], [32, 0, 233, 0, 10, 0, 0, 0, 0, 0, 0, 0, 0, 0], [0, 0, 15, 0, 7, 0, 0, 0, 0, 0, 0, 0, 0, 0], [3, 0, 11, 0, 363, 0, 0, 0, 0, 0, 0, 0, 0, 0], [0, 0, 0, 0, 2, 0, 0, 0, 0, 0, 0, 0, 0, 0], [0, 0, 0, 0, 6, 0, 0, 0, 0, 0, 0, 0, 0, 0], [0, 0, 0, 0, 8, 0, 0, 0, 0, 0, 0, 0, 0, 0], [0, 0, 0, 0, 4, 0, 0, 0, 0, 0, 0, 0, 0, 0], [0, 0, 2, 0, 4, 0, 0, 0, 0, 0, 0, 0, 0, 0], [0, 0, 0, 0, 8, 0, 0, 0, 0, 0, 0, 0, 0, 0], [0, 0, 0, 0, 7, 0, 0, 0, 0, 0, 0, 0, 0, 0], [0, 0, 0, 0, 3, 0, 0, 0, 0, 0, 0, 0, 0, 0], [0, 0, 0, 0, 4, 0, 0, 0, 0, 0, 0, 0, 0, 0]]"
source_expansion_Faces_to_PetImages_to_GarbageDataset,gaussian_nb,kswin,0.85,3,303042,0.4035674667565249,0.2872015369509479,0.30277168729103543,0.834,0.4035674667565249,0.2872015369509479,0.30277168729103543,0.86,0.87,0.836,0.4172278221328858,0.3071956432943797,0.32594407563269456,0.86,0.83,1.0,"[[203, 27, 0, 0, 0, 0, 0, 0, 0, 0, 0, 0, 0, 0], [42, 6, 0, 0, 0, 0, 0, 0, 0, 0, 0, 0, 0, 0], [11, 6, 253, 5, 0, 0, 0, 0, 0, 0, 0, 0, 0, 0], [4, 3, 1, 14, 0, 0, 0, 0, 0, 0, 0, 0, 0, 0], [19, 1, 0, 2, 354, 0, 0, 0, 0, 1, 0, 0, 0, 0], [0, 2, 0, 0, 0, 0, 0, 0, 0, 0, 0, 0, 0, 0], [3, 0, 0, 0, 2, 0, 0, 0, 0, 0, 0, 1, 0, 0], [4, 2, 0, 0, 0, 0, 0, 2, 0, 0, 0, 0, 0, 0], [2, 0, 0, 0, 0, 0, 0, 0, 0, 0, 0, 2, 0, 0], [5, 0, 1, 0, 0, 0, 0, 0, 0, 0, 0, 0, 0, 0], [3, 2, 0, 0, 1, 0, 1, 0, 0, 0, 1, 0, 0, 0], [3, 0, 0, 1, 2, 0, 0, 0, 0, 0, 0, 1, 0, 0], [1, 2, 0, 0, 0, 0, 0, 0, 0, 0, 0, 0, 0, 0], [3, 1, 0, 0, 0, 0, 0, 0, 0, 0, 0, 0, 0, 0]]","[[198, 32, 0, 0, 0, 0, 0, 0, 0, 0, 0, 0, 0, 0], [36, 12, 0, 0, 0, 0, 0, 0, 0, 0, 0, 0, 0, 0], [6, 6, 262, 1, 0, 0, 0, 0, 0, 0, 0, 0, 0, 0], [1, 0, 6, 15, 0, 0, 0, 0, 0, 0, 0, 0, 0, 0], [0, 0, 29, 3, 344, 0, 0, 0, 0, 1, 0, 0, 0, 0], [0, 0, 2, 0, 0, 0, 0, 0, 0, 0, 0, 0, 0, 0], [0, 0, 4, 0, 1, 0, 0, 0, 0, 0, 0, 1, 0, 0], [0, 0, 5, 0, 0, 0, 0, 3, 0, 0, 0, 0, 0, 0], [0, 0, 2, 0, 0, 0, 0, 0, 0, 0, 0, 2, 0, 0], [0, 0, 6, 0, 0, 0, 0, 0, 0, 0, 0, 0, 0, 0], [0, 0, 4, 0, 2, 0, 1, 0, 0, 0, 1, 0, 0, 0], [0, 0, 4, 0, 2, 0, 0, 0, 0, 0, 0, 1, 0, 0], [0, 0, 3, 0, 0, 0, 0, 0, 0, 0, 0, 0, 0, 0], [0, 0, 3, 1, 0, 0, 0, 0, 0, 0, 0, 0, 0, 0]]"
source_expansion_Faces_to_PetImages_to_GarbageDataset,logistic_regression,adwin,0.85,3,303042,0.43682979718265885,0.396347091011366,0.40028118041786154,0.823,0.43682979718265885,0.396347091011366,0.40028118041786154,0.54,0.94,0.775,0.4819338351874586,0.42671293893156176,0.43102213057150424,0.54,0.9299999999999999,1.0,"[[135, 90, 5, 0, 0, 0, 0, 0, 0, 0, 0, 0, 0, 0], [31, 16, 0, 1, 0, 0, 0, 0, 0, 0, 0, 0, 0, 0], [1, 1, 270, 3, 0, 0, 0, 0, 0, 0, 0, 0, 0, 0], [1, 0, 4, 15, 0, 0, 1, 1, 0, 0, 0, 0, 0, 0], [0, 0, 0, 1, 375, 1, 0, 0, 0, 0, 0, 0, 0, 0], [0, 0, 0, 1, 0, 0, 0, 0, 0, 0, 0, 0, 0, 1], [0, 0, 0, 0, 4, 0, 1, 0, 0, 0, 0, 1, 0, 0], [0, 0, 1, 0, 0, 0, 1, 4, 1, 0, 1, 0, 0, 0], [0, 0, 0, 0, 0, 0, 0, 0, 2, 0, 0, 2, 0, 0], [1, 0, 1, 0, 1, 0, 0, 0, 3, 0, 0, 0, 0, 0], [0, 0, 0, 0, 4, 0, 2, 1, 0, 0, 1, 0, 0, 0], [0, 0, 0, 0, 4, 0, 0, 0, 0, 0, 0, 3, 0, 0], [0, 2, 0, 0, 1, 0, 0, 0, 0, 0, 0, 0, 0, 0], [0, 0, 0, 0, 1, 0, 0, 2, 0, 0, 0, 0, 0, 1]]","[[134, 90, 5, 1, 0, 0, 0, 0, 0, 0, 0, 0, 0, 0], [33, 15, 0, 0, 0, 0, 0, 0, 0, 0, 0, 0, 0, 0], [8, 17, 223, 26, 0, 0, 0, 0, 0, 1, 0, 0, 0, 0], [1, 1, 5, 14, 0, 0, 1, 0, 0, 0, 0, 0, 0, 0], [0, 0, 1, 0, 375, 1, 0, 0, 0, 0, 0, 0, 0, 0], [1, 0, 0, 0, 0, 0, 0, 0, 0, 0, 0, 0, 0, 1], [0, 0, 1, 0, 2, 0, 1, 0, 0, 1, 0, 1, 0, 0], [0, 0, 1, 0, 0, 0, 1, 4, 1, 0, 1, 0, 0, 0], [0, 0, 0, 0, 0, 0, 0, 0, 2, 0, 0, 2, 0, 0], [0, 0, 0, 0, 3, 0, 0, 0, 3, 0, 0, 0, 0, 0], [0, 0, 0, 0, 4, 0, 2, 1, 0, 0, 1, 0, 0, 0], [0, 0, 0, 1, 3, 0, 0, 0, 0, 0, 0, 3, 0, 0], [0, 0, 0, 0, 0, 1, 0, 0, 0, 0, 0, 0, 2, 0], [0, 0, 0, 1, 0, 0, 0, 1, 0, 0, 0, 1, 0, 1]]"
source_expansion_Faces_to_PetImages_to_GarbageDataset,hoeffding_tree,adwin,0.85,3,303042,0.2654510946487688,0.26531140746524123,0.2263102597045284,0.637,0.2654510946487688,0.26531140746524123,0.2263102597045284,0.88,0.85,0.795,0.16910129977851326,0.1925109822711022,0.17987387668836094,0.88,0.87,3.0,"[[223, 5, 0, 0, 0, 2, 0, 0, 0, 0, 0, 0, 0, 0], [44, 1, 0, 1, 0, 1, 0, 0, 0, 0, 0, 1, 0, 0], [48, 2, 211, 4, 0, 1, 5, 0, 0, 4, 0, 0, 0, 0], [14, 1, 1, 2, 0, 0, 2, 0, 0, 1, 0, 1, 0, 0], [24, 1, 1, 0, 194, 89, 46, 2, 2, 2, 0, 16, 0, 0], [0, 0, 0, 0, 0, 1, 0, 1, 0, 0, 0, 0, 0, 0], [2, 0, 0, 0, 2, 1, 1, 0, 0, 0, 0, 0, 0, 0], [6, 0, 0, 0, 0, 0, 1, 1, 0, 0, 0, 0, 0, 0], [2, 0, 0, 0, 0, 0, 0, 0, 1, 0, 0, 1, 0, 0], [3, 1, 0, 0, 0, 1, 0, 0, 0, 1, 0, 0, 0, 0], [5, 0, 0, 0, 0, 1, 2, 0, 0, 0, 0, 0, 0, 0], [5, 0, 0, 0, 0, 1, 0, 0, 0, 0, 0, 1, 0, 0], [0, 1, 0, 0, 0, 2, 0, 0, 0, 0, 0, 0, 0, 0], [0, 2, 0, 0, 0, 2, 0, 0, 0, 0, 0, 0, 0, 0]]","[[213, 0, 14, 0, 3, 0, 0, 0, 0, 0, 0, 0, 0, 0], [31, 0, 10, 0, 7, 0, 0, 0, 0, 0, 0, 0, 0, 0], [39, 0, 229, 0, 7, 0, 0, 0, 0, 0, 0, 0, 0, 0], [0, 0, 16, 0, 6, 0, 0, 0, 0, 0, 0, 0, 0, 0], [1, 0, 22, 0, 353, 0, 1, 0, 0, 0, 0, 0, 0, 0], [0, 0, 0, 0, 2, 0, 0, 0, 0, 0, 0, 0, 0, 0], [1, 0, 0, 0, 5, 0, 0, 0, 0, 0, 0, 0, 0, 0], [0, 0, 0, 0, 8, 0, 0, 0, 0, 0, 0, 0, 0, 0], [0, 0, 0, 0, 4, 0, 0, 0, 0, 0, 0, 0, 0, 0], [0, 0, 2, 0, 4, 0, 0, 0, 0, 0, 0, 0, 0, 0], [0, 0, 0, 0, 8, 0, 0, 0, 0, 0, 0, 0, 0, 0], [0, 0, 0, 0, 7, 0, 0, 0, 0, 0, 0, 0, 0, 0], [0, 0, 0, 0, 3, 0, 0, 0, 0, 0, 0, 0, 0, 0], [0, 0, 0, 0, 4, 0, 0, 0, 0, 0, 0, 0, 0, 0]]"
source_expansion_Faces_to_PetImages_to_GarbageDataset,gaussian_nb,adwin,0.85,3,303042,0.4035674667565249,0.2872015369509479,0.30277168729103543,0.834,0.4035674667565249,0.2872015369509479,0.30277168729103543,0.86,0.87,0.834,0.4035674667565249,0.2872015369509479,0.30277168729103543,0.86,0.87,0.0,"[[203, 27, 0, 0, 0, 0, 0, 0, 0, 0, 0, 0, 0, 0], [42, 6, 0, 0, 0, 0, 0, 0, 0, 0, 0, 0, 0, 0], [11, 6, 253, 5, 0, 0, 0, 0, 0, 0, 0, 0, 0, 0], [4, 3, 1, 14, 0, 0, 0, 0, 0, 0, 0, 0, 0, 0], [19, 1, 0, 2, 354, 0, 0, 0, 0, 1, 0, 0, 0, 0], [0, 2, 0, 0, 0, 0, 0, 0, 0, 0, 0, 0, 0, 0], [3, 0, 0, 0, 2, 0, 0, 0, 0, 0, 0, 1, 0, 0], [4, 2, 0, 0, 0, 0, 0, 2, 0, 0, 0, 0, 0, 0], [2, 0, 0, 0, 0, 0, 0, 0, 0, 0, 0, 2, 0, 0], [5, 0, 1, 0, 0, 0, 0, 0, 0, 0, 0, 0, 0, 0], [3, 2, 0, 0, 1, 0, 1, 0, 0, 0, 1, 0, 0, 0], [3, 0, 0, 1, 2, 0, 0, 0, 0, 0, 0, 1, 0, 0], [1, 2, 0, 0, 0, 0, 0, 0, 0, 0, 0, 0, 0, 0], [3, 1, 0, 0, 0, 0, 0, 0, 0, 0, 0, 0, 0, 0]]","[[203, 27, 0, 0, 0, 0, 0, 0, 0, 0, 0, 0, 0, 0], [42, 6, 0, 0, 0, 0, 0, 0, 0, 0, 0, 0, 0, 0], [11, 6, 253, 5, 0, 0, 0, 0, 0, 0, 0, 0, 0, 0], [4, 3, 1, 14, 0, 0, 0, 0, 0, 0, 0, 0, 0, 0], [19, 1, 0, 2, 354, 0, 0, 0, 0, 1, 0, 0, 0, 0], [0, 2, 0, 0, 0, 0, 0, 0, 0, 0, 0, 0, 0, 0], [3, 0, 0, 0, 2, 0, 0, 0, 0, 0, 0, 1, 0, 0], [4, 2, 0, 0, 0, 0, 0, 2, 0, 0, 0, 0, 0, 0], [2, 0, 0, 0, 0, 0, 0, 0, 0, 0, 0, 2, 0, 0], [5, 0, 1, 0, 0, 0, 0, 0, 0, 0, 0, 0, 0, 0], [3, 2, 0, 0, 1, 0, 1, 0, 0, 0, 1, 0, 0, 0], [3, 0, 0, 1, 2, 0, 0, 0, 0, 0, 0, 1, 0, 0], [1, 2, 0, 0, 0, 0, 0, 0, 0, 0, 0, 0, 0, 0], [3, 1, 0, 0, 0, 0, 0, 0, 0, 0, 0, 0, 0, 0]]"
source_expansion_Faces_to_PetImages_to_GarbageDataset,logistic_regression,page_hinkley,0.85,3,303042,0.43682979718265885,0.396347091011366,0.40028118041786154,0.823,0.43682979718265885,0.396347091011366,0.40028118041786154,0.54,0.94,0.761,0.47943330005324614,0.43155812997240506,0.428913994112367,0.54,0.9299999999999999,1.0,"[[135, 90, 5, 0, 0, 0, 0, 0, 0, 0, 0, 0, 0, 0], [31, 16, 0, 1, 0, 0, 0, 0, 0, 0, 0, 0, 0, 0], [1, 1, 270, 3, 0, 0, 0, 0, 0, 0, 0, 0, 0, 0], [1, 0, 4, 15, 0, 0, 1, 1, 0, 0, 0, 0, 0, 0], [0, 0, 0, 1, 375, 1, 0, 0, 0, 0, 0, 0, 0, 0], [0, 0, 0, 1, 0, 0, 0, 0, 0, 0, 0, 0, 0, 1], [0, 0, 0, 0, 4, 0, 1, 0, 0, 0, 0, 1, 0, 0], [0, 0, 1, 0, 0, 0, 1, 4, 1, 0, 1, 0, 0, 0], [0, 0, 0, 0, 0, 0, 0, 0, 2, 0, 0, 2, 0, 0], [1, 0, 1, 0, 1, 0, 0, 0, 3, 0, 0, 0, 0, 0], [0, 0, 0, 0, 4, 0, 2, 1, 0, 0, 1, 0, 0, 0], [0, 0, 0, 0, 4, 0, 0, 0, 0, 0, 0, 3, 0, 0], [0, 2, 0, 0, 1, 0, 0, 0, 0, 0, 0, 0, 0, 0], [0, 0, 0, 0, 1, 0, 0, 2, 0, 0, 0, 0, 0, 1]]","[[135, 90, 5, 0, 0, 0, 0, 0, 0, 0, 0, 0, 0, 0], [28, 17, 0, 3, 0, 0, 0, 0, 0, 0, 0, 0, 0, 0], [11, 25, 204, 34, 0, 0, 0, 0, 0, 1, 0, 0, 0, 0], [0, 2, 1, 16, 0, 0, 1, 1, 0, 1, 0, 0, 0, 0], [0, 0, 0, 1, 375, 1, 0, 0, 0, 0, 0, 0, 0, 0], [1, 0, 0, 0, 0, 0, 0, 0, 0, 0, 0, 0, 0, 1], [0, 0, 1, 0, 3, 0, 1, 0, 0, 0, 0, 1, 0, 0], [0, 1, 0, 1, 0, 0, 1, 4, 0, 0, 1, 0, 0, 0], [0, 0, 0, 0, 0, 0, 0, 0, 2, 0, 0, 2, 0, 0], [0, 0, 0, 0, 3, 0, 0, 0, 3, 0, 0, 0, 0, 0], [0, 0, 0, 0, 4, 0, 2, 1, 0, 0, 1, 0, 0, 0], [0, 0, 0, 0, 4, 0, 0, 0, 0, 0, 0, 3, 0, 0], [0, 0, 1, 0, 0, 0, 0, 0, 0, 0, 0, 0, 2, 0], [0, 0, 0, 0, 1, 0, 0, 2, 0, 0, 0, 0, 0, 1]]"
source_expansion_Faces_to_PetImages_to_GarbageDataset,hoeffding_tree,page_hinkley,0.85,3,303042,0.2654510946487688,0.26531140746524123,0.2263102597045284,0.637,0.2654510946487688,0.26531140746524123,0.2263102597045284,0.88,0.85,0.814,0.1867577788025614,0.1974483718430495,0.1872294927062981,0.88,0.87,4.0,"[[223, 5, 0, 0, 0, 2, 0, 0, 0, 0, 0, 0, 0, 0], [44, 1, 0, 1, 0, 1, 0, 0, 0, 0, 0, 1, 0, 0], [48, 2, 211, 4, 0, 1, 5, 0, 0, 4, 0, 0, 0, 0], [14, 1, 1, 2, 0, 0, 2, 0, 0, 1, 0, 1, 0, 0], [24, 1, 1, 0, 194, 89, 46, 2, 2, 2, 0, 16, 0, 0], [0, 0, 0, 0, 0, 1, 0, 1, 0, 0, 0, 0, 0, 0], [2, 0, 0, 0, 2, 1, 1, 0, 0, 0, 0, 0, 0, 0], [6, 0, 0, 0, 0, 0, 1, 1, 0, 0, 0, 0, 0, 0], [2, 0, 0, 0, 0, 0, 0, 0, 1, 0, 0, 1, 0, 0], [3, 1, 0, 0, 0, 1, 0, 0, 0, 1, 0, 0, 0, 0], [5, 0, 0, 0, 0, 1, 2, 0, 0, 0, 0, 0, 0, 0], [5, 0, 0, 0, 0, 1, 0, 0, 0, 0, 0, 1, 0, 0], [0, 1, 0, 0, 0, 2, 0, 0, 0, 0, 0, 0, 0, 0], [0, 2, 0, 0, 0, 2, 0, 0, 0, 0, 0, 0, 0, 0]]","[[211, 1, 13, 0, 5, 0, 0, 0, 0, 0, 0, 0, 0, 0], [29, 1, 11, 0, 7, 0, 0, 0, 0, 0, 0, 0, 0, 0], [26, 4, 233, 0, 12, 0, 0, 0, 0, 0, 0, 0, 0, 0], [0, 0, 15, 0, 7, 0, 0, 0, 0, 0, 0, 0, 0, 0], [2, 0, 6, 0, 369, 0, 0, 0, 0, 0, 0, 0, 0, 0], [0, 0, 0, 0, 2, 0, 0, 0, 0, 0, 0, 0, 0, 0], [0, 0, 0, 0, 6, 0, 0, 0, 0, 0, 0, 0, 0, 0], [0, 0, 0, 0, 8, 0, 0, 0, 0, 0, 0, 0, 0, 0], [0, 0, 0, 0, 4, 0, 0, 0, 0, 0, 0, 0, 0, 0], [0, 0, 1, 0, 5, 0, 0, 0, 0, 0, 0, 0, 0, 0], [0, 0, 0, 0, 8, 0, 0, 0, 0, 0, 0, 0, 0, 0], [0, 0, 0, 0, 7, 0, 0, 0, 0, 0, 0, 0, 0, 0], [0, 0, 0, 0, 3, 0, 0, 0, 0, 0, 0, 0, 0, 0], [0, 0, 0, 0, 4, 0, 0, 0, 0, 0, 0, 0, 0, 0]]"
source_expansion_Faces_to_PetImages_to_GarbageDataset,gaussian_nb,page_hinkley,0.85,3,303042,0.4035674667565249,0.2872015369509479,0.30277168729103543,0.834,0.4035674667565249,0.2872015369509479,0.30277168729103543,0.86,0.87,0.818,0.34102663293764307,0.2750495722240207,0.29238697631161836,0.86,0.8200000000000001,1.0,"[[203, 27, 0, 0, 0, 0, 0, 0, 0, 0, 0, 0, 0, 0], [42, 6, 0, 0, 0, 0, 0, 0, 0, 0, 0, 0, 0, 0], [11, 6, 253, 5, 0, 0, 0, 0, 0, 0, 0, 0, 0, 0], [4, 3, 1, 14, 0, 0, 0, 0, 0, 0, 0, 0, 0, 0], [19, 1, 0, 2, 354, 0, 0, 0, 0, 1, 0, 0, 0, 0], [0, 2, 0, 0, 0, 0, 0, 0, 0, 0, 0, 0, 0, 0], [3, 0, 0, 0, 2, 0, 0, 0, 0, 0, 0, 1, 0, 0], [4, 2, 0, 0, 0, 0, 0, 2, 0, 0, 0, 0, 0, 0], [2, 0, 0, 0, 0, 0, 0, 0, 0, 0, 0, 2, 0, 0], [5, 0, 1, 0, 0, 0, 0, 0, 0, 0, 0, 0, 0, 0], [3, 2, 0, 0, 1, 0, 1, 0, 0, 0, 1, 0, 0, 0], [3, 0, 0, 1, 2, 0, 0, 0, 0, 0, 0, 1, 0, 0], [1, 2, 0, 0, 0, 0, 0, 0, 0, 0, 0, 0, 0, 0], [3, 1, 0, 0, 0, 0, 0, 0, 0, 0, 0, 0, 0, 0]]","[[202, 23, 5, 0, 0, 0, 0, 0, 0, 0, 0, 0, 0, 0], [36, 8, 4, 0, 0, 0, 0, 0, 0, 0, 0, 0, 0, 0], [6, 5, 262, 2, 0, 0, 0, 0, 0, 0, 0, 0, 0, 0], [3, 2, 7, 10, 0, 0, 0, 0, 0, 0, 0, 0, 0, 0], [0, 0, 44, 0, 332, 0, 0, 0, 0, 1, 0, 0, 0, 0], [0, 0, 2, 0, 0, 0, 0, 0, 0, 0, 0, 0, 0, 0], [0, 0, 5, 0, 0, 0, 0, 0, 0, 0, 0, 1, 0, 0], [0, 0, 5, 0, 0, 0, 0, 3, 0, 0, 0, 0, 0, 0], [0, 0, 2, 0, 0, 0, 0, 0, 0, 0, 0, 2, 0, 0], [0, 0, 6, 0, 0, 0, 0, 0, 0, 0, 0, 0, 0, 0], [0, 0, 7, 0, 0, 0, 1, 0, 0, 0, 0, 0, 0, 0], [0, 0, 5, 0, 1, 0, 0, 0, 0, 0, 0, 1, 0, 0], [0, 0, 3, 0, 0, 0, 0, 0, 0, 0, 0, 0, 0, 0], [0, 0, 2, 1, 0, 0, 1, 0, 0, 0, 0, 0, 0, 0]]"
source_expansion_Faces_to_PetImages_to_GarbageDataset,logistic_regression,hddm_w,0.85,3,303042,0.43682979718265885,0.396347091011366,0.40028118041786154,0.823,0.43682979718265885,0.396347091011366,0.40028118041786154,0.54,0.94,0.823,0.43682979718265885,0.396347091011366,0.40028118041786154,0.54,0.94,0.0,"[[135, 90, 5, 0, 0, 0, 0, 0, 0, 0, 0, 0, 0, 0], [31, 16, 0, 1, 0, 0, 0, 0, 0, 0, 0, 0, 0, 0], [1, 1, 270, 3, 0, 0, 0, 0, 0, 0, 0, 0, 0, 0], [1, 0, 4, 15, 0, 0, 1, 1, 0, 0, 0, 0, 0, 0], [0, 0, 0, 1, 375, 1, 0, 0, 0, 0, 0, 0, 0, 0], [0, 0, 0, 1, 0, 0, 0, 0, 0, 0, 0, 0, 0, 1], [0, 0, 0, 0, 4, 0, 1, 0, 0, 0, 0, 1, 0, 0], [0, 0, 1, 0, 0, 0, 1, 4, 1, 0, 1, 0, 0, 0], [0, 0, 0, 0, 0, 0, 0, 0, 2, 0, 0, 2, 0, 0], [1, 0, 1, 0, 1, 0, 0, 0, 3, 0, 0, 0, 0, 0], [0, 0, 0, 0, 4, 0, 2, 1, 0, 0, 1, 0, 0, 0], [0, 0, 0, 0, 4, 0, 0, 0, 0, 0, 0, 3, 0, 0], [0, 2, 0, 0, 1, 0, 0, 0, 0, 0, 0, 0, 0, 0], [0, 0, 0, 0, 1, 0, 0, 2, 0, 0, 0, 0, 0, 1]]","[[135, 90, 5, 0, 0, 0, 0, 0, 0, 0, 0, 0, 0, 0], [31, 16, 0, 1, 0, 0, 0, 0, 0, 0, 0, 0, 0, 0], [1, 1, 270, 3, 0, 0, 0, 0, 0, 0, 0, 0, 0, 0], [1, 0, 4, 15, 0, 0, 1, 1, 0, 0, 0, 0, 0, 0], [0, 0, 0, 1, 375, 1, 0, 0, 0, 0, 0, 0, 0, 0], [0, 0, 0, 1, 0, 0, 0, 0, 0, 0, 0, 0, 0, 1], [0, 0, 0, 0, 4, 0, 1, 0, 0, 0, 0, 1, 0, 0], [0, 0, 1, 0, 0, 0, 1, 4, 1, 0, 1, 0, 0, 0], [0, 0, 0, 0, 0, 0, 0, 0, 2, 0, 0, 2, 0, 0], [1, 0, 1, 0, 1, 0, 0, 0, 3, 0, 0, 0, 0, 0], [0, 0, 0, 0, 4, 0, 2, 1, 0, 0, 1, 0, 0, 0], [0, 0, 0, 0, 4, 0, 0, 0, 0, 0, 0, 3, 0, 0], [0, 2, 0, 0, 1, 0, 0, 0, 0, 0, 0, 0, 0, 0], [0, 0, 0, 0, 1, 0, 0, 2, 0, 0, 0, 0, 0, 1]]"
source_expansion_Faces_to_PetImages_to_GarbageDataset,hoeffding_tree,hddm_w,0.85,3,303042,0.2654510946487688,0.26531140746524123,0.2263102597045284,0.637,0.2654510946487688,0.26531140746524123,0.2263102597045284,0.88,0.85,0.817,0.20578603050533628,0.20194116540630785,0.19359600673103067,0.88,0.87,3.0,"[[223, 5, 0, 0, 0, 2, 0, 0, 0, 0, 0, 0, 0, 0], [44, 1, 0, 1, 0, 1, 0, 0, 0, 0, 0, 1, 0, 0], [48, 2, 211, 4, 0, 1, 5, 0, 0, 4, 0, 0, 0, 0], [14, 1, 1, 2, 0, 0, 2, 0, 0, 1, 0, 1, 0, 0], [24, 1, 1, 0, 194, 89, 46, 2, 2, 2, 0, 16, 0, 0], [0, 0, 0, 0, 0, 1, 0, 1, 0, 0, 0, 0, 0, 0], [2, 0, 0, 0, 2, 1, 1, 0, 0, 0, 0, 0, 0, 0], [6, 0, 0, 0, 0, 0, 1, 1, 0, 0, 0, 0, 0, 0], [2, 0, 0, 0, 0, 0, 0, 0, 1, 0, 0, 1, 0, 0], [3, 1, 0, 0, 0, 1, 0, 0, 0, 1, 0, 0, 0, 0], [5, 0, 0, 0, 0, 1, 2, 0, 0, 0, 0, 0, 0, 0], [5, 0, 0, 0, 0, 1, 0, 0, 0, 0, 0, 1, 0, 0], [0, 1, 0, 0, 0, 2, 0, 0, 0, 0, 0, 0, 0, 0], [0, 2, 0, 0, 0, 2, 0, 0, 0, 0, 0, 0, 0, 0]]","[[217, 1, 9, 0, 3, 0, 0, 0, 0, 0, 0, 0, 0, 0], [35, 1, 4, 1, 7, 0, 0, 0, 0, 0, 0, 0, 0, 0], [24, 2, 235, 4, 10, 0, 0, 0, 0, 0, 0, 0, 0, 0], [1, 0, 13, 1, 7, 0, 0, 0, 0, 0, 0, 0, 0, 0], [0, 0, 14, 0, 363, 0, 0, 0, 0, 0, 0, 0, 0, 0], [0, 0, 0, 0, 2, 0, 0, 0, 0, 0, 0, 0, 0, 0], [0, 0, 0, 0, 6, 0, 0, 0, 0, 0, 0, 0, 0, 0], [0, 0, 0, 0, 8, 0, 0, 0, 0, 0, 0, 0, 0, 0], [0, 0, 0, 0, 4, 0, 0, 0, 0, 0, 0, 0, 0, 0], [0, 0, 2, 0, 4, 0, 0, 0, 0, 0, 0, 0, 0, 0], [0, 0, 0, 0, 8, 0, 0, 0, 0, 0, 0, 0, 0, 0], [0, 0, 0, 0, 7, 0, 0, 0, 0, 0, 0, 0, 0, 0], [0, 0, 0, 0, 3, 0, 0, 0, 0, 0, 0, 0, 0, 0], [0, 0, 0, 0, 4, 0, 0, 0, 0, 0, 0, 0, 0, 0]]"
source_expansion_Faces_to_PetImages_to_GarbageDataset,gaussian_nb,hddm_w,0.85,3,303042,0.4035674667565249,0.2872015369509479,0.30277168729103543,0.834,0.4035674667565249,0.2872015369509479,0.30277168729103543,0.86,0.87,0.831,0.341182946438605,0.28465584239063574,0.29429155371883553,0.86,0.86,1.0,"[[203, 27, 0, 0, 0, 0, 0, 0, 0, 0, 0, 0, 0, 0], [42, 6, 0, 0, 0, 0, 0, 0, 0, 0, 0, 0, 0, 0], [11, 6, 253, 5, 0, 0, 0, 0, 0, 0, 0, 0, 0, 0], [4, 3, 1, 14, 0, 0, 0, 0, 0, 0, 0, 0, 0, 0], [19, 1, 0, 2, 354, 0, 0, 0, 0, 1, 0, 0, 0, 0], [0, 2, 0, 0, 0, 0, 0, 0, 0, 0, 0, 0, 0, 0], [3, 0, 0, 0, 2, 0, 0, 0, 0, 0, 0, 1, 0, 0], [4, 2, 0, 0, 0, 0, 0, 2, 0, 0, 0, 0, 0, 0], [2, 0, 0, 0, 0, 0, 0, 0, 0, 0, 0, 2, 0, 0], [5, 0, 1, 0, 0, 0, 0, 0, 0, 0, 0, 0, 0, 0], [3, 2, 0, 0, 1, 0, 1, 0, 0, 0, 1, 0, 0, 0], [3, 0, 0, 1, 2, 0, 0, 0, 0, 0, 0, 1, 0, 0], [1, 2, 0, 0, 0, 0, 0, 0, 0, 0, 0, 0, 0, 0], [3, 1, 0, 0, 0, 0, 0, 0, 0, 0, 0, 0, 0, 0]]","[[202, 28, 0, 0, 0, 0, 0, 0, 0, 0, 0, 0, 0, 0], [39, 9, 0, 0, 0, 0, 0, 0, 0, 0, 0, 0, 0, 0], [13, 5, 252, 5, 0, 0, 0, 0, 0, 0, 0, 0, 0, 0], [6, 0, 1, 15, 0, 0, 0, 0, 0, 0, 0, 0, 0, 0], [23, 1, 1, 1, 350, 0, 0, 0, 0, 1, 0, 0, 0, 0], [2, 0, 0, 0, 0, 0, 0, 0, 0, 0, 0, 0, 0, 0], [3, 0, 0, 0, 2, 0, 0, 0, 0, 0, 0, 1, 0, 0], [6, 0, 0, 0, 0, 0, 0, 2, 0, 0, 0, 0, 0, 0], [2, 0, 0, 0, 0, 0, 0, 0, 0, 0, 0, 2, 0, 0], [4, 0, 2, 0, 0, 0, 0, 0, 0, 0, 0, 0, 0, 0], [5, 0, 1, 0, 1, 0, 1, 0, 0, 0, 0, 0, 0, 0], [4, 0, 0, 0, 2, 0, 0, 0, 0, 0, 0, 1, 0, 0], [2, 1, 0, 0, 0, 0, 0, 0, 0, 0, 0, 0, 0, 0], [4, 0, 0, 0, 0, 0, 0, 0, 0, 0, 0, 0, 0, 0]]"
source_expansion_Faces_to_PetImages_to_GarbageDataset,logistic_regression,kswin,0.85,4,304042,0.4443856079853518,0.4170926908397768,0.42194713456954586,0.821,0.4443856079853518,0.4170926908397768,0.42194713456954586,0.56,0.91,0.821,0.4443856079853518,0.4170926908397768,0.42194713456954586,0.56,0.91,0.0,"[[155, 82, 15, 0, 0, 0, 0, 0, 0, 0, 0, 0, 0, 0], [28, 38, 2, 0, 0, 0, 0, 0, 0, 0, 0, 0, 0, 0], [0, 1, 243, 4, 0, 1, 0, 0, 0, 1, 0, 0, 0, 0], [0, 0, 2, 8, 0, 1, 0, 0, 0, 0, 0, 1, 0, 0], [1, 0, 1, 0, 366, 0, 1, 0, 1, 1, 0, 0, 0, 1], [1, 0, 1, 0, 0, 3, 0, 0, 0, 0, 0, 0, 0, 0], [0, 0, 1, 0, 4, 0, 1, 0, 0, 0, 0, 1, 0, 0], [0, 0, 0, 1, 0, 0, 0, 0, 0, 0, 0, 0, 0, 1], [1, 0, 0, 0, 0, 0, 0, 0, 0, 0, 1, 2, 0, 1], [0, 0, 1, 0, 2, 0, 0, 0, 0, 1, 1, 0, 0, 0], [0, 0, 0, 0, 2, 0, 1, 0, 0, 0, 0, 0, 0, 2], [1, 0, 0, 0, 1, 0, 1, 0, 1, 1, 0, 1, 0, 0], [1, 1, 0, 0, 0, 0, 0, 0, 0, 0, 0, 0, 3, 0], [0, 0, 0, 0, 2, 0, 0, 0, 0, 0, 2, 0, 0, 2]]","[[155, 82, 15, 0, 0, 0, 0, 0, 0, 0, 0, 0, 0, 0], [28, 38, 2, 0, 0, 0, 0, 0, 0, 0, 0, 0, 0, 0], [0, 1, 243, 4, 0, 1, 0, 0, 0, 1, 0, 0, 0, 0], [0, 0, 2, 8, 0, 1, 0, 0, 0, 0, 0, 1, 0, 0], [1, 0, 1, 0, 366, 0, 1, 0, 1, 1, 0, 0, 0, 1], [1, 0, 1, 0, 0, 3, 0, 0, 0, 0, 0, 0, 0, 0], [0, 0, 1, 0, 4, 0, 1, 0, 0, 0, 0, 1, 0, 0], [0, 0, 0, 1, 0, 0, 0, 0, 0, 0, 0, 0, 0, 1], [1, 0, 0, 0, 0, 0, 0, 0, 0, 0, 1, 2, 0, 1], [0, 0, 1, 0, 2, 0, 0, 0, 0, 1, 1, 0, 0, 0], [0, 0, 0, 0, 2, 0, 1, 0, 0, 0, 0, 0, 0, 2], [1, 0, 0, 0, 1, 0, 1, 0, 1, 1, 0, 1, 0, 0], [1, 1, 0, 0, 0, 0, 0, 0, 0, 0, 0, 0, 3, 0], [0, 0, 0, 0, 2, 0, 0, 0, 0, 0, 2, 0, 0, 2]]"
source_expansion_Faces_to_PetImages_to_GarbageDataset,hoeffding_tree,kswin,0.85,4,304042,0.19127066874302606,0.18600432861316568,0.1297866674070404,0.404,0.19127066874302606,0.18600432861316568,0.1297866674070404,0.86,0.29000000000000004,0.762,0.17164246313182482,0.1857435877576837,0.17626910121552772,0.86,0.85,5.0,"[[238, 6, 0, 3, 1, 1, 1, 2, 0, 0, 0, 0, 0, 0], [51, 4, 0, 8, 0, 2, 0, 3, 0, 0, 0, 0, 0, 0], [46, 5, 129, 50, 6, 10, 0, 1, 0, 0, 0, 0, 3, 0], [1, 5, 1, 2, 0, 1, 1, 1, 0, 0, 0, 0, 0, 0], [1, 9, 3, 0, 28, 111, 35, 183, 0, 0, 0, 0, 2, 0], [0, 0, 0, 0, 0, 1, 0, 3, 0, 0, 0, 0, 1, 0], [0, 0, 0, 0, 0, 1, 1, 5, 0, 0, 0, 0, 0, 0], [0, 0, 0, 0, 0, 1, 0, 1, 0, 0, 0, 0, 0, 0], [0, 0, 0, 0, 0, 2, 0, 3, 0, 0, 0, 0, 0, 0], [1, 0, 0, 0, 0, 1, 1, 2, 0, 0, 0, 0, 0, 0], [0, 0, 0, 0, 0, 3, 1, 1, 0, 0, 0, 0, 0, 0], [0, 0, 0, 0, 0, 4, 0, 2, 0, 0, 0, 0, 0, 0], [1, 0, 0, 0, 0, 2, 0, 2, 0, 0, 0, 0, 0, 0], [0, 0, 0, 0, 0, 3, 1, 2, 0, 0, 0, 0, 0, 0]]","[[228, 5, 15, 0, 4, 0, 0, 0, 0, 0, 0, 0, 0, 0], [43, 2, 18, 0, 5, 0, 0, 0, 0, 0, 0, 0, 0, 0], [49, 6, 180, 0, 15, 0, 0, 0, 0, 0, 0, 0, 0, 0], [0, 0, 9, 0, 3, 0, 0, 0, 0, 0, 0, 0, 0, 0], [3, 6, 11, 0, 352, 0, 0, 0, 0, 0, 0, 0, 0, 0], [0, 1, 0, 0, 4, 0, 0, 0, 0, 0, 0, 0, 0, 0], [0, 0, 0, 0, 7, 0, 0, 0, 0, 0, 0, 0, 0, 0], [0, 0, 1, 0, 1, 0, 0, 0, 0, 0, 0, 0, 0, 0], [0, 0, 0, 0, 5, 0, 0, 0, 0, 0, 0, 0, 0, 0], [1, 0, 0, 0, 4, 0, 0, 0, 0, 0, 0, 0, 0, 0], [0, 0, 0, 0, 5, 0, 0, 0, 0, 0, 0, 0, 0, 0], [0, 0, 1, 0, 5, 0, 0, 0, 0, 0, 0, 0, 0, 0], [0, 1, 0, 0, 4, 0, 0, 0, 0, 0, 0, 0, 0, 0], [0, 0, 0, 0, 6, 0, 0, 0, 0, 0, 0, 0, 0, 0]]"
source_expansion_Faces_to_PetImages_to_GarbageDataset,gaussian_nb,kswin,0.85,4,304042,0.3439482566770747,0.2593824325429096,0.2757149982749051,0.826,0.3439482566770747,0.2593824325429096,0.2757149982749051,0.83,0.8200000000000001,0.826,0.3439482566770747,0.2593824325429096,0.2757149982749051,0.83,0.8200000000000001,0.0,"[[227, 25, 0, 0, 0, 0, 0, 0, 0, 0, 0, 0, 0, 0], [57, 11, 0, 0, 0, 0, 0, 0, 0, 0, 0, 0, 0, 0], [4, 12, 234, 0, 0, 0, 0, 0, 0, 0, 0, 0, 0, 0], [0, 4, 2, 6, 0, 0, 0, 0, 0, 0, 0, 0, 0, 0], [12, 10, 2, 0, 347, 0, 0, 0, 0, 0, 0, 1, 0, 0], [2, 2, 0, 0, 0, 1, 0, 0, 0, 0, 0, 0, 0, 0], [3, 1, 1, 0, 1, 0, 0, 0, 0, 0, 0, 1, 0, 0], [1, 1, 0, 0, 0, 0, 0, 0, 0, 0, 0, 0, 0, 0], [3, 1, 0, 0, 0, 0, 0, 0, 0, 0, 0, 0, 0, 1], [2, 1, 0, 0, 1, 0, 0, 0, 0, 0, 1, 0, 0, 0], [2, 2, 0, 0, 1, 0, 0, 0, 0, 0, 0, 0, 0, 0], [2, 3, 0, 0, 1, 0, 0, 0, 0, 0, 0, 0, 0, 0], [3, 2, 0, 0, 0, 0, 0, 0, 0, 0, 0, 0, 0, 0], [2, 3, 0, 0, 1, 0, 0, 0, 0, 0, 0, 0, 0, 0]]","[[227, 25, 0, 0, 0, 0, 0, 0, 0, 0, 0, 0, 0, 0], [57, 11, 0, 0, 0, 0, 0, 0, 0, 0, 0, 0, 0, 0], [4, 12, 234, 0, 0, 0, 0, 0, 0, 0, 0, 0, 0, 0], [0, 4, 2, 6, 0, 0, 0, 0, 0, 0, 0, 0, 0, 0], [12, 10, 2, 0, 347, 0, 0, 0, 0, 0, 0, 1, 0, 0], [2, 2, 0, 0, 0, 1, 0, 0, 0, 0, 0, 0, 0, 0], [3, 1, 1, 0, 1, 0, 0, 0, 0, 0, 0, 1, 0, 0], [1, 1, 0, 0, 0, 0, 0, 0, 0, 0, 0, 0, 0, 0], [3, 1, 0, 0, 0, 0, 0, 0, 0, 0, 0, 0, 0, 1], [2, 1, 0, 0, 1, 0, 0, 0, 0, 0, 1, 0, 0, 0], [2, 2, 0, 0, 1, 0, 0, 0, 0, 0, 0, 0, 0, 0], [2, 3, 0, 0, 1, 0, 0, 0, 0, 0, 0, 0, 0, 0], [3, 2, 0, 0, 0, 0, 0, 0, 0, 0, 0, 0, 0, 0], [2, 3, 0, 0, 1, 0, 0, 0, 0, 0, 0, 0, 0, 0]]"
source_expansion_Faces_to_PetImages_to_GarbageDataset,logistic_regression,adwin,0.85,4,304042,0.4443856079853518,0.4170926908397768,0.42194713456954586,0.821,0.4443856079853518,0.4170926908397768,0.42194713456954586,0.56,0.91,0.798,0.4444428838220863,0.4684473015012457,0.43930765653339793,0.56,0.91,1.0,"[[155, 82, 15, 0, 0, 0, 0, 0, 0, 0, 0, 0, 0, 0], [28, 38, 2, 0, 0, 0, 0, 0, 0, 0, 0, 0, 0, 0], [0, 1, 243, 4, 0, 1, 0, 0, 0, 1, 0, 0, 0, 0], [0, 0, 2, 8, 0, 1, 0, 0, 0, 0, 0, 1, 0, 0], [1, 0, 1, 0, 366, 0, 1, 0, 1, 1, 0, 0, 0, 1], [1, 0, 1, 0, 0, 3, 0, 0, 0, 0, 0, 0, 0, 0], [0, 0, 1, 0, 4, 0, 1, 0, 0, 0, 0, 1, 0, 0], [0, 0, 0, 1, 0, 0, 0, 0, 0, 0, 0, 0, 0, 1], [1, 0, 0, 0, 0, 0, 0, 0, 0, 0, 1, 2, 0, 1], [0, 0, 1, 0, 2, 0, 0, 0, 0, 1, 1, 0, 0, 0], [0, 0, 0, 0, 2, 0, 1, 0, 0, 0, 0, 0, 0, 2], [1, 0, 0, 0, 1, 0, 1, 0, 1, 1, 0, 1, 0, 0], [1, 1, 0, 0, 0, 0, 0, 0, 0, 0, 0, 0, 3, 0], [0, 0, 0, 0, 2, 0, 0, 0, 0, 0, 2, 0, 0, 2]]","[[150, 87, 15, 0, 0, 0, 0, 0, 0, 0, 0, 0, 0, 0], [24, 41, 3, 0, 0, 0, 0, 0, 0, 0, 0, 0, 0, 0], [9, 7, 216, 15, 2, 1, 0, 0, 0, 0, 0, 0, 0, 0], [1, 0, 0, 10, 0, 1, 0, 0, 0, 0, 0, 0, 0, 0], [0, 0, 0, 1, 367, 0, 1, 0, 1, 1, 0, 0, 0, 1], [0, 0, 0, 0, 0, 4, 0, 0, 0, 0, 0, 0, 1, 0], [0, 0, 0, 0, 2, 1, 1, 0, 0, 0, 1, 1, 0, 1], [1, 0, 0, 0, 0, 0, 0, 0, 0, 0, 0, 0, 0, 1], [0, 0, 0, 0, 0, 0, 0, 0, 2, 1, 1, 1, 0, 0], [0, 0, 0, 0, 1, 0, 0, 0, 1, 1, 2, 0, 0, 0], [0, 1, 0, 0, 2, 0, 0, 0, 0, 0, 0, 0, 0, 2], [0, 0, 0, 0, 1, 0, 1, 0, 1, 1, 0, 1, 0, 1], [0, 1, 0, 0, 0, 0, 0, 0, 0, 0, 0, 0, 4, 0], [0, 0, 0, 0, 2, 0, 0, 0, 0, 0, 3, 0, 0, 1]]"
source_expansion_Faces_to_PetImages_to_GarbageDataset,hoeffding_tree,adwin,0.85,4,304042,0.19127066874302606,0.18600432861316568,0.1297866674070404,0.404,0.19127066874302606,0.18600432861316568,0.1297866674070404,0.86,0.29000000000000004,0.755,0.18212208158549478,0.18544836429195335,0.17549075441721437,0.86,0.85,4.0,"[[238, 6, 0, 3, 1, 1, 1, 2, 0, 0, 0, 0, 0, 0], [51, 4, 0, 8, 0, 2, 0, 3, 0, 0, 0, 0, 0, 0], [46, 5, 129, 50, 6, 10, 0, 1, 0, 0, 0, 0, 3, 0], [1, 5, 1, 2, 0, 1, 1, 1, 0, 0, 0, 0, 0, 0], [1, 9, 3, 0, 28, 111, 35, 183, 0, 0, 0, 0, 2, 0], [0, 0, 0, 0, 0, 1, 0, 3, 0, 0, 0, 0, 1, 0], [0, 0, 0, 0, 0, 1, 1, 5, 0, 0, 0, 0, 0, 0], [0, 0, 0, 0, 0, 1, 0, 1, 0, 0, 0, 0, 0, 0], [0, 0, 0, 0, 0, 2, 0, 3, 0, 0, 0, 0, 0, 0], [1, 0, 0, 0, 0, 1, 1, 2, 0, 0, 0, 0, 0, 0], [0, 0, 0, 0, 0, 3, 1, 1, 0, 0, 0, 0, 0, 0], [0, 0, 0, 0, 0, 4, 0, 2, 0, 0, 0, 0, 0, 0], [1, 0, 0, 0, 0, 2, 0, 2, 0, 0, 0, 0, 0, 0], [0, 0, 0, 0, 0, 3, 1, 2, 0, 0, 0, 0, 0, 0]]","[[220, 3, 23, 1, 5, 0, 0, 0, 0, 0, 0, 0, 0, 0], [46, 2, 15, 1, 4, 0, 0, 0, 0, 0, 0, 0, 0, 0], [39, 2, 199, 6, 4, 0, 0, 0, 0, 0, 0, 0, 0, 0], [0, 0, 10, 0, 2, 0, 0, 0, 0, 0, 0, 0, 0, 0], [2, 0, 36, 0, 334, 0, 0, 0, 0, 0, 0, 0, 0, 0], [0, 0, 1, 0, 4, 0, 0, 0, 0, 0, 0, 0, 0, 0], [0, 0, 0, 0, 7, 0, 0, 0, 0, 0, 0, 0, 0, 0], [0, 0, 1, 0, 1, 0, 0, 0, 0, 0, 0, 0, 0, 0], [0, 0, 0, 0, 5, 0, 0, 0, 0, 0, 0, 0, 0, 0], [0, 0, 0, 0, 5, 0, 0, 0, 0, 0, 0, 0, 0, 0], [0, 0, 0, 0, 5, 0, 0, 0, 0, 0, 0, 0, 0, 0], [0, 0, 1, 0, 5, 0, 0, 0, 0, 0, 0, 0, 0, 0], [0, 0, 1, 0, 4, 0, 0, 0, 0, 0, 0, 0, 0, 0], [0, 0, 1, 0, 5, 0, 0, 0, 0, 0, 0, 0, 0, 0]]"
source_expansion_Faces_to_PetImages_to_GarbageDataset,gaussian_nb,adwin,0.85,4,304042,0.3439482566770747,0.2593824325429096,0.2757149982749051,0.826,0.3439482566770747,0.2593824325429096,0.2757149982749051,0.83,0.8200000000000001,0.826,0.3439482566770747,0.2593824325429096,0.2757149982749051,0.83,0.8200000000000001,0.0,"[[227, 25, 0, 0, 0, 0, 0, 0, 0, 0, 0, 0, 0, 0], [57, 11, 0, 0, 0, 0, 0, 0, 0, 0, 0, 0, 0, 0], [4, 12, 234, 0, 0, 0, 0, 0, 0, 0, 0, 0, 0, 0], [0, 4, 2, 6, 0, 0, 0, 0, 0, 0, 0, 0, 0, 0], [12, 10, 2, 0, 347, 0, 0, 0, 0, 0, 0, 1, 0, 0], [2, 2, 0, 0, 0, 1, 0, 0, 0, 0, 0, 0, 0, 0], [3, 1, 1, 0, 1, 0, 0, 0, 0, 0, 0, 1, 0, 0], [1, 1, 0, 0, 0, 0, 0, 0, 0, 0, 0, 0, 0, 0], [3, 1, 0, 0, 0, 0, 0, 0, 0, 0, 0, 0, 0, 1], [2, 1, 0, 0, 1, 0, 0, 0, 0, 0, 1, 0, 0, 0], [2, 2, 0, 0, 1, 0, 0, 0, 0, 0, 0, 0, 0, 0], [2, 3, 0, 0, 1, 0, 0, 0, 0, 0, 0, 0, 0, 0], [3, 2, 0, 0, 0, 0, 0, 0, 0, 0, 0, 0, 0, 0], [2, 3, 0, 0, 1, 0, 0, 0, 0, 0, 0, 0, 0, 0]]","[[227, 25, 0, 0, 0, 0, 0, 0, 0, 0, 0, 0, 0, 0], [57, 11, 0, 0, 0, 0, 0, 0, 0, 0, 0, 0, 0, 0], [4, 12, 234, 0, 0, 0, 0, 0, 0, 0, 0, 0, 0, 0], [0, 4, 2, 6, 0, 0, 0, 0, 0, 0, 0, 0, 0, 0], [12, 10, 2, 0, 347, 0, 0, 0, 0, 0, 0, 1, 0, 0], [2, 2, 0, 0, 0, 1, 0, 0, 0, 0, 0, 0, 0, 0], [3, 1, 1, 0, 1, 0, 0, 0, 0, 0, 0, 1, 0, 0], [1, 1, 0, 0, 0, 0, 0, 0, 0, 0, 0, 0, 0, 0], [3, 1, 0, 0, 0, 0, 0, 0, 0, 0, 0, 0, 0, 1], [2, 1, 0, 0, 1, 0, 0, 0, 0, 0, 1, 0, 0, 0], [2, 2, 0, 0, 1, 0, 0, 0, 0, 0, 0, 0, 0, 0], [2, 3, 0, 0, 1, 0, 0, 0, 0, 0, 0, 0, 0, 0], [3, 2, 0, 0, 0, 0, 0, 0, 0, 0, 0, 0, 0, 0], [2, 3, 0, 0, 1, 0, 0, 0, 0, 0, 0, 0, 0, 0]]"
source_expansion_Faces_to_PetImages_to_GarbageDataset,logistic_regression,page_hinkley,0.85,4,304042,0.4443856079853518,0.4170926908397768,0.42194713456954586,0.821,0.4443856079853518,0.4170926908397768,0.42194713456954586,0.56,0.91,0.814,0.4225101126249263,0.4411883979398211,0.4235160774468409,0.56,0.91,1.0,"[[155, 82, 15, 0, 0, 0, 0, 0, 0, 0, 0, 0, 0, 0], [28, 38, 2, 0, 0, 0, 0, 0, 0, 0, 0, 0, 0, 0], [0, 1, 243, 4, 0, 1, 0, 0, 0, 1, 0, 0, 0, 0], [0, 0, 2, 8, 0, 1, 0, 0, 0, 0, 0, 1, 0, 0], [1, 0, 1, 0, 366, 0, 1, 0, 1, 1, 0, 0, 0, 1], [1, 0, 1, 0, 0, 3, 0, 0, 0, 0, 0, 0, 0, 0], [0, 0, 1, 0, 4, 0, 1, 0, 0, 0, 0, 1, 0, 0], [0, 0, 0, 1, 0, 0, 0, 0, 0, 0, 0, 0, 0, 1], [1, 0, 0, 0, 0, 0, 0, 0, 0, 0, 1, 2, 0, 1], [0, 0, 1, 0, 2, 0, 0, 0, 0, 1, 1, 0, 0, 0], [0, 0, 0, 0, 2, 0, 1, 0, 0, 0, 0, 0, 0, 2], [1, 0, 0, 0, 1, 0, 1, 0, 1, 1, 0, 1, 0, 0], [1, 1, 0, 0, 0, 0, 0, 0, 0, 0, 0, 0, 3, 0], [0, 0, 0, 0, 2, 0, 0, 0, 0, 0, 2, 0, 0, 2]]","[[153, 83, 16, 0, 0, 0, 0, 0, 0, 0, 0, 0, 0, 0], [29, 36, 2, 1, 0, 0, 0, 0, 0, 0, 0, 0, 0, 0], [3, 2, 236, 5, 1, 1, 0, 0, 0, 0, 0, 1, 1, 0], [0, 1, 0, 10, 0, 1, 0, 0, 0, 0, 0, 0, 0, 0], [0, 0, 1, 1, 367, 0, 1, 0, 1, 1, 0, 0, 0, 0], [1, 0, 0, 0, 0, 4, 0, 0, 0, 0, 0, 0, 0, 0], [0, 0, 0, 0, 3, 1, 1, 0, 0, 0, 1, 1, 0, 0], [1, 0, 0, 0, 0, 0, 0, 0, 0, 0, 0, 0, 0, 1], [1, 1, 0, 0, 0, 0, 0, 0, 0, 1, 1, 1, 0, 0], [0, 0, 0, 0, 1, 0, 0, 0, 1, 1, 2, 0, 0, 0], [0, 0, 0, 0, 2, 0, 1, 0, 0, 0, 0, 0, 0, 2], [0, 0, 0, 0, 1, 0, 1, 0, 1, 1, 0, 1, 0, 1], [0, 0, 0, 0, 1, 0, 0, 0, 0, 0, 0, 0, 4, 0], [0, 0, 0, 0, 1, 0, 0, 0, 1, 0, 3, 0, 0, 1]]"
source_expansion_Faces_to_PetImages_to_GarbageDataset,hoeffding_tree,page_hinkley,0.85,4,304042,0.19127066874302606,0.18600432861316568,0.1297866674070404,0.404,0.19127066874302606,0.18600432861316568,0.1297866674070404,0.86,0.29000000000000004,0.792,0.1902130984614471,0.1943150163291123,0.18403372888702235,0.86,0.85,5.0,"[[238, 6, 0, 3, 1, 1, 1, 2, 0, 0, 0, 0, 0, 0], [51, 4, 0, 8, 0, 2, 0, 3, 0, 0, 0, 0, 0, 0], [46, 5, 129, 50, 6, 10, 0, 1, 0, 0, 0, 0, 3, 0], [1, 5, 1, 2, 0, 1, 1, 1, 0, 0, 0, 0, 0, 0], [1, 9, 3, 0, 28, 111, 35, 183, 0, 0, 0, 0, 2, 0], [0, 0, 0, 0, 0, 1, 0, 3, 0, 0, 0, 0, 1, 0], [0, 0, 0, 0, 0, 1, 1, 5, 0, 0, 0, 0, 0, 0], [0, 0, 0, 0, 0, 1, 0, 1, 0, 0, 0, 0, 0, 0], [0, 0, 0, 0, 0, 2, 0, 3, 0, 0, 0, 0, 0, 0], [1, 0, 0, 0, 0, 1, 1, 2, 0, 0, 0, 0, 0, 0], [0, 0, 0, 0, 0, 3, 1, 1, 0, 0, 0, 0, 0, 0], [0, 0, 0, 0, 0, 4, 0, 2, 0, 0, 0, 0, 0, 0], [1, 0, 0, 0, 0, 2, 0, 2, 0, 0, 0, 0, 0, 0], [0, 0, 0, 0, 0, 3, 1, 2, 0, 0, 0, 0, 0, 0]]","[[228, 3, 16, 0, 5, 0, 0, 0, 0, 0, 0, 0, 0, 0], [46, 2, 15, 0, 5, 0, 0, 0, 0, 0, 0, 0, 0, 0], [27, 2, 210, 1, 10, 0, 0, 0, 0, 0, 0, 0, 0, 0], [1, 0, 8, 0, 3, 0, 0, 0, 0, 0, 0, 0, 0, 0], [1, 0, 17, 0, 352, 0, 0, 2, 0, 0, 0, 0, 0, 0], [0, 0, 1, 0, 4, 0, 0, 0, 0, 0, 0, 0, 0, 0], [0, 0, 0, 0, 7, 0, 0, 0, 0, 0, 0, 0, 0, 0], [0, 0, 1, 0, 1, 0, 0, 0, 0, 0, 0, 0, 0, 0], [0, 0, 0, 0, 5, 0, 0, 0, 0, 0, 0, 0, 0, 0], [0, 0, 0, 0, 5, 0, 0, 0, 0, 0, 0, 0, 0, 0], [0, 0, 0, 0, 5, 0, 0, 0, 0, 0, 0, 0, 0, 0], [0, 0, 0, 0, 5, 0, 0, 1, 0, 0, 0, 0, 0, 0], [0, 0, 1, 0, 4, 0, 0, 0, 0, 0, 0, 0, 0, 0], [0, 0, 0, 0, 6, 0, 0, 0, 0, 0, 0, 0, 0, 0]]"
source_expansion_Faces_to_PetImages_to_GarbageDataset,gaussian_nb,page_hinkley,0.85,4,304042,0.3439482566770747,0.2593824325429096,0.2757149982749051,0.826,0.3439482566770747,0.2593824325429096,0.2757149982749051,0.83,0.8200000000000001,0.829,0.27192096643926583,0.24558819656895017,0.25214911972505943,0.83,0.85,1.0,"[[227, 25, 0, 0, 0, 0, 0, 0, 0, 0, 0, 0, 0, 0], [57, 11, 0, 0, 0, 0, 0, 0, 0, 0, 0, 0, 0, 0], [4, 12, 234, 0, 0, 0, 0, 0, 0, 0, 0, 0, 0, 0], [0, 4, 2, 6, 0, 0, 0, 0, 0, 0, 0, 0, 0, 0], [12, 10, 2, 0, 347, 0, 0, 0, 0, 0, 0, 1, 0, 0], [2, 2, 0, 0, 0, 1, 0, 0, 0, 0, 0, 0, 0, 0], [3, 1, 1, 0, 1, 0, 0, 0, 0, 0, 0, 1, 0, 0], [1, 1, 0, 0, 0, 0, 0, 0, 0, 0, 0, 0, 0, 0], [3, 1, 0, 0, 0, 0, 0, 0, 0, 0, 0, 0, 0, 1], [2, 1, 0, 0, 1, 0, 0, 0, 0, 0, 1, 0, 0, 0], [2, 2, 0, 0, 1, 0, 0, 0, 0, 0, 0, 0, 0, 0], [2, 3, 0, 0, 1, 0, 0, 0, 0, 0, 0, 0, 0, 0], [3, 2, 0, 0, 0, 0, 0, 0, 0, 0, 0, 0, 0, 0], [2, 3, 0, 0, 1, 0, 0, 0, 0, 0, 0, 0, 0, 0]]","[[225, 25, 0, 0, 2, 0, 0, 0, 0, 0, 0, 0, 0, 0], [57, 11, 0, 0, 0, 0, 0, 0, 0, 0, 0, 0, 0, 0], [3, 12, 233, 0, 2, 0, 0, 0, 0, 0, 0, 0, 0, 0], [0, 4, 2, 6, 0, 0, 0, 0, 0, 0, 0, 0, 0, 0], [9, 7, 2, 0, 354, 0, 0, 0, 0, 0, 0, 0, 0, 0], [1, 2, 0, 0, 2, 0, 0, 0, 0, 0, 0, 0, 0, 0], [3, 0, 1, 0, 3, 0, 0, 0, 0, 0, 0, 0, 0, 0], [0, 1, 0, 0, 1, 0, 0, 0, 0, 0, 0, 0, 0, 0], [3, 1, 0, 0, 0, 0, 0, 0, 0, 0, 0, 0, 0, 1], [0, 1, 0, 0, 4, 0, 0, 0, 0, 0, 0, 0, 0, 0], [2, 2, 0, 0, 1, 0, 0, 0, 0, 0, 0, 0, 0, 0], [2, 2, 0, 0, 2, 0, 0, 0, 0, 0, 0, 0, 0, 0], [2, 2, 0, 0, 1, 0, 0, 0, 0, 0, 0, 0, 0, 0], [2, 3, 0, 0, 1, 0, 0, 0, 0, 0, 0, 0, 0, 0]]"
source_expansion_Faces_to_PetImages_to_GarbageDataset,logistic_regression,hddm_w,0.85,4,304042,0.4443856079853518,0.4170926908397768,0.42194713456954586,0.821,0.4443856079853518,0.4170926908397768,0.42194713456954586,0.56,0.91,0.821,0.4443856079853518,0.4170926908397768,0.42194713456954586,0.56,0.91,0.0,"[[155, 82, 15, 0, 0, 0, 0, 0, 0, 0, 0, 0, 0, 0], [28, 38, 2, 0, 0, 0, 0, 0, 0, 0, 0, 0, 0, 0], [0, 1, 243, 4, 0, 1, 0, 0, 0, 1, 0, 0, 0, 0], [0, 0, 2, 8, 0, 1, 0, 0, 0, 0, 0, 1, 0, 0], [1, 0, 1, 0, 366, 0, 1, 0, 1, 1, 0, 0, 0, 1], [1, 0, 1, 0, 0, 3, 0, 0, 0, 0, 0, 0, 0, 0], [0, 0, 1, 0, 4, 0, 1, 0, 0, 0, 0, 1, 0, 0], [0, 0, 0, 1, 0, 0, 0, 0, 0, 0, 0, 0, 0, 1], [1, 0, 0, 0, 0, 0, 0, 0, 0, 0, 1, 2, 0, 1], [0, 0, 1, 0, 2, 0, 0, 0, 0, 1, 1, 0, 0, 0], [0, 0, 0, 0, 2, 0, 1, 0, 0, 0, 0, 0, 0, 2], [1, 0, 0, 0, 1, 0, 1, 0, 1, 1, 0, 1, 0, 0], [1, 1, 0, 0, 0, 0, 0, 0, 0, 0, 0, 0, 3, 0], [0, 0, 0, 0, 2, 0, 0, 0, 0, 0, 2, 0, 0, 2]]","[[155, 82, 15, 0, 0, 0, 0, 0, 0, 0, 0, 0, 0, 0], [28, 38, 2, 0, 0, 0, 0, 0, 0, 0, 0, 0, 0, 0], [0, 1, 243, 4, 0, 1, 0, 0, 0, 1, 0, 0, 0, 0], [0, 0, 2, 8, 0, 1, 0, 0, 0, 0, 0, 1, 0, 0], [1, 0, 1, 0, 366, 0, 1, 0, 1, 1, 0, 0, 0, 1], [1, 0, 1, 0, 0, 3, 0, 0, 0, 0, 0, 0, 0, 0], [0, 0, 1, 0, 4, 0, 1, 0, 0, 0, 0, 1, 0, 0], [0, 0, 0, 1, 0, 0, 0, 0, 0, 0, 0, 0, 0, 1], [1, 0, 0, 0, 0, 0, 0, 0, 0, 0, 1, 2, 0, 1], [0, 0, 1, 0, 2, 0, 0, 0, 0, 1, 1, 0, 0, 0], [0, 0, 0, 0, 2, 0, 1, 0, 0, 0, 0, 0, 0, 2], [1, 0, 0, 0, 1, 0, 1, 0, 1, 1, 0, 1, 0, 0], [1, 1, 0, 0, 0, 0, 0, 0, 0, 0, 0, 0, 3, 0], [0, 0, 0, 0, 2, 0, 0, 0, 0, 0, 2, 0, 0, 2]]"
source_expansion_Faces_to_PetImages_to_GarbageDataset,hoeffding_tree,hddm_w,0.85,4,304042,0.19127066874302606,0.18600432861316568,0.1297866674070404,0.404,0.19127066874302606,0.18600432861316568,0.1297866674070404,0.86,0.29000000000000004,0.788,0.19730593878016003,0.19384543064537643,0.18562098067212043,0.86,0.86,4.0,"[[238, 6, 0, 3, 1, 1, 1, 2, 0, 0, 0, 0, 0, 0], [51, 4, 0, 8, 0, 2, 0, 3, 0, 0, 0, 0, 0, 0], [46, 5, 129, 50, 6, 10, 0, 1, 0, 0, 0, 0, 3, 0], [1, 5, 1, 2, 0, 1, 1, 1, 0, 0, 0, 0, 0, 0], [1, 9, 3, 0, 28, 111, 35, 183, 0, 0, 0, 0, 2, 0], [0, 0, 0, 0, 0, 1, 0, 3, 0, 0, 0, 0, 1, 0], [0, 0, 0, 0, 0, 1, 1, 5, 0, 0, 0, 0, 0, 0], [0, 0, 0, 0, 0, 1, 0, 1, 0, 0, 0, 0, 0, 0], [0, 0, 0, 0, 0, 2, 0, 3, 0, 0, 0, 0, 0, 0], [1, 0, 0, 0, 0, 1, 1, 2, 0, 0, 0, 0, 0, 0], [0, 0, 0, 0, 0, 3, 1, 1, 0, 0, 0, 0, 0, 0], [0, 0, 0, 0, 0, 4, 0, 2, 0, 0, 0, 0, 0, 0], [1, 0, 0, 0, 0, 2, 0, 2, 0, 0, 0, 0, 0, 0], [0, 0, 0, 0, 0, 3, 1, 2, 0, 0, 0, 0, 0, 0]]","[[227, 4, 15, 1, 5, 0, 0, 0, 0, 0, 0, 0, 0, 0], [44, 3, 14, 2, 5, 0, 0, 0, 0, 0, 0, 0, 0, 0], [23, 1, 205, 11, 10, 0, 0, 0, 0, 0, 0, 0, 0, 0], [0, 0, 9, 0, 3, 0, 0, 0, 0, 0, 0, 0, 0, 0], [0, 0, 19, 0, 353, 0, 0, 0, 0, 0, 0, 0, 0, 0], [0, 0, 1, 0, 4, 0, 0, 0, 0, 0, 0, 0, 0, 0], [0, 0, 0, 0, 7, 0, 0, 0, 0, 0, 0, 0, 0, 0], [0, 0, 1, 0, 1, 0, 0, 0, 0, 0, 0, 0, 0, 0], [0, 0, 0, 0, 5, 0, 0, 0, 0, 0, 0, 0, 0, 0], [0, 0, 0, 0, 5, 0, 0, 0, 0, 0, 0, 0, 0, 0], [0, 0, 0, 0, 5, 0, 0, 0, 0, 0, 0, 0, 0, 0], [0, 0, 1, 0, 5, 0, 0, 0, 0, 0, 0, 0, 0, 0], [0, 0, 1, 0, 4, 0, 0, 0, 0, 0, 0, 0, 0, 0], [0, 0, 0, 0, 6, 0, 0, 0, 0, 0, 0, 0, 0, 0]]"
source_expansion_Faces_to_PetImages_to_GarbageDataset,gaussian_nb,hddm_w,0.85,4,304042,0.3439482566770747,0.2593824325429096,0.2757149982749051,0.826,0.3439482566770747,0.2593824325429096,0.2757149982749051,0.83,0.8200000000000001,0.826,0.3439482566770747,0.2593824325429096,0.2757149982749051,0.83,0.8200000000000001,0.0,"[[227, 25, 0, 0, 0, 0, 0, 0, 0, 0, 0, 0, 0, 0], [57, 11, 0, 0, 0, 0, 0, 0, 0, 0, 0, 0, 0, 0], [4, 12, 234, 0, 0, 0, 0, 0, 0, 0, 0, 0, 0, 0], [0, 4, 2, 6, 0, 0, 0, 0, 0, 0, 0, 0, 0, 0], [12, 10, 2, 0, 347, 0, 0, 0, 0, 0, 0, 1, 0, 0], [2, 2, 0, 0, 0, 1, 0, 0, 0, 0, 0, 0, 0, 0], [3, 1, 1, 0, 1, 0, 0, 0, 0, 0, 0, 1, 0, 0], [1, 1, 0, 0, 0, 0, 0, 0, 0, 0, 0, 0, 0, 0], [3, 1, 0, 0, 0, 0, 0, 0, 0, 0, 0, 0, 0, 1], [2, 1, 0, 0, 1, 0, 0, 0, 0, 0, 1, 0, 0, 0], [2, 2, 0, 0, 1, 0, 0, 0, 0, 0, 0, 0, 0, 0], [2, 3, 0, 0, 1, 0, 0, 0, 0, 0, 0, 0, 0, 0], [3, 2, 0, 0, 0, 0, 0, 0, 0, 0, 0, 0, 0, 0], [2, 3, 0, 0, 1, 0, 0, 0, 0, 0, 0, 0, 0, 0]]","[[227, 25, 0, 0, 0, 0, 0, 0, 0, 0, 0, 0, 0, 0], [57, 11, 0, 0, 0, 0, 0, 0, 0, 0, 0, 0, 0, 0], [4, 12, 234, 0, 0, 0, 0, 0, 0, 0, 0, 0, 0, 0], [0, 4, 2, 6, 0, 0, 0, 0, 0, 0, 0, 0, 0, 0], [12, 10, 2, 0, 347, 0, 0, 0, 0, 0, 0, 1, 0, 0], [2, 2, 0, 0, 0, 1, 0, 0, 0, 0, 0, 0, 0, 0], [3, 1, 1, 0, 1, 0, 0, 0, 0, 0, 0, 1, 0, 0], [1, 1, 0, 0, 0, 0, 0, 0, 0, 0, 0, 0, 0, 0], [3, 1, 0, 0, 0, 0, 0, 0, 0, 0, 0, 0, 0, 1], [2, 1, 0, 0, 1, 0, 0, 0, 0, 0, 1, 0, 0, 0], [2, 2, 0, 0, 1, 0, 0, 0, 0, 0, 0, 0, 0, 0], [2, 3, 0, 0, 1, 0, 0, 0, 0, 0, 0, 0, 0, 0], [3, 2, 0, 0, 0, 0, 0, 0, 0, 0, 0, 0, 0, 0], [2, 3, 0, 0, 1, 0, 0, 0, 0, 0, 0, 0, 0, 0]]"
source_expansion_Faces_to_PetImages_to_GarbageDataset,logistic_regression,kswin,0.85,5,305042,0.6199342970687768,0.5126879427880072,0.5217916253254011,0.822,0.6199342970687768,0.5126879427880072,0.5217916253254011,0.5900000000000001,0.95,0.822,0.6199342970687768,0.5126879427880072,0.5217916253254011,0.5900000000000001,0.95,0.0,"[[175, 94, 2, 13, 0, 0, 0, 0, 0, 0, 0, 0, 0, 0], [35, 32, 1, 1, 0, 0, 0, 0, 0, 0, 0, 0, 0, 0], [1, 1, 249, 1, 0, 0, 0, 0, 0, 0, 0, 0, 0, 0], [0, 0, 3, 8, 1, 0, 0, 0, 0, 0, 0, 1, 0, 0], [0, 0, 1, 0, 342, 0, 0, 0, 0, 0, 0, 1, 0, 0], [0, 0, 0, 0, 1, 2, 0, 0, 1, 0, 0, 1, 0, 0], [0, 0, 0, 0, 1, 0, 2, 0, 0, 0, 0, 1, 0, 0], [1, 0, 0, 0, 0, 0, 0, 0, 0, 0, 0, 0, 0, 0], [0, 0, 0, 0, 1, 0, 0, 0, 1, 0, 0, 0, 0, 0], [0, 0, 0, 0, 2, 0, 0, 0, 0, 1, 0, 0, 0, 0], [0, 0, 1, 1, 2, 1, 0, 0, 0, 0, 1, 0, 0, 0], [0, 0, 0, 0, 0, 0, 0, 0, 0, 1, 0, 5, 0, 0], [0, 0, 0, 0, 1, 0, 0, 0, 0, 0, 0, 0, 3, 1], [0, 0, 0, 0, 3, 0, 1, 0, 0, 0, 0, 1, 0, 1]]","[[175, 94, 2, 13, 0, 0, 0, 0, 0, 0, 0, 0, 0, 0], [35, 32, 1, 1, 0, 0, 0, 0, 0, 0, 0, 0, 0, 0], [1, 1, 249, 1, 0, 0, 0, 0, 0, 0, 0, 0, 0, 0], [0, 0, 3, 8, 1, 0, 0, 0, 0, 0, 0, 1, 0, 0], [0, 0, 1, 0, 342, 0, 0, 0, 0, 0, 0, 1, 0, 0], [0, 0, 0, 0, 1, 2, 0, 0, 1, 0, 0, 1, 0, 0], [0, 0, 0, 0, 1, 0, 2, 0, 0, 0, 0, 1, 0, 0], [1, 0, 0, 0, 0, 0, 0, 0, 0, 0, 0, 0, 0, 0], [0, 0, 0, 0, 1, 0, 0, 0, 1, 0, 0, 0, 0, 0], [0, 0, 0, 0, 2, 0, 0, 0, 0, 1, 0, 0, 0, 0], [0, 0, 1, 1, 2, 1, 0, 0, 0, 0, 1, 0, 0, 0], [0, 0, 0, 0, 0, 0, 0, 0, 0, 1, 0, 5, 0, 0], [0, 0, 0, 0, 1, 0, 0, 0, 0, 0, 0, 0, 3, 1], [0, 0, 0, 0, 3, 0, 1, 0, 0, 0, 0, 1, 0, 1]]"
source_expansion_Faces_to_PetImages_to_GarbageDataset,hoeffding_tree,kswin,0.85,5,305042,0.17323712054674925,0.16565394219038532,0.12066438856934615,0.414,0.17323712054674925,0.16565394219038532,0.12066438856934615,0.83,0.0,0.811,0.17485857777508446,0.1959330735242017,0.184360726087658,0.83,0.88,3.0,"[[281, 0, 0, 0, 0, 0, 1, 1, 0, 1, 0, 0, 0, 0], [60, 3, 0, 0, 1, 2, 2, 0, 0, 0, 1, 0, 0, 0], [104, 0, 126, 0, 5, 11, 0, 4, 0, 0, 2, 0, 0, 0], [5, 0, 4, 0, 0, 2, 1, 1, 0, 0, 0, 0, 0, 0], [4, 2, 1, 0, 1, 39, 55, 164, 0, 11, 67, 0, 0, 0], [0, 0, 1, 0, 0, 1, 0, 3, 0, 0, 0, 0, 0, 0], [0, 0, 0, 0, 0, 0, 1, 3, 0, 0, 0, 0, 0, 0], [0, 0, 0, 0, 0, 0, 0, 0, 0, 0, 1, 0, 0, 0], [0, 0, 0, 0, 0, 2, 0, 0, 0, 0, 0, 0, 0, 0], [0, 0, 0, 0, 0, 0, 0, 0, 0, 1, 2, 0, 0, 0], [0, 0, 0, 0, 0, 1, 0, 5, 0, 0, 0, 0, 0, 0], [0, 0, 0, 0, 0, 0, 4, 1, 0, 0, 1, 0, 0, 0], [0, 0, 0, 0, 0, 2, 0, 2, 0, 0, 1, 0, 0, 0], [0, 0, 0, 0, 0, 0, 1, 3, 0, 0, 2, 0, 0, 0]]","[[270, 0, 11, 0, 3, 0, 0, 0, 0, 0, 0, 0, 0, 0], [50, 0, 13, 1, 5, 0, 0, 0, 0, 0, 0, 0, 0, 0], [27, 1, 207, 0, 16, 1, 0, 0, 0, 0, 0, 0, 0, 0], [1, 0, 7, 0, 5, 0, 0, 0, 0, 0, 0, 0, 0, 0], [1, 0, 8, 1, 334, 0, 0, 0, 0, 0, 0, 0, 0, 0], [0, 0, 0, 0, 5, 0, 0, 0, 0, 0, 0, 0, 0, 0], [0, 0, 0, 0, 4, 0, 0, 0, 0, 0, 0, 0, 0, 0], [0, 0, 0, 0, 1, 0, 0, 0, 0, 0, 0, 0, 0, 0], [0, 0, 0, 0, 2, 0, 0, 0, 0, 0, 0, 0, 0, 0], [0, 0, 0, 0, 3, 0, 0, 0, 0, 0, 0, 0, 0, 0], [0, 0, 0, 0, 6, 0, 0, 0, 0, 0, 0, 0, 0, 0], [0, 0, 0, 0, 6, 0, 0, 0, 0, 0, 0, 0, 0, 0], [0, 0, 0, 0, 5, 0, 0, 0, 0, 0, 0, 0, 0, 0], [0, 0, 0, 0, 6, 0, 0, 0, 0, 0, 0, 0, 0, 0]]"
source_expansion_Faces_to_PetImages_to_GarbageDataset,gaussian_nb,kswin,0.85,5,305042,0.3492917944174011,0.2480049306979035,0.26377611576398474,0.838,0.3492917944174011,0.2480049306979035,0.26377611576398474,0.77,0.86,0.84,0.3483560494188125,0.2548943448155709,0.2715753952425701,0.77,0.89,1.0,"[[249, 35, 0, 0, 0, 0, 0, 0, 0, 0, 0, 0, 0, 0], [55, 14, 0, 0, 0, 0, 0, 0, 0, 0, 0, 0, 0, 0], [1, 5, 246, 0, 0, 0, 0, 0, 0, 0, 0, 0, 0, 0], [2, 5, 2, 4, 0, 0, 0, 0, 0, 0, 0, 0, 0, 0], [15, 4, 0, 0, 324, 0, 0, 0, 0, 0, 1, 0, 0, 0], [3, 2, 0, 0, 0, 0, 0, 0, 0, 0, 0, 0, 0, 0], [4, 0, 0, 0, 0, 0, 0, 0, 0, 0, 0, 0, 0, 0], [0, 1, 0, 0, 0, 0, 0, 0, 0, 0, 0, 0, 0, 0], [0, 1, 0, 0, 1, 0, 0, 0, 0, 0, 0, 0, 0, 0], [1, 0, 0, 0, 2, 0, 0, 0, 0, 0, 0, 0, 0, 0], [2, 2, 0, 0, 2, 0, 0, 0, 0, 0, 0, 0, 0, 0], [3, 2, 0, 0, 0, 0, 0, 0, 0, 0, 0, 1, 0, 0], [2, 3, 0, 0, 0, 0, 0, 0, 0, 0, 0, 0, 0, 0], [2, 3, 0, 0, 1, 0, 0, 0, 0, 0, 0, 0, 0, 0]]","[[247, 33, 4, 0, 0, 0, 0, 0, 0, 0, 0, 0, 0, 0], [55, 14, 0, 0, 0, 0, 0, 0, 0, 0, 0, 0, 0, 0], [1, 3, 248, 0, 0, 0, 0, 0, 0, 0, 0, 0, 0, 0], [1, 1, 8, 3, 0, 0, 0, 0, 0, 0, 0, 0, 0, 0], [2, 0, 15, 0, 326, 0, 0, 0, 0, 0, 1, 0, 0, 0], [2, 0, 3, 0, 0, 0, 0, 0, 0, 0, 0, 0, 0, 0], [0, 0, 4, 0, 0, 0, 0, 0, 0, 0, 0, 0, 0, 0], [1, 0, 0, 0, 0, 0, 0, 0, 0, 0, 0, 0, 0, 0], [0, 0, 1, 0, 1, 0, 0, 0, 0, 0, 0, 0, 0, 0], [0, 0, 1, 0, 2, 0, 0, 0, 0, 0, 0, 0, 0, 0], [1, 0, 4, 0, 1, 0, 0, 0, 0, 0, 0, 0, 0, 0], [0, 0, 4, 0, 0, 0, 0, 0, 0, 0, 0, 2, 0, 0], [1, 0, 3, 0, 1, 0, 0, 0, 0, 0, 0, 0, 0, 0], [0, 0, 3, 0, 3, 0, 0, 0, 0, 0, 0, 0, 0, 0]]"
source_expansion_Faces_to_PetImages_to_GarbageDataset,logistic_regression,adwin,0.85,5,305042,0.6199342970687768,0.5126879427880072,0.5217916253254011,0.822,0.6199342970687768,0.5126879427880072,0.5217916253254011,0.5900000000000001,0.95,0.77,0.5069022814194073,0.4472511516118965,0.44831908405416954,0.5900000000000001,0.94,1.0,"[[175, 94, 2, 13, 0, 0, 0, 0, 0, 0, 0, 0, 0, 0], [35, 32, 1, 1, 0, 0, 0, 0, 0, 0, 0, 0, 0, 0], [1, 1, 249, 1, 0, 0, 0, 0, 0, 0, 0, 0, 0, 0], [0, 0, 3, 8, 1, 0, 0, 0, 0, 0, 0, 1, 0, 0], [0, 0, 1, 0, 342, 0, 0, 0, 0, 0, 0, 1, 0, 0], [0, 0, 0, 0, 1, 2, 0, 0, 1, 0, 0, 1, 0, 0], [0, 0, 0, 0, 1, 0, 2, 0, 0, 0, 0, 1, 0, 0], [1, 0, 0, 0, 0, 0, 0, 0, 0, 0, 0, 0, 0, 0], [0, 0, 0, 0, 1, 0, 0, 0, 1, 0, 0, 0, 0, 0], [0, 0, 0, 0, 2, 0, 0, 0, 0, 1, 0, 0, 0, 0], [0, 0, 1, 1, 2, 1, 0, 0, 0, 0, 1, 0, 0, 0], [0, 0, 0, 0, 0, 0, 0, 0, 0, 1, 0, 5, 0, 0], [0, 0, 0, 0, 1, 0, 0, 0, 0, 0, 0, 0, 3, 1], [0, 0, 0, 0, 3, 0, 1, 0, 0, 0, 0, 1, 0, 1]]","[[168, 101, 2, 13, 0, 0, 0, 0, 0, 0, 0, 0, 0, 0], [33, 32, 2, 0, 1, 0, 0, 0, 1, 0, 0, 0, 0, 0], [14, 12, 209, 16, 0, 0, 0, 0, 1, 0, 0, 0, 0, 0], [0, 1, 3, 7, 1, 0, 0, 1, 0, 0, 0, 0, 0, 0], [0, 1, 0, 0, 340, 0, 0, 0, 1, 0, 1, 1, 0, 0], [0, 1, 0, 1, 1, 1, 1, 0, 0, 0, 0, 0, 0, 0], [0, 0, 0, 0, 0, 0, 3, 0, 0, 0, 0, 1, 0, 0], [0, 0, 0, 0, 0, 0, 0, 0, 0, 0, 0, 0, 0, 1], [0, 1, 0, 0, 1, 0, 0, 0, 0, 0, 0, 0, 0, 0], [0, 0, 0, 0, 1, 0, 0, 0, 1, 1, 0, 0, 0, 0], [0, 0, 1, 1, 1, 1, 0, 0, 0, 0, 1, 0, 0, 1], [0, 0, 0, 0, 0, 0, 0, 0, 0, 1, 1, 4, 0, 0], [0, 0, 0, 0, 1, 0, 0, 0, 0, 0, 0, 1, 2, 1], [0, 0, 1, 0, 2, 0, 0, 0, 0, 0, 0, 1, 0, 2]]"
source_expansion_Faces_to_PetImages_to_GarbageDataset,hoeffding_tree,adwin,0.85,5,305042,0.17323712054674925,0.16565394219038532,0.12066438856934615,0.414,0.17323712054674925,0.16565394219038532,0.12066438856934615,0.83,0.0,0.81,0.17387375841141917,0.1958451057025059,0.18384786044106413,0.83,0.88,3.0,"[[281, 0, 0, 0, 0, 0, 1, 1, 0, 1, 0, 0, 0, 0], [60, 3, 0, 0, 1, 2, 2, 0, 0, 0, 1, 0, 0, 0], [104, 0, 126, 0, 5, 11, 0, 4, 0, 0, 2, 0, 0, 0], [5, 0, 4, 0, 0, 2, 1, 1, 0, 0, 0, 0, 0, 0], [4, 2, 1, 0, 1, 39, 55, 164, 0, 11, 67, 0, 0, 0], [0, 0, 1, 0, 0, 1, 0, 3, 0, 0, 0, 0, 0, 0], [0, 0, 0, 0, 0, 0, 1, 3, 0, 0, 0, 0, 0, 0], [0, 0, 0, 0, 0, 0, 0, 0, 0, 0, 1, 0, 0, 0], [0, 0, 0, 0, 0, 2, 0, 0, 0, 0, 0, 0, 0, 0], [0, 0, 0, 0, 0, 0, 0, 0, 0, 1, 2, 0, 0, 0], [0, 0, 0, 0, 0, 1, 0, 5, 0, 0, 0, 0, 0, 0], [0, 0, 0, 0, 0, 0, 4, 1, 0, 0, 1, 0, 0, 0], [0, 0, 0, 0, 0, 2, 0, 2, 0, 0, 1, 0, 0, 0], [0, 0, 0, 0, 0, 0, 1, 3, 0, 0, 2, 0, 0, 0]]","[[271, 0, 10, 0, 3, 0, 0, 0, 0, 0, 0, 0, 0, 0], [50, 0, 14, 0, 5, 0, 0, 0, 0, 0, 0, 0, 0, 0], [32, 0, 208, 1, 11, 0, 0, 0, 0, 0, 0, 0, 0, 0], [1, 0, 9, 0, 3, 0, 0, 0, 0, 0, 0, 0, 0, 0], [1, 0, 11, 1, 331, 0, 0, 0, 0, 0, 0, 0, 0, 0], [0, 0, 1, 0, 4, 0, 0, 0, 0, 0, 0, 0, 0, 0], [0, 0, 0, 0, 4, 0, 0, 0, 0, 0, 0, 0, 0, 0], [0, 0, 0, 0, 1, 0, 0, 0, 0, 0, 0, 0, 0, 0], [0, 0, 0, 0, 2, 0, 0, 0, 0, 0, 0, 0, 0, 0], [0, 0, 0, 0, 3, 0, 0, 0, 0, 0, 0, 0, 0, 0], [0, 0, 0, 0, 6, 0, 0, 0, 0, 0, 0, 0, 0, 0], [0, 0, 0, 0, 6, 0, 0, 0, 0, 0, 0, 0, 0, 0], [0, 0, 0, 0, 5, 0, 0, 0, 0, 0, 0, 0, 0, 0], [0, 0, 0, 0, 6, 0, 0, 0, 0, 0, 0, 0, 0, 0]]"
source_expansion_Faces_to_PetImages_to_GarbageDataset,gaussian_nb,adwin,0.85,5,305042,0.3492917944174011,0.2480049306979035,0.26377611576398474,0.838,0.3492917944174011,0.2480049306979035,0.26377611576398474,0.77,0.86,0.804,0.34276794764010216,0.23829323505387984,0.2485044003262792,0.77,0.76,1.0,"[[249, 35, 0, 0, 0, 0, 0, 0, 0, 0, 0, 0, 0, 0], [55, 14, 0, 0, 0, 0, 0, 0, 0, 0, 0, 0, 0, 0], [1, 5, 246, 0, 0, 0, 0, 0, 0, 0, 0, 0, 0, 0], [2, 5, 2, 4, 0, 0, 0, 0, 0, 0, 0, 0, 0, 0], [15, 4, 0, 0, 324, 0, 0, 0, 0, 0, 1, 0, 0, 0], [3, 2, 0, 0, 0, 0, 0, 0, 0, 0, 0, 0, 0, 0], [4, 0, 0, 0, 0, 0, 0, 0, 0, 0, 0, 0, 0, 0], [0, 1, 0, 0, 0, 0, 0, 0, 0, 0, 0, 0, 0, 0], [0, 1, 0, 0, 1, 0, 0, 0, 0, 0, 0, 0, 0, 0], [1, 0, 0, 0, 2, 0, 0, 0, 0, 0, 0, 0, 0, 0], [2, 2, 0, 0, 2, 0, 0, 0, 0, 0, 0, 0, 0, 0], [3, 2, 0, 0, 0, 0, 0, 0, 0, 0, 0, 1, 0, 0], [2, 3, 0, 0, 0, 0, 0, 0, 0, 0, 0, 0, 0, 0], [2, 3, 0, 0, 1, 0, 0, 0, 0, 0, 0, 0, 0, 0]]","[[244, 38, 2, 0, 0, 0, 0, 0, 0, 0, 0, 0, 0, 0], [48, 16, 5, 0, 0, 0, 0, 0, 0, 0, 0, 0, 0, 0], [1, 4, 247, 0, 0, 0, 0, 0, 0, 0, 0, 0, 0, 0], [0, 4, 8, 1, 0, 0, 0, 0, 0, 0, 0, 0, 0, 0], [0, 0, 49, 0, 294, 0, 0, 0, 0, 0, 1, 0, 0, 0], [0, 0, 5, 0, 0, 0, 0, 0, 0, 0, 0, 0, 0, 0], [0, 0, 4, 0, 0, 0, 0, 0, 0, 0, 0, 0, 0, 0], [0, 0, 1, 0, 0, 0, 0, 0, 0, 0, 0, 0, 0, 0], [0, 0, 1, 0, 1, 0, 0, 0, 0, 0, 0, 0, 0, 0], [0, 0, 2, 0, 1, 0, 0, 0, 0, 0, 0, 0, 0, 0], [0, 0, 5, 0, 1, 0, 0, 0, 0, 0, 0, 0, 0, 0], [0, 0, 4, 0, 0, 0, 0, 0, 0, 0, 0, 2, 0, 0], [0, 0, 5, 0, 0, 0, 0, 0, 0, 0, 0, 0, 0, 0], [0, 0, 6, 0, 0, 0, 0, 0, 0, 0, 0, 0, 0, 0]]"
source_expansion_Faces_to_PetImages_to_GarbageDataset,logistic_regression,page_hinkley,0.85,5,305042,0.6199342970687768,0.5126879427880072,0.5217916253254011,0.822,0.6199342970687768,0.5126879427880072,0.5217916253254011,0.5900000000000001,0.95,0.773,0.4966481819240283,0.46555505481098985,0.44935455059429075,0.5900000000000001,0.9299999999999999,1.0,"[[175, 94, 2, 13, 0, 0, 0, 0, 0, 0, 0, 0, 0, 0], [35, 32, 1, 1, 0, 0, 0, 0, 0, 0, 0, 0, 0, 0], [1, 1, 249, 1, 0, 0, 0, 0, 0, 0, 0, 0, 0, 0], [0, 0, 3, 8, 1, 0, 0, 0, 0, 0, 0, 1, 0, 0], [0, 0, 1, 0, 342, 0, 0, 0, 0, 0, 0, 1, 0, 0], [0, 0, 0, 0, 1, 2, 0, 0, 1, 0, 0, 1, 0, 0], [0, 0, 0, 0, 1, 0, 2, 0, 0, 0, 0, 1, 0, 0], [1, 0, 0, 0, 0, 0, 0, 0, 0, 0, 0, 0, 0, 0], [0, 0, 0, 0, 1, 0, 0, 0, 1, 0, 0, 0, 0, 0], [0, 0, 0, 0, 2, 0, 0, 0, 0, 1, 0, 0, 0, 0], [0, 0, 1, 1, 2, 1, 0, 0, 0, 0, 1, 0, 0, 0], [0, 0, 0, 0, 0, 0, 0, 0, 0, 1, 0, 5, 0, 0], [0, 0, 0, 0, 1, 0, 0, 0, 0, 0, 0, 0, 3, 1], [0, 0, 0, 0, 3, 0, 1, 0, 0, 0, 0, 1, 0, 1]]","[[169, 102, 2, 11, 0, 0, 0, 0, 0, 0, 0, 0, 0, 0], [33, 33, 1, 1, 1, 0, 0, 0, 0, 0, 0, 0, 0, 0], [9, 14, 210, 18, 0, 1, 0, 0, 0, 0, 0, 0, 0, 0], [0, 0, 4, 9, 0, 0, 0, 0, 0, 0, 0, 0, 0, 0], [0, 2, 0, 0, 339, 0, 0, 0, 1, 0, 1, 1, 0, 0], [0, 1, 0, 0, 1, 1, 1, 0, 0, 0, 0, 1, 0, 0], [0, 0, 0, 0, 1, 0, 2, 0, 0, 0, 0, 1, 0, 0], [0, 0, 0, 0, 0, 0, 0, 0, 0, 0, 0, 0, 0, 1], [0, 0, 0, 0, 1, 0, 0, 0, 1, 0, 0, 0, 0, 0], [0, 0, 0, 0, 1, 0, 0, 0, 1, 1, 0, 0, 0, 0], [1, 0, 1, 0, 1, 1, 0, 0, 0, 0, 1, 0, 0, 1], [0, 0, 0, 0, 0, 0, 0, 0, 0, 1, 1, 4, 0, 0], [0, 1, 0, 0, 1, 0, 0, 0, 0, 0, 0, 1, 2, 0], [0, 0, 0, 1, 2, 0, 1, 0, 0, 0, 0, 1, 0, 1]]"
source_expansion_Faces_to_PetImages_to_GarbageDataset,hoeffding_tree,page_hinkley,0.85,5,305042,0.17323712054674925,0.16565394219038532,0.12066438856934615,0.414,0.17323712054674925,0.16565394219038532,0.12066438856934615,0.83,0.0,0.813,0.17408460738345893,0.1972341617070455,0.1848948468015022,0.83,0.88,3.0,"[[281, 0, 0, 0, 0, 0, 1, 1, 0, 1, 0, 0, 0, 0], [60, 3, 0, 0, 1, 2, 2, 0, 0, 0, 1, 0, 0, 0], [104, 0, 126, 0, 5, 11, 0, 4, 0, 0, 2, 0, 0, 0], [5, 0, 4, 0, 0, 2, 1, 1, 0, 0, 0, 0, 0, 0], [4, 2, 1, 0, 1, 39, 55, 164, 0, 11, 67, 0, 0, 0], [0, 0, 1, 0, 0, 1, 0, 3, 0, 0, 0, 0, 0, 0], [0, 0, 0, 0, 0, 0, 1, 3, 0, 0, 0, 0, 0, 0], [0, 0, 0, 0, 0, 0, 0, 0, 0, 0, 1, 0, 0, 0], [0, 0, 0, 0, 0, 2, 0, 0, 0, 0, 0, 0, 0, 0], [0, 0, 0, 0, 0, 0, 0, 0, 0, 1, 2, 0, 0, 0], [0, 0, 0, 0, 0, 1, 0, 5, 0, 0, 0, 0, 0, 0], [0, 0, 0, 0, 0, 0, 4, 1, 0, 0, 1, 0, 0, 0], [0, 0, 0, 0, 0, 2, 0, 2, 0, 0, 1, 0, 0, 0], [0, 0, 0, 0, 0, 0, 1, 3, 0, 0, 2, 0, 0, 0]]","[[266, 1, 14, 0, 3, 0, 0, 0, 0, 0, 0, 0, 0, 0], [49, 0, 15, 0, 5, 0, 0, 0, 0, 0, 0, 0, 0, 0], [20, 2, 221, 0, 9, 0, 0, 0, 0, 0, 0, 0, 0, 0], [1, 0, 10, 0, 2, 0, 0, 0, 0, 0, 0, 0, 0, 0], [0, 0, 18, 0, 326, 0, 0, 0, 0, 0, 0, 0, 0, 0], [0, 0, 1, 0, 4, 0, 0, 0, 0, 0, 0, 0, 0, 0], [0, 0, 0, 0, 4, 0, 0, 0, 0, 0, 0, 0, 0, 0], [0, 0, 0, 0, 1, 0, 0, 0, 0, 0, 0, 0, 0, 0], [0, 0, 0, 0, 2, 0, 0, 0, 0, 0, 0, 0, 0, 0], [0, 0, 0, 0, 3, 0, 0, 0, 0, 0, 0, 0, 0, 0], [0, 0, 0, 0, 6, 0, 0, 0, 0, 0, 0, 0, 0, 0], [0, 0, 0, 0, 6, 0, 0, 0, 0, 0, 0, 0, 0, 0], [0, 0, 0, 0, 5, 0, 0, 0, 0, 0, 0, 0, 0, 0], [0, 0, 0, 0, 6, 0, 0, 0, 0, 0, 0, 0, 0, 0]]"
source_expansion_Faces_to_PetImages_to_GarbageDataset,gaussian_nb,page_hinkley,0.85,5,305042,0.3492917944174011,0.2480049306979035,0.26377611576398474,0.838,0.3492917944174011,0.2480049306979035,0.26377611576398474,0.77,0.86,0.817,0.2019745555988736,0.2128996736287854,0.20663033907664502,0.77,0.88,2.0,"[[249, 35, 0, 0, 0, 0, 0, 0, 0, 0, 0, 0, 0, 0], [55, 14, 0, 0, 0, 0, 0, 0, 0, 0, 0, 0, 0, 0], [1, 5, 246, 0, 0, 0, 0, 0, 0, 0, 0, 0, 0, 0], [2, 5, 2, 4, 0, 0, 0, 0, 0, 0, 0, 0, 0, 0], [15, 4, 0, 0, 324, 0, 0, 0, 0, 0, 1, 0, 0, 0], [3, 2, 0, 0, 0, 0, 0, 0, 0, 0, 0, 0, 0, 0], [4, 0, 0, 0, 0, 0, 0, 0, 0, 0, 0, 0, 0, 0], [0, 1, 0, 0, 0, 0, 0, 0, 0, 0, 0, 0, 0, 0], [0, 1, 0, 0, 1, 0, 0, 0, 0, 0, 0, 0, 0, 0], [1, 0, 0, 0, 2, 0, 0, 0, 0, 0, 0, 0, 0, 0], [2, 2, 0, 0, 2, 0, 0, 0, 0, 0, 0, 0, 0, 0], [3, 2, 0, 0, 0, 0, 0, 0, 0, 0, 0, 1, 0, 0], [2, 3, 0, 0, 0, 0, 0, 0, 0, 0, 0, 0, 0, 0], [2, 3, 0, 0, 1, 0, 0, 0, 0, 0, 0, 0, 0, 0]]","[[242, 40, 1, 0, 1, 0, 0, 0, 0, 0, 0, 0, 0, 0], [46, 17, 6, 0, 0, 0, 0, 0, 0, 0, 0, 0, 0, 0], [1, 4, 245, 0, 2, 0, 0, 0, 0, 0, 0, 0, 0, 0], [0, 4, 8, 0, 1, 0, 0, 0, 0, 0, 0, 0, 0, 0], [0, 0, 29, 0, 313, 2, 0, 0, 0, 0, 0, 0, 0, 0], [1, 0, 2, 0, 2, 0, 0, 0, 0, 0, 0, 0, 0, 0], [0, 0, 4, 0, 0, 0, 0, 0, 0, 0, 0, 0, 0, 0], [0, 0, 1, 0, 0, 0, 0, 0, 0, 0, 0, 0, 0, 0], [0, 0, 1, 0, 1, 0, 0, 0, 0, 0, 0, 0, 0, 0], [0, 0, 3, 0, 0, 0, 0, 0, 0, 0, 0, 0, 0, 0], [0, 0, 4, 0, 2, 0, 0, 0, 0, 0, 0, 0, 0, 0], [0, 0, 5, 0, 1, 0, 0, 0, 0, 0, 0, 0, 0, 0], [0, 0, 3, 0, 2, 0, 0, 0, 0, 0, 0, 0, 0, 0], [0, 0, 2, 0, 4, 0, 0, 0, 0, 0, 0, 0, 0, 0]]"
source_expansion_Faces_to_PetImages_to_GarbageDataset,logistic_regression,hddm_w,0.85,5,305042,0.6199342970687768,0.5126879427880072,0.5217916253254011,0.822,0.6199342970687768,0.5126879427880072,0.5217916253254011,0.5900000000000001,0.95,0.813,0.5454493632204475,0.47914924773228285,0.4816704031378413,0.5900000000000001,0.94,2.0,"[[175, 94, 2, 13, 0, 0, 0, 0, 0, 0, 0, 0, 0, 0], [35, 32, 1, 1, 0, 0, 0, 0, 0, 0, 0, 0, 0, 0], [1, 1, 249, 1, 0, 0, 0, 0, 0, 0, 0, 0, 0, 0], [0, 0, 3, 8, 1, 0, 0, 0, 0, 0, 0, 1, 0, 0], [0, 0, 1, 0, 342, 0, 0, 0, 0, 0, 0, 1, 0, 0], [0, 0, 0, 0, 1, 2, 0, 0, 1, 0, 0, 1, 0, 0], [0, 0, 0, 0, 1, 0, 2, 0, 0, 0, 0, 1, 0, 0], [1, 0, 0, 0, 0, 0, 0, 0, 0, 0, 0, 0, 0, 0], [0, 0, 0, 0, 1, 0, 0, 0, 1, 0, 0, 0, 0, 0], [0, 0, 0, 0, 2, 0, 0, 0, 0, 1, 0, 0, 0, 0], [0, 0, 1, 1, 2, 1, 0, 0, 0, 0, 1, 0, 0, 0], [0, 0, 0, 0, 0, 0, 0, 0, 0, 1, 0, 5, 0, 0], [0, 0, 0, 0, 1, 0, 0, 0, 0, 0, 0, 0, 3, 1], [0, 0, 0, 0, 3, 0, 1, 0, 0, 0, 0, 1, 0, 1]]","[[179, 103, 0, 2, 0, 0, 0, 0, 0, 0, 0, 0, 0, 0], [40, 28, 1, 0, 0, 0, 0, 0, 0, 0, 0, 0, 0, 0], [0, 3, 244, 5, 0, 0, 0, 0, 0, 0, 0, 0, 0, 0], [0, 0, 3, 8, 1, 0, 0, 1, 0, 0, 0, 0, 0, 0], [1, 0, 0, 0, 340, 0, 0, 0, 1, 0, 1, 1, 0, 0], [0, 0, 0, 0, 1, 1, 1, 0, 0, 0, 1, 1, 0, 0], [0, 0, 0, 0, 1, 0, 2, 0, 0, 0, 0, 1, 0, 0], [0, 0, 0, 0, 0, 0, 0, 0, 0, 0, 0, 0, 0, 1], [0, 0, 0, 0, 1, 0, 0, 0, 1, 0, 0, 0, 0, 0], [0, 0, 0, 0, 1, 0, 0, 0, 1, 1, 0, 0, 0, 0], [0, 0, 1, 1, 2, 1, 0, 0, 0, 0, 1, 0, 0, 0], [0, 0, 0, 0, 0, 0, 0, 0, 0, 1, 0, 5, 0, 0], [0, 1, 0, 0, 1, 0, 0, 0, 0, 0, 0, 1, 2, 0], [0, 0, 0, 0, 3, 0, 1, 0, 0, 0, 0, 1, 0, 1]]"
source_expansion_Faces_to_PetImages_to_GarbageDataset,hoeffding_tree,hddm_w,0.85,5,305042,0.17323712054674925,0.16565394219038532,0.12066438856934615,0.414,0.17323712054674925,0.16565394219038532,0.12066438856934615,0.83,0.0,0.824,0.17692760733810386,0.1993866112882537,0.18736559496852592,0.83,0.88,2.0,"[[281, 0, 0, 0, 0, 0, 1, 1, 0, 1, 0, 0, 0, 0], [60, 3, 0, 0, 1, 2, 2, 0, 0, 0, 1, 0, 0, 0], [104, 0, 126, 0, 5, 11, 0, 4, 0, 0, 2, 0, 0, 0], [5, 0, 4, 0, 0, 2, 1, 1, 0, 0, 0, 0, 0, 0], [4, 2, 1, 0, 1, 39, 55, 164, 0, 11, 67, 0, 0, 0], [0, 0, 1, 0, 0, 1, 0, 3, 0, 0, 0, 0, 0, 0], [0, 0, 0, 0, 0, 0, 1, 3, 0, 0, 0, 0, 0, 0], [0, 0, 0, 0, 0, 0, 0, 0, 0, 0, 1, 0, 0, 0], [0, 0, 0, 0, 0, 2, 0, 0, 0, 0, 0, 0, 0, 0], [0, 0, 0, 0, 0, 0, 0, 0, 0, 1, 2, 0, 0, 0], [0, 0, 0, 0, 0, 1, 0, 5, 0, 0, 0, 0, 0, 0], [0, 0, 0, 0, 0, 0, 4, 1, 0, 0, 1, 0, 0, 0], [0, 0, 0, 0, 0, 2, 0, 2, 0, 0, 1, 0, 0, 0], [0, 0, 0, 0, 0, 0, 1, 3, 0, 0, 2, 0, 0, 0]]","[[263, 0, 18, 0, 3, 0, 0, 0, 0, 0, 0, 0, 0, 0], [48, 0, 16, 0, 5, 0, 0, 0, 0, 0, 0, 0, 0, 0], [12, 2, 221, 0, 17, 0, 0, 0, 0, 0, 0, 0, 0, 0], [1, 0, 6, 0, 6, 0, 0, 0, 0, 0, 0, 0, 0, 0], [0, 0, 4, 0, 340, 0, 0, 0, 0, 0, 0, 0, 0, 0], [0, 0, 0, 0, 5, 0, 0, 0, 0, 0, 0, 0, 0, 0], [0, 0, 0, 0, 4, 0, 0, 0, 0, 0, 0, 0, 0, 0], [0, 0, 0, 0, 1, 0, 0, 0, 0, 0, 0, 0, 0, 0], [0, 0, 0, 0, 2, 0, 0, 0, 0, 0, 0, 0, 0, 0], [0, 0, 0, 0, 3, 0, 0, 0, 0, 0, 0, 0, 0, 0], [0, 0, 0, 0, 6, 0, 0, 0, 0, 0, 0, 0, 0, 0], [0, 0, 0, 0, 6, 0, 0, 0, 0, 0, 0, 0, 0, 0], [0, 0, 0, 0, 5, 0, 0, 0, 0, 0, 0, 0, 0, 0], [0, 0, 0, 0, 6, 0, 0, 0, 0, 0, 0, 0, 0, 0]]"
source_expansion_Faces_to_PetImages_to_GarbageDataset,gaussian_nb,hddm_w,0.85,5,305042,0.3492917944174011,0.2480049306979035,0.26377611576398474,0.838,0.3492917944174011,0.2480049306979035,0.26377611576398474,0.77,0.86,0.838,0.3492917944174011,0.2480049306979035,0.26377611576398474,0.77,0.86,0.0,"[[249, 35, 0, 0, 0, 0, 0, 0, 0, 0, 0, 0, 0, 0], [55, 14, 0, 0, 0, 0, 0, 0, 0, 0, 0, 0, 0, 0], [1, 5, 246, 0, 0, 0, 0, 0, 0, 0, 0, 0, 0, 0], [2, 5, 2, 4, 0, 0, 0, 0, 0, 0, 0, 0, 0, 0], [15, 4, 0, 0, 324, 0, 0, 0, 0, 0, 1, 0, 0, 0], [3, 2, 0, 0, 0, 0, 0, 0, 0, 0, 0, 0, 0, 0], [4, 0, 0, 0, 0, 0, 0, 0, 0, 0, 0, 0, 0, 0], [0, 1, 0, 0, 0, 0, 0, 0, 0, 0, 0, 0, 0, 0], [0, 1, 0, 0, 1, 0, 0, 0, 0, 0, 0, 0, 0, 0], [1, 0, 0, 0, 2, 0, 0, 0, 0, 0, 0, 0, 0, 0], [2, 2, 0, 0, 2, 0, 0, 0, 0, 0, 0, 0, 0, 0], [3, 2, 0, 0, 0, 0, 0, 0, 0, 0, 0, 1, 0, 0], [2, 3, 0, 0, 0, 0, 0, 0, 0, 0, 0, 0, 0, 0], [2, 3, 0, 0, 1, 0, 0, 0, 0, 0, 0, 0, 0, 0]]","[[249, 35, 0, 0, 0, 0, 0, 0, 0, 0, 0, 0, 0, 0], [55, 14, 0, 0, 0, 0, 0, 0, 0, 0, 0, 0, 0, 0], [1, 5, 246, 0, 0, 0, 0, 0, 0, 0, 0, 0, 0, 0], [2, 5, 2, 4, 0, 0, 0, 0, 0, 0, 0, 0, 0, 0], [15, 4, 0, 0, 324, 0, 0, 0, 0, 0, 1, 0, 0, 0], [3, 2, 0, 0, 0, 0, 0, 0, 0, 0, 0, 0, 0, 0], [4, 0, 0, 0, 0, 0, 0, 0, 0, 0, 0, 0, 0, 0], [0, 1, 0, 0, 0, 0, 0, 0, 0, 0, 0, 0, 0, 0], [0, 1, 0, 0, 1, 0, 0, 0, 0, 0, 0, 0, 0, 0], [1, 0, 0, 0, 2, 0, 0, 0, 0, 0, 0, 0, 0, 0], [2, 2, 0, 0, 2, 0, 0, 0, 0, 0, 0, 0, 0, 0], [3, 2, 0, 0, 0, 0, 0, 0, 0, 0, 0, 1, 0, 0], [2, 3, 0, 0, 0, 0, 0, 0, 0, 0, 0, 0, 0, 0], [2, 3, 0, 0, 1, 0, 0, 0, 0, 0, 0, 0, 0, 0]]"
source_expansion_Faces_to_PetImages_to_GarbageDataset,logistic_regression,kswin,0.85,6,306042,0.5379749617893548,0.4336846143812777,0.45602977251304516,0.839,0.5379749617893548,0.4336846143812777,0.45602977251304516,0.55,0.89,0.794,0.44651204145997764,0.424436321736328,0.42087753227201735,0.55,0.87,1.0,"[[153, 72, 2, 6, 0, 0, 0, 0, 0, 0, 0, 0, 0, 0], [36, 27, 1, 4, 0, 0, 0, 0, 0, 0, 0, 0, 0, 0], [0, 1, 321, 3, 0, 1, 0, 0, 0, 0, 0, 0, 0, 0], [0, 0, 2, 18, 0, 0, 0, 0, 0, 0, 0, 0, 0, 0], [0, 0, 0, 1, 308, 0, 0, 0, 0, 1, 0, 1, 0, 0], [0, 0, 0, 0, 1, 2, 0, 0, 1, 1, 0, 0, 1, 0], [0, 0, 0, 0, 2, 0, 1, 0, 0, 0, 0, 0, 0, 0], [1, 1, 0, 0, 0, 0, 0, 0, 0, 0, 0, 0, 0, 0], [0, 0, 0, 0, 2, 0, 0, 0, 0, 0, 0, 0, 1, 0], [0, 0, 0, 0, 4, 0, 0, 0, 0, 2, 0, 0, 0, 1], [0, 0, 0, 0, 4, 0, 0, 0, 0, 0, 0, 0, 0, 0], [0, 0, 1, 0, 2, 0, 0, 0, 0, 0, 2, 2, 0, 0], [0, 1, 0, 2, 0, 0, 0, 0, 0, 0, 0, 0, 4, 0], [0, 0, 0, 0, 1, 0, 0, 0, 1, 0, 0, 0, 0, 1]]","[[151, 75, 3, 2, 1, 0, 0, 0, 0, 0, 1, 0, 0, 0], [42, 24, 1, 0, 0, 0, 0, 0, 0, 1, 0, 0, 0, 0], [11, 8, 282, 24, 0, 0, 0, 0, 0, 0, 1, 0, 0, 0], [1, 0, 3, 16, 0, 0, 0, 0, 0, 0, 0, 0, 0, 0], [0, 0, 0, 1, 308, 0, 0, 0, 0, 1, 0, 1, 0, 0], [0, 0, 0, 0, 1, 2, 0, 0, 1, 1, 0, 0, 1, 0], [0, 0, 0, 0, 0, 0, 1, 0, 0, 0, 0, 1, 0, 1], [1, 1, 0, 0, 0, 0, 0, 0, 0, 0, 0, 0, 0, 0], [0, 0, 0, 0, 2, 0, 0, 0, 0, 0, 0, 0, 1, 0], [0, 0, 0, 0, 3, 0, 0, 0, 0, 3, 0, 0, 0, 1], [0, 0, 0, 0, 4, 0, 0, 0, 0, 0, 0, 0, 0, 0], [0, 0, 0, 0, 2, 0, 0, 0, 0, 0, 2, 2, 1, 0], [0, 0, 0, 0, 1, 1, 0, 0, 0, 1, 0, 0, 4, 0], [0, 0, 0, 1, 0, 0, 1, 0, 0, 0, 0, 0, 0, 1]]"
source_expansion_Faces_to_PetImages_to_GarbageDataset,hoeffding_tree,kswin,0.85,6,306042,0.2696339902347912,0.21396611159184747,0.1608365473491117,0.525,0.2696339902347912,0.21396611159184747,0.1608365473491117,0.8200000000000001,0.78,0.783,0.16764121719456546,0.19243659640110328,0.17905019613041726,0.8200000000000001,0.84,4.0,"[[227, 2, 0, 0, 0, 0, 0, 3, 0, 0, 1, 0, 0, 0], [60, 5, 0, 0, 1, 0, 2, 0, 0, 0, 0, 0, 0, 0], [71, 3, 213, 0, 7, 8, 0, 3, 2, 0, 17, 2, 0, 0], [7, 5, 3, 1, 0, 0, 1, 2, 0, 0, 1, 0, 0, 0], [2, 2, 1, 0, 76, 7, 63, 125, 14, 0, 20, 1, 0, 0], [0, 1, 0, 0, 0, 1, 1, 2, 0, 0, 1, 0, 0, 0], [1, 0, 0, 0, 0, 0, 1, 1, 0, 0, 0, 0, 0, 0], [0, 0, 0, 0, 0, 0, 0, 1, 1, 0, 0, 0, 0, 0], [0, 0, 0, 0, 0, 0, 2, 0, 0, 0, 1, 0, 0, 0], [1, 0, 0, 0, 1, 0, 2, 3, 0, 0, 0, 0, 0, 0], [1, 0, 0, 0, 1, 0, 0, 1, 0, 0, 0, 1, 0, 0], [0, 2, 0, 0, 1, 0, 2, 2, 0, 0, 0, 0, 0, 0], [0, 1, 0, 0, 0, 1, 1, 3, 0, 0, 1, 0, 0, 0], [0, 1, 0, 0, 0, 0, 0, 1, 1, 0, 0, 0, 0, 0]]","[[205, 0, 23, 0, 5, 0, 0, 0, 0, 0, 0, 0, 0, 0], [48, 0, 17, 0, 3, 0, 0, 0, 0, 0, 0, 0, 0, 0], [22, 0, 299, 0, 5, 0, 0, 0, 0, 0, 0, 0, 0, 0], [2, 0, 15, 0, 3, 0, 0, 0, 0, 0, 0, 0, 0, 0], [1, 0, 30, 0, 279, 1, 0, 0, 0, 0, 0, 0, 0, 0], [0, 0, 2, 0, 4, 0, 0, 0, 0, 0, 0, 0, 0, 0], [0, 0, 0, 0, 3, 0, 0, 0, 0, 0, 0, 0, 0, 0], [0, 0, 0, 0, 2, 0, 0, 0, 0, 0, 0, 0, 0, 0], [0, 0, 0, 0, 3, 0, 0, 0, 0, 0, 0, 0, 0, 0], [0, 0, 0, 0, 7, 0, 0, 0, 0, 0, 0, 0, 0, 0], [0, 0, 1, 0, 3, 0, 0, 0, 0, 0, 0, 0, 0, 0], [0, 0, 1, 0, 6, 0, 0, 0, 0, 0, 0, 0, 0, 0], [0, 0, 2, 0, 5, 0, 0, 0, 0, 0, 0, 0, 0, 0], [0, 0, 0, 0, 3, 0, 0, 0, 0, 0, 0, 0, 0, 0]]"
source_expansion_Faces_to_PetImages_to_GarbageDataset,gaussian_nb,kswin,0.85,6,306042,0.2728049134657931,0.2789191861722188,0.2751040380498381,0.846,0.2728049134657931,0.2789191861722188,0.2751040380498381,0.79,0.8200000000000001,0.846,0.2728049134657931,0.2789191861722188,0.2751040380498381,0.79,0.8200000000000001,0.0,"[[212, 21, 0, 0, 0, 0, 0, 0, 0, 0, 0, 0, 0, 0], [54, 14, 0, 0, 0, 0, 0, 0, 0, 0, 0, 0, 0, 0], [3, 8, 310, 5, 0, 0, 0, 0, 0, 0, 0, 0, 0, 0], [0, 4, 1, 15, 0, 0, 0, 0, 0, 0, 0, 0, 0, 0], [2, 12, 0, 0, 294, 0, 0, 0, 0, 0, 0, 3, 0, 0], [0, 6, 0, 0, 0, 0, 0, 0, 0, 0, 0, 0, 0, 0], [1, 0, 0, 0, 1, 0, 0, 0, 0, 0, 0, 1, 0, 0], [1, 1, 0, 0, 0, 0, 0, 0, 0, 0, 0, 0, 0, 0], [0, 3, 0, 0, 0, 0, 0, 0, 0, 0, 0, 0, 0, 0], [2, 3, 0, 0, 1, 0, 0, 0, 0, 0, 0, 1, 0, 0], [1, 1, 0, 0, 2, 0, 0, 0, 0, 0, 0, 0, 0, 0], [1, 5, 0, 0, 0, 0, 0, 0, 0, 0, 0, 1, 0, 0], [2, 3, 0, 0, 2, 0, 0, 0, 0, 0, 0, 0, 0, 0], [1, 2, 0, 0, 0, 0, 0, 0, 0, 0, 0, 0, 0, 0]]","[[212, 21, 0, 0, 0, 0, 0, 0, 0, 0, 0, 0, 0, 0], [54, 14, 0, 0, 0, 0, 0, 0, 0, 0, 0, 0, 0, 0], [3, 8, 310, 5, 0, 0, 0, 0, 0, 0, 0, 0, 0, 0], [0, 4, 1, 15, 0, 0, 0, 0, 0, 0, 0, 0, 0, 0], [2, 12, 0, 0, 294, 0, 0, 0, 0, 0, 0, 3, 0, 0], [0, 6, 0, 0, 0, 0, 0, 0, 0, 0, 0, 0, 0, 0], [1, 0, 0, 0, 1, 0, 0, 0, 0, 0, 0, 1, 0, 0], [1, 1, 0, 0, 0, 0, 0, 0, 0, 0, 0, 0, 0, 0], [0, 3, 0, 0, 0, 0, 0, 0, 0, 0, 0, 0, 0, 0], [2, 3, 0, 0, 1, 0, 0, 0, 0, 0, 0, 1, 0, 0], [1, 1, 0, 0, 2, 0, 0, 0, 0, 0, 0, 0, 0, 0], [1, 5, 0, 0, 0, 0, 0, 0, 0, 0, 0, 1, 0, 0], [2, 3, 0, 0, 2, 0, 0, 0, 0, 0, 0, 0, 0, 0], [1, 2, 0, 0, 0, 0, 0, 0, 0, 0, 0, 0, 0, 0]]"
source_expansion_Faces_to_PetImages_to_GarbageDataset,logistic_regression,adwin,0.85,6,306042,0.5379749617893548,0.4336846143812777,0.45602977251304516,0.839,0.5379749617893548,0.4336846143812777,0.45602977251304516,0.55,0.89,0.78,0.432978729721808,0.41195281257395433,0.40946620824711183,0.55,0.87,1.0,"[[153, 72, 2, 6, 0, 0, 0, 0, 0, 0, 0, 0, 0, 0], [36, 27, 1, 4, 0, 0, 0, 0, 0, 0, 0, 0, 0, 0], [0, 1, 321, 3, 0, 1, 0, 0, 0, 0, 0, 0, 0, 0], [0, 0, 2, 18, 0, 0, 0, 0, 0, 0, 0, 0, 0, 0], [0, 0, 0, 1, 308, 0, 0, 0, 0, 1, 0, 1, 0, 0], [0, 0, 0, 0, 1, 2, 0, 0, 1, 1, 0, 0, 1, 0], [0, 0, 0, 0, 2, 0, 1, 0, 0, 0, 0, 0, 0, 0], [1, 1, 0, 0, 0, 0, 0, 0, 0, 0, 0, 0, 0, 0], [0, 0, 0, 0, 2, 0, 0, 0, 0, 0, 0, 0, 1, 0], [0, 0, 0, 0, 4, 0, 0, 0, 0, 2, 0, 0, 0, 1], [0, 0, 0, 0, 4, 0, 0, 0, 0, 0, 0, 0, 0, 0], [0, 0, 1, 0, 2, 0, 0, 0, 0, 0, 2, 2, 0, 0], [0, 1, 0, 2, 0, 0, 0, 0, 0, 0, 0, 0, 4, 0], [0, 0, 0, 0, 1, 0, 0, 0, 1, 0, 0, 0, 0, 1]]","[[148, 75, 3, 6, 0, 0, 0, 0, 0, 0, 1, 0, 0, 0], [40, 25, 1, 1, 1, 0, 0, 0, 0, 0, 0, 0, 0, 0], [24, 12, 271, 16, 0, 0, 0, 0, 0, 0, 2, 1, 0, 0], [0, 1, 3, 16, 0, 0, 0, 0, 0, 0, 0, 0, 0, 0], [0, 0, 0, 1, 308, 0, 0, 0, 0, 1, 0, 1, 0, 0], [0, 0, 0, 1, 1, 2, 0, 0, 1, 1, 0, 0, 0, 0], [0, 0, 0, 0, 0, 0, 1, 0, 0, 0, 0, 1, 0, 1], [1, 0, 0, 0, 0, 0, 1, 0, 0, 0, 0, 0, 0, 0], [0, 0, 0, 0, 2, 0, 0, 0, 0, 0, 0, 0, 1, 0], [0, 0, 0, 0, 3, 0, 0, 0, 0, 3, 0, 0, 0, 1], [0, 0, 0, 0, 4, 0, 0, 0, 0, 0, 0, 0, 0, 0], [0, 0, 0, 0, 2, 0, 0, 0, 0, 0, 2, 2, 1, 0], [0, 0, 0, 0, 1, 1, 0, 0, 1, 1, 0, 0, 3, 0], [0, 0, 0, 1, 0, 0, 1, 0, 0, 0, 0, 0, 0, 1]]"
source_expansion_Faces_to_PetImages_to_GarbageDataset,hoeffding_tree,adwin,0.85,6,306042,0.2696339902347912,0.21396611159184747,0.1608365473491117,0.525,0.2696339902347912,0.21396611159184747,0.1608365473491117,0.8200000000000001,0.78,0.784,0.18220602526724977,0.20311730920348756,0.19125698347201836,0.8200000000000001,0.83,4.0,"[[227, 2, 0, 0, 0, 0, 0, 3, 0, 0, 1, 0, 0, 0], [60, 5, 0, 0, 1, 0, 2, 0, 0, 0, 0, 0, 0, 0], [71, 3, 213, 0, 7, 8, 0, 3, 2, 0, 17, 2, 0, 0], [7, 5, 3, 1, 0, 0, 1, 2, 0, 0, 1, 0, 0, 0], [2, 2, 1, 0, 76, 7, 63, 125, 14, 0, 20, 1, 0, 0], [0, 1, 0, 0, 0, 1, 1, 2, 0, 0, 1, 0, 0, 0], [1, 0, 0, 0, 0, 0, 1, 1, 0, 0, 0, 0, 0, 0], [0, 0, 0, 0, 0, 0, 0, 1, 1, 0, 0, 0, 0, 0], [0, 0, 0, 0, 0, 0, 2, 0, 0, 0, 1, 0, 0, 0], [1, 0, 0, 0, 1, 0, 2, 3, 0, 0, 0, 0, 0, 0], [1, 0, 0, 0, 1, 0, 0, 1, 0, 0, 0, 1, 0, 0], [0, 2, 0, 0, 1, 0, 2, 2, 0, 0, 0, 0, 0, 0], [0, 1, 0, 0, 0, 1, 1, 3, 0, 0, 1, 0, 0, 0], [0, 1, 0, 0, 0, 0, 0, 1, 1, 0, 0, 0, 0, 0]]","[[209, 0, 19, 0, 5, 0, 0, 0, 0, 0, 0, 0, 0, 0], [49, 0, 16, 0, 3, 0, 0, 0, 0, 0, 0, 0, 0, 0], [32, 1, 283, 0, 10, 0, 0, 0, 0, 0, 0, 0, 0, 0], [2, 0, 14, 0, 4, 0, 0, 0, 0, 0, 0, 0, 0, 0], [1, 0, 15, 0, 291, 0, 0, 0, 0, 0, 0, 4, 0, 0], [0, 0, 1, 0, 5, 0, 0, 0, 0, 0, 0, 0, 0, 0], [0, 0, 0, 0, 3, 0, 0, 0, 0, 0, 0, 0, 0, 0], [0, 0, 0, 0, 2, 0, 0, 0, 0, 0, 0, 0, 0, 0], [0, 0, 0, 0, 3, 0, 0, 0, 0, 0, 0, 0, 0, 0], [0, 0, 0, 0, 7, 0, 0, 0, 0, 0, 0, 0, 0, 0], [0, 0, 1, 0, 3, 0, 0, 0, 0, 0, 0, 0, 0, 0], [1, 0, 1, 0, 4, 0, 0, 0, 0, 0, 0, 1, 0, 0], [0, 0, 0, 0, 7, 0, 0, 0, 0, 0, 0, 0, 0, 0], [0, 0, 0, 0, 3, 0, 0, 0, 0, 0, 0, 0, 0, 0]]"
source_expansion_Faces_to_PetImages_to_GarbageDataset,gaussian_nb,adwin,0.85,6,306042,0.2728049134657931,0.2789191861722188,0.2751040380498381,0.846,0.2728049134657931,0.2789191861722188,0.2751040380498381,0.79,0.8200000000000001,0.837,0.27931220395216194,0.2577645866352217,0.26374689479355695,0.79,0.8200000000000001,1.0,"[[212, 21, 0, 0, 0, 0, 0, 0, 0, 0, 0, 0, 0, 0], [54, 14, 0, 0, 0, 0, 0, 0, 0, 0, 0, 0, 0, 0], [3, 8, 310, 5, 0, 0, 0, 0, 0, 0, 0, 0, 0, 0], [0, 4, 1, 15, 0, 0, 0, 0, 0, 0, 0, 0, 0, 0], [2, 12, 0, 0, 294, 0, 0, 0, 0, 0, 0, 3, 0, 0], [0, 6, 0, 0, 0, 0, 0, 0, 0, 0, 0, 0, 0, 0], [1, 0, 0, 0, 1, 0, 0, 0, 0, 0, 0, 1, 0, 0], [1, 1, 0, 0, 0, 0, 0, 0, 0, 0, 0, 0, 0, 0], [0, 3, 0, 0, 0, 0, 0, 0, 0, 0, 0, 0, 0, 0], [2, 3, 0, 0, 1, 0, 0, 0, 0, 0, 0, 1, 0, 0], [1, 1, 0, 0, 2, 0, 0, 0, 0, 0, 0, 0, 0, 0], [1, 5, 0, 0, 0, 0, 0, 0, 0, 0, 0, 1, 0, 0], [2, 3, 0, 0, 2, 0, 0, 0, 0, 0, 0, 0, 0, 0], [1, 2, 0, 0, 0, 0, 0, 0, 0, 0, 0, 0, 0, 0]]","[[204, 25, 4, 0, 0, 0, 0, 0, 0, 0, 0, 0, 0, 0], [48, 16, 4, 0, 0, 0, 0, 0, 0, 0, 0, 0, 0, 0], [1, 7, 316, 2, 0, 0, 0, 0, 0, 0, 0, 0, 0, 0], [0, 4, 7, 9, 0, 0, 0, 0, 0, 0, 0, 0, 0, 0], [0, 0, 17, 0, 291, 0, 0, 0, 0, 0, 0, 3, 0, 0], [0, 0, 6, 0, 0, 0, 0, 0, 0, 0, 0, 0, 0, 0], [0, 0, 2, 0, 0, 0, 0, 0, 0, 0, 0, 1, 0, 0], [0, 0, 2, 0, 0, 0, 0, 0, 0, 0, 0, 0, 0, 0], [0, 0, 3, 0, 0, 0, 0, 0, 0, 0, 0, 0, 0, 0], [0, 0, 5, 0, 1, 0, 0, 0, 0, 0, 0, 1, 0, 0], [0, 0, 2, 0, 2, 0, 0, 0, 0, 0, 0, 0, 0, 0], [0, 0, 6, 0, 0, 0, 0, 0, 0, 0, 0, 1, 0, 0], [0, 0, 6, 0, 1, 0, 0, 0, 0, 0, 0, 0, 0, 0], [0, 0, 3, 0, 0, 0, 0, 0, 0, 0, 0, 0, 0, 0]]"
source_expansion_Faces_to_PetImages_to_GarbageDataset,logistic_regression,page_hinkley,0.85,6,306042,0.5379749617893548,0.4336846143812777,0.45602977251304516,0.839,0.5379749617893548,0.4336846143812777,0.45602977251304516,0.55,0.89,0.791,0.4330653041785114,0.41453788778469114,0.40837544906661394,0.55,0.86,1.0,"[[153, 72, 2, 6, 0, 0, 0, 0, 0, 0, 0, 0, 0, 0], [36, 27, 1, 4, 0, 0, 0, 0, 0, 0, 0, 0, 0, 0], [0, 1, 321, 3, 0, 1, 0, 0, 0, 0, 0, 0, 0, 0], [0, 0, 2, 18, 0, 0, 0, 0, 0, 0, 0, 0, 0, 0], [0, 0, 0, 1, 308, 0, 0, 0, 0, 1, 0, 1, 0, 0], [0, 0, 0, 0, 1, 2, 0, 0, 1, 1, 0, 0, 1, 0], [0, 0, 0, 0, 2, 0, 1, 0, 0, 0, 0, 0, 0, 0], [1, 1, 0, 0, 0, 0, 0, 0, 0, 0, 0, 0, 0, 0], [0, 0, 0, 0, 2, 0, 0, 0, 0, 0, 0, 0, 1, 0], [0, 0, 0, 0, 4, 0, 0, 0, 0, 2, 0, 0, 0, 1], [0, 0, 0, 0, 4, 0, 0, 0, 0, 0, 0, 0, 0, 0], [0, 0, 1, 0, 2, 0, 0, 0, 0, 0, 2, 2, 0, 0], [0, 1, 0, 2, 0, 0, 0, 0, 0, 0, 0, 0, 4, 0], [0, 0, 0, 0, 1, 0, 0, 0, 1, 0, 0, 0, 0, 1]]","[[150, 75, 2, 4, 1, 0, 0, 0, 0, 0, 1, 0, 0, 0], [41, 25, 1, 1, 0, 0, 0, 0, 0, 0, 0, 0, 0, 0], [8, 13, 280, 25, 0, 0, 0, 0, 0, 0, 0, 0, 0, 0], [1, 0, 3, 16, 0, 0, 0, 0, 0, 0, 0, 0, 0, 0], [0, 0, 0, 1, 308, 0, 0, 0, 0, 1, 0, 1, 0, 0], [0, 0, 0, 0, 1, 2, 0, 0, 1, 1, 0, 0, 1, 0], [0, 0, 0, 0, 0, 0, 1, 0, 0, 0, 0, 1, 0, 1], [1, 0, 0, 0, 0, 0, 1, 0, 0, 0, 0, 0, 0, 0], [0, 0, 0, 0, 2, 0, 0, 0, 0, 0, 0, 0, 1, 0], [0, 0, 0, 0, 3, 0, 0, 0, 0, 3, 0, 0, 0, 1], [0, 0, 0, 0, 4, 0, 0, 0, 0, 0, 0, 0, 0, 0], [0, 0, 0, 0, 2, 0, 0, 0, 0, 0, 2, 2, 1, 0], [0, 0, 0, 1, 1, 1, 0, 0, 0, 1, 0, 0, 3, 0], [0, 0, 0, 1, 0, 0, 1, 0, 0, 0, 0, 0, 0, 1]]"
source_expansion_Faces_to_PetImages_to_GarbageDataset,hoeffding_tree,page_hinkley,0.85,6,306042,0.2696339902347912,0.21396611159184747,0.1608365473491117,0.525,0.2696339902347912,0.21396611159184747,0.1608365473491117,0.8200000000000001,0.78,0.783,0.1824006128347056,0.20241100417064195,0.1911062989850785,0.8200000000000001,0.83,4.0,"[[227, 2, 0, 0, 0, 0, 0, 3, 0, 0, 1, 0, 0, 0], [60, 5, 0, 0, 1, 0, 2, 0, 0, 0, 0, 0, 0, 0], [71, 3, 213, 0, 7, 8, 0, 3, 2, 0, 17, 2, 0, 0], [7, 5, 3, 1, 0, 0, 1, 2, 0, 0, 1, 0, 0, 0], [2, 2, 1, 0, 76, 7, 63, 125, 14, 0, 20, 1, 0, 0], [0, 1, 0, 0, 0, 1, 1, 2, 0, 0, 1, 0, 0, 0], [1, 0, 0, 0, 0, 0, 1, 1, 0, 0, 0, 0, 0, 0], [0, 0, 0, 0, 0, 0, 0, 1, 1, 0, 0, 0, 0, 0], [0, 0, 0, 0, 0, 0, 2, 0, 0, 0, 1, 0, 0, 0], [1, 0, 0, 0, 1, 0, 2, 3, 0, 0, 0, 0, 0, 0], [1, 0, 0, 0, 1, 0, 0, 1, 0, 0, 0, 1, 0, 0], [0, 2, 0, 0, 1, 0, 2, 2, 0, 0, 0, 0, 0, 0], [0, 1, 0, 0, 0, 1, 1, 3, 0, 0, 1, 0, 0, 0], [0, 1, 0, 0, 0, 0, 0, 1, 1, 0, 0, 0, 0, 0]]","[[205, 0, 23, 0, 5, 0, 0, 0, 0, 0, 0, 0, 0, 0], [48, 0, 17, 0, 3, 0, 0, 0, 0, 0, 0, 0, 0, 0], [22, 0, 299, 0, 5, 0, 0, 0, 0, 0, 0, 0, 0, 0], [2, 0, 15, 0, 3, 0, 0, 0, 0, 0, 0, 0, 0, 0], [0, 0, 29, 0, 278, 0, 0, 0, 0, 0, 0, 4, 0, 0], [0, 0, 2, 0, 4, 0, 0, 0, 0, 0, 0, 0, 0, 0], [0, 0, 0, 0, 3, 0, 0, 0, 0, 0, 0, 0, 0, 0], [0, 0, 0, 0, 2, 0, 0, 0, 0, 0, 0, 0, 0, 0], [0, 0, 0, 0, 3, 0, 0, 0, 0, 0, 0, 0, 0, 0], [0, 0, 0, 0, 7, 0, 0, 0, 0, 0, 0, 0, 0, 0], [0, 0, 1, 0, 3, 0, 0, 0, 0, 0, 0, 0, 0, 0], [1, 0, 1, 0, 4, 0, 0, 0, 0, 0, 0, 1, 0, 0], [0, 0, 2, 0, 5, 0, 0, 0, 0, 0, 0, 0, 0, 0], [0, 0, 0, 0, 3, 0, 0, 0, 0, 0, 0, 0, 0, 0]]"
source_expansion_Faces_to_PetImages_to_GarbageDataset,gaussian_nb,page_hinkley,0.85,6,306042,0.2728049134657931,0.2789191861722188,0.2751040380498381,0.846,0.2728049134657931,0.2789191861722188,0.2751040380498381,0.79,0.8200000000000001,0.837,0.2551064821743697,0.241099120224062,0.24377236374655828,0.79,0.86,2.0,"[[212, 21, 0, 0, 0, 0, 0, 0, 0, 0, 0, 0, 0, 0], [54, 14, 0, 0, 0, 0, 0, 0, 0, 0, 0, 0, 0, 0], [3, 8, 310, 5, 0, 0, 0, 0, 0, 0, 0, 0, 0, 0], [0, 4, 1, 15, 0, 0, 0, 0, 0, 0, 0, 0, 0, 0], [2, 12, 0, 0, 294, 0, 0, 0, 0, 0, 0, 3, 0, 0], [0, 6, 0, 0, 0, 0, 0, 0, 0, 0, 0, 0, 0, 0], [1, 0, 0, 0, 1, 0, 0, 0, 0, 0, 0, 1, 0, 0], [1, 1, 0, 0, 0, 0, 0, 0, 0, 0, 0, 0, 0, 0], [0, 3, 0, 0, 0, 0, 0, 0, 0, 0, 0, 0, 0, 0], [2, 3, 0, 0, 1, 0, 0, 0, 0, 0, 0, 1, 0, 0], [1, 1, 0, 0, 2, 0, 0, 0, 0, 0, 0, 0, 0, 0], [1, 5, 0, 0, 0, 0, 0, 0, 0, 0, 0, 1, 0, 0], [2, 3, 0, 0, 2, 0, 0, 0, 0, 0, 0, 0, 0, 0], [1, 2, 0, 0, 0, 0, 0, 0, 0, 0, 0, 0, 0, 0]]","[[203, 23, 5, 0, 2, 0, 0, 0, 0, 0, 0, 0, 0, 0], [52, 12, 3, 0, 1, 0, 0, 0, 0, 0, 0, 0, 0, 0], [1, 7, 315, 1, 2, 0, 0, 0, 0, 0, 0, 0, 0, 0], [0, 4, 7, 8, 1, 0, 0, 0, 0, 0, 0, 0, 0, 0], [1, 0, 11, 0, 299, 0, 0, 0, 0, 0, 0, 0, 0, 0], [0, 0, 4, 0, 2, 0, 0, 0, 0, 0, 0, 0, 0, 0], [0, 0, 1, 0, 2, 0, 0, 0, 0, 0, 0, 0, 0, 0], [0, 0, 1, 0, 1, 0, 0, 0, 0, 0, 0, 0, 0, 0], [0, 0, 3, 0, 0, 0, 0, 0, 0, 0, 0, 0, 0, 0], [0, 0, 4, 0, 3, 0, 0, 0, 0, 0, 0, 0, 0, 0], [0, 0, 1, 0, 3, 0, 0, 0, 0, 0, 0, 0, 0, 0], [0, 0, 4, 0, 3, 0, 0, 0, 0, 0, 0, 0, 0, 0], [0, 0, 3, 1, 3, 0, 0, 0, 0, 0, 0, 0, 0, 0], [0, 0, 1, 1, 1, 0, 0, 0, 0, 0, 0, 0, 0, 0]]"
source_expansion_Faces_to_PetImages_to_GarbageDataset,logistic_regression,hddm_w,0.85,6,306042,0.5379749617893548,0.4336846143812777,0.45602977251304516,0.839,0.5379749617893548,0.4336846143812777,0.45602977251304516,0.55,0.89,0.839,0.5379749617893548,0.4336846143812777,0.45602977251304516,0.55,0.89,0.0,"[[153, 72, 2, 6, 0, 0, 0, 0, 0, 0, 0, 0, 0, 0], [36, 27, 1, 4, 0, 0, 0, 0, 0, 0, 0, 0, 0, 0], [0, 1, 321, 3, 0, 1, 0, 0, 0, 0, 0, 0, 0, 0], [0, 0, 2, 18, 0, 0, 0, 0, 0, 0, 0, 0, 0, 0], [0, 0, 0, 1, 308, 0, 0, 0, 0, 1, 0, 1, 0, 0], [0, 0, 0, 0, 1, 2, 0, 0, 1, 1, 0, 0, 1, 0], [0, 0, 0, 0, 2, 0, 1, 0, 0, 0, 0, 0, 0, 0], [1, 1, 0, 0, 0, 0, 0, 0, 0, 0, 0, 0, 0, 0], [0, 0, 0, 0, 2, 0, 0, 0, 0, 0, 0, 0, 1, 0], [0, 0, 0, 0, 4, 0, 0, 0, 0, 2, 0, 0, 0, 1], [0, 0, 0, 0, 4, 0, 0, 0, 0, 0, 0, 0, 0, 0], [0, 0, 1, 0, 2, 0, 0, 0, 0, 0, 2, 2, 0, 0], [0, 1, 0, 2, 0, 0, 0, 0, 0, 0, 0, 0, 4, 0], [0, 0, 0, 0, 1, 0, 0, 0, 1, 0, 0, 0, 0, 1]]","[[153, 72, 2, 6, 0, 0, 0, 0, 0, 0, 0, 0, 0, 0], [36, 27, 1, 4, 0, 0, 0, 0, 0, 0, 0, 0, 0, 0], [0, 1, 321, 3, 0, 1, 0, 0, 0, 0, 0, 0, 0, 0], [0, 0, 2, 18, 0, 0, 0, 0, 0, 0, 0, 0, 0, 0], [0, 0, 0, 1, 308, 0, 0, 0, 0, 1, 0, 1, 0, 0], [0, 0, 0, 0, 1, 2, 0, 0, 1, 1, 0, 0, 1, 0], [0, 0, 0, 0, 2, 0, 1, 0, 0, 0, 0, 0, 0, 0], [1, 1, 0, 0, 0, 0, 0, 0, 0, 0, 0, 0, 0, 0], [0, 0, 0, 0, 2, 0, 0, 0, 0, 0, 0, 0, 1, 0], [0, 0, 0, 0, 4, 0, 0, 0, 0, 2, 0, 0, 0, 1], [0, 0, 0, 0, 4, 0, 0, 0, 0, 0, 0, 0, 0, 0], [0, 0, 1, 0, 2, 0, 0, 0, 0, 0, 2, 2, 0, 0], [0, 1, 0, 2, 0, 0, 0, 0, 0, 0, 0, 0, 4, 0], [0, 0, 0, 0, 1, 0, 0, 0, 1, 0, 0, 0, 0, 1]]"
source_expansion_Faces_to_PetImages_to_GarbageDataset,hoeffding_tree,hddm_w,0.85,6,306042,0.2696339902347912,0.21396611159184747,0.1608365473491117,0.525,0.2696339902347912,0.21396611159184747,0.1608365473491117,0.8200000000000001,0.78,0.781,0.16739230950239323,0.1919426334087415,0.17875202423862507,0.8200000000000001,0.86,2.0,"[[227, 2, 0, 0, 0, 0, 0, 3, 0, 0, 1, 0, 0, 0], [60, 5, 0, 0, 1, 0, 2, 0, 0, 0, 0, 0, 0, 0], [71, 3, 213, 0, 7, 8, 0, 3, 2, 0, 17, 2, 0, 0], [7, 5, 3, 1, 0, 0, 1, 2, 0, 0, 1, 0, 0, 0], [2, 2, 1, 0, 76, 7, 63, 125, 14, 0, 20, 1, 0, 0], [0, 1, 0, 0, 0, 1, 1, 2, 0, 0, 1, 0, 0, 0], [1, 0, 0, 0, 0, 0, 1, 1, 0, 0, 0, 0, 0, 0], [0, 0, 0, 0, 0, 0, 0, 1, 1, 0, 0, 0, 0, 0], [0, 0, 0, 0, 0, 0, 2, 0, 0, 0, 1, 0, 0, 0], [1, 0, 0, 0, 1, 0, 2, 3, 0, 0, 0, 0, 0, 0], [1, 0, 0, 0, 1, 0, 0, 1, 0, 0, 0, 1, 0, 0], [0, 2, 0, 0, 1, 0, 2, 2, 0, 0, 0, 0, 0, 0], [0, 1, 0, 0, 0, 1, 1, 3, 0, 0, 1, 0, 0, 0], [0, 1, 0, 0, 0, 0, 0, 1, 1, 0, 0, 0, 0, 0]]","[[204, 0, 24, 0, 5, 0, 0, 0, 0, 0, 0, 0, 0, 0], [48, 0, 16, 0, 3, 0, 0, 0, 0, 0, 0, 1, 0, 0], [23, 0, 295, 0, 8, 0, 0, 0, 0, 0, 0, 0, 0, 0], [2, 0, 15, 0, 3, 0, 0, 0, 0, 0, 0, 0, 0, 0], [0, 2, 27, 0, 282, 0, 0, 0, 0, 0, 0, 0, 0, 0], [0, 0, 2, 0, 4, 0, 0, 0, 0, 0, 0, 0, 0, 0], [0, 0, 0, 0, 3, 0, 0, 0, 0, 0, 0, 0, 0, 0], [0, 0, 0, 0, 2, 0, 0, 0, 0, 0, 0, 0, 0, 0], [0, 0, 0, 0, 3, 0, 0, 0, 0, 0, 0, 0, 0, 0], [0, 0, 0, 0, 7, 0, 0, 0, 0, 0, 0, 0, 0, 0], [0, 0, 1, 0, 3, 0, 0, 0, 0, 0, 0, 0, 0, 0], [0, 0, 1, 0, 6, 0, 0, 0, 0, 0, 0, 0, 0, 0], [0, 0, 2, 0, 5, 0, 0, 0, 0, 0, 0, 0, 0, 0], [0, 0, 0, 0, 3, 0, 0, 0, 0, 0, 0, 0, 0, 0]]"
source_expansion_Faces_to_PetImages_to_GarbageDataset,gaussian_nb,hddm_w,0.85,6,306042,0.2728049134657931,0.2789191861722188,0.2751040380498381,0.846,0.2728049134657931,0.2789191861722188,0.2751040380498381,0.79,0.8200000000000001,0.846,0.2728049134657931,0.2789191861722188,0.2751040380498381,0.79,0.8200000000000001,0.0,"[[212, 21, 0, 0, 0, 0, 0, 0, 0, 0, 0, 0, 0, 0], [54, 14, 0, 0, 0, 0, 0, 0, 0, 0, 0, 0, 0, 0], [3, 8, 310, 5, 0, 0, 0, 0, 0, 0, 0, 0, 0, 0], [0, 4, 1, 15, 0, 0, 0, 0, 0, 0, 0, 0, 0, 0], [2, 12, 0, 0, 294, 0, 0, 0, 0, 0, 0, 3, 0, 0], [0, 6, 0, 0, 0, 0, 0, 0, 0, 0, 0, 0, 0, 0], [1, 0, 0, 0, 1, 0, 0, 0, 0, 0, 0, 1, 0, 0], [1, 1, 0, 0, 0, 0, 0, 0, 0, 0, 0, 0, 0, 0], [0, 3, 0, 0, 0, 0, 0, 0, 0, 0, 0, 0, 0, 0], [2, 3, 0, 0, 1, 0, 0, 0, 0, 0, 0, 1, 0, 0], [1, 1, 0, 0, 2, 0, 0, 0, 0, 0, 0, 0, 0, 0], [1, 5, 0, 0, 0, 0, 0, 0, 0, 0, 0, 1, 0, 0], [2, 3, 0, 0, 2, 0, 0, 0, 0, 0, 0, 0, 0, 0], [1, 2, 0, 0, 0, 0, 0, 0, 0, 0, 0, 0, 0, 0]]","[[212, 21, 0, 0, 0, 0, 0, 0, 0, 0, 0, 0, 0, 0], [54, 14, 0, 0, 0, 0, 0, 0, 0, 0, 0, 0, 0, 0], [3, 8, 310, 5, 0, 0, 0, 0, 0, 0, 0, 0, 0, 0], [0, 4, 1, 15, 0, 0, 0, 0, 0, 0, 0, 0, 0, 0], [2, 12, 0, 0, 294, 0, 0, 0, 0, 0, 0, 3, 0, 0], [0, 6, 0, 0, 0, 0, 0, 0, 0, 0, 0, 0, 0, 0], [1, 0, 0, 0, 1, 0, 0, 0, 0, 0, 0, 1, 0, 0], [1, 1, 0, 0, 0, 0, 0, 0, 0, 0, 0, 0, 0, 0], [0, 3, 0, 0, 0, 0, 0, 0, 0, 0, 0, 0, 0, 0], [2, 3, 0, 0, 1, 0, 0, 0, 0, 0, 0, 1, 0, 0], [1, 1, 0, 0, 2, 0, 0, 0, 0, 0, 0, 0, 0, 0], [1, 5, 0, 0, 0, 0, 0, 0, 0, 0, 0, 1, 0, 0], [2, 3, 0, 0, 2, 0, 0, 0, 0, 0, 0, 0, 0, 0], [1, 2, 0, 0, 0, 0, 0, 0, 0, 0, 0, 0, 0, 0]]"
source_expansion_Faces_to_PetImages_to_GarbageDataset,logistic_regression,kswin,0.85,7,307042,0.33529097951299897,0.34701055070538817,0.3356953143304762,0.802,0.33529097951299897,0.34701055070538817,0.3356953143304762,0.6,0.91,0.802,0.33529097951299897,0.34701055070538817,0.3356953143304762,0.6,0.91,0.0,"[[179, 96, 2, 7, 0, 0, 0, 0, 0, 0, 0, 0, 0, 0], [40, 26, 2, 4, 0, 0, 0, 0, 0, 0, 0, 0, 0, 0], [3, 0, 318, 1, 0, 0, 0, 0, 0, 0, 0, 0, 0, 0], [0, 1, 3, 14, 1, 0, 0, 0, 0, 0, 1, 0, 0, 0], [0, 0, 0, 2, 258, 0, 1, 0, 0, 0, 0, 0, 1, 0], [1, 0, 0, 0, 0, 0, 0, 0, 1, 0, 0, 0, 1, 0], [0, 0, 0, 0, 1, 0, 0, 0, 0, 0, 1, 0, 0, 0], [2, 0, 0, 0, 0, 0, 0, 0, 0, 0, 1, 0, 0, 1], [0, 0, 0, 0, 2, 0, 0, 0, 0, 0, 0, 1, 0, 1], [0, 0, 1, 0, 3, 0, 0, 0, 0, 0, 0, 1, 0, 0], [0, 0, 0, 0, 2, 0, 0, 0, 1, 0, 0, 1, 0, 0], [1, 0, 0, 0, 2, 0, 0, 0, 2, 0, 0, 0, 0, 0], [0, 0, 0, 0, 0, 0, 0, 0, 1, 0, 0, 0, 3, 0], [0, 0, 0, 0, 3, 0, 1, 0, 0, 1, 0, 0, 0, 4]]","[[179, 96, 2, 7, 0, 0, 0, 0, 0, 0, 0, 0, 0, 0], [40, 26, 2, 4, 0, 0, 0, 0, 0, 0, 0, 0, 0, 0], [3, 0, 318, 1, 0, 0, 0, 0, 0, 0, 0, 0, 0, 0], [0, 1, 3, 14, 1, 0, 0, 0, 0, 0, 1, 0, 0, 0], [0, 0, 0, 2, 258, 0, 1, 0, 0, 0, 0, 0, 1, 0], [1, 0, 0, 0, 0, 0, 0, 0, 1, 0, 0, 0, 1, 0], [0, 0, 0, 0, 1, 0, 0, 0, 0, 0, 1, 0, 0, 0], [2, 0, 0, 0, 0, 0, 0, 0, 0, 0, 1, 0, 0, 1], [0, 0, 0, 0, 2, 0, 0, 0, 0, 0, 0, 1, 0, 1], [0, 0, 1, 0, 3, 0, 0, 0, 0, 0, 0, 1, 0, 0], [0, 0, 0, 0, 2, 0, 0, 0, 1, 0, 0, 1, 0, 0], [1, 0, 0, 0, 2, 0, 0, 0, 2, 0, 0, 0, 0, 0], [0, 0, 0, 0, 0, 0, 0, 0, 1, 0, 0, 0, 3, 0], [0, 0, 0, 0, 3, 0, 1, 0, 0, 1, 0, 0, 0, 4]]"
source_expansion_Faces_to_PetImages_to_GarbageDataset,hoeffding_tree,kswin,0.85,7,307042,0.24604551907487454,0.2032041003256698,0.16902396525072091,0.508,0.24604551907487454,0.2032041003256698,0.16902396525072091,0.83,0.35,0.758,0.16559219439865083,0.18738972405386756,0.1757734288827084,0.83,0.79,5.0,"[[277, 4, 0, 0, 0, 0, 1, 0, 1, 1, 0, 0, 0, 0], [62, 5, 0, 0, 0, 0, 2, 0, 2, 0, 1, 0, 0, 0], [104, 1, 189, 1, 2, 0, 4, 0, 9, 5, 6, 1, 0, 0], [14, 0, 2, 0, 0, 0, 3, 0, 1, 0, 0, 0, 0, 0], [10, 1, 2, 0, 34, 4, 93, 2, 103, 8, 5, 0, 0, 0], [0, 0, 0, 0, 0, 1, 2, 0, 0, 0, 0, 0, 0, 0], [0, 0, 0, 0, 0, 0, 1, 0, 1, 0, 0, 0, 0, 0], [1, 0, 0, 0, 0, 0, 1, 1, 1, 0, 0, 0, 0, 0], [0, 0, 0, 0, 0, 0, 3, 0, 0, 1, 0, 0, 0, 0], [0, 0, 0, 0, 0, 0, 1, 0, 3, 0, 1, 0, 0, 0], [0, 0, 0, 0, 0, 0, 1, 0, 2, 0, 0, 1, 0, 0], [2, 0, 0, 0, 0, 0, 0, 0, 2, 0, 1, 0, 0, 0], [1, 0, 0, 0, 0, 0, 3, 0, 0, 0, 0, 0, 0, 0], [0, 1, 0, 0, 1, 0, 5, 0, 2, 0, 0, 0, 0, 0]]","[[253, 1, 22, 5, 3, 0, 0, 0, 0, 0, 0, 0, 0, 0], [51, 0, 16, 2, 3, 0, 0, 0, 0, 0, 0, 0, 0, 0], [29, 0, 274, 7, 12, 0, 0, 0, 0, 0, 0, 0, 0, 0], [1, 0, 15, 0, 4, 0, 0, 0, 0, 0, 0, 0, 0, 0], [2, 2, 27, 0, 231, 0, 0, 0, 0, 0, 0, 0, 0, 0], [0, 0, 0, 0, 3, 0, 0, 0, 0, 0, 0, 0, 0, 0], [0, 0, 0, 0, 2, 0, 0, 0, 0, 0, 0, 0, 0, 0], [0, 0, 0, 0, 4, 0, 0, 0, 0, 0, 0, 0, 0, 0], [0, 0, 1, 0, 3, 0, 0, 0, 0, 0, 0, 0, 0, 0], [0, 0, 1, 0, 4, 0, 0, 0, 0, 0, 0, 0, 0, 0], [0, 0, 1, 0, 3, 0, 0, 0, 0, 0, 0, 0, 0, 0], [0, 0, 2, 0, 3, 0, 0, 0, 0, 0, 0, 0, 0, 0], [0, 0, 0, 0, 4, 0, 0, 0, 0, 0, 0, 0, 0, 0], [0, 0, 0, 0, 9, 0, 0, 0, 0, 0, 0, 0, 0, 0]]"
source_expansion_Faces_to_PetImages_to_GarbageDataset,gaussian_nb,kswin,0.85,7,307042,0.29732069598691585,0.28237115362561366,0.2853492148521213,0.839,0.29732069598691585,0.28237115362561366,0.2853492148521213,0.8,0.86,0.849,0.2873686726299952,0.2870525399537925,0.2840244161245734,0.8,0.87,1.0,"[[250, 34, 0, 0, 0, 0, 0, 0, 0, 0, 0, 0, 0, 0], [54, 18, 0, 0, 0, 0, 0, 0, 0, 0, 0, 0, 0, 0], [9, 1, 306, 6, 0, 0, 0, 0, 0, 0, 0, 0, 0, 0], [2, 3, 1, 14, 0, 0, 0, 0, 0, 0, 0, 0, 0, 0], [10, 2, 1, 0, 249, 0, 0, 0, 0, 0, 0, 0, 0, 0], [3, 0, 0, 0, 0, 0, 0, 0, 0, 0, 0, 0, 0, 0], [2, 0, 0, 0, 0, 0, 0, 0, 0, 0, 0, 0, 0, 0], [4, 0, 0, 0, 0, 0, 0, 0, 0, 0, 0, 0, 0, 0], [2, 1, 0, 0, 1, 0, 0, 0, 0, 0, 0, 0, 0, 0], [2, 0, 0, 0, 3, 0, 0, 0, 0, 0, 0, 0, 0, 0], [1, 0, 0, 0, 2, 0, 0, 0, 0, 0, 0, 0, 0, 1], [2, 0, 0, 0, 3, 0, 0, 0, 0, 0, 0, 0, 0, 0], [2, 1, 0, 0, 0, 0, 0, 0, 0, 0, 0, 0, 0, 1], [2, 2, 0, 0, 3, 0, 0, 0, 0, 0, 0, 0, 0, 2]]","[[250, 30, 4, 0, 0, 0, 0, 0, 0, 0, 0, 0, 0, 0], [51, 21, 0, 0, 0, 0, 0, 0, 0, 0, 0, 0, 0, 0], [5, 0, 310, 7, 0, 0, 0, 0, 0, 0, 0, 0, 0, 0], [0, 1, 5, 14, 0, 0, 0, 0, 0, 0, 0, 0, 0, 0], [0, 0, 9, 1, 252, 0, 0, 0, 0, 0, 0, 0, 0, 0], [0, 0, 2, 1, 0, 0, 0, 0, 0, 0, 0, 0, 0, 0], [0, 0, 2, 0, 0, 0, 0, 0, 0, 0, 0, 0, 0, 0], [1, 0, 3, 0, 0, 0, 0, 0, 0, 0, 0, 0, 0, 0], [0, 0, 1, 1, 2, 0, 0, 0, 0, 0, 0, 0, 0, 0], [0, 0, 1, 0, 4, 0, 0, 0, 0, 0, 0, 0, 0, 0], [0, 0, 0, 0, 3, 0, 0, 0, 0, 0, 0, 0, 0, 1], [0, 0, 2, 0, 3, 0, 0, 0, 0, 0, 0, 0, 0, 0], [0, 0, 2, 0, 0, 0, 0, 0, 0, 0, 0, 0, 0, 2], [0, 0, 3, 1, 3, 0, 0, 0, 0, 0, 0, 0, 0, 2]]"
source_expansion_Faces_to_PetImages_to_GarbageDataset,logistic_regression,adwin,0.85,7,307042,0.33529097951299897,0.34701055070538817,0.3356953143304762,0.802,0.33529097951299897,0.34701055070538817,0.3356953143304762,0.6,0.91,0.762,0.40826765378368435,0.38763383288366743,0.38051132121964626,0.6,0.89,1.0,"[[179, 96, 2, 7, 0, 0, 0, 0, 0, 0, 0, 0, 0, 0], [40, 26, 2, 4, 0, 0, 0, 0, 0, 0, 0, 0, 0, 0], [3, 0, 318, 1, 0, 0, 0, 0, 0, 0, 0, 0, 0, 0], [0, 1, 3, 14, 1, 0, 0, 0, 0, 0, 1, 0, 0, 0], [0, 0, 0, 2, 258, 0, 1, 0, 0, 0, 0, 0, 1, 0], [1, 0, 0, 0, 0, 0, 0, 0, 1, 0, 0, 0, 1, 0], [0, 0, 0, 0, 1, 0, 0, 0, 0, 0, 1, 0, 0, 0], [2, 0, 0, 0, 0, 0, 0, 0, 0, 0, 1, 0, 0, 1], [0, 0, 0, 0, 2, 0, 0, 0, 0, 0, 0, 1, 0, 1], [0, 0, 1, 0, 3, 0, 0, 0, 0, 0, 0, 1, 0, 0], [0, 0, 0, 0, 2, 0, 0, 0, 1, 0, 0, 1, 0, 0], [1, 0, 0, 0, 2, 0, 0, 0, 2, 0, 0, 0, 0, 0], [0, 0, 0, 0, 0, 0, 0, 0, 1, 0, 0, 0, 3, 0], [0, 0, 0, 0, 3, 0, 1, 0, 0, 1, 0, 0, 0, 4]]","[[174, 102, 2, 6, 0, 0, 0, 0, 0, 0, 0, 0, 0, 0], [32, 37, 2, 1, 0, 0, 0, 0, 0, 0, 0, 0, 0, 0], [13, 5, 271, 31, 1, 0, 0, 0, 0, 1, 0, 0, 0, 0], [1, 1, 3, 14, 0, 0, 0, 0, 0, 0, 0, 0, 0, 1], [0, 0, 0, 2, 257, 0, 1, 1, 1, 0, 0, 0, 0, 0], [0, 0, 1, 1, 0, 1, 0, 0, 0, 0, 0, 0, 0, 0], [0, 0, 0, 0, 1, 0, 0, 0, 0, 0, 1, 0, 0, 0], [0, 0, 0, 0, 0, 0, 0, 1, 0, 0, 1, 0, 0, 2], [0, 0, 0, 0, 2, 0, 0, 0, 0, 0, 0, 1, 0, 1], [0, 0, 0, 0, 3, 0, 0, 0, 1, 0, 1, 0, 0, 0], [0, 0, 0, 1, 2, 0, 0, 0, 1, 0, 0, 0, 0, 0], [0, 0, 0, 0, 3, 0, 0, 0, 2, 0, 0, 0, 0, 0], [0, 0, 0, 0, 0, 0, 0, 0, 1, 0, 0, 0, 3, 0], [0, 0, 0, 0, 2, 1, 0, 0, 0, 1, 0, 1, 0, 4]]"
source_expansion_Faces_to_PetImages_to_GarbageDataset,hoeffding_tree,adwin,0.85,7,307042,0.24604551907487454,0.2032041003256698,0.16902396525072091,0.508,0.24604551907487454,0.2032041003256698,0.16902396525072091,0.83,0.35,0.74,0.19562515355552107,0.1866111466580527,0.17692856867057594,0.83,0.79,4.0,"[[277, 4, 0, 0, 0, 0, 1, 0, 1, 1, 0, 0, 0, 0], [62, 5, 0, 0, 0, 0, 2, 0, 2, 0, 1, 0, 0, 0], [104, 1, 189, 1, 2, 0, 4, 0, 9, 5, 6, 1, 0, 0], [14, 0, 2, 0, 0, 0, 3, 0, 1, 0, 0, 0, 0, 0], [10, 1, 2, 0, 34, 4, 93, 2, 103, 8, 5, 0, 0, 0], [0, 0, 0, 0, 0, 1, 2, 0, 0, 0, 0, 0, 0, 0], [0, 0, 0, 0, 0, 0, 1, 0, 1, 0, 0, 0, 0, 0], [1, 0, 0, 0, 0, 0, 1, 1, 1, 0, 0, 0, 0, 0], [0, 0, 0, 0, 0, 0, 3, 0, 0, 1, 0, 0, 0, 0], [0, 0, 0, 0, 0, 0, 1, 0, 3, 0, 1, 0, 0, 0], [0, 0, 0, 0, 0, 0, 1, 0, 2, 0, 0, 1, 0, 0], [2, 0, 0, 0, 0, 0, 0, 0, 2, 0, 1, 0, 0, 0], [1, 0, 0, 0, 0, 0, 3, 0, 0, 0, 0, 0, 0, 0], [0, 1, 0, 0, 1, 0, 5, 0, 2, 0, 0, 0, 0, 0]]","[[257, 1, 23, 0, 3, 0, 0, 0, 0, 0, 0, 0, 0, 0], [50, 0, 19, 0, 3, 0, 0, 0, 0, 0, 0, 0, 0, 0], [53, 0, 256, 1, 11, 0, 0, 0, 0, 0, 0, 1, 0, 0], [2, 0, 13, 1, 4, 0, 0, 0, 0, 0, 0, 0, 0, 0], [1, 0, 35, 0, 226, 0, 0, 0, 0, 0, 0, 0, 0, 0], [0, 0, 0, 0, 3, 0, 0, 0, 0, 0, 0, 0, 0, 0], [0, 0, 0, 0, 2, 0, 0, 0, 0, 0, 0, 0, 0, 0], [0, 0, 0, 0, 4, 0, 0, 0, 0, 0, 0, 0, 0, 0], [0, 0, 1, 0, 3, 0, 0, 0, 0, 0, 0, 0, 0, 0], [0, 0, 1, 0, 4, 0, 0, 0, 0, 0, 0, 0, 0, 0], [0, 0, 1, 0, 3, 0, 0, 0, 0, 0, 0, 0, 0, 0], [0, 0, 2, 0, 3, 0, 0, 0, 0, 0, 0, 0, 0, 0], [0, 0, 0, 0, 4, 0, 0, 0, 0, 0, 0, 0, 0, 0], [0, 0, 0, 0, 9, 0, 0, 0, 0, 0, 0, 0, 0, 0]]"
source_expansion_Faces_to_PetImages_to_GarbageDataset,gaussian_nb,adwin,0.85,7,307042,0.29732069598691585,0.28237115362561366,0.2853492148521213,0.839,0.29732069598691585,0.28237115362561366,0.2853492148521213,0.8,0.86,0.839,0.29732069598691585,0.28237115362561366,0.2853492148521213,0.8,0.86,0.0,"[[250, 34, 0, 0, 0, 0, 0, 0, 0, 0, 0, 0, 0, 0], [54, 18, 0, 0, 0, 0, 0, 0, 0, 0, 0, 0, 0, 0], [9, 1, 306, 6, 0, 0, 0, 0, 0, 0, 0, 0, 0, 0], [2, 3, 1, 14, 0, 0, 0, 0, 0, 0, 0, 0, 0, 0], [10, 2, 1, 0, 249, 0, 0, 0, 0, 0, 0, 0, 0, 0], [3, 0, 0, 0, 0, 0, 0, 0, 0, 0, 0, 0, 0, 0], [2, 0, 0, 0, 0, 0, 0, 0, 0, 0, 0, 0, 0, 0], [4, 0, 0, 0, 0, 0, 0, 0, 0, 0, 0, 0, 0, 0], [2, 1, 0, 0, 1, 0, 0, 0, 0, 0, 0, 0, 0, 0], [2, 0, 0, 0, 3, 0, 0, 0, 0, 0, 0, 0, 0, 0], [1, 0, 0, 0, 2, 0, 0, 0, 0, 0, 0, 0, 0, 1], [2, 0, 0, 0, 3, 0, 0, 0, 0, 0, 0, 0, 0, 0], [2, 1, 0, 0, 0, 0, 0, 0, 0, 0, 0, 0, 0, 1], [2, 2, 0, 0, 3, 0, 0, 0, 0, 0, 0, 0, 0, 2]]","[[250, 34, 0, 0, 0, 0, 0, 0, 0, 0, 0, 0, 0, 0], [54, 18, 0, 0, 0, 0, 0, 0, 0, 0, 0, 0, 0, 0], [9, 1, 306, 6, 0, 0, 0, 0, 0, 0, 0, 0, 0, 0], [2, 3, 1, 14, 0, 0, 0, 0, 0, 0, 0, 0, 0, 0], [10, 2, 1, 0, 249, 0, 0, 0, 0, 0, 0, 0, 0, 0], [3, 0, 0, 0, 0, 0, 0, 0, 0, 0, 0, 0, 0, 0], [2, 0, 0, 0, 0, 0, 0, 0, 0, 0, 0, 0, 0, 0], [4, 0, 0, 0, 0, 0, 0, 0, 0, 0, 0, 0, 0, 0], [2, 1, 0, 0, 1, 0, 0, 0, 0, 0, 0, 0, 0, 0], [2, 0, 0, 0, 3, 0, 0, 0, 0, 0, 0, 0, 0, 0], [1, 0, 0, 0, 2, 0, 0, 0, 0, 0, 0, 0, 0, 1], [2, 0, 0, 0, 3, 0, 0, 0, 0, 0, 0, 0, 0, 0], [2, 1, 0, 0, 0, 0, 0, 0, 0, 0, 0, 0, 0, 1], [2, 2, 0, 0, 3, 0, 0, 0, 0, 0, 0, 0, 0, 2]]"
source_expansion_Faces_to_PetImages_to_GarbageDataset,logistic_regression,page_hinkley,0.85,7,307042,0.33529097951299897,0.34701055070538817,0.3356953143304762,0.802,0.33529097951299897,0.34701055070538817,0.3356953143304762,0.6,0.91,0.778,0.4167401635038105,0.39308125169605873,0.3907804685263804,0.6,0.88,1.0,"[[179, 96, 2, 7, 0, 0, 0, 0, 0, 0, 0, 0, 0, 0], [40, 26, 2, 4, 0, 0, 0, 0, 0, 0, 0, 0, 0, 0], [3, 0, 318, 1, 0, 0, 0, 0, 0, 0, 0, 0, 0, 0], [0, 1, 3, 14, 1, 0, 0, 0, 0, 0, 1, 0, 0, 0], [0, 0, 0, 2, 258, 0, 1, 0, 0, 0, 0, 0, 1, 0], [1, 0, 0, 0, 0, 0, 0, 0, 1, 0, 0, 0, 1, 0], [0, 0, 0, 0, 1, 0, 0, 0, 0, 0, 1, 0, 0, 0], [2, 0, 0, 0, 0, 0, 0, 0, 0, 0, 1, 0, 0, 1], [0, 0, 0, 0, 2, 0, 0, 0, 0, 0, 0, 1, 0, 1], [0, 0, 1, 0, 3, 0, 0, 0, 0, 0, 0, 1, 0, 0], [0, 0, 0, 0, 2, 0, 0, 0, 1, 0, 0, 1, 0, 0], [1, 0, 0, 0, 2, 0, 0, 0, 2, 0, 0, 0, 0, 0], [0, 0, 0, 0, 0, 0, 0, 0, 1, 0, 0, 0, 3, 0], [0, 0, 0, 0, 3, 0, 1, 0, 0, 1, 0, 0, 0, 4]]","[[177, 101, 3, 3, 0, 0, 0, 0, 0, 0, 0, 0, 0, 0], [34, 35, 2, 1, 0, 0, 0, 0, 0, 0, 0, 0, 0, 0], [9, 6, 285, 20, 1, 0, 0, 0, 0, 1, 0, 0, 0, 0], [0, 2, 2, 15, 0, 0, 0, 0, 0, 0, 0, 0, 0, 1], [0, 0, 0, 1, 257, 0, 1, 1, 2, 0, 0, 0, 0, 0], [0, 0, 1, 1, 0, 1, 0, 0, 0, 0, 0, 0, 0, 0], [0, 0, 0, 0, 1, 0, 0, 0, 0, 0, 1, 0, 0, 0], [1, 0, 0, 0, 0, 0, 0, 1, 0, 0, 1, 0, 0, 1], [0, 0, 0, 0, 2, 0, 0, 0, 0, 0, 0, 1, 0, 1], [0, 0, 0, 0, 3, 0, 0, 0, 1, 0, 1, 0, 0, 0], [0, 0, 0, 0, 1, 0, 0, 0, 2, 0, 0, 1, 0, 0], [0, 0, 0, 0, 3, 0, 0, 0, 2, 0, 0, 0, 0, 0], [0, 0, 0, 0, 0, 0, 0, 0, 0, 0, 0, 0, 3, 1], [0, 0, 0, 0, 2, 1, 0, 0, 0, 1, 0, 1, 0, 4]]"
source_expansion_Faces_to_PetImages_to_GarbageDataset,hoeffding_tree,page_hinkley,0.85,7,307042,0.24604551907487454,0.2032041003256698,0.16902396525072091,0.508,0.24604551907487454,0.2032041003256698,0.16902396525072091,0.83,0.35,0.759,0.16283637801101136,0.18807274923544395,0.17448015096268651,0.83,0.79,4.0,"[[277, 4, 0, 0, 0, 0, 1, 0, 1, 1, 0, 0, 0, 0], [62, 5, 0, 0, 0, 0, 2, 0, 2, 0, 1, 0, 0, 0], [104, 1, 189, 1, 2, 0, 4, 0, 9, 5, 6, 1, 0, 0], [14, 0, 2, 0, 0, 0, 3, 0, 1, 0, 0, 0, 0, 0], [10, 1, 2, 0, 34, 4, 93, 2, 103, 8, 5, 0, 0, 0], [0, 0, 0, 0, 0, 1, 2, 0, 0, 0, 0, 0, 0, 0], [0, 0, 0, 0, 0, 0, 1, 0, 1, 0, 0, 0, 0, 0], [1, 0, 0, 0, 0, 0, 1, 1, 1, 0, 0, 0, 0, 0], [0, 0, 0, 0, 0, 0, 3, 0, 0, 1, 0, 0, 0, 0], [0, 0, 0, 0, 0, 0, 1, 0, 3, 0, 1, 0, 0, 0], [0, 0, 0, 0, 0, 0, 1, 0, 2, 0, 0, 1, 0, 0], [2, 0, 0, 0, 0, 0, 0, 0, 2, 0, 1, 0, 0, 0], [1, 0, 0, 0, 0, 0, 3, 0, 0, 0, 0, 0, 0, 0], [0, 1, 0, 0, 1, 0, 5, 0, 2, 0, 0, 0, 0, 0]]","[[248, 1, 31, 0, 4, 0, 0, 0, 0, 0, 0, 0, 0, 0], [47, 0, 20, 0, 5, 0, 0, 0, 0, 0, 0, 0, 0, 0], [32, 0, 268, 0, 22, 0, 0, 0, 0, 0, 0, 0, 0, 0], [1, 0, 15, 0, 4, 0, 0, 0, 0, 0, 0, 0, 0, 0], [2, 0, 17, 0, 243, 0, 0, 0, 0, 0, 0, 0, 0, 0], [0, 0, 0, 0, 3, 0, 0, 0, 0, 0, 0, 0, 0, 0], [0, 0, 0, 0, 2, 0, 0, 0, 0, 0, 0, 0, 0, 0], [0, 0, 0, 0, 4, 0, 0, 0, 0, 0, 0, 0, 0, 0], [0, 0, 0, 0, 4, 0, 0, 0, 0, 0, 0, 0, 0, 0], [0, 0, 0, 0, 5, 0, 0, 0, 0, 0, 0, 0, 0, 0], [0, 0, 1, 0, 3, 0, 0, 0, 0, 0, 0, 0, 0, 0], [0, 0, 1, 0, 4, 0, 0, 0, 0, 0, 0, 0, 0, 0], [0, 0, 0, 0, 4, 0, 0, 0, 0, 0, 0, 0, 0, 0], [0, 0, 0, 0, 9, 0, 0, 0, 0, 0, 0, 0, 0, 0]]"
source_expansion_Faces_to_PetImages_to_GarbageDataset,gaussian_nb,page_hinkley,0.85,7,307042,0.29732069598691585,0.28237115362561366,0.2853492148521213,0.839,0.29732069598691585,0.28237115362561366,0.2853492148521213,0.8,0.86,0.833,0.3323593440645472,0.2615494244580745,0.2772632935896118,0.8,0.81,1.0,"[[250, 34, 0, 0, 0, 0, 0, 0, 0, 0, 0, 0, 0, 0], [54, 18, 0, 0, 0, 0, 0, 0, 0, 0, 0, 0, 0, 0], [9, 1, 306, 6, 0, 0, 0, 0, 0, 0, 0, 0, 0, 0], [2, 3, 1, 14, 0, 0, 0, 0, 0, 0, 0, 0, 0, 0], [10, 2, 1, 0, 249, 0, 0, 0, 0, 0, 0, 0, 0, 0], [3, 0, 0, 0, 0, 0, 0, 0, 0, 0, 0, 0, 0, 0], [2, 0, 0, 0, 0, 0, 0, 0, 0, 0, 0, 0, 0, 0], [4, 0, 0, 0, 0, 0, 0, 0, 0, 0, 0, 0, 0, 0], [2, 1, 0, 0, 1, 0, 0, 0, 0, 0, 0, 0, 0, 0], [2, 0, 0, 0, 3, 0, 0, 0, 0, 0, 0, 0, 0, 0], [1, 0, 0, 0, 2, 0, 0, 0, 0, 0, 0, 0, 0, 1], [2, 0, 0, 0, 3, 0, 0, 0, 0, 0, 0, 0, 0, 0], [2, 1, 0, 0, 0, 0, 0, 0, 0, 0, 0, 0, 0, 1], [2, 2, 0, 0, 3, 0, 0, 0, 0, 0, 0, 0, 0, 2]]","[[243, 38, 3, 0, 0, 0, 0, 0, 0, 0, 0, 0, 0, 0], [42, 24, 6, 0, 0, 0, 0, 0, 0, 0, 0, 0, 0, 0], [5, 0, 317, 0, 0, 0, 0, 0, 0, 0, 0, 0, 0, 0], [1, 3, 9, 7, 0, 0, 0, 0, 0, 0, 0, 0, 0, 0], [0, 0, 22, 0, 240, 0, 0, 0, 0, 0, 0, 0, 0, 0], [0, 0, 3, 0, 0, 0, 0, 0, 0, 0, 0, 0, 0, 0], [0, 0, 2, 0, 0, 0, 0, 0, 0, 0, 0, 0, 0, 0], [0, 1, 3, 0, 0, 0, 0, 0, 0, 0, 0, 0, 0, 0], [0, 0, 3, 0, 1, 0, 0, 0, 0, 0, 0, 0, 0, 0], [0, 0, 2, 0, 3, 0, 0, 0, 0, 0, 0, 0, 0, 0], [0, 0, 2, 0, 2, 0, 0, 0, 0, 0, 0, 0, 0, 0], [0, 0, 4, 0, 1, 0, 0, 0, 0, 0, 0, 0, 0, 0], [0, 0, 3, 0, 0, 0, 0, 0, 0, 0, 0, 0, 0, 1], [0, 0, 4, 0, 3, 0, 0, 0, 0, 0, 0, 0, 0, 2]]"
source_expansion_Faces_to_PetImages_to_GarbageDataset,logistic_regression,hddm_w,0.85,7,307042,0.33529097951299897,0.34701055070538817,0.3356953143304762,0.802,0.33529097951299897,0.34701055070538817,0.3356953143304762,0.6,0.91,0.802,0.33529097951299897,0.34701055070538817,0.3356953143304762,0.6,0.91,0.0,"[[179, 96, 2, 7, 0, 0, 0, 0, 0, 0, 0, 0, 0, 0], [40, 26, 2, 4, 0, 0, 0, 0, 0, 0, 0, 0, 0, 0], [3, 0, 318, 1, 0, 0, 0, 0, 0, 0, 0, 0, 0, 0], [0, 1, 3, 14, 1, 0, 0, 0, 0, 0, 1, 0, 0, 0], [0, 0, 0, 2, 258, 0, 1, 0, 0, 0, 0, 0, 1, 0], [1, 0, 0, 0, 0, 0, 0, 0, 1, 0, 0, 0, 1, 0], [0, 0, 0, 0, 1, 0, 0, 0, 0, 0, 1, 0, 0, 0], [2, 0, 0, 0, 0, 0, 0, 0, 0, 0, 1, 0, 0, 1], [0, 0, 0, 0, 2, 0, 0, 0, 0, 0, 0, 1, 0, 1], [0, 0, 1, 0, 3, 0, 0, 0, 0, 0, 0, 1, 0, 0], [0, 0, 0, 0, 2, 0, 0, 0, 1, 0, 0, 1, 0, 0], [1, 0, 0, 0, 2, 0, 0, 0, 2, 0, 0, 0, 0, 0], [0, 0, 0, 0, 0, 0, 0, 0, 1, 0, 0, 0, 3, 0], [0, 0, 0, 0, 3, 0, 1, 0, 0, 1, 0, 0, 0, 4]]","[[179, 96, 2, 7, 0, 0, 0, 0, 0, 0, 0, 0, 0, 0], [40, 26, 2, 4, 0, 0, 0, 0, 0, 0, 0, 0, 0, 0], [3, 0, 318, 1, 0, 0, 0, 0, 0, 0, 0, 0, 0, 0], [0, 1, 3, 14, 1, 0, 0, 0, 0, 0, 1, 0, 0, 0], [0, 0, 0, 2, 258, 0, 1, 0, 0, 0, 0, 0, 1, 0], [1, 0, 0, 0, 0, 0, 0, 0, 1, 0, 0, 0, 1, 0], [0, 0, 0, 0, 1, 0, 0, 0, 0, 0, 1, 0, 0, 0], [2, 0, 0, 0, 0, 0, 0, 0, 0, 0, 1, 0, 0, 1], [0, 0, 0, 0, 2, 0, 0, 0, 0, 0, 0, 1, 0, 1], [0, 0, 1, 0, 3, 0, 0, 0, 0, 0, 0, 1, 0, 0], [0, 0, 0, 0, 2, 0, 0, 0, 1, 0, 0, 1, 0, 0], [1, 0, 0, 0, 2, 0, 0, 0, 2, 0, 0, 0, 0, 0], [0, 0, 0, 0, 0, 0, 0, 0, 1, 0, 0, 0, 3, 0], [0, 0, 0, 0, 3, 0, 1, 0, 0, 1, 0, 0, 0, 4]]"
source_expansion_Faces_to_PetImages_to_GarbageDataset,hoeffding_tree,hddm_w,0.85,7,307042,0.24604551907487454,0.2032041003256698,0.16902396525072091,0.508,0.24604551907487454,0.2032041003256698,0.16902396525072091,0.83,0.35,0.777,0.2296184213835987,0.19620108385471055,0.1888979848309041,0.83,0.8,3.0,"[[277, 4, 0, 0, 0, 0, 1, 0, 1, 1, 0, 0, 0, 0], [62, 5, 0, 0, 0, 0, 2, 0, 2, 0, 1, 0, 0, 0], [104, 1, 189, 1, 2, 0, 4, 0, 9, 5, 6, 1, 0, 0], [14, 0, 2, 0, 0, 0, 3, 0, 1, 0, 0, 0, 0, 0], [10, 1, 2, 0, 34, 4, 93, 2, 103, 8, 5, 0, 0, 0], [0, 0, 0, 0, 0, 1, 2, 0, 0, 0, 0, 0, 0, 0], [0, 0, 0, 0, 0, 0, 1, 0, 1, 0, 0, 0, 0, 0], [1, 0, 0, 0, 0, 0, 1, 1, 1, 0, 0, 0, 0, 0], [0, 0, 0, 0, 0, 0, 3, 0, 0, 1, 0, 0, 0, 0], [0, 0, 0, 0, 0, 0, 1, 0, 3, 0, 1, 0, 0, 0], [0, 0, 0, 0, 0, 0, 1, 0, 2, 0, 0, 1, 0, 0], [2, 0, 0, 0, 0, 0, 0, 0, 2, 0, 1, 0, 0, 0], [1, 0, 0, 0, 0, 0, 3, 0, 0, 0, 0, 0, 0, 0], [0, 1, 0, 0, 1, 0, 5, 0, 2, 0, 0, 0, 0, 0]]","[[261, 1, 12, 6, 4, 0, 0, 0, 0, 0, 0, 0, 0, 0], [58, 5, 3, 2, 4, 0, 0, 0, 0, 0, 0, 0, 0, 0], [19, 0, 270, 12, 21, 0, 0, 0, 0, 0, 0, 0, 0, 0], [2, 0, 14, 0, 4, 0, 0, 0, 0, 0, 0, 0, 0, 0], [1, 0, 19, 1, 241, 0, 0, 0, 0, 0, 0, 0, 0, 0], [0, 0, 0, 0, 3, 0, 0, 0, 0, 0, 0, 0, 0, 0], [0, 0, 0, 0, 2, 0, 0, 0, 0, 0, 0, 0, 0, 0], [0, 0, 0, 0, 4, 0, 0, 0, 0, 0, 0, 0, 0, 0], [0, 0, 0, 0, 4, 0, 0, 0, 0, 0, 0, 0, 0, 0], [0, 0, 1, 0, 4, 0, 0, 0, 0, 0, 0, 0, 0, 0], [0, 0, 1, 0, 3, 0, 0, 0, 0, 0, 0, 0, 0, 0], [0, 0, 2, 0, 3, 0, 0, 0, 0, 0, 0, 0, 0, 0], [0, 0, 0, 0, 4, 0, 0, 0, 0, 0, 0, 0, 0, 0], [0, 0, 0, 0, 9, 0, 0, 0, 0, 0, 0, 0, 0, 0]]"
source_expansion_Faces_to_PetImages_to_GarbageDataset,gaussian_nb,hddm_w,0.85,7,307042,0.29732069598691585,0.28237115362561366,0.2853492148521213,0.839,0.29732069598691585,0.28237115362561366,0.2853492148521213,0.8,0.86,0.839,0.29732069598691585,0.28237115362561366,0.2853492148521213,0.8,0.86,0.0,"[[250, 34, 0, 0, 0, 0, 0, 0, 0, 0, 0, 0, 0, 0], [54, 18, 0, 0, 0, 0, 0, 0, 0, 0, 0, 0, 0, 0], [9, 1, 306, 6, 0, 0, 0, 0, 0, 0, 0, 0, 0, 0], [2, 3, 1, 14, 0, 0, 0, 0, 0, 0, 0, 0, 0, 0], [10, 2, 1, 0, 249, 0, 0, 0, 0, 0, 0, 0, 0, 0], [3, 0, 0, 0, 0, 0, 0, 0, 0, 0, 0, 0, 0, 0], [2, 0, 0, 0, 0, 0, 0, 0, 0, 0, 0, 0, 0, 0], [4, 0, 0, 0, 0, 0, 0, 0, 0, 0, 0, 0, 0, 0], [2, 1, 0, 0, 1, 0, 0, 0, 0, 0, 0, 0, 0, 0], [2, 0, 0, 0, 3, 0, 0, 0, 0, 0, 0, 0, 0, 0], [1, 0, 0, 0, 2, 0, 0, 0, 0, 0, 0, 0, 0, 1], [2, 0, 0, 0, 3, 0, 0, 0, 0, 0, 0, 0, 0, 0], [2, 1, 0, 0, 0, 0, 0, 0, 0, 0, 0, 0, 0, 1], [2, 2, 0, 0, 3, 0, 0, 0, 0, 0, 0, 0, 0, 2]]","[[250, 34, 0, 0, 0, 0, 0, 0, 0, 0, 0, 0, 0, 0], [54, 18, 0, 0, 0, 0, 0, 0, 0, 0, 0, 0, 0, 0], [9, 1, 306, 6, 0, 0, 0, 0, 0, 0, 0, 0, 0, 0], [2, 3, 1, 14, 0, 0, 0, 0, 0, 0, 0, 0, 0, 0], [10, 2, 1, 0, 249, 0, 0, 0, 0, 0, 0, 0, 0, 0], [3, 0, 0, 0, 0, 0, 0, 0, 0, 0, 0, 0, 0, 0], [2, 0, 0, 0, 0, 0, 0, 0, 0, 0, 0, 0, 0, 0], [4, 0, 0, 0, 0, 0, 0, 0, 0, 0, 0, 0, 0, 0], [2, 1, 0, 0, 1, 0, 0, 0, 0, 0, 0, 0, 0, 0], [2, 0, 0, 0, 3, 0, 0, 0, 0, 0, 0, 0, 0, 0], [1, 0, 0, 0, 2, 0, 0, 0, 0, 0, 0, 0, 0, 1], [2, 0, 0, 0, 3, 0, 0, 0, 0, 0, 0, 0, 0, 0], [2, 1, 0, 0, 0, 0, 0, 0, 0, 0, 0, 0, 0, 1], [2, 2, 0, 0, 3, 0, 0, 0, 0, 0, 0, 0, 0, 2]]"
source_expansion_Faces_to_PetImages_to_GarbageDataset,logistic_regression,kswin,0.85,8,308042,0.3489320737894133,0.3491982564468251,0.344849020190094,0.836,0.3489320737894133,0.3491982564468251,0.344849020190094,0.5800000000000001,0.9,0.836,0.3489320737894133,0.3491982564468251,0.344849020190094,0.5800000000000001,0.9,0.0,"[[117, 80, 2, 1, 0, 0, 0, 0, 0, 0, 0, 0, 0, 0], [33, 29, 1, 1, 0, 0, 0, 0, 1, 0, 0, 0, 0, 0], [2, 0, 424, 7, 0, 0, 0, 0, 0, 1, 0, 1, 1, 0], [0, 0, 7, 30, 1, 0, 0, 0, 0, 0, 0, 0, 0, 0], [0, 1, 0, 0, 230, 0, 0, 0, 0, 0, 0, 0, 0, 0], [0, 0, 0, 0, 0, 0, 1, 0, 0, 0, 0, 0, 0, 0], [0, 0, 1, 0, 3, 0, 2, 1, 0, 0, 0, 0, 0, 1], [0, 0, 0, 0, 1, 0, 1, 1, 1, 0, 0, 0, 0, 0], [0, 1, 0, 0, 1, 0, 0, 0, 0, 0, 0, 1, 1, 0], [0, 0, 0, 0, 2, 0, 1, 0, 0, 0, 0, 0, 0, 0], [0, 0, 0, 0, 0, 0, 0, 1, 0, 0, 0, 0, 0, 0], [0, 0, 0, 0, 0, 0, 0, 0, 1, 0, 0, 0, 1, 0], [0, 0, 0, 0, 0, 0, 0, 1, 0, 0, 0, 0, 3, 1], [0, 0, 1, 0, 1, 0, 0, 0, 0, 0, 0, 0, 0, 0]]","[[117, 80, 2, 1, 0, 0, 0, 0, 0, 0, 0, 0, 0, 0], [33, 29, 1, 1, 0, 0, 0, 0, 1, 0, 0, 0, 0, 0], [2, 0, 424, 7, 0, 0, 0, 0, 0, 1, 0, 1, 1, 0], [0, 0, 7, 30, 1, 0, 0, 0, 0, 0, 0, 0, 0, 0], [0, 1, 0, 0, 230, 0, 0, 0, 0, 0, 0, 0, 0, 0], [0, 0, 0, 0, 0, 0, 1, 0, 0, 0, 0, 0, 0, 0], [0, 0, 1, 0, 3, 0, 2, 1, 0, 0, 0, 0, 0, 1], [0, 0, 0, 0, 1, 0, 1, 1, 1, 0, 0, 0, 0, 0], [0, 1, 0, 0, 1, 0, 0, 0, 0, 0, 0, 1, 1, 0], [0, 0, 0, 0, 2, 0, 1, 0, 0, 0, 0, 0, 0, 0], [0, 0, 0, 0, 0, 0, 0, 1, 0, 0, 0, 0, 0, 0], [0, 0, 0, 0, 0, 0, 0, 0, 1, 0, 0, 0, 1, 0], [0, 0, 0, 0, 0, 0, 0, 1, 0, 0, 0, 0, 3, 1], [0, 0, 1, 0, 1, 0, 0, 0, 0, 0, 0, 0, 0, 0]]"
source_expansion_Faces_to_PetImages_to_GarbageDataset,hoeffding_tree,kswin,0.85,8,308042,0.17534764589934482,0.16641667184072512,0.1473124931132965,0.505,0.17534764589934482,0.16641667184072512,0.1473124931132965,0.83,0.0,0.75,0.16485089156072297,0.18156020039375217,0.17161156227575688,0.83,0.84,2.0,"[[192, 3, 0, 0, 0, 1, 0, 2, 1, 1, 0, 0, 0, 0], [55, 3, 0, 0, 0, 1, 0, 2, 1, 3, 0, 0, 0, 0], [45, 6, 297, 13, 4, 1, 2, 14, 7, 47, 0, 0, 0, 0], [13, 7, 2, 10, 0, 1, 1, 1, 0, 3, 0, 0, 0, 0], [1, 1, 0, 0, 1, 87, 17, 52, 47, 25, 0, 0, 0, 0], [0, 0, 0, 0, 0, 0, 0, 0, 1, 0, 0, 0, 0, 0], [0, 0, 0, 0, 0, 3, 1, 2, 2, 0, 0, 0, 0, 0], [0, 0, 0, 0, 0, 2, 0, 1, 1, 0, 0, 0, 0, 0], [0, 0, 0, 0, 0, 3, 0, 0, 0, 1, 0, 0, 0, 0], [0, 1, 0, 0, 0, 1, 0, 0, 1, 0, 0, 0, 0, 0], [0, 0, 0, 0, 0, 1, 0, 0, 0, 0, 0, 0, 0, 0], [0, 0, 0, 0, 0, 1, 1, 0, 0, 0, 0, 0, 0, 0], [0, 0, 0, 0, 0, 1, 0, 3, 1, 0, 0, 0, 0, 0], [0, 0, 0, 0, 0, 0, 1, 0, 1, 0, 0, 0, 0, 0]]","[[178, 2, 17, 0, 3, 0, 0, 0, 0, 0, 0, 0, 0, 0], [38, 0, 24, 1, 2, 0, 0, 0, 0, 0, 0, 0, 0, 0], [25, 0, 405, 2, 3, 0, 0, 0, 1, 0, 0, 0, 0, 0], [2, 0, 34, 0, 2, 0, 0, 0, 0, 0, 0, 0, 0, 0], [0, 0, 60, 2, 167, 0, 0, 0, 2, 0, 0, 0, 0, 0], [0, 0, 0, 0, 1, 0, 0, 0, 0, 0, 0, 0, 0, 0], [0, 0, 1, 0, 7, 0, 0, 0, 0, 0, 0, 0, 0, 0], [0, 0, 1, 0, 3, 0, 0, 0, 0, 0, 0, 0, 0, 0], [0, 0, 1, 0, 3, 0, 0, 0, 0, 0, 0, 0, 0, 0], [0, 0, 1, 0, 2, 0, 0, 0, 0, 0, 0, 0, 0, 0], [0, 0, 0, 0, 1, 0, 0, 0, 0, 0, 0, 0, 0, 0], [0, 0, 1, 0, 1, 0, 0, 0, 0, 0, 0, 0, 0, 0], [0, 0, 2, 0, 3, 0, 0, 0, 0, 0, 0, 0, 0, 0], [0, 0, 0, 0, 2, 0, 0, 0, 0, 0, 0, 0, 0, 0]]"
source_expansion_Faces_to_PetImages_to_GarbageDataset,gaussian_nb,kswin,0.85,8,308042,0.32308086310377887,0.3013753185376625,0.29933106802300863,0.831,0.32308086310377887,0.3013753185376625,0.29933106802300863,0.83,0.85,0.831,0.32308086310377887,0.3013753185376625,0.29933106802300863,0.83,0.85,0.0,"[[174, 26, 0, 0, 0, 0, 0, 0, 0, 0, 0, 0, 0, 0], [45, 20, 0, 0, 0, 0, 0, 0, 0, 0, 0, 0, 0, 0], [19, 13, 384, 20, 0, 0, 0, 0, 0, 0, 0, 0, 0, 0], [0, 6, 0, 32, 0, 0, 0, 0, 0, 0, 0, 0, 0, 0], [4, 9, 0, 0, 218, 0, 0, 0, 0, 0, 0, 0, 0, 0], [0, 1, 0, 0, 0, 0, 0, 0, 0, 0, 0, 0, 0, 0], [2, 1, 1, 0, 1, 0, 3, 0, 0, 0, 0, 0, 0, 0], [3, 1, 0, 0, 0, 0, 0, 0, 0, 0, 0, 0, 0, 0], [1, 3, 0, 0, 0, 0, 0, 0, 0, 0, 0, 0, 0, 0], [3, 0, 0, 0, 0, 0, 0, 0, 0, 0, 0, 0, 0, 0], [0, 1, 0, 0, 0, 0, 0, 0, 0, 0, 0, 0, 0, 0], [1, 1, 0, 0, 0, 0, 0, 0, 0, 0, 0, 0, 0, 0], [3, 2, 0, 0, 0, 0, 0, 0, 0, 0, 0, 0, 0, 0], [0, 2, 0, 0, 0, 0, 0, 0, 0, 0, 0, 0, 0, 0]]","[[174, 26, 0, 0, 0, 0, 0, 0, 0, 0, 0, 0, 0, 0], [45, 20, 0, 0, 0, 0, 0, 0, 0, 0, 0, 0, 0, 0], [19, 13, 384, 20, 0, 0, 0, 0, 0, 0, 0, 0, 0, 0], [0, 6, 0, 32, 0, 0, 0, 0, 0, 0, 0, 0, 0, 0], [4, 9, 0, 0, 218, 0, 0, 0, 0, 0, 0, 0, 0, 0], [0, 1, 0, 0, 0, 0, 0, 0, 0, 0, 0, 0, 0, 0], [2, 1, 1, 0, 1, 0, 3, 0, 0, 0, 0, 0, 0, 0], [3, 1, 0, 0, 0, 0, 0, 0, 0, 0, 0, 0, 0, 0], [1, 3, 0, 0, 0, 0, 0, 0, 0, 0, 0, 0, 0, 0], [3, 0, 0, 0, 0, 0, 0, 0, 0, 0, 0, 0, 0, 0], [0, 1, 0, 0, 0, 0, 0, 0, 0, 0, 0, 0, 0, 0], [1, 1, 0, 0, 0, 0, 0, 0, 0, 0, 0, 0, 0, 0], [3, 2, 0, 0, 0, 0, 0, 0, 0, 0, 0, 0, 0, 0], [0, 2, 0, 0, 0, 0, 0, 0, 0, 0, 0, 0, 0, 0]]"
source_expansion_Faces_to_PetImages_to_GarbageDataset,logistic_regression,adwin,0.85,8,308042,0.3489320737894133,0.3491982564468251,0.344849020190094,0.836,0.3489320737894133,0.3491982564468251,0.344849020190094,0.5800000000000001,0.9,0.742,0.33213817898627956,0.3593665892407011,0.3328923243040464,0.5800000000000001,0.91,1.0,"[[117, 80, 2, 1, 0, 0, 0, 0, 0, 0, 0, 0, 0, 0], [33, 29, 1, 1, 0, 0, 0, 0, 1, 0, 0, 0, 0, 0], [2, 0, 424, 7, 0, 0, 0, 0, 0, 1, 0, 1, 1, 0], [0, 0, 7, 30, 1, 0, 0, 0, 0, 0, 0, 0, 0, 0], [0, 1, 0, 0, 230, 0, 0, 0, 0, 0, 0, 0, 0, 0], [0, 0, 0, 0, 0, 0, 1, 0, 0, 0, 0, 0, 0, 0], [0, 0, 1, 0, 3, 0, 2, 1, 0, 0, 0, 0, 0, 1], [0, 0, 0, 0, 1, 0, 1, 1, 1, 0, 0, 0, 0, 0], [0, 1, 0, 0, 1, 0, 0, 0, 0, 0, 0, 1, 1, 0], [0, 0, 0, 0, 2, 0, 1, 0, 0, 0, 0, 0, 0, 0], [0, 0, 0, 0, 0, 0, 0, 1, 0, 0, 0, 0, 0, 0], [0, 0, 0, 0, 0, 0, 0, 0, 1, 0, 0, 0, 1, 0], [0, 0, 0, 0, 0, 0, 0, 1, 0, 0, 0, 0, 3, 1], [0, 0, 1, 0, 1, 0, 0, 0, 0, 0, 0, 0, 0, 0]]","[[106, 90, 2, 2, 0, 0, 0, 0, 0, 0, 0, 0, 0, 0], [24, 37, 1, 2, 0, 0, 0, 0, 0, 1, 0, 0, 0, 0], [28, 26, 334, 42, 1, 0, 0, 0, 1, 3, 0, 1, 0, 0], [0, 1, 8, 28, 1, 0, 0, 0, 0, 0, 0, 0, 0, 0], [0, 0, 0, 1, 230, 0, 0, 0, 0, 0, 0, 0, 0, 0], [0, 0, 0, 0, 0, 0, 1, 0, 0, 0, 0, 0, 0, 0], [0, 0, 1, 0, 3, 0, 2, 1, 0, 0, 0, 0, 0, 1], [1, 0, 0, 0, 1, 0, 1, 1, 0, 0, 0, 0, 0, 0], [0, 0, 0, 0, 2, 0, 0, 0, 0, 0, 0, 1, 1, 0], [0, 0, 0, 0, 1, 0, 1, 0, 0, 1, 0, 0, 0, 0], [0, 0, 0, 0, 0, 0, 0, 1, 0, 0, 0, 0, 0, 0], [0, 0, 0, 0, 0, 0, 0, 0, 1, 0, 0, 0, 1, 0], [0, 0, 0, 0, 0, 0, 0, 1, 0, 0, 0, 0, 3, 1], [0, 0, 0, 0, 2, 0, 0, 0, 0, 0, 0, 0, 0, 0]]"
source_expansion_Faces_to_PetImages_to_GarbageDataset,hoeffding_tree,adwin,0.85,8,308042,0.17534764589934482,0.16641667184072512,0.1473124931132965,0.505,0.17534764589934482,0.16641667184072512,0.1473124931132965,0.83,0.0,0.749,0.16346604464586031,0.18231502442511616,0.17121023694610923,0.83,0.84,2.0,"[[192, 3, 0, 0, 0, 1, 0, 2, 1, 1, 0, 0, 0, 0], [55, 3, 0, 0, 0, 1, 0, 2, 1, 3, 0, 0, 0, 0], [45, 6, 297, 13, 4, 1, 2, 14, 7, 47, 0, 0, 0, 0], [13, 7, 2, 10, 0, 1, 1, 1, 0, 3, 0, 0, 0, 0], [1, 1, 0, 0, 1, 87, 17, 52, 47, 25, 0, 0, 0, 0], [0, 0, 0, 0, 0, 0, 0, 0, 1, 0, 0, 0, 0, 0], [0, 0, 0, 0, 0, 3, 1, 2, 2, 0, 0, 0, 0, 0], [0, 0, 0, 0, 0, 2, 0, 1, 1, 0, 0, 0, 0, 0], [0, 0, 0, 0, 0, 3, 0, 0, 0, 1, 0, 0, 0, 0], [0, 1, 0, 0, 0, 1, 0, 0, 1, 0, 0, 0, 0, 0], [0, 0, 0, 0, 0, 1, 0, 0, 0, 0, 0, 0, 0, 0], [0, 0, 0, 0, 0, 1, 1, 0, 0, 0, 0, 0, 0, 0], [0, 0, 0, 0, 0, 1, 0, 3, 1, 0, 0, 0, 0, 0], [0, 0, 0, 0, 0, 0, 1, 0, 1, 0, 0, 0, 0, 0]]","[[182, 2, 13, 0, 3, 0, 0, 0, 0, 0, 0, 0, 0, 0], [38, 0, 24, 1, 2, 0, 0, 0, 0, 0, 0, 0, 0, 0], [30, 1, 399, 2, 4, 0, 0, 0, 0, 0, 0, 0, 0, 0], [4, 0, 32, 0, 2, 0, 0, 0, 0, 0, 0, 0, 0, 0], [0, 1, 62, 0, 168, 0, 0, 0, 0, 0, 0, 0, 0, 0], [0, 0, 0, 0, 1, 0, 0, 0, 0, 0, 0, 0, 0, 0], [0, 0, 1, 0, 7, 0, 0, 0, 0, 0, 0, 0, 0, 0], [0, 0, 1, 0, 3, 0, 0, 0, 0, 0, 0, 0, 0, 0], [0, 0, 1, 0, 3, 0, 0, 0, 0, 0, 0, 0, 0, 0], [0, 0, 1, 0, 2, 0, 0, 0, 0, 0, 0, 0, 0, 0], [0, 0, 0, 0, 1, 0, 0, 0, 0, 0, 0, 0, 0, 0], [0, 0, 0, 0, 2, 0, 0, 0, 0, 0, 0, 0, 0, 0], [0, 0, 2, 0, 3, 0, 0, 0, 0, 0, 0, 0, 0, 0], [0, 0, 0, 0, 2, 0, 0, 0, 0, 0, 0, 0, 0, 0]]"
source_expansion_Faces_to_PetImages_to_GarbageDataset,gaussian_nb,adwin,0.85,8,308042,0.32308086310377887,0.3013753185376625,0.29933106802300863,0.831,0.32308086310377887,0.3013753185376625,0.29933106802300863,0.83,0.85,0.831,0.32308086310377887,0.3013753185376625,0.29933106802300863,0.83,0.85,0.0,"[[174, 26, 0, 0, 0, 0, 0, 0, 0, 0, 0, 0, 0, 0], [45, 20, 0, 0, 0, 0, 0, 0, 0, 0, 0, 0, 0, 0], [19, 13, 384, 20, 0, 0, 0, 0, 0, 0, 0, 0, 0, 0], [0, 6, 0, 32, 0, 0, 0, 0, 0, 0, 0, 0, 0, 0], [4, 9, 0, 0, 218, 0, 0, 0, 0, 0, 0, 0, 0, 0], [0, 1, 0, 0, 0, 0, 0, 0, 0, 0, 0, 0, 0, 0], [2, 1, 1, 0, 1, 0, 3, 0, 0, 0, 0, 0, 0, 0], [3, 1, 0, 0, 0, 0, 0, 0, 0, 0, 0, 0, 0, 0], [1, 3, 0, 0, 0, 0, 0, 0, 0, 0, 0, 0, 0, 0], [3, 0, 0, 0, 0, 0, 0, 0, 0, 0, 0, 0, 0, 0], [0, 1, 0, 0, 0, 0, 0, 0, 0, 0, 0, 0, 0, 0], [1, 1, 0, 0, 0, 0, 0, 0, 0, 0, 0, 0, 0, 0], [3, 2, 0, 0, 0, 0, 0, 0, 0, 0, 0, 0, 0, 0], [0, 2, 0, 0, 0, 0, 0, 0, 0, 0, 0, 0, 0, 0]]","[[174, 26, 0, 0, 0, 0, 0, 0, 0, 0, 0, 0, 0, 0], [45, 20, 0, 0, 0, 0, 0, 0, 0, 0, 0, 0, 0, 0], [19, 13, 384, 20, 0, 0, 0, 0, 0, 0, 0, 0, 0, 0], [0, 6, 0, 32, 0, 0, 0, 0, 0, 0, 0, 0, 0, 0], [4, 9, 0, 0, 218, 0, 0, 0, 0, 0, 0, 0, 0, 0], [0, 1, 0, 0, 0, 0, 0, 0, 0, 0, 0, 0, 0, 0], [2, 1, 1, 0, 1, 0, 3, 0, 0, 0, 0, 0, 0, 0], [3, 1, 0, 0, 0, 0, 0, 0, 0, 0, 0, 0, 0, 0], [1, 3, 0, 0, 0, 0, 0, 0, 0, 0, 0, 0, 0, 0], [3, 0, 0, 0, 0, 0, 0, 0, 0, 0, 0, 0, 0, 0], [0, 1, 0, 0, 0, 0, 0, 0, 0, 0, 0, 0, 0, 0], [1, 1, 0, 0, 0, 0, 0, 0, 0, 0, 0, 0, 0, 0], [3, 2, 0, 0, 0, 0, 0, 0, 0, 0, 0, 0, 0, 0], [0, 2, 0, 0, 0, 0, 0, 0, 0, 0, 0, 0, 0, 0]]"
source_expansion_Faces_to_PetImages_to_GarbageDataset,logistic_regression,page_hinkley,0.85,8,308042,0.3489320737894133,0.3491982564468251,0.344849020190094,0.836,0.3489320737894133,0.3491982564468251,0.344849020190094,0.5800000000000001,0.9,0.759,0.3119797228367025,0.32571330465308534,0.30836653975216943,0.5800000000000001,0.9,1.0,"[[117, 80, 2, 1, 0, 0, 0, 0, 0, 0, 0, 0, 0, 0], [33, 29, 1, 1, 0, 0, 0, 0, 1, 0, 0, 0, 0, 0], [2, 0, 424, 7, 0, 0, 0, 0, 0, 1, 0, 1, 1, 0], [0, 0, 7, 30, 1, 0, 0, 0, 0, 0, 0, 0, 0, 0], [0, 1, 0, 0, 230, 0, 0, 0, 0, 0, 0, 0, 0, 0], [0, 0, 0, 0, 0, 0, 1, 0, 0, 0, 0, 0, 0, 0], [0, 0, 1, 0, 3, 0, 2, 1, 0, 0, 0, 0, 0, 1], [0, 0, 0, 0, 1, 0, 1, 1, 1, 0, 0, 0, 0, 0], [0, 1, 0, 0, 1, 0, 0, 0, 0, 0, 0, 1, 1, 0], [0, 0, 0, 0, 2, 0, 1, 0, 0, 0, 0, 0, 0, 0], [0, 0, 0, 0, 0, 0, 0, 1, 0, 0, 0, 0, 0, 0], [0, 0, 0, 0, 0, 0, 0, 0, 1, 0, 0, 0, 1, 0], [0, 0, 0, 0, 0, 0, 0, 1, 0, 0, 0, 0, 3, 1], [0, 0, 1, 0, 1, 0, 0, 0, 0, 0, 0, 0, 0, 0]]","[[104, 92, 2, 2, 0, 0, 0, 0, 0, 0, 0, 0, 0, 0], [26, 37, 1, 0, 0, 0, 0, 0, 0, 1, 0, 0, 0, 0], [26, 13, 354, 36, 2, 0, 0, 0, 1, 3, 0, 1, 0, 0], [1, 2, 5, 29, 1, 0, 0, 0, 0, 0, 0, 0, 0, 0], [0, 1, 0, 0, 230, 0, 0, 0, 0, 0, 0, 0, 0, 0], [0, 0, 0, 0, 0, 0, 1, 0, 0, 0, 0, 0, 0, 0], [0, 0, 1, 0, 3, 0, 2, 1, 0, 0, 0, 0, 0, 1], [0, 0, 0, 0, 1, 0, 1, 1, 1, 0, 0, 0, 0, 0], [0, 0, 0, 0, 2, 0, 0, 0, 0, 0, 0, 1, 1, 0], [0, 0, 0, 0, 2, 0, 1, 0, 0, 0, 0, 0, 0, 0], [0, 0, 0, 0, 0, 0, 0, 1, 0, 0, 0, 0, 0, 0], [1, 0, 0, 0, 0, 0, 0, 0, 0, 0, 0, 0, 1, 0], [1, 0, 0, 0, 0, 0, 0, 1, 0, 0, 0, 0, 2, 1], [0, 0, 0, 0, 1, 0, 0, 1, 0, 0, 0, 0, 0, 0]]"
source_expansion_Faces_to_PetImages_to_GarbageDataset,hoeffding_tree,page_hinkley,0.85,8,308042,0.17534764589934482,0.16641667184072512,0.1473124931132965,0.505,0.17534764589934482,0.16641667184072512,0.1473124931132965,0.83,0.0,0.748,0.16512884767317468,0.18084591467946645,0.17148374694100194,0.83,0.84,3.0,"[[192, 3, 0, 0, 0, 1, 0, 2, 1, 1, 0, 0, 0, 0], [55, 3, 0, 0, 0, 1, 0, 2, 1, 3, 0, 0, 0, 0], [45, 6, 297, 13, 4, 1, 2, 14, 7, 47, 0, 0, 0, 0], [13, 7, 2, 10, 0, 1, 1, 1, 0, 3, 0, 0, 0, 0], [1, 1, 0, 0, 1, 87, 17, 52, 47, 25, 0, 0, 0, 0], [0, 0, 0, 0, 0, 0, 0, 0, 1, 0, 0, 0, 0, 0], [0, 0, 0, 0, 0, 3, 1, 2, 2, 0, 0, 0, 0, 0], [0, 0, 0, 0, 0, 2, 0, 1, 1, 0, 0, 0, 0, 0], [0, 0, 0, 0, 0, 3, 0, 0, 0, 1, 0, 0, 0, 0], [0, 1, 0, 0, 0, 1, 0, 0, 1, 0, 0, 0, 0, 0], [0, 0, 0, 0, 0, 1, 0, 0, 0, 0, 0, 0, 0, 0], [0, 0, 0, 0, 0, 1, 1, 0, 0, 0, 0, 0, 0, 0], [0, 0, 0, 0, 0, 1, 0, 3, 1, 0, 0, 0, 0, 0], [0, 0, 0, 0, 0, 0, 1, 0, 1, 0, 0, 0, 0, 0]]","[[176, 4, 17, 0, 3, 0, 0, 0, 0, 0, 0, 0, 0, 0], [37, 0, 25, 1, 2, 0, 0, 0, 0, 0, 0, 0, 0, 0], [23, 0, 405, 4, 3, 0, 0, 0, 1, 0, 0, 0, 0, 0], [3, 0, 33, 0, 2, 0, 0, 0, 0, 0, 0, 0, 0, 0], [0, 0, 60, 2, 167, 0, 0, 0, 2, 0, 0, 0, 0, 0], [0, 0, 0, 0, 1, 0, 0, 0, 0, 0, 0, 0, 0, 0], [0, 0, 1, 0, 7, 0, 0, 0, 0, 0, 0, 0, 0, 0], [0, 0, 1, 0, 3, 0, 0, 0, 0, 0, 0, 0, 0, 0], [0, 0, 1, 0, 3, 0, 0, 0, 0, 0, 0, 0, 0, 0], [0, 0, 1, 0, 2, 0, 0, 0, 0, 0, 0, 0, 0, 0], [0, 0, 0, 0, 1, 0, 0, 0, 0, 0, 0, 0, 0, 0], [0, 0, 1, 0, 1, 0, 0, 0, 0, 0, 0, 0, 0, 0], [0, 0, 2, 0, 3, 0, 0, 0, 0, 0, 0, 0, 0, 0], [0, 0, 0, 0, 2, 0, 0, 0, 0, 0, 0, 0, 0, 0]]"
source_expansion_Faces_to_PetImages_to_GarbageDataset,gaussian_nb,page_hinkley,0.85,8,308042,0.32308086310377887,0.3013753185376625,0.29933106802300863,0.831,0.32308086310377887,0.3013753185376625,0.29933106802300863,0.83,0.85,0.848,0.33392662121224415,0.29399544949313866,0.3036647134391495,0.83,0.83,1.0,"[[174, 26, 0, 0, 0, 0, 0, 0, 0, 0, 0, 0, 0, 0], [45, 20, 0, 0, 0, 0, 0, 0, 0, 0, 0, 0, 0, 0], [19, 13, 384, 20, 0, 0, 0, 0, 0, 0, 0, 0, 0, 0], [0, 6, 0, 32, 0, 0, 0, 0, 0, 0, 0, 0, 0, 0], [4, 9, 0, 0, 218, 0, 0, 0, 0, 0, 0, 0, 0, 0], [0, 1, 0, 0, 0, 0, 0, 0, 0, 0, 0, 0, 0, 0], [2, 1, 1, 0, 1, 0, 3, 0, 0, 0, 0, 0, 0, 0], [3, 1, 0, 0, 0, 0, 0, 0, 0, 0, 0, 0, 0, 0], [1, 3, 0, 0, 0, 0, 0, 0, 0, 0, 0, 0, 0, 0], [3, 0, 0, 0, 0, 0, 0, 0, 0, 0, 0, 0, 0, 0], [0, 1, 0, 0, 0, 0, 0, 0, 0, 0, 0, 0, 0, 0], [1, 1, 0, 0, 0, 0, 0, 0, 0, 0, 0, 0, 0, 0], [3, 2, 0, 0, 0, 0, 0, 0, 0, 0, 0, 0, 0, 0], [0, 2, 0, 0, 0, 0, 0, 0, 0, 0, 0, 0, 0, 0]]","[[165, 33, 2, 0, 0, 0, 0, 0, 0, 0, 0, 0, 0, 0], [37, 22, 5, 1, 0, 0, 0, 0, 0, 0, 0, 0, 0, 0], [5, 7, 414, 10, 0, 0, 0, 0, 0, 0, 0, 0, 0, 0], [0, 6, 6, 26, 0, 0, 0, 0, 0, 0, 0, 0, 0, 0], [0, 0, 11, 2, 218, 0, 0, 0, 0, 0, 0, 0, 0, 0], [0, 0, 1, 0, 0, 0, 0, 0, 0, 0, 0, 0, 0, 0], [0, 0, 4, 0, 1, 0, 3, 0, 0, 0, 0, 0, 0, 0], [0, 0, 4, 0, 0, 0, 0, 0, 0, 0, 0, 0, 0, 0], [0, 0, 4, 0, 0, 0, 0, 0, 0, 0, 0, 0, 0, 0], [0, 0, 3, 0, 0, 0, 0, 0, 0, 0, 0, 0, 0, 0], [0, 0, 1, 0, 0, 0, 0, 0, 0, 0, 0, 0, 0, 0], [0, 0, 2, 0, 0, 0, 0, 0, 0, 0, 0, 0, 0, 0], [0, 0, 5, 0, 0, 0, 0, 0, 0, 0, 0, 0, 0, 0], [0, 0, 2, 0, 0, 0, 0, 0, 0, 0, 0, 0, 0, 0]]"
source_expansion_Faces_to_PetImages_to_GarbageDataset,logistic_regression,hddm_w,0.85,8,308042,0.3489320737894133,0.3491982564468251,0.344849020190094,0.836,0.3489320737894133,0.3491982564468251,0.344849020190094,0.5800000000000001,0.9,0.835,0.3476033451099945,0.35445909290635785,0.34554876047583544,0.5800000000000001,0.9,1.0,"[[117, 80, 2, 1, 0, 0, 0, 0, 0, 0, 0, 0, 0, 0], [33, 29, 1, 1, 0, 0, 0, 0, 1, 0, 0, 0, 0, 0], [2, 0, 424, 7, 0, 0, 0, 0, 0, 1, 0, 1, 1, 0], [0, 0, 7, 30, 1, 0, 0, 0, 0, 0, 0, 0, 0, 0], [0, 1, 0, 0, 230, 0, 0, 0, 0, 0, 0, 0, 0, 0], [0, 0, 0, 0, 0, 0, 1, 0, 0, 0, 0, 0, 0, 0], [0, 0, 1, 0, 3, 0, 2, 1, 0, 0, 0, 0, 0, 1], [0, 0, 0, 0, 1, 0, 1, 1, 1, 0, 0, 0, 0, 0], [0, 1, 0, 0, 1, 0, 0, 0, 0, 0, 0, 1, 1, 0], [0, 0, 0, 0, 2, 0, 1, 0, 0, 0, 0, 0, 0, 0], [0, 0, 0, 0, 0, 0, 0, 1, 0, 0, 0, 0, 0, 0], [0, 0, 0, 0, 0, 0, 0, 0, 1, 0, 0, 0, 1, 0], [0, 0, 0, 0, 0, 0, 0, 1, 0, 0, 0, 0, 3, 1], [0, 0, 1, 0, 1, 0, 0, 0, 0, 0, 0, 0, 0, 0]]","[[112, 84, 2, 2, 0, 0, 0, 0, 0, 0, 0, 0, 0, 0], [30, 34, 1, 0, 0, 0, 0, 0, 0, 0, 0, 0, 0, 0], [2, 0, 422, 9, 0, 0, 0, 0, 0, 1, 0, 1, 1, 0], [0, 0, 6, 31, 1, 0, 0, 0, 0, 0, 0, 0, 0, 0], [0, 1, 0, 0, 230, 0, 0, 0, 0, 0, 0, 0, 0, 0], [0, 0, 0, 0, 0, 0, 1, 0, 0, 0, 0, 0, 0, 0], [0, 0, 1, 1, 2, 0, 2, 1, 0, 0, 0, 0, 0, 1], [1, 0, 0, 0, 0, 0, 1, 1, 1, 0, 0, 0, 0, 0], [0, 1, 0, 0, 1, 0, 0, 0, 0, 0, 0, 1, 1, 0], [0, 0, 0, 0, 2, 0, 1, 0, 0, 0, 0, 0, 0, 0], [0, 0, 0, 0, 0, 0, 0, 1, 0, 0, 0, 0, 0, 0], [1, 0, 0, 0, 0, 0, 0, 0, 0, 0, 0, 0, 1, 0], [0, 0, 0, 0, 0, 0, 0, 1, 0, 0, 0, 0, 3, 1], [0, 0, 1, 0, 1, 0, 0, 0, 0, 0, 0, 0, 0, 0]]"
source_expansion_Faces_to_PetImages_to_GarbageDataset,hoeffding_tree,hddm_w,0.85,8,308042,0.17534764589934482,0.16641667184072512,0.1473124931132965,0.505,0.17534764589934482,0.16641667184072512,0.1473124931132965,0.83,0.0,0.744,0.16585903898082408,0.1773803140939445,0.16905224064188865,0.83,0.84,2.0,"[[192, 3, 0, 0, 0, 1, 0, 2, 1, 1, 0, 0, 0, 0], [55, 3, 0, 0, 0, 1, 0, 2, 1, 3, 0, 0, 0, 0], [45, 6, 297, 13, 4, 1, 2, 14, 7, 47, 0, 0, 0, 0], [13, 7, 2, 10, 0, 1, 1, 1, 0, 3, 0, 0, 0, 0], [1, 1, 0, 0, 1, 87, 17, 52, 47, 25, 0, 0, 0, 0], [0, 0, 0, 0, 0, 0, 0, 0, 1, 0, 0, 0, 0, 0], [0, 0, 0, 0, 0, 3, 1, 2, 2, 0, 0, 0, 0, 0], [0, 0, 0, 0, 0, 2, 0, 1, 1, 0, 0, 0, 0, 0], [0, 0, 0, 0, 0, 3, 0, 0, 0, 1, 0, 0, 0, 0], [0, 1, 0, 0, 0, 1, 0, 0, 1, 0, 0, 0, 0, 0], [0, 0, 0, 0, 0, 1, 0, 0, 0, 0, 0, 0, 0, 0], [0, 0, 0, 0, 0, 1, 1, 0, 0, 0, 0, 0, 0, 0], [0, 0, 0, 0, 0, 1, 0, 3, 1, 0, 0, 0, 0, 0], [0, 0, 0, 0, 0, 0, 1, 0, 1, 0, 0, 0, 0, 0]]","[[175, 2, 20, 0, 3, 0, 0, 0, 0, 0, 0, 0, 0, 0], [35, 0, 28, 0, 2, 0, 0, 0, 0, 0, 0, 0, 0, 0], [14, 0, 420, 0, 2, 0, 0, 0, 0, 0, 0, 0, 0, 0], [2, 0, 35, 0, 1, 0, 0, 0, 0, 0, 0, 0, 0, 0], [0, 0, 82, 0, 149, 0, 0, 0, 0, 0, 0, 0, 0, 0], [0, 0, 0, 0, 1, 0, 0, 0, 0, 0, 0, 0, 0, 0], [0, 0, 2, 0, 6, 0, 0, 0, 0, 0, 0, 0, 0, 0], [0, 0, 1, 0, 3, 0, 0, 0, 0, 0, 0, 0, 0, 0], [0, 0, 1, 0, 3, 0, 0, 0, 0, 0, 0, 0, 0, 0], [0, 0, 1, 0, 2, 0, 0, 0, 0, 0, 0, 0, 0, 0], [0, 0, 0, 0, 1, 0, 0, 0, 0, 0, 0, 0, 0, 0], [0, 0, 1, 0, 1, 0, 0, 0, 0, 0, 0, 0, 0, 0], [0, 0, 3, 0, 2, 0, 0, 0, 0, 0, 0, 0, 0, 0], [0, 0, 1, 0, 1, 0, 0, 0, 0, 0, 0, 0, 0, 0]]"
source_expansion_Faces_to_PetImages_to_GarbageDataset,gaussian_nb,hddm_w,0.85,8,308042,0.32308086310377887,0.3013753185376625,0.29933106802300863,0.831,0.32308086310377887,0.3013753185376625,0.29933106802300863,0.83,0.85,0.831,0.32308086310377887,0.3013753185376625,0.29933106802300863,0.83,0.85,0.0,"[[174, 26, 0, 0, 0, 0, 0, 0, 0, 0, 0, 0, 0, 0], [45, 20, 0, 0, 0, 0, 0, 0, 0, 0, 0, 0, 0, 0], [19, 13, 384, 20, 0, 0, 0, 0, 0, 0, 0, 0, 0, 0], [0, 6, 0, 32, 0, 0, 0, 0, 0, 0, 0, 0, 0, 0], [4, 9, 0, 0, 218, 0, 0, 0, 0, 0, 0, 0, 0, 0], [0, 1, 0, 0, 0, 0, 0, 0, 0, 0, 0, 0, 0, 0], [2, 1, 1, 0, 1, 0, 3, 0, 0, 0, 0, 0, 0, 0], [3, 1, 0, 0, 0, 0, 0, 0, 0, 0, 0, 0, 0, 0], [1, 3, 0, 0, 0, 0, 0, 0, 0, 0, 0, 0, 0, 0], [3, 0, 0, 0, 0, 0, 0, 0, 0, 0, 0, 0, 0, 0], [0, 1, 0, 0, 0, 0, 0, 0, 0, 0, 0, 0, 0, 0], [1, 1, 0, 0, 0, 0, 0, 0, 0, 0, 0, 0, 0, 0], [3, 2, 0, 0, 0, 0, 0, 0, 0, 0, 0, 0, 0, 0], [0, 2, 0, 0, 0, 0, 0, 0, 0, 0, 0, 0, 0, 0]]","[[174, 26, 0, 0, 0, 0, 0, 0, 0, 0, 0, 0, 0, 0], [45, 20, 0, 0, 0, 0, 0, 0, 0, 0, 0, 0, 0, 0], [19, 13, 384, 20, 0, 0, 0, 0, 0, 0, 0, 0, 0, 0], [0, 6, 0, 32, 0, 0, 0, 0, 0, 0, 0, 0, 0, 0], [4, 9, 0, 0, 218, 0, 0, 0, 0, 0, 0, 0, 0, 0], [0, 1, 0, 0, 0, 0, 0, 0, 0, 0, 0, 0, 0, 0], [2, 1, 1, 0, 1, 0, 3, 0, 0, 0, 0, 0, 0, 0], [3, 1, 0, 0, 0, 0, 0, 0, 0, 0, 0, 0, 0, 0], [1, 3, 0, 0, 0, 0, 0, 0, 0, 0, 0, 0, 0, 0], [3, 0, 0, 0, 0, 0, 0, 0, 0, 0, 0, 0, 0, 0], [0, 1, 0, 0, 0, 0, 0, 0, 0, 0, 0, 0, 0, 0], [1, 1, 0, 0, 0, 0, 0, 0, 0, 0, 0, 0, 0, 0], [3, 2, 0, 0, 0, 0, 0, 0, 0, 0, 0, 0, 0, 0], [0, 2, 0, 0, 0, 0, 0, 0, 0, 0, 0, 0, 0, 0]]"
source_expansion_Faces_to_PetImages_to_GarbageDataset,logistic_regression,kswin,0.85,9,309042,0.47477907243771317,0.41154859947618344,0.4260867699366152,0.815,0.47477907243771317,0.41154859947618344,0.4260867699366152,0.55,0.92,0.815,0.47477907243771317,0.41154859947618344,0.4260867699366152,0.55,0.92,0.0,"[[202, 106, 2, 0, 0, 0, 0, 0, 0, 0, 0, 0, 0, 0], [41, 33, 1, 0, 0, 0, 0, 0, 0, 0, 0, 0, 0, 0], [0, 1, 288, 3, 0, 0, 0, 0, 0, 0, 0, 0, 0, 0], [1, 1, 4, 9, 0, 0, 0, 0, 1, 0, 1, 0, 0, 0], [1, 0, 0, 0, 276, 0, 1, 0, 0, 0, 0, 0, 0, 0], [0, 0, 0, 0, 0, 0, 0, 0, 0, 0, 0, 0, 1, 0], [0, 0, 0, 0, 3, 0, 0, 0, 0, 0, 0, 0, 0, 0], [1, 0, 0, 0, 0, 0, 0, 1, 0, 0, 1, 0, 0, 0], [0, 0, 0, 0, 1, 0, 0, 0, 2, 2, 0, 0, 0, 1], [0, 0, 0, 0, 0, 0, 0, 0, 2, 1, 0, 0, 0, 0], [0, 0, 0, 1, 4, 0, 0, 0, 0, 0, 0, 0, 0, 0], [0, 0, 0, 0, 0, 0, 0, 0, 0, 0, 0, 0, 0, 0], [0, 0, 0, 0, 0, 0, 0, 0, 0, 0, 0, 0, 3, 1], [0, 0, 0, 0, 2, 0, 1, 0, 0, 0, 0, 0, 0, 0]]","[[202, 106, 2, 0, 0, 0, 0, 0, 0, 0, 0, 0, 0, 0], [41, 33, 1, 0, 0, 0, 0, 0, 0, 0, 0, 0, 0, 0], [0, 1, 288, 3, 0, 0, 0, 0, 0, 0, 0, 0, 0, 0], [1, 1, 4, 9, 0, 0, 0, 0, 1, 0, 1, 0, 0, 0], [1, 0, 0, 0, 276, 0, 1, 0, 0, 0, 0, 0, 0, 0], [0, 0, 0, 0, 0, 0, 0, 0, 0, 0, 0, 0, 1, 0], [0, 0, 0, 0, 3, 0, 0, 0, 0, 0, 0, 0, 0, 0], [1, 0, 0, 0, 0, 0, 0, 1, 0, 0, 1, 0, 0, 0], [0, 0, 0, 0, 1, 0, 0, 0, 2, 2, 0, 0, 0, 1], [0, 0, 0, 0, 0, 0, 0, 0, 2, 1, 0, 0, 0, 0], [0, 0, 0, 1, 4, 0, 0, 0, 0, 0, 0, 0, 0, 0], [0, 0, 0, 0, 0, 0, 0, 0, 0, 0, 0, 0, 0, 0], [0, 0, 0, 0, 0, 0, 0, 0, 0, 0, 0, 0, 3, 1], [0, 0, 0, 0, 2, 0, 1, 0, 0, 0, 0, 0, 0, 0]]"
source_expansion_Faces_to_PetImages_to_GarbageDataset,hoeffding_tree,kswin,0.85,9,309042,0.31731478149434506,0.22938924353146298,0.2012817827702662,0.596,0.31731478149434506,0.22938924353146298,0.2012817827702662,0.85,0.18000000000000005,0.791,0.18412415293805204,0.2072181610230358,0.19482591029565363,0.85,0.83,6.0,"[[308, 2, 0, 0, 0, 0, 0, 0, 0, 0, 0, 0, 0, 0], [69, 3, 0, 0, 0, 1, 0, 2, 0, 0, 0, 0, 0, 0], [64, 4, 219, 0, 2, 0, 0, 0, 0, 3, 0, 0, 0, 0], [6, 5, 3, 1, 0, 1, 0, 0, 0, 1, 0, 0, 0, 0], [2, 25, 0, 0, 62, 67, 12, 45, 0, 63, 0, 0, 2, 0], [0, 1, 0, 0, 0, 0, 0, 0, 0, 0, 0, 0, 0, 0], [0, 0, 0, 0, 0, 1, 1, 0, 0, 1, 0, 0, 0, 0], [2, 0, 0, 0, 0, 0, 0, 1, 0, 0, 0, 0, 0, 0], [0, 0, 0, 0, 0, 3, 0, 2, 0, 1, 0, 0, 0, 0], [0, 0, 0, 0, 0, 1, 1, 1, 0, 0, 0, 0, 0, 0], [0, 0, 0, 0, 0, 3, 0, 2, 0, 0, 0, 0, 0, 0], [0, 0, 0, 0, 0, 0, 0, 0, 0, 0, 0, 0, 0, 0], [0, 1, 1, 0, 0, 1, 0, 0, 0, 0, 0, 0, 1, 0], [0, 0, 0, 0, 0, 0, 1, 2, 0, 0, 0, 0, 0, 0]]","[[290, 2, 16, 0, 2, 0, 0, 0, 0, 0, 0, 0, 0, 0], [53, 0, 16, 0, 6, 0, 0, 0, 0, 0, 0, 0, 0, 0], [28, 2, 254, 0, 8, 0, 0, 0, 0, 0, 0, 0, 0, 0], [1, 0, 14, 0, 2, 0, 0, 0, 0, 0, 0, 0, 0, 0], [2, 0, 28, 0, 247, 0, 0, 0, 0, 0, 0, 0, 0, 1], [0, 0, 0, 0, 1, 0, 0, 0, 0, 0, 0, 0, 0, 0], [0, 0, 0, 0, 3, 0, 0, 0, 0, 0, 0, 0, 0, 0], [0, 0, 0, 0, 3, 0, 0, 0, 0, 0, 0, 0, 0, 0], [0, 0, 0, 0, 6, 0, 0, 0, 0, 0, 0, 0, 0, 0], [0, 0, 0, 0, 3, 0, 0, 0, 0, 0, 0, 0, 0, 0], [0, 0, 0, 0, 5, 0, 0, 0, 0, 0, 0, 0, 0, 0], [0, 0, 0, 0, 0, 0, 0, 0, 0, 0, 0, 0, 0, 0], [0, 0, 0, 0, 4, 0, 0, 0, 0, 0, 0, 0, 0, 0], [1, 0, 0, 0, 2, 0, 0, 0, 0, 0, 0, 0, 0, 0]]"
source_expansion_Faces_to_PetImages_to_GarbageDataset,gaussian_nb,kswin,0.85,9,309042,0.370213698540294,0.29213625611169197,0.30600369270496364,0.842,0.370213698540294,0.29213625611169197,0.30600369270496364,0.83,0.8200000000000001,0.842,0.370213698540294,0.29213625611169197,0.30600369270496364,0.83,0.8200000000000001,0.0,"[[277, 33, 0, 0, 0, 0, 0, 0, 0, 0, 0, 0, 0, 0], [54, 21, 0, 0, 0, 0, 0, 0, 0, 0, 0, 0, 0, 0], [3, 9, 278, 2, 0, 0, 0, 0, 0, 0, 0, 0, 0, 0], [1, 1, 5, 10, 0, 0, 0, 0, 0, 0, 0, 0, 0, 0], [5, 18, 0, 0, 255, 0, 0, 0, 0, 0, 0, 0, 0, 0], [0, 1, 0, 0, 0, 0, 0, 0, 0, 0, 0, 0, 0, 0], [0, 1, 0, 0, 2, 0, 0, 0, 0, 0, 0, 0, 0, 0], [3, 0, 0, 0, 0, 0, 0, 0, 0, 0, 0, 0, 0, 0], [0, 4, 0, 0, 1, 0, 0, 0, 1, 0, 0, 0, 0, 0], [0, 3, 0, 0, 0, 0, 0, 0, 0, 0, 0, 0, 0, 0], [3, 2, 0, 0, 0, 0, 0, 0, 0, 0, 0, 0, 0, 0], [0, 0, 0, 0, 0, 0, 0, 0, 0, 0, 0, 0, 0, 0], [1, 3, 0, 0, 0, 0, 0, 0, 0, 0, 0, 0, 0, 0], [0, 2, 0, 0, 1, 0, 0, 0, 0, 0, 0, 0, 0, 0]]","[[277, 33, 0, 0, 0, 0, 0, 0, 0, 0, 0, 0, 0, 0], [54, 21, 0, 0, 0, 0, 0, 0, 0, 0, 0, 0, 0, 0], [3, 9, 278, 2, 0, 0, 0, 0, 0, 0, 0, 0, 0, 0], [1, 1, 5, 10, 0, 0, 0, 0, 0, 0, 0, 0, 0, 0], [5, 18, 0, 0, 255, 0, 0, 0, 0, 0, 0, 0, 0, 0], [0, 1, 0, 0, 0, 0, 0, 0, 0, 0, 0, 0, 0, 0], [0, 1, 0, 0, 2, 0, 0, 0, 0, 0, 0, 0, 0, 0], [3, 0, 0, 0, 0, 0, 0, 0, 0, 0, 0, 0, 0, 0], [0, 4, 0, 0, 1, 0, 0, 0, 1, 0, 0, 0, 0, 0], [0, 3, 0, 0, 0, 0, 0, 0, 0, 0, 0, 0, 0, 0], [3, 2, 0, 0, 0, 0, 0, 0, 0, 0, 0, 0, 0, 0], [0, 0, 0, 0, 0, 0, 0, 0, 0, 0, 0, 0, 0, 0], [1, 3, 0, 0, 0, 0, 0, 0, 0, 0, 0, 0, 0, 0], [0, 2, 0, 0, 1, 0, 0, 0, 0, 0, 0, 0, 0, 0]]"
source_expansion_Faces_to_PetImages_to_GarbageDataset,logistic_regression,adwin,0.85,9,309042,0.47477907243771317,0.41154859947618344,0.4260867699366152,0.815,0.47477907243771317,0.41154859947618344,0.4260867699366152,0.55,0.92,0.755,0.4164176786107945,0.3698439361375136,0.37104298046088435,0.55,0.89,1.0,"[[202, 106, 2, 0, 0, 0, 0, 0, 0, 0, 0, 0, 0, 0], [41, 33, 1, 0, 0, 0, 0, 0, 0, 0, 0, 0, 0, 0], [0, 1, 288, 3, 0, 0, 0, 0, 0, 0, 0, 0, 0, 0], [1, 1, 4, 9, 0, 0, 0, 0, 1, 0, 1, 0, 0, 0], [1, 0, 0, 0, 276, 0, 1, 0, 0, 0, 0, 0, 0, 0], [0, 0, 0, 0, 0, 0, 0, 0, 0, 0, 0, 0, 1, 0], [0, 0, 0, 0, 3, 0, 0, 0, 0, 0, 0, 0, 0, 0], [1, 0, 0, 0, 0, 0, 0, 1, 0, 0, 1, 0, 0, 0], [0, 0, 0, 0, 1, 0, 0, 0, 2, 2, 0, 0, 0, 1], [0, 0, 0, 0, 0, 0, 0, 0, 2, 1, 0, 0, 0, 0], [0, 0, 0, 1, 4, 0, 0, 0, 0, 0, 0, 0, 0, 0], [0, 0, 0, 0, 0, 0, 0, 0, 0, 0, 0, 0, 0, 0], [0, 0, 0, 0, 0, 0, 0, 0, 0, 0, 0, 0, 3, 1], [0, 0, 0, 0, 2, 0, 1, 0, 0, 0, 0, 0, 0, 0]]","[[195, 113, 2, 0, 0, 0, 0, 0, 0, 0, 0, 0, 0, 0], [38, 35, 2, 0, 0, 0, 0, 0, 0, 0, 0, 0, 0, 0], [14, 17, 239, 22, 0, 0, 0, 0, 0, 0, 0, 0, 0, 0], [0, 2, 6, 7, 1, 0, 0, 0, 0, 0, 1, 0, 0, 0], [0, 1, 2, 0, 273, 0, 1, 0, 1, 0, 0, 0, 0, 0], [0, 0, 0, 0, 0, 0, 0, 0, 0, 0, 0, 0, 1, 0], [0, 0, 0, 0, 3, 0, 0, 0, 0, 0, 0, 0, 0, 0], [0, 0, 0, 0, 1, 0, 0, 1, 0, 1, 0, 0, 0, 0], [0, 0, 0, 0, 1, 0, 0, 0, 2, 2, 0, 0, 0, 1], [0, 0, 0, 0, 0, 0, 0, 0, 2, 1, 0, 0, 0, 0], [0, 0, 0, 1, 2, 0, 1, 0, 0, 1, 0, 0, 0, 0], [0, 0, 0, 0, 0, 0, 0, 0, 0, 0, 0, 0, 0, 0], [0, 1, 0, 0, 0, 0, 0, 0, 0, 0, 0, 0, 2, 1], [0, 0, 0, 0, 2, 0, 1, 0, 0, 0, 0, 0, 0, 0]]"
source_expansion_Faces_to_PetImages_to_GarbageDataset,hoeffding_tree,adwin,0.85,9,309042,0.31731478149434506,0.22938924353146298,0.2012817827702662,0.596,0.31731478149434506,0.22938924353146298,0.2012817827702662,0.85,0.18000000000000005,0.739,0.1744068915462583,0.19282561238136858,0.18120279199678252,0.85,0.83,5.0,"[[308, 2, 0, 0, 0, 0, 0, 0, 0, 0, 0, 0, 0, 0], [69, 3, 0, 0, 0, 1, 0, 2, 0, 0, 0, 0, 0, 0], [64, 4, 219, 0, 2, 0, 0, 0, 0, 3, 0, 0, 0, 0], [6, 5, 3, 1, 0, 1, 0, 0, 0, 1, 0, 0, 0, 0], [2, 25, 0, 0, 62, 67, 12, 45, 0, 63, 0, 0, 2, 0], [0, 1, 0, 0, 0, 0, 0, 0, 0, 0, 0, 0, 0, 0], [0, 0, 0, 0, 0, 1, 1, 0, 0, 1, 0, 0, 0, 0], [2, 0, 0, 0, 0, 0, 0, 1, 0, 0, 0, 0, 0, 0], [0, 0, 0, 0, 0, 3, 0, 2, 0, 1, 0, 0, 0, 0], [0, 0, 0, 0, 0, 1, 1, 1, 0, 0, 0, 0, 0, 0], [0, 0, 0, 0, 0, 3, 0, 2, 0, 0, 0, 0, 0, 0], [0, 0, 0, 0, 0, 0, 0, 0, 0, 0, 0, 0, 0, 0], [0, 1, 1, 0, 0, 1, 0, 0, 0, 0, 0, 0, 1, 0], [0, 0, 0, 0, 0, 0, 1, 2, 0, 0, 0, 0, 0, 0]]","[[292, 1, 15, 0, 2, 0, 0, 0, 0, 0, 0, 0, 0, 0], [53, 0, 20, 0, 2, 0, 0, 0, 0, 0, 0, 0, 0, 0], [38, 0, 250, 0, 4, 0, 0, 0, 0, 0, 0, 0, 0, 0], [2, 0, 13, 0, 2, 0, 0, 0, 0, 0, 0, 0, 0, 0], [3, 0, 78, 0, 197, 0, 0, 0, 0, 0, 0, 0, 0, 0], [0, 0, 0, 0, 1, 0, 0, 0, 0, 0, 0, 0, 0, 0], [0, 0, 0, 0, 3, 0, 0, 0, 0, 0, 0, 0, 0, 0], [0, 0, 1, 0, 2, 0, 0, 0, 0, 0, 0, 0, 0, 0], [0, 0, 2, 0, 4, 0, 0, 0, 0, 0, 0, 0, 0, 0], [0, 0, 0, 0, 3, 0, 0, 0, 0, 0, 0, 0, 0, 0], [0, 0, 1, 0, 4, 0, 0, 0, 0, 0, 0, 0, 0, 0], [0, 0, 0, 0, 0, 0, 0, 0, 0, 0, 0, 0, 0, 0], [0, 0, 0, 0, 4, 0, 0, 0, 0, 0, 0, 0, 0, 0], [0, 0, 2, 0, 1, 0, 0, 0, 0, 0, 0, 0, 0, 0]]"
source_expansion_Faces_to_PetImages_to_GarbageDataset,gaussian_nb,adwin,0.85,9,309042,0.370213698540294,0.29213625611169197,0.30600369270496364,0.842,0.370213698540294,0.29213625611169197,0.30600369270496364,0.83,0.8200000000000001,0.842,0.370213698540294,0.29213625611169197,0.30600369270496364,0.83,0.8200000000000001,0.0,"[[277, 33, 0, 0, 0, 0, 0, 0, 0, 0, 0, 0, 0, 0], [54, 21, 0, 0, 0, 0, 0, 0, 0, 0, 0, 0, 0, 0], [3, 9, 278, 2, 0, 0, 0, 0, 0, 0, 0, 0, 0, 0], [1, 1, 5, 10, 0, 0, 0, 0, 0, 0, 0, 0, 0, 0], [5, 18, 0, 0, 255, 0, 0, 0, 0, 0, 0, 0, 0, 0], [0, 1, 0, 0, 0, 0, 0, 0, 0, 0, 0, 0, 0, 0], [0, 1, 0, 0, 2, 0, 0, 0, 0, 0, 0, 0, 0, 0], [3, 0, 0, 0, 0, 0, 0, 0, 0, 0, 0, 0, 0, 0], [0, 4, 0, 0, 1, 0, 0, 0, 1, 0, 0, 0, 0, 0], [0, 3, 0, 0, 0, 0, 0, 0, 0, 0, 0, 0, 0, 0], [3, 2, 0, 0, 0, 0, 0, 0, 0, 0, 0, 0, 0, 0], [0, 0, 0, 0, 0, 0, 0, 0, 0, 0, 0, 0, 0, 0], [1, 3, 0, 0, 0, 0, 0, 0, 0, 0, 0, 0, 0, 0], [0, 2, 0, 0, 1, 0, 0, 0, 0, 0, 0, 0, 0, 0]]","[[277, 33, 0, 0, 0, 0, 0, 0, 0, 0, 0, 0, 0, 0], [54, 21, 0, 0, 0, 0, 0, 0, 0, 0, 0, 0, 0, 0], [3, 9, 278, 2, 0, 0, 0, 0, 0, 0, 0, 0, 0, 0], [1, 1, 5, 10, 0, 0, 0, 0, 0, 0, 0, 0, 0, 0], [5, 18, 0, 0, 255, 0, 0, 0, 0, 0, 0, 0, 0, 0], [0, 1, 0, 0, 0, 0, 0, 0, 0, 0, 0, 0, 0, 0], [0, 1, 0, 0, 2, 0, 0, 0, 0, 0, 0, 0, 0, 0], [3, 0, 0, 0, 0, 0, 0, 0, 0, 0, 0, 0, 0, 0], [0, 4, 0, 0, 1, 0, 0, 0, 1, 0, 0, 0, 0, 0], [0, 3, 0, 0, 0, 0, 0, 0, 0, 0, 0, 0, 0, 0], [3, 2, 0, 0, 0, 0, 0, 0, 0, 0, 0, 0, 0, 0], [0, 0, 0, 0, 0, 0, 0, 0, 0, 0, 0, 0, 0, 0], [1, 3, 0, 0, 0, 0, 0, 0, 0, 0, 0, 0, 0, 0], [0, 2, 0, 0, 1, 0, 0, 0, 0, 0, 0, 0, 0, 0]]"
source_expansion_Faces_to_PetImages_to_GarbageDataset,logistic_regression,page_hinkley,0.85,9,309042,0.47477907243771317,0.41154859947618344,0.4260867699366152,0.815,0.47477907243771317,0.41154859947618344,0.4260867699366152,0.55,0.92,0.747,0.4247597182129544,0.390655842643525,0.37995019980274913,0.55,0.89,2.0,"[[202, 106, 2, 0, 0, 0, 0, 0, 0, 0, 0, 0, 0, 0], [41, 33, 1, 0, 0, 0, 0, 0, 0, 0, 0, 0, 0, 0], [0, 1, 288, 3, 0, 0, 0, 0, 0, 0, 0, 0, 0, 0], [1, 1, 4, 9, 0, 0, 0, 0, 1, 0, 1, 0, 0, 0], [1, 0, 0, 0, 276, 0, 1, 0, 0, 0, 0, 0, 0, 0], [0, 0, 0, 0, 0, 0, 0, 0, 0, 0, 0, 0, 1, 0], [0, 0, 0, 0, 3, 0, 0, 0, 0, 0, 0, 0, 0, 0], [1, 0, 0, 0, 0, 0, 0, 1, 0, 0, 1, 0, 0, 0], [0, 0, 0, 0, 1, 0, 0, 0, 2, 2, 0, 0, 0, 1], [0, 0, 0, 0, 0, 0, 0, 0, 2, 1, 0, 0, 0, 0], [0, 0, 0, 1, 4, 0, 0, 0, 0, 0, 0, 0, 0, 0], [0, 0, 0, 0, 0, 0, 0, 0, 0, 0, 0, 0, 0, 0], [0, 0, 0, 0, 0, 0, 0, 0, 0, 0, 0, 0, 3, 1], [0, 0, 0, 0, 2, 0, 1, 0, 0, 0, 0, 0, 0, 0]]","[[191, 118, 1, 0, 0, 0, 0, 0, 0, 0, 0, 0, 0, 0], [35, 37, 2, 0, 0, 1, 0, 0, 0, 0, 0, 0, 0, 0], [18, 17, 226, 31, 0, 0, 0, 0, 0, 0, 0, 0, 0, 0], [0, 1, 2, 12, 0, 0, 0, 0, 1, 0, 1, 0, 0, 0], [0, 0, 2, 0, 275, 0, 1, 0, 0, 0, 0, 0, 0, 0], [0, 0, 0, 0, 0, 0, 0, 0, 0, 0, 0, 0, 1, 0], [0, 0, 0, 0, 3, 0, 0, 0, 0, 0, 0, 0, 0, 0], [0, 0, 0, 0, 1, 0, 0, 1, 0, 1, 0, 0, 0, 0], [0, 1, 0, 0, 1, 0, 0, 0, 2, 1, 0, 0, 0, 1], [0, 0, 0, 0, 0, 0, 0, 0, 2, 1, 0, 0, 0, 0], [0, 0, 0, 1, 2, 0, 1, 0, 0, 1, 0, 0, 0, 0], [0, 0, 0, 0, 0, 0, 0, 0, 0, 0, 0, 0, 0, 0], [0, 1, 0, 0, 0, 0, 0, 0, 0, 0, 0, 0, 2, 1], [0, 0, 0, 0, 2, 0, 1, 0, 0, 0, 0, 0, 0, 0]]"
source_expansion_Faces_to_PetImages_to_GarbageDataset,hoeffding_tree,page_hinkley,0.85,9,309042,0.31731478149434506,0.22938924353146298,0.2012817827702662,0.596,0.31731478149434506,0.22938924353146298,0.2012817827702662,0.85,0.18000000000000005,0.79,0.18361101190092644,0.2069261630703595,0.19433310484841274,0.85,0.8200000000000001,6.0,"[[308, 2, 0, 0, 0, 0, 0, 0, 0, 0, 0, 0, 0, 0], [69, 3, 0, 0, 0, 1, 0, 2, 0, 0, 0, 0, 0, 0], [64, 4, 219, 0, 2, 0, 0, 0, 0, 3, 0, 0, 0, 0], [6, 5, 3, 1, 0, 1, 0, 0, 0, 1, 0, 0, 0, 0], [2, 25, 0, 0, 62, 67, 12, 45, 0, 63, 0, 0, 2, 0], [0, 1, 0, 0, 0, 0, 0, 0, 0, 0, 0, 0, 0, 0], [0, 0, 0, 0, 0, 1, 1, 0, 0, 1, 0, 0, 0, 0], [2, 0, 0, 0, 0, 0, 0, 1, 0, 0, 0, 0, 0, 0], [0, 0, 0, 0, 0, 3, 0, 2, 0, 1, 0, 0, 0, 0], [0, 0, 0, 0, 0, 1, 1, 1, 0, 0, 0, 0, 0, 0], [0, 0, 0, 0, 0, 3, 0, 2, 0, 0, 0, 0, 0, 0], [0, 0, 0, 0, 0, 0, 0, 0, 0, 0, 0, 0, 0, 0], [0, 1, 1, 0, 0, 1, 0, 0, 0, 0, 0, 0, 1, 0], [0, 0, 0, 0, 0, 0, 1, 2, 0, 0, 0, 0, 0, 0]]","[[291, 1, 16, 0, 2, 0, 0, 0, 0, 0, 0, 0, 0, 0], [53, 0, 18, 0, 4, 0, 0, 0, 0, 0, 0, 0, 0, 0], [32, 0, 253, 1, 6, 0, 0, 0, 0, 0, 0, 0, 0, 0], [2, 0, 13, 0, 2, 0, 0, 0, 0, 0, 0, 0, 0, 0], [3, 0, 29, 0, 246, 0, 0, 0, 0, 0, 0, 0, 0, 0], [0, 0, 0, 0, 1, 0, 0, 0, 0, 0, 0, 0, 0, 0], [0, 0, 0, 0, 3, 0, 0, 0, 0, 0, 0, 0, 0, 0], [0, 0, 0, 0, 3, 0, 0, 0, 0, 0, 0, 0, 0, 0], [0, 0, 0, 0, 6, 0, 0, 0, 0, 0, 0, 0, 0, 0], [0, 0, 0, 0, 3, 0, 0, 0, 0, 0, 0, 0, 0, 0], [0, 0, 0, 0, 5, 0, 0, 0, 0, 0, 0, 0, 0, 0], [0, 0, 0, 0, 0, 0, 0, 0, 0, 0, 0, 0, 0, 0], [0, 0, 0, 0, 4, 0, 0, 0, 0, 0, 0, 0, 0, 0], [0, 0, 0, 0, 3, 0, 0, 0, 0, 0, 0, 0, 0, 0]]"
source_expansion_Faces_to_PetImages_to_GarbageDataset,gaussian_nb,page_hinkley,0.85,9,309042,0.370213698540294,0.29213625611169197,0.30600369270496364,0.842,0.370213698540294,0.29213625611169197,0.30600369270496364,0.83,0.8200000000000001,0.819,0.3806046266520362,0.2568622707303212,0.2720740459857153,0.83,0.71,1.0,"[[277, 33, 0, 0, 0, 0, 0, 0, 0, 0, 0, 0, 0, 0], [54, 21, 0, 0, 0, 0, 0, 0, 0, 0, 0, 0, 0, 0], [3, 9, 278, 2, 0, 0, 0, 0, 0, 0, 0, 0, 0, 0], [1, 1, 5, 10, 0, 0, 0, 0, 0, 0, 0, 0, 0, 0], [5, 18, 0, 0, 255, 0, 0, 0, 0, 0, 0, 0, 0, 0], [0, 1, 0, 0, 0, 0, 0, 0, 0, 0, 0, 0, 0, 0], [0, 1, 0, 0, 2, 0, 0, 0, 0, 0, 0, 0, 0, 0], [3, 0, 0, 0, 0, 0, 0, 0, 0, 0, 0, 0, 0, 0], [0, 4, 0, 0, 1, 0, 0, 0, 1, 0, 0, 0, 0, 0], [0, 3, 0, 0, 0, 0, 0, 0, 0, 0, 0, 0, 0, 0], [3, 2, 0, 0, 0, 0, 0, 0, 0, 0, 0, 0, 0, 0], [0, 0, 0, 0, 0, 0, 0, 0, 0, 0, 0, 0, 0, 0], [1, 3, 0, 0, 0, 0, 0, 0, 0, 0, 0, 0, 0, 0], [0, 2, 0, 0, 1, 0, 0, 0, 0, 0, 0, 0, 0, 0]]","[[271, 35, 4, 0, 0, 0, 0, 0, 0, 0, 0, 0, 0, 0], [49, 22, 4, 0, 0, 0, 0, 0, 0, 0, 0, 0, 0, 0], [1, 6, 285, 0, 0, 0, 0, 0, 0, 0, 0, 0, 0, 0], [0, 1, 13, 3, 0, 0, 0, 0, 0, 0, 0, 0, 0, 0], [0, 0, 41, 0, 237, 0, 0, 0, 0, 0, 0, 0, 0, 0], [0, 0, 1, 0, 0, 0, 0, 0, 0, 0, 0, 0, 0, 0], [0, 0, 3, 0, 0, 0, 0, 0, 0, 0, 0, 0, 0, 0], [0, 0, 3, 0, 0, 0, 0, 0, 0, 0, 0, 0, 0, 0], [0, 0, 5, 0, 0, 0, 0, 0, 1, 0, 0, 0, 0, 0], [0, 0, 3, 0, 0, 0, 0, 0, 0, 0, 0, 0, 0, 0], [0, 0, 5, 0, 0, 0, 0, 0, 0, 0, 0, 0, 0, 0], [0, 0, 0, 0, 0, 0, 0, 0, 0, 0, 0, 0, 0, 0], [0, 0, 4, 0, 0, 0, 0, 0, 0, 0, 0, 0, 0, 0], [0, 0, 2, 0, 1, 0, 0, 0, 0, 0, 0, 0, 0, 0]]"
source_expansion_Faces_to_PetImages_to_GarbageDataset,logistic_regression,hddm_w,0.85,9,309042,0.47477907243771317,0.41154859947618344,0.4260867699366152,0.815,0.47477907243771317,0.41154859947618344,0.4260867699366152,0.55,0.92,0.815,0.47477907243771317,0.41154859947618344,0.4260867699366152,0.55,0.92,0.0,"[[202, 106, 2, 0, 0, 0, 0, 0, 0, 0, 0, 0, 0, 0], [41, 33, 1, 0, 0, 0, 0, 0, 0, 0, 0, 0, 0, 0], [0, 1, 288, 3, 0, 0, 0, 0, 0, 0, 0, 0, 0, 0], [1, 1, 4, 9, 0, 0, 0, 0, 1, 0, 1, 0, 0, 0], [1, 0, 0, 0, 276, 0, 1, 0, 0, 0, 0, 0, 0, 0], [0, 0, 0, 0, 0, 0, 0, 0, 0, 0, 0, 0, 1, 0], [0, 0, 0, 0, 3, 0, 0, 0, 0, 0, 0, 0, 0, 0], [1, 0, 0, 0, 0, 0, 0, 1, 0, 0, 1, 0, 0, 0], [0, 0, 0, 0, 1, 0, 0, 0, 2, 2, 0, 0, 0, 1], [0, 0, 0, 0, 0, 0, 0, 0, 2, 1, 0, 0, 0, 0], [0, 0, 0, 1, 4, 0, 0, 0, 0, 0, 0, 0, 0, 0], [0, 0, 0, 0, 0, 0, 0, 0, 0, 0, 0, 0, 0, 0], [0, 0, 0, 0, 0, 0, 0, 0, 0, 0, 0, 0, 3, 1], [0, 0, 0, 0, 2, 0, 1, 0, 0, 0, 0, 0, 0, 0]]","[[202, 106, 2, 0, 0, 0, 0, 0, 0, 0, 0, 0, 0, 0], [41, 33, 1, 0, 0, 0, 0, 0, 0, 0, 0, 0, 0, 0], [0, 1, 288, 3, 0, 0, 0, 0, 0, 0, 0, 0, 0, 0], [1, 1, 4, 9, 0, 0, 0, 0, 1, 0, 1, 0, 0, 0], [1, 0, 0, 0, 276, 0, 1, 0, 0, 0, 0, 0, 0, 0], [0, 0, 0, 0, 0, 0, 0, 0, 0, 0, 0, 0, 1, 0], [0, 0, 0, 0, 3, 0, 0, 0, 0, 0, 0, 0, 0, 0], [1, 0, 0, 0, 0, 0, 0, 1, 0, 0, 1, 0, 0, 0], [0, 0, 0, 0, 1, 0, 0, 0, 2, 2, 0, 0, 0, 1], [0, 0, 0, 0, 0, 0, 0, 0, 2, 1, 0, 0, 0, 0], [0, 0, 0, 1, 4, 0, 0, 0, 0, 0, 0, 0, 0, 0], [0, 0, 0, 0, 0, 0, 0, 0, 0, 0, 0, 0, 0, 0], [0, 0, 0, 0, 0, 0, 0, 0, 0, 0, 0, 0, 3, 1], [0, 0, 0, 0, 2, 0, 1, 0, 0, 0, 0, 0, 0, 0]]"
source_expansion_Faces_to_PetImages_to_GarbageDataset,hoeffding_tree,hddm_w,0.85,9,309042,0.31731478149434506,0.22938924353146298,0.2012817827702662,0.596,0.31731478149434506,0.22938924353146298,0.2012817827702662,0.85,0.18000000000000005,0.768,0.18038022976374696,0.20091614800888477,0.1887497117245654,0.85,0.84,4.0,"[[308, 2, 0, 0, 0, 0, 0, 0, 0, 0, 0, 0, 0, 0], [69, 3, 0, 0, 0, 1, 0, 2, 0, 0, 0, 0, 0, 0], [64, 4, 219, 0, 2, 0, 0, 0, 0, 3, 0, 0, 0, 0], [6, 5, 3, 1, 0, 1, 0, 0, 0, 1, 0, 0, 0, 0], [2, 25, 0, 0, 62, 67, 12, 45, 0, 63, 0, 0, 2, 0], [0, 1, 0, 0, 0, 0, 0, 0, 0, 0, 0, 0, 0, 0], [0, 0, 0, 0, 0, 1, 1, 0, 0, 1, 0, 0, 0, 0], [2, 0, 0, 0, 0, 0, 0, 1, 0, 0, 0, 0, 0, 0], [0, 0, 0, 0, 0, 3, 0, 2, 0, 1, 0, 0, 0, 0], [0, 0, 0, 0, 0, 1, 1, 1, 0, 0, 0, 0, 0, 0], [0, 0, 0, 0, 0, 3, 0, 2, 0, 0, 0, 0, 0, 0], [0, 0, 0, 0, 0, 0, 0, 0, 0, 0, 0, 0, 0, 0], [0, 1, 1, 0, 0, 1, 0, 0, 0, 0, 0, 0, 1, 0], [0, 0, 0, 0, 0, 0, 1, 2, 0, 0, 0, 0, 0, 0]]","[[279, 1, 28, 0, 2, 0, 0, 0, 0, 0, 0, 0, 0, 0], [51, 0, 22, 0, 2, 0, 0, 0, 0, 0, 0, 0, 0, 0], [15, 0, 273, 0, 4, 0, 0, 0, 0, 0, 0, 0, 0, 0], [0, 0, 15, 0, 2, 0, 0, 0, 0, 0, 0, 0, 0, 0], [0, 0, 62, 0, 216, 0, 0, 0, 0, 0, 0, 0, 0, 0], [0, 0, 0, 0, 1, 0, 0, 0, 0, 0, 0, 0, 0, 0], [0, 0, 0, 0, 3, 0, 0, 0, 0, 0, 0, 0, 0, 0], [0, 0, 1, 0, 2, 0, 0, 0, 0, 0, 0, 0, 0, 0], [0, 0, 0, 0, 6, 0, 0, 0, 0, 0, 0, 0, 0, 0], [0, 0, 0, 0, 3, 0, 0, 0, 0, 0, 0, 0, 0, 0], [0, 0, 1, 0, 4, 0, 0, 0, 0, 0, 0, 0, 0, 0], [0, 0, 0, 0, 0, 0, 0, 0, 0, 0, 0, 0, 0, 0], [0, 0, 0, 0, 4, 0, 0, 0, 0, 0, 0, 0, 0, 0], [0, 0, 0, 0, 3, 0, 0, 0, 0, 0, 0, 0, 0, 0]]"
source_expansion_Faces_to_PetImages_to_GarbageDataset,gaussian_nb,hddm_w,0.85,9,309042,0.370213698540294,0.29213625611169197,0.30600369270496364,0.842,0.370213698540294,0.29213625611169197,0.30600369270496364,0.83,0.8200000000000001,0.842,0.370213698540294,0.29213625611169197,0.30600369270496364,0.83,0.8200000000000001,0.0,"[[277, 33, 0, 0, 0, 0, 0, 0, 0, 0, 0, 0, 0, 0], [54, 21, 0, 0, 0, 0, 0, 0, 0, 0, 0, 0, 0, 0], [3, 9, 278, 2, 0, 0, 0, 0, 0, 0, 0, 0, 0, 0], [1, 1, 5, 10, 0, 0, 0, 0, 0, 0, 0, 0, 0, 0], [5, 18, 0, 0, 255, 0, 0, 0, 0, 0, 0, 0, 0, 0], [0, 1, 0, 0, 0, 0, 0, 0, 0, 0, 0, 0, 0, 0], [0, 1, 0, 0, 2, 0, 0, 0, 0, 0, 0, 0, 0, 0], [3, 0, 0, 0, 0, 0, 0, 0, 0, 0, 0, 0, 0, 0], [0, 4, 0, 0, 1, 0, 0, 0, 1, 0, 0, 0, 0, 0], [0, 3, 0, 0, 0, 0, 0, 0, 0, 0, 0, 0, 0, 0], [3, 2, 0, 0, 0, 0, 0, 0, 0, 0, 0, 0, 0, 0], [0, 0, 0, 0, 0, 0, 0, 0, 0, 0, 0, 0, 0, 0], [1, 3, 0, 0, 0, 0, 0, 0, 0, 0, 0, 0, 0, 0], [0, 2, 0, 0, 1, 0, 0, 0, 0, 0, 0, 0, 0, 0]]","[[277, 33, 0, 0, 0, 0, 0, 0, 0, 0, 0, 0, 0, 0], [54, 21, 0, 0, 0, 0, 0, 0, 0, 0, 0, 0, 0, 0], [3, 9, 278, 2, 0, 0, 0, 0, 0, 0, 0, 0, 0, 0], [1, 1, 5, 10, 0, 0, 0, 0, 0, 0, 0, 0, 0, 0], [5, 18, 0, 0, 255, 0, 0, 0, 0, 0, 0, 0, 0, 0], [0, 1, 0, 0, 0, 0, 0, 0, 0, 0, 0, 0, 0, 0], [0, 1, 0, 0, 2, 0, 0, 0, 0, 0, 0, 0, 0, 0], [3, 0, 0, 0, 0, 0, 0, 0, 0, 0, 0, 0, 0, 0], [0, 4, 0, 0, 1, 0, 0, 0, 1, 0, 0, 0, 0, 0], [0, 3, 0, 0, 0, 0, 0, 0, 0, 0, 0, 0, 0, 0], [3, 2, 0, 0, 0, 0, 0, 0, 0, 0, 0, 0, 0, 0], [0, 0, 0, 0, 0, 0, 0, 0, 0, 0, 0, 0, 0, 0], [1, 3, 0, 0, 0, 0, 0, 0, 0, 0, 0, 0, 0, 0], [0, 2, 0, 0, 1, 0, 0, 0, 0, 0, 0, 0, 0, 0]]"
